name,type,category,region,latitude,longitude
1001 Mississippi Canyon,Canyon,Canyons,Florida to California,28.65767,-89.15467
1021 Mississippi Canyon,Canyon,Canyons,Florida to California,28.78783,-89.05383
1035 Mississippi Canyon,Canyon,Canyons,Florida to California,28.85750,-88.91900
2400 Canaveral Canyons,Canyon,Canyons,Florida to California,28.77500,-79.65417
2950 Mississippi Canyon,Canyon,Canyons,Florida to California,28.16992,-89.22463
475 Mississippi Canyon,Canyon,Canyons,Florida to California,28.94883,-88.97083
480 Mississippi Canyon,Canyon,Canyons,Florida to California,28.91500,-89.02367
620 Mississippi Canyon,Canyon,Canyons,Florida to California,28.60050,-89.30683
650 Mississippi Canyon,Canyon,Canyons,Florida to California,28.79633,-89.17700
Arguello Canyon,Canyon,Canyons,Florida to California,34.36670,-121.06670
Bimini Canyon,Canyon,Canyons,Florida to California,25.70571,-79.32209
Box Canyon,Canyon,Canyons,Florida to California,33.32150,-117.50870
Box Canyon #2,Canyon,Canyons,Florida to California,33.31800,-117.52930
Canyon Edge,Canyon,Canyons,Florida to California,27.70292,-95.69515
Canyon Hill,Canyon,Canyons,Florida to California,28.65497,-89.81175
Caseys Canyons,Canyon,Canyons,Florida to California,27.17500,-79.29167
Catch ALL Canyon,Canyon,Canyons,Florida to California,26.85121,-79.76671
Catch ALL Canyon Lower,Canyon,Canyons,Florida to California,26.81910,-79.76122
Coronado Canyon,Canyon,Canyons,Florida to California,32.50500,-117.29170
Cresent Canyon,Canyon,Canyons,Florida to California,29.67002,-79.91489
DE Soto Canyon,Canyon,Canyons,Florida to California,28.99999,-87.50000
Desoto Canyon,Canyon,Canyons,Florida to California,29.09200,-87.48000
Dorsey Canyon,Canyon,Canyons,Florida to California,28.86899,-88.02762
Green Canyon 6,Canyon,Canyons,Florida to California,27.94675,-91.64613
Mississippi Canyon,Canyon,Canyons,Florida to California,28.15233,-89.10217
Mississippi Canyon 148,Canyon,Canyons,Florida to California,28.79489,-89.17630
Mississippi Canyon 486,Canyon,Canyons,Florida to California,28.45657,-89.85182
North Canyon,Canyon,Canyons,Florida to California,24.63775,-81.09345
Poveromo Canyon,Canyon,Canyons,Florida to California,25.95833,-79.74167
Pygmy Canyon,Canyon,Canyons,Florida to California,26.50514,-78.61550
Redondo Canyon West Wall,Canyon,Canyons,Florida to California,33.83400,-118.43670
Silver Canyon,Canyon,Canyons,Florida to California,33.31830,-118.39150
Sounder Canyon,Canyon,Canyons,Florida to California,29.06666,-88.13333
South Canyon,Canyon,Canyons,Florida to California,24.60692,-81.18325
The Canyons,Canyon,Canyons,Florida to California,28.60630,-84.26018
WPB Canyon,Canyon,Canyons,Florida to California,26.74810,-79.97921
116 Hole,Hole,Holes,Florida to California,30.13883,-87.18317
116 Hole,Hole,Holes,Florida to California,30.16127,-87.17013
13 Fathom Hole,Hole,Holes,Florida to California,28.51557,-83.54397
131 Hole,Hole,Holes,Florida to California,29.66833,-87.13500
131 Hole,Hole,Holes,Florida to California,29.80600,-87.09893
136 Hole,Hole,Holes,Florida to California,30.24257,-87.14243
16 Fathom Hole,Hole,Holes,Florida to California,30.29958,-81.04852
17 Hole,Hole,Holes,Florida to California,30.11667,-87.24433
180′ Section Sculpin Hole,Hole,Holes,Florida to California,33.57400,-117.99880
19 Fathom Hole,Hole,Holes,Florida to California,30.24597,-80.98963
19 Foot Hole,Hole,Holes,Florida to California,30.51792,-81.03518
2 Holes,Hole,Holes,Florida to California,30.12977,-80.33498
20 Foot Hole,Hole,Holes,Florida to California,26.87298,-82.12892
20 Fthole,Hole,Holes,Florida to California,26.87184,-82.12895
21 Hole,Hole,Holes,Florida to California,30.03167,-87.22000
21 Hole,Hole,Holes,Florida to California,30.03233,-87.21578
21 Hole,Hole,Holes,Florida to California,30.03670,-87.21450
21 Hole,Hole,Holes,Florida to California,30.04080,-87.18395
21 Hole South,Hole,Holes,Florida to California,29.98167,-87.20667
306 Hole,Hole,Holes,Florida to California,30.18118,-87.13967
32. 5 Edge Hole,Hole,Holes,Florida to California,29.91000,-87.21333
60 Hole,Hole,Holes,Florida to California,30.20795,-87.13500
60 Hole,Hole,Holes,Florida to California,30.20943,-87.13530
60 Percent Hole,Hole,Holes,Florida to California,25.28079,-82.28505
A Hole,Hole,Holes,Florida to California,27.20862,-80.11728
A J Hole,Hole,Holes,Florida to California,27.28088,-83.13257
A J Hole,Hole,Holes,Florida to California,30.22017,-87.33770
Ahole,Hole,Holes,Florida to California,30.34585,-80.63107
Ajhole 1,Hole,Holes,Florida to California,27.28519,-83.16193
Amberjack Hole,Hole,Holes,Florida to California,30.21980,-87.34147
Amberjack Hole,Hole,Holes,Florida to California,30.39482,-81.05468
Amberjack Hole,Hole,Holes,Florida to California,30.47860,-81.08747
Amberjack Hole (AH),Hole,Holes,Florida to California,30.54149,-81.05625
Andrews Hole,Hole,Holes,Florida to California,30.15333,-87.20798
Baithole 11,Hole,Holes,Florida to California,24.49542,-81.98052
Baithole 2,Hole,Holes,Florida to California,26.99290,-82.78540
BAM Bams 20 FMS Hole,Hole,Holes,Florida to California,27.86780,-83.64975
BAM Bams Hole,Hole,Holes,Florida to California,27.80895,-83.84135
Bell Hole,Hole,Holes,Florida to California,26.49911,-78.62317
BEN S Blue Hole,Hole,Holes,Florida to California,26.52726,-78.58538
Bennys Snapper Hole,Hole,Holes,Florida to California,30.22232,-86.98136
Bernies Hole,Hole,Holes,Florida to California,30.02667,-87.16167
Bethune Hole,Hole,Holes,Florida to California,28.94735,-80.37668
Big Black Hole,Hole,Holes,Florida to California,25.84073,-82.15308
Big Fishing Hole,Hole,Holes,Florida to California,29.13182,-84.64593
Big Hole Past Edge,Hole,Holes,Florida to California,29.84387,-87.16025
Big Jacks Snapper Hole,Hole,Holes,Florida to California,29.86331,-80.89804
Black Hole,Hole,Holes,Florida to California,25.84272,-82.15190
Black Hole,Hole,Holes,Florida to California,25.85430,-82.17220
Black Hole,Hole,Holes,Florida to California,25.96528,-82.21139
Black Snapper Hole,Hole,Holes,Florida to California,30.24772,-87.16155
BO Hole,Hole,Holes,Florida to California,27.82817,-95.67778
Boca Dredge Hole,Hole,Holes,Florida to California,26.38583,-80.05805
Boca Hole,Hole,Holes,Florida to California,26.37483,-80.05420
Boynton Hole,Hole,Holes,Florida to California,26.56542,-80.02160
Bug Hole,Hole,Holes,Florida to California,29.89548,-80.45200
Bugs Holes,Hole,Holes,Florida to California,29.90798,-80.50243
C M Hole,Hole,Holes,Florida to California,30.17407,-87.09803
California Hole,Hole,Holes,Florida to California,27.90465,-97.05610
Camerons Hole,Hole,Holes,Florida to California,25.29800,-81.66330
Captain Jims Grouper Hole,Hole,Holes,Florida to California,29.57878,-83.99940
Captain Jims Snapper Hole,Hole,Holes,Florida to California,29.44430,-83.89921
Captiva Blue Hole,Hole,Holes,Florida to California,26.48200,-82.73700
Chew Hole,Hole,Holes,Florida to California,29.90840,-87.22022
Chucki Hole,Hole,Holes,Florida to California,30.07667,-87.25167
Claytons Hole,Hole,Holes,Florida to California,26.16183,-82.09768
CM Hole,Hole,Holes,Florida to California,30.17238,-87.09522
CM Holes,Hole,Holes,Florida to California,30.17232,-87.09297
CM Holes,Hole,Holes,Florida to California,30.17442,-87.09510
CM Holes Good Fish!,Hole,Holes,Florida to California,30.18570,-87.06167
Concrete Manholes,Hole,Holes,Florida to California,30.01888,-88.77032
Concrete Manholes 0,Hole,Holes,Florida to California,30.01205,-88.75380
Craigs Hole,Hole,Holes,Florida to California,25.04418,-82.09078
Crazy ALS Grouper Hole,Hole,Holes,Florida to California,29.46395,-87.65165
Cuda Hole,Hole,Holes,Florida to California,27.23997,-82.75543
Davids Hole,Hole,Holes,Florida to California,27.29735,-83.09385
Davids Other Hole,Hole,Holes,Florida to California,27.30057,-83.05128
Deep Hole,Hole,Holes,Florida to California,29.53333,-94.84500
Deep Hole Grouper,Hole,Holes,Florida to California,30.19275,-86.88697
Delray Dredge Hole,Hole,Holes,Florida to California,26.43750,-80.05388
Delray Dredge Hole,Hole,Holes,Florida to California,26.44750,-80.05195
Delray Dredge Hole,Hole,Holes,Florida to California,26.44972,-80.05278
Delray Dredge Hole,Hole,Holes,Florida to California,26.45555,-80.04778
Delray Snapper Hole,Hole,Holes,Florida to California,26.46507,-80.04428
Dicks Hole,Hole,Holes,Florida to California,25.50402,-82.23193
Dixie Honey Hole,Hole,Holes,Florida to California,30.62099,-80.42305
Donaldson Hole,Hole,Holes,Florida to California,27.21418,-80.09700
Dredge Hole,Hole,Holes,Florida to California,26.19862,-80.08083
Dredge Hole,Hole,Holes,Florida to California,26.20028,-80.07612
Dredge Hole,Hole,Holes,Florida to California,26.24000,-80.06917
Dredge Hole,Hole,Holes,Florida to California,26.24750,-80.07555
Dredge Hole,Hole,Holes,Florida to California,26.37000,-80.05972
Dredge Hole,Hole,Holes,Florida to California,26.93783,-80.05900
East Bay Hole,Hole,Holes,Florida to California,30.10753,-85.57045
Edge Hole,Hole,Holes,Florida to California,29.88333,-87.22667
Edge Hole,Hole,Holes,Florida to California,29.90333,-87.22667
Edge Hole,Hole,Holes,Florida to California,29.91167,-87.20000
Edge Hole,Hole,Holes,Florida to California,30.10183,-87.18133
Fabiens Hole,Hole,Holes,Florida to California,27.57127,-82.88305
Falcons Hole,Hole,Holes,Florida to California,30.04964,-81.21923
Finks Grouper Hole,Hole,Holes,Florida to California,26.41158,-80.05135
Firemans Hole,Hole,Holes,Florida to California,26.49978,-96.50462
Ginger Hole,Hole,Holes,Florida to California,29.25335,-80.34118
Good Fish Honey Hole,Hole,Holes,Florida to California,30.36379,-80.57530
Good Hole,Hole,Holes,Florida to California,25.67240,-79.32180
Good Hole,Hole,Holes,Florida to California,29.82630,-84.53830
Good Hole,Hole,Holes,Florida to California,30.13675,-87.37992
Good Hole,Hole,Holes,Florida to California,30.14097,-87.46480
Grahams Snapper Hole,Hole,Holes,Florida to California,27.46165,-83.03258
Graigs Hole,Hole,Holes,Florida to California,24.98153,-82.00805
Green S Hole,Hole,Holes,Florida to California,30.14065,-87.18478
Greens Hole,Hole,Holes,Florida to California,30.13950,-87.17967
Greens Hole,Hole,Holes,Florida to California,30.14033,-87.18383
Greens Hole GPS,Hole,Holes,Florida to California,30.18467,-87.07800
Grouper Hole,Hole,Holes,Florida to California,26.48500,-80.04000
Grouper Hole,Hole,Holes,Florida to California,26.94260,-80.04337
Grouper Hole,Hole,Holes,Florida to California,26.94607,-80.04915
Grouper Hole,Hole,Holes,Florida to California,28.00157,-84.16415
Grouper Hole,Hole,Holes,Florida to California,29.91390,-87.20495
Grouper Hole,Hole,Holes,Florida to California,29.94167,-87.12500
Grouper Hole,Hole,Holes,Florida to California,30.14678,-87.18412
Grouper Hole GPS,Hole,Holes,Florida to California,29.90850,-87.20833
Gully Hole,Hole,Holes,Florida to California,30.20425,-87.14809
Gully Hole,Hole,Holes,Florida to California,30.21080,-87.14667
Guppy Hole,Hole,Holes,Florida to California,26.87632,-80.01405
Hales Hole,Hole,Holes,Florida to California,29.89810,-85.52540
Hawk Hole Middle,Hole,Holes,Florida to California,28.85663,-80.32533
Hawk Hole North,Hole,Holes,Florida to California,28.87917,-80.32812
Hawk Hole South,Hole,Holes,Florida to California,28.85610,-80.31868
Herman's Hole,Hole,Holes,Florida to California,24.65050,-81.03133
Hogfish Hole,Hole,Holes,Florida to California,26.64320,-80.02152
Hole,Hole,Holes,Florida to California,27.53852,-82.90670
Hole,Hole,Holes,Florida to California,27.72950,-83.15967
Hole,Hole,Holes,Florida to California,27.77083,-83.14200
Hole,Hole,Holes,Florida to California,30.12168,-80.57498
Hole,Hole,Holes,Florida to California,30.13597,-87.17150
Hole 1,Hole,Holes,Florida to California,27.33702,-83.33213
Hole A,Hole,Holes,Florida to California,29.88753,-80.59317
Hole EA,Hole,Holes,Florida to California,30.56818,-80.31252
Hole IN The Bottom,Hole,Holes,Florida to California,28.60640,-80.35118
Hole IN The Wall,Hole,Holes,Florida to California,26.89370,-79.98582
Hole IN The Wall,Hole,Holes,Florida to California,27.16160,-80.16390
Hole M 2,Hole,Holes,Florida to California,30.32990,-80.47465
Hole OK,Hole,Holes,Florida to California,30.34820,-80.44135
Hole The,Hole,Holes,Florida to California,25.53333,-79.36250
Hole The,Hole,Holes,Florida to California,25.62500,-79.35833
Hole The,Hole,Holes,Florida to California,27.20610,-80.12333
Holes,Hole,Holes,Florida to California,30.50013,-80.25925
Hopper Hole,Hole,Holes,Florida to California,29.88150,-80.60667
Jamies Hole,Hole,Holes,Florida to California,30.24970,-87.14700
JC Hole,Hole,Holes,Florida to California,30.12824,-86.83155
Jimmie D Hole,Hole,Holes,Florida to California,29.90667,-87.25833
Johns Honey Hole,Hole,Holes,Florida to California,30.00392,-80.36464
Junk Hole,Hole,Holes,Florida to California,27.25067,-80.13283
Jupiter Dredge Hole,Hole,Holes,Florida to California,26.94083,-80.06500
Justins 13 Fathom Hole,Hole,Holes,Florida to California,28.51538,-83.54503
Keyhole,Hole,Holes,Florida to California,32.43250,-117.29630
Kingfish Hole,Hole,Holes,Florida to California,27.11362,-80.12278
Kingfish Hole,Hole,Holes,Florida to California,27.12238,-80.13103
Kingfish Hole,Hole,Holes,Florida to California,29.04495,-83.17455
Kingfish Hole Playground,Hole,Holes,Florida to California,27.12667,-80.12000
Lighthouse Hole,Hole,Holes,Florida to California,26.71127,-82.26516
Lobster Hole,Hole,Holes,Florida to California,29.94333,-87.44833
Lobster Hole,Hole,Holes,Florida to California,30.25310,-86.23160
Loran Tower Hole,Hole,Holes,Florida to California,27.03133,-80.08303
Mango Hole,Hole,Holes,Florida to California,29.30383,-80.38388
Mango Hole,Hole,Holes,Florida to California,29.30450,-80.38867
Mango Hole N W,Hole,Holes,Florida to California,29.31917,-80.40188
Manholes,Hole,Holes,Florida to California,30.05530,-88.61367
Manholes 0,Hole,Holes,Florida to California,30.05205,-88.60578
Mckays Hole,Hole,Holes,Florida to California,29.91667,-87.19833
Mckays Hole,Hole,Holes,Florida to California,30.20000,-87.15733
Middle Hole,Hole,Holes,Florida to California,25.53333,-79.83750
Middlehole,Hole,Holes,Florida to California,26.82558,-82.10730
Mikes Snapper Hole,Hole,Holes,Florida to California,30.16557,-88.26115
Mikeys Hole,Hole,Holes,Florida to California,26.43553,-80.05335
Mikeys Snapper Hole,Hole,Holes,Florida to California,27.45703,-80.14626
Miles Hole,Hole,Holes,Florida to California,27.80133,-82.86217
Mingo Hole Coral GPS,Hole,Holes,Florida to California,30.18350,-87.15650
Mislle Sinkhole,Hole,Holes,Florida to California,29.42822,-80.33098
Missle Hole,Hole,Holes,Florida to California,29.42900,-80.33000
Molasses Hole,Hole,Holes,Florida to California,25.00558,-80.37521
Monty Hole,Hole,Holes,Florida to California,29.91833,-87.19667
Mud Hole,Hole,Holes,Florida to California,26.24613,-82.01062
Naples Fish Hole,Hole,Holes,Florida to California,26.14713,-82.05825
Naples Mud Hole,Hole,Holes,Florida to California,26.26213,-82.01813
Naples Snapper Hole,Hole,Holes,Florida to California,26.06518,-82.09207
NE Hole,Hole,Holes,Florida to California,30.46090,-81.26182
Nine Mile East Grouper Hole,Hole,Holes,Florida to California,30.39217,-81.11500
North Hole,Hole,Holes,Florida to California,24.87930,-80.59142
North Hole,Hole,Holes,Florida to California,25.62083,-79.80417
North Hole,Hole,Holes,Florida to California,25.71250,-79.78750
P Hole,Hole,Holes,Florida to California,29.85363,-80.48642
PB Sword Hole,Hole,Holes,Florida to California,26.11570,-79.82740
Port Orange Hole,Hole,Holes,Florida to California,29.17810,-80.21372
Pothole,Hole,Holes,Florida to California,29.75510,-80.45723
Push Button Hole,Hole,Holes,Florida to California,27.17397,-79.96255
Push Button Hole,Hole,Holes,Florida to California,27.19583,-79.96800
RAT Hole,Hole,Holes,Florida to California,30.18845,-87.23888
RAY Hole Submerged Spring,Hole,Holes,Florida to California,29.75250,-84.03717
Rays Edge Hole,Hole,Holes,Florida to California,30.06667,-86.97500
Ricky Rays Hole,Hole,Holes,Florida to California,30.23700,-87.30917
RIP Hole,Hole,Holes,Florida to California,30.16690,-87.08157
Rodneys Hole,Hole,Holes,Florida to California,27.25928,-82.79045
Rodneys Hole,Hole,Holes,Florida to California,27.26510,-82.79030
Rodneys Snapper Hole,Hole,Holes,Florida to California,26.71733,-82.43121
Rons Hole,Hole,Holes,Florida to California,30.06833,-86.99500
RW Hole South,Hole,Holes,Florida to California,29.18490,-80.38170
Shallow Hole,Hole,Holes,Florida to California,30.47963,-81.21360
Sink Hole The,Hole,Holes,Florida to California,26.19783,-80.07433
Slobodna Winch Hole,Hole,Holes,Florida to California,25.33940,-80.16573
Small Hole,Hole,Holes,Florida to California,28.56315,-94.49997
Small Hole,Hole,Holes,Florida to California,30.28197,-80.49837
Snap Hole,Hole,Holes,Florida to California,27.18550,-82.87017
Snapper Hole,Hole,Holes,Florida to California,28.39340,-95.02197
Snapper Hole,Hole,Holes,Florida to California,30.18517,-87.15733
Snapper Hole,Hole,Holes,Florida to California,30.39999,-80.30142
South Hole,Hole,Holes,Florida to California,25.47717,-79.86333
South Hole,Hole,Holes,Florida to California,30.10328,-86.33528
Southeast 16 And 17 19 Fathom Hole,Hole,Holes,Florida to California,30.25650,-80.97117
Spring Hole,Hole,Holes,Florida to California,26.26394,-82.01743
State Line Hole,Hole,Holes,Florida to California,30.25248,-86.65777
Susie S Red Snapper Hole,Hole,Holes,Florida to California,27.79493,-83.79095
Susies Fishing Hole,Hole,Holes,Florida to California,28.62795,-80.32761
Swordfish Hole,Hole,Holes,Florida to California,26.15000,-79.92083
Swordfish Hole,Hole,Holes,Florida to California,26.19167,-79.86250
The Fish Holes,Hole,Holes,Florida to California,28.79050,-79.98667
The North Hole,Hole,Holes,Florida to California,24.85817,-80.58827
The Sink Hole,Hole,Holes,Florida to California,29.87208,-79.94990
The Ten Three Hole,Hole,Holes,Florida to California,29.05767,-83.30317
Tile Hole,Hole,Holes,Florida to California,26.23500,-79.89167
Timber Hole,Hole,Holes,Florida to California,30.12513,-87.02718
Timber Hole,Hole,Holes,Florida to California,30.15482,-86.96467
Timber Hole,Hole,Holes,Florida to California,30.15500,-86.83667
Timber Hole,Hole,Holes,Florida to California,30.15815,-86.95493
Timber Hole,Hole,Holes,Florida to California,30.16018,-86.90823
Timber Hole,Hole,Holes,Florida to California,30.16348,-86.89138
Timber Hole,Hole,Holes,Florida to California,30.18120,-86.85782
Timber Holes,Hole,Holes,Florida to California,30.12103,-87.02315
Timberhole,Hole,Holes,Florida to California,30.18557,-86.85890
Timberhole,Hole,Holes,Florida to California,30.18619,-86.85808
Timberhole Jacks,Hole,Holes,Florida to California,30.20080,-86.86863
Timberholes,Hole,Holes,Florida to California,30.18472,-86.85963
Tims Hole,Hole,Holes,Florida to California,29.21478,-84.01952
Titty Hole,Hole,Holes,Florida to California,30.44369,-80.34779
Tonys Hole,Hole,Holes,Florida to California,25.58720,-82.00200
Trigger Hole,Hole,Holes,Florida to California,30.17760,-87.07958
Triggerfish Hole,Hole,Holes,Florida to California,29.99667,-87.37833
Trole Hole,Hole,Holes,Florida to California,29.82333,-87.18500
Two Hole Greys,Hole,Holes,Florida to California,29.74828,-80.41525
Uncle Jerrys Hole,Hole,Holes,Florida to California,26.44889,-97.05648
Underwater Cypress Forest Hole,Hole,Holes,Florida to California,30.10203,-87.80956
Victory Hole,Hole,Holes,Florida to California,30.28333,-86.68667
West Hole,Hole,Holes,Florida to California,29.95500,-87.41500
West Hole,Hole,Holes,Florida to California,30.12767,-87.33883
West Of CM Hole,Hole,Holes,Florida to California,30.11100,-86.92400
Whittakers Snap Hole,Hole,Holes,Florida to California,30.64083,-81.22633
Whittakers Snap Hole Dons Dble,Hole,Holes,Florida to California,30.64717,-81.22617
Whittakers Snap Hole Jew Fish Hole,Hole,Holes,Florida to California,30.64267,-81.23650
Whittakers Snap Hole Sea Bass Hole,Hole,Holes,Florida to California,30.64483,-81.23250
Whittakers Snap Hole Tabletop,Hole,Holes,Florida to California,30.64917,-81.22867
Whittakers Snapper Hole,Hole,Holes,Florida to California,30.64519,-81.21080
Whittakers Snapper Hole Tug,Hole,Holes,Florida to California,30.65563,-81.23123
Winkys Hole,Hole,Holes,Florida to California,25.98425,-80.08940
Woodburn Hole,Hole,Holes,Florida to California,30.09580,-87.13165
Woodburns Hole,Hole,Holes,Florida to California,30.10668,-87.15497
Woodburns Hole,Hole,Holes,Florida to California,30.10990,-87.12203
Xanadu Hole,Hole,Holes,Florida to California,26.48923,-78.70632
Yellowmouth Hole,Hole,Holes,Florida to California,29.34075,-87.74523
150 Spot Hump,Hump,Humps,Florida to California,33.59230,-118.17070
217 Fathom Hump,Hump,Humps,Florida to California,24.82309,-79.92963
408 Hump,Hump,Humps,Florida to California,24.59698,-80.59135
409 Hump,Hump,Humps,Florida to California,24.59167,-80.59167
Billfish Hump,Hump,Humps,Florida to California,25.96750,-79.41109
Bimini Hump,Hump,Humps,Florida to California,25.74184,-79.32261
Biscayne Hump,Hump,Humps,Florida to California,25.43529,-80.07291
Boca Deep Hump,Hump,Humps,Florida to California,26.32561,-79.51411
Boca Hump,Hump,Humps,Florida to California,26.34937,-80.05588
Captain Dans Hump,Hump,Humps,Florida to California,29.40544,-85.46611
Channel Hump,Hump,Humps,Florida to California,29.69125,-93.83937
Chucks Hump,Hump,Humps,Florida to California,26.51368,-97.11904
Davids Hump,Hump,Humps,Florida to California,24.51433,-81.70167
Delph Humps,Hump,Humps,Florida to California,24.32383,-81.68087
Delray Hump,Hump,Humps,Florida to California,26.43843,-79.79290
Dicks Hump,Hump,Humps,Florida to California,25.19710,-81.89908
Double Nipple,Hump,Humps,Florida to California,28.94988,-87.65435
Double Nipple,Hump,Humps,Florida to California,28.98300,-87.56500
Double Nipple,Hump,Humps,Florida to California,29.01667,-87.48333
East Cavallo Hump,Hump,Humps,Florida to California,28.41605,-96.38070
East Hump,Hump,Humps,Florida to California,24.46654,-80.71799
East Hump NW,Hump,Humps,Florida to California,24.53333,-80.60000
East Hump SE,Hump,Humps,Florida to California,24.60833,-80.75833
East Hump SW,Hump,Humps,Florida to California,24.45833,-80.64167
Enriques Hump,Hump,Humps,Florida to California,26.59392,-78.90699
Excalibur Hump,Hump,Humps,Florida to California,26.62102,-79.30767
Floyds Hump,Hump,Humps,Florida to California,27.38492,-79.66879
Freeport Hump,Hump,Humps,Florida to California,26.49793,-78.77575
Galveston Hump,Hump,Humps,Florida to California,28.98519,-94.25883
Good Hump,Hump,Humps,Florida to California,25.72620,-79.31030
Guana Hump,Hump,Humps,Florida to California,30.08018,-81.22533
GUN KAY Hump,Hump,Humps,Florida to California,25.58662,-79.41716
Halfway Hump,Hump,Humps,Florida to California,25.62507,-79.57438
Hump,Hump,Humps,Florida to California,25.71100,-79.94180
Hump,Hump,Humps,Florida to California,25.79030,-79.30160
Hump,Hump,Humps,Florida to California,29.35043,-80.48910
Hump,Hump,Humps,Florida to California,29.75590,-86.39142
Hump B,Hump,Humps,Florida to California,24.80582,-80.43893
Hump D,Hump,Humps,Florida to California,24.80987,-80.43804
Hump E,Hump,Humps,Florida to California,24.80985,-80.42985
Hump F,Hump,Humps,Florida to California,24.81314,-80.43744
Hump K,Hump,Humps,Florida to California,24.58954,-80.58980
Humps,Hump,Humps,Florida to California,30.44564,-80.34742
Humpty Dance,Hump,Humps,Florida to California,25.73806,-82.17932
Islamorada Hump,Hump,Humps,Florida to California,24.53498,-80.70000
Islamorada Hump,Hump,Humps,Florida to California,24.80292,-80.44457
Islhump 2,Hump,Humps,Florida to California,24.80444,-80.44620
Joes Deep Hump,Hump,Humps,Florida to California,27.04333,-79.59000
Jupiter Hump,Hump,Humps,Florida to California,26.93850,-79.79200
Long Island Hump,Hump,Humps,Florida to California,27.10959,-79.72451
LW Hump,Hump,Humps,Florida to California,26.74728,-79.99056
Meat Wagon Hump,Hump,Humps,Florida to California,28.59789,-89.84504
Middle Outer Hump NW,Hump,Humps,Florida to California,25.64257,-79.74632
Middle Outer Hump SE,Hump,Humps,Florida to California,25.63523,-79.73088
Mullet Hump,Hump,Humps,Florida to California,27.61974,-83.02422
Nine Mile Humps,Hump,Humps,Florida to California,25.90500,-79.95833
North Bimini Hump,Hump,Humps,Florida to California,25.77728,-79.30271
Outer Hump Middle,Hump,Humps,Florida to California,25.63981,-79.74002
Outer Hump Middle South,Hump,Humps,Florida to California,25.62028,-79.69710
Outer Hump NW,Hump,Humps,Florida to California,25.65924,-79.77897
Outer Hump SE,Hump,Humps,Florida to California,25.61329,-79.67063
Pipeline Hump,Hump,Humps,Florida to California,30.13858,-88.08478
Rebeccas Hump,Hump,Humps,Florida to California,26.99794,-79.91267
Redd S Hump,Hump,Humps,Florida to California,28.42250,-84.30785
Rick S Humps,Hump,Humps,Florida to California,28.31667,-83.05933
Ricks Hump,Hump,Humps,Florida to California,25.73000,-79.88167
Romano Hump,Hump,Humps,Florida to California,25.73024,-81.94091
Sashimi Hump,Hump,Humps,Florida to California,26.89440,-79.27842
Snapper Hump,Hump,Humps,Florida to California,28.33833,-94.41488
SPB Hump,Hump,Humps,Florida to California,26.58555,-79.78551
ST Augustine Hump,Hump,Humps,Florida to California,29.93834,-80.19604
ST Lucie Hump NE,Hump,Humps,Florida to California,27.16467,-80.14583
ST Lucie Hump NW,Hump,Humps,Florida to California,27.13333,-79.96667
ST Lucie Hump SE,Hump,Humps,Florida to California,27.13333,-80.00000
ST Lucie Humps,Hump,Humps,Florida to California,27.20000,-79.59583
ST Lucie Humps,Hump,Humps,Florida to California,27.22443,-79.61704
ST Lucie Humps,Hump,Humps,Florida to California,27.25000,-79.59583
Stock Hump,Hump,Humps,Florida to California,24.37807,-81.69907
Sullivans Hump,Hump,Humps,Florida to California,27.42093,-83.14698
Sunny Isles Hump,Hump,Humps,Florida to California,25.88500,-80.09147
Tavers Hump,Hump,Humps,Florida to California,29.55345,-84.02959
The 408 Hump,Hump,Humps,Florida to California,24.60128,-80.59538
The Hump,Hump,Humps,Florida to California,24.80132,-80.44503
The Hump,Hump,Humps,Florida to California,29.45162,-85.92763
The Hump Caves,Hump,Humps,Florida to California,29.46732,-85.92182
The Humps,Hump,Humps,Florida to California,28.41138,-80.29065
The Nipple,Hump,Humps,Florida to California,29.85000,-87.10000
The Nipple,Hump,Humps,Florida to California,29.85973,-87.09420
The Nipple,Hump,Humps,Florida to California,29.86100,-87.17900
The Nipple,Hump,Humps,Florida to California,29.87083,-86.89167
The Nipple,Hump,Humps,Florida to California,29.99167,-86.98750
The Nipple Center,Hump,Humps,Florida to California,29.69983,-87.26033
The Nipple East,Hump,Humps,Florida to California,29.88740,-87.07440
The Nipple West,Hump,Humps,Florida to California,29.75820,-87.33685
The West Hump,Hump,Humps,Florida to California,24.43538,-80.76000
Triple Nipple,Hump,Humps,Florida to California,27.37742,-80.14298
Twin Humps,Hump,Humps,Florida to California,28.83880,-80.65623
Two Humps,Hump,Humps,Florida to California,28.83848,-80.65152
Unknown Hump,Hump,Humps,Florida to California,24.48984,-80.66080
West Cavallo Hump,Hump,Humps,Florida to California,28.41667,-96.38832
West Hump,Hump,Humps,Florida to California,24.42547,-80.75765
WPB Hump,Hump,Humps,Florida to California,26.73811,-79.99166
1 Southeast Shoal Ledges,Ledge,Ledges,Florida to California,28.42333,-80.47000
10 Ledge,Ledge,Ledges,Florida to California,27.62917,-83.01992
10 Ledge,Ledge,Ledges,Florida to California,27.75532,-83.15075
10 Ledge,Ledge,Ledges,Florida to California,28.28512,-82.97002
10 Ledge 6,Ledge,Ledges,Florida to California,24.44274,-81.95901
100 Ydledge,Ledge,Ledges,Florida to California,30.31733,-80.38983
15 Foot Peak Before Ledge,Ledge,Ledges,Florida to California,30.19783,-80.25958
279 Ledge,Ledge,Ledges,Florida to California,29.99418,-80.60983
3 Ledge,Ledge,Ledges,Florida to California,27.53308,-82.92492
3 Ledge,Ledge,Ledges,Florida to California,27.61240,-83.02353
30 Foot Shoal And Ledge,Ledge,Ledges,Florida to California,28.57038,-80.32180
4 Ledge,Ledge,Ledges,Florida to California,28.30193,-82.96773
57 Ledge DD 1,Ledge,Ledges,Florida to California,30.47253,-80.46205
6 Grouper Ledge,Ledge,Ledges,Florida to California,30.54767,-80.18696
6 Ledge,Ledge,Ledges,Florida to California,27.76065,-83.15278
9 6 Ledge,Ledge,Ledges,Florida to California,29.90888,-80.45697
Airport Ledge,Ledge,Ledges,Florida to California,26.67561,-78.99189
AJ Ledge,Ledge,Ledges,Florida to California,30.20415,-86.52815
Alberts Ledge,Ledge,Ledges,Florida to California,30.37650,-80.59150
Aleyledge,Ledge,Ledges,Florida to California,30.23350,-80.45917
Amberjack Hole Mule Ledge,Ledge,Ledges,Florida to California,30.54067,-81.05733
Andyapos;s Ledge,Ledge,Ledges,Florida to California,26.19083,-80.07250
Anglinapos;s Ledge Center,Ledge,Ledges,Florida to California,24.55277,-81.52000
Askew Ledge,Ledge,Ledges,Florida to California,28.16470,-83.04583
BAM Bams Big Ledge,Ledge,Ledges,Florida to California,27.95825,-83.04658
BAM Bams Ledge,Ledge,Ledges,Florida to California,27.87803,-83.67533
BAM Bams Ledge,Ledge,Ledges,Florida to California,27.88472,-83.23408
Beliner Pinksledge,Ledge,Ledges,Florida to California,29.94915,-80.48953
Bensons Ledge,Ledge,Ledges,Florida to California,27.70890,-82.96659
Big Juans Ledge,Ledge,Ledges,Florida to California,28.21543,-83.22575
Big Ledge 22,Ledge,Ledges,Florida to California,30.39120,-81.17955
Big Ledge 31,Ledge,Ledges,Florida to California,30.34508,-81.19160
Big Ledge 7,Ledge,Ledges,Florida to California,30.38858,-81.12018
Bills Ledge,Ledge,Ledges,Florida to California,27.79972,-82.97568
BIQ Ledge,Ledge,Ledges,Florida to California,30.30977,-81.07048
Boca Chita Ledge,Ledge,Ledges,Florida to California,25.53968,-79.90738
Boca Ledge,Ledge,Ledges,Florida to California,26.31697,-80.05278
Boogies Ledge,Ledge,Ledges,Florida to California,25.91796,-80.08882
Boynton Ledge,Ledge,Ledges,Florida to California,26.50083,-80.03650
Boynton Ledge,Ledge,Ledges,Florida to California,26.51045,-80.03708
Boynton Ledge Comb,Ledge,Ledges,Florida to California,26.48547,-80.03902
Boynton Ledge Drift Dive,Ledge,Ledges,Florida to California,26.60879,-79.99180
Boynton Ledges,Ledge,Ledges,Florida to California,26.81617,-80.00350
Brenda Ledge,Ledge,Ledges,Florida to California,30.66365,-80.22817
Broken Ledge,Ledge,Ledges,Florida to California,30.00857,-80.56445
Brothers Ledge,Ledge,Ledges,Florida to California,26.04194,-79.01541
Browns Ledge,Ledge,Ledges,Florida to California,25.37801,-79.23603
BUG Ledge,Ledge,Ledges,Florida to California,29.75708,-80.46513
BUG Ledge,Ledge,Ledges,Florida to California,29.76073,-80.45265
Bugledge,Ledge,Ledges,Florida to California,29.91372,-80.52798
Bugs Ledge,Ledge,Ledges,Florida to California,29.73497,-80.44832
Bugs Ledge,Ledge,Ledges,Florida to California,29.73640,-80.44123
Bugs Ledge,Ledge,Ledges,Florida to California,29.90895,-80.55755
Bugs Ledge,Ledge,Ledges,Florida to California,29.98560,-80.60673
Butler Ledge,Ledge,Ledges,Florida to California,29.80447,-81.11315
Caladesi Ledge,Ledge,Ledges,Florida to California,28.00157,-82.99790
Calvins Ledge,Ledge,Ledges,Florida to California,30.16197,-85.70794
Camp Ledge,Ledge,Ledges,Florida to California,29.88158,-80.44813
Canaveral Ledge,Ledge,Ledges,Florida to California,28.34656,-80.36473
Cannon Ledge,Ledge,Ledges,Florida to California,25.99665,-81.76250
Cape SAN Blas Ledge,Ledge,Ledges,Florida to California,29.50837,-85.43812
Capt Jims Ledge,Ledge,Ledges,Florida to California,29.60474,-83.99998
Captain Jims Ledge,Ledge,Ledges,Florida to California,30.23540,-86.75524
Captain Joes Ledge,Ledge,Ledges,Florida to California,28.67564,-89.90161
Captain Reds Ledge,Ledge,Ledges,Florida to California,30.25505,-86.46815
Captain Sals Ledge,Ledge,Ledges,Florida to California,27.01223,-79.91273
Captain Sams Ledge,Ledge,Ledges,Florida to California,26.45041,-80.04631
Cat Ledge,Ledge,Ledges,Florida to California,25.52483,-79.33978
Catons Ledge,Ledge,Ledges,Florida to California,27.30972,-82.94445
Caves And Ledges Moorings,Ledge,Ledges,Florida to California,26.12932,-80.09016
CH Ledge,Ledge,Ledges,Florida to California,30.29945,-81.04922
Chicken Ledge,Ledge,Ledges,Florida to California,28.18812,-83.27145
Circle Ledge,Ledge,Ledges,Florida to California,29.77343,-80.43137
Claytons Holler Demeres Ledge,Ledge,Ledges,Florida to California,30.33333,-81.08500
Claytons Holler Main Ledge Point,Ledge,Ledges,Florida to California,30.30983,-81.07317
Claytons Holler North Ledge #7,Ledge,Ledges,Florida to California,30.33533,-81.08550
Coes 8 Ledge,Ledge,Ledges,Florida to California,27.90295,-83.10417
Colts Ledge,Ledge,Ledges,Florida to California,29.69776,-84.52133
Confusion Ledge,Ledge,Ledges,Florida to California,28.19430,-83.25813
Coral Ridge Ledge,Ledge,Ledges,Florida to California,26.17551,-80.08086
Courtney Ledge,Ledge,Ledges,Florida to California,30.15253,-85.70072
Cudjoe Ledge,Ledge,Ledges,Florida to California,24.55632,-81.34814
Davids Ledge,Ledge,Ledges,Florida to California,30.00796,-85.85628
Davis Ledge DL 6,Ledge,Ledges,Florida to California,24.91800,-80.50620
Daytona Ledges,Ledge,Ledges,Florida to California,28.86778,-80.16352
Deep Ledge,Ledge,Ledges,Florida to California,26.00040,-79.83900
Deep Ledge,Ledge,Ledges,Florida to California,28.89280,-88.85220
Deep Ledge Bugs,Ledge,Ledges,Florida to California,29.75075,-80.45377
Deepledge 2,Ledge,Ledges,Florida to California,26.83455,-83.22765
Deepledge 6,Ledge,Ledges,Florida to California,26.83117,-83.22140
Delray Ledge,Ledge,Ledges,Florida to California,26.44228,-80.04714
Destin Southern Ledge,Ledge,Ledges,Florida to California,29.80440,-86.48100
Divers Ledge,Ledge,Ledges,Florida to California,28.08927,-83.21822
Divers Ledge,Ledge,Ledges,Florida to California,28.09627,-83.21028
Divers Ledge,Ledge,Ledges,Florida to California,28.09687,-83.22200
Divers Ledge,Ledge,Ledges,Florida to California,28.09862,-83.20595
Double Ledge,Ledge,Ledges,Florida to California,29.75650,-80.44837
Double Ledge,Ledge,Ledges,Florida to California,30.20932,-80.25768
Double Ledges,Ledge,Ledges,Florida to California,26.51167,-80.03350
Dunedin Ledge,Ledge,Ledges,Florida to California,28.06702,-83.00963
E/W Ledge Grouper 6 Boxes Pinks,Ledge,Ledges,Florida to California,30.40131,-80.37394
East / West Ledge,Ledge,Ledges,Florida to California,30.36961,-80.23095
East/West Ledge,Ledge,Ledges,Florida to California,26.72305,-80.01947
ED Ledge,Ledge,Ledges,Florida to California,30.39683,-81.06577
Eel Ledge,Ledge,Ledges,Florida to California,29.90908,-80.55680
Eel Ledge 3,Ledge,Ledges,Florida to California,29.90935,-80.55617
EF Ledge,Ledge,Ledges,Florida to California,30.39627,-81.06387
EF Ledge 03,Ledge,Ledges,Florida to California,30.39655,-81.06473
EF Spankys Spot Ledge,Ledge,Ledges,Florida to California,30.40233,-81.04000
EF Y Ledge,Ledge,Ledges,Florida to California,30.39733,-81.06717
Elgin Ledge,Ledge,Ledges,Florida to California,30.26898,-86.37320
ELT Bledge,Ledge,Ledges,Florida to California,30.49685,-80.59198
ELT Ledge 007,Ledge,Ledges,Florida to California,30.49033,-80.52600
Elton Bottom HOT Ledge Footballs,Ledge,Ledges,Florida to California,30.49244,-80.51362
Elton Grounds Ledge,Ledge,Ledges,Florida to California,30.43254,-80.45645
Elton Grounds Ledge,Ledge,Ledges,Florida to California,30.49258,-80.51431
Elton Grounds Ledge,Ledge,Ledges,Florida to California,30.49977,-80.52052
Elton Ledge,Ledge,Ledges,Florida to California,30.48915,-80.52085
Elton Ledge 1,Ledge,Ledges,Florida to California,30.48920,-80.51817
Elton Ledge 9,Ledge,Ledges,Florida to California,30.50517,-80.60640
Elton Ledge Grouper Snapper,Ledge,Ledges,Florida to California,30.41106,-80.47634
End Of Tire Ledge,Ledge,Ledges,Florida to California,30.32975,-81.14368
Ernies Ledge,Ledge,Ledges,Florida to California,30.24078,-86.62081
Eugenes Ledge,Ledge,Ledges,Florida to California,26.09298,-82.20707
Fillmore Ledge,Ledge,Ledges,Florida to California,27.72253,-95.52302
Flagler Ledge,Ledge,Ledges,Florida to California,29.49884,-80.87833
Fort Walton Edge Ledge,Ledge,Ledges,Florida to California,29.99104,-86.63941
Freds Ledge,Ledge,Ledges,Florida to California,26.71356,-97.20518
Freight Trains Kings Ledge,Ledge,Ledges,Florida to California,30.04226,-80.27895
Fuel Cell Ledge,Ledge,Ledges,Florida to California,28.09047,-83.23425
Giffords Ledge,Ledge,Ledges,Florida to California,25.30508,-80.15470
Gingerbread Ledge,Ledge,Ledges,Florida to California,25.87129,-78.53745
GO NW Ledge,Ledge,Ledges,Florida to California,30.30833,-81.09375
Good Fish Ledge,Ledge,Ledges,Florida to California,30.60953,-80.14600
Good Grouper Ledge,Ledge,Ledges,Florida to California,30.00670,-80.31884
Goodledge 44,Ledge,Ledges,Florida to California,28.96111,-82.92695
Greys Ledge,Ledge,Ledges,Florida to California,30.37285,-80.41085
Greys Ledge,Ledge,Ledges,Florida to California,30.38467,-81.16267
Greys Ledge,Ledge,Ledges,Florida to California,30.39542,-81.16120
Grouper Double Ledge,Ledge,Ledges,Florida to California,30.20994,-80.25716
Grouper Hole / Ledge,Ledge,Ledges,Florida to California,29.91993,-87.19225
Grouper Mules Ledge,Ledge,Ledges,Florida to California,30.02799,-80.28034
Gulf Stream Boynton Ledge,Ledge,Ledges,Florida to California,26.49007,-80.03867
GUN Ledge,Ledge,Ledges,Florida to California,25.57827,-79.35257
Hall Of Fame East Ledge,Ledge,Ledges,Florida to California,26.19050,-80.08483
Hall Of Fame East Ledge,Ledge,Ledges,Florida to California,26.19500,-80.08450
Harm's Ledge (HL),Ledge,Ledges,Florida to California,30.37309,-80.89800
Hawksbill Ledge,Ledge,Ledges,Florida to California,26.49755,-78.76504
Heald Ledge,Ledge,Ledges,Florida to California,29.13589,-94.14930
Hernando Ledge,Ledge,Ledges,Florida to California,28.44451,-83.02553
Hetzel Shoal Ledge,Ledge,Ledges,Florida to California,28.60195,-80.39952
HG Ledge,Ledge,Ledges,Florida to California,30.21488,-81.00408
HH Ledge,Ledge,Ledges,Florida to California,30.57485,-81.12232
Highland Ledge,Ledge,Ledges,Florida to California,26.39990,-80.05528
Hilledge,Ledge,Ledges,Florida to California,30.33825,-80.95845
Hillsboro Ledge,Ledge,Ledges,Florida to California,26.29267,-80.06325
Hogfish Ledge,Ledge,Ledges,Florida to California,26.19165,-80.06670
Hole Ledge,Ledge,Ledges,Florida to California,30.02112,-80.55150
Holm Ledge,Ledge,Ledges,Florida to California,25.60706,-79.32149
Horseshoe Ledge,Ledge,Ledges,Florida to California,26.27262,-80.07020
Horseshoe Ledge,Ledge,Ledges,Florida to California,29.74052,-80.46808
Horseshoe Ledge,Ledge,Ledges,Florida to California,29.75288,-80.44643
Horseshoe Ledge,Ledge,Ledges,Florida to California,29.91232,-80.56837
Hospital Grounds Hot Ledge,Ledge,Ledges,Florida to California,30.21583,-81.00500
Hunter Ledge,Ledge,Ledges,Florida to California,26.48857,-78.73848
Hurricane Pass Ledge,Ledge,Ledges,Florida to California,25.98949,-81.75602
Indian Ledge,Ledge,Ledges,Florida to California,26.70768,-79.00853
Inshore Ledge,Ledge,Ledges,Florida to California,30.66562,-80.18284
Inshore NW Ledge,Ledge,Ledges,Florida to California,30.33297,-81.23330
Islamorada Ledge,Ledge,Ledges,Florida to California,24.77620,-80.46619
Issac Ledge,Ledge,Ledges,Florida to California,25.95901,-78.71599
Jack Ledge,Ledge,Ledges,Florida to California,29.91022,-80.52260
Jacks Ledge,Ledge,Ledges,Florida to California,27.80657,-82.99250
Jammies Ledge,Ledge,Ledges,Florida to California,27.25686,-80.07339
Jeremys Ledge,Ledge,Ledges,Florida to California,29.23451,-88.43659
Jessie Ledge,Ledge,Ledges,Florida to California,27.88125,-83.18910
Jewfish Ledge,Ledge,Ledges,Florida to California,27.19798,-82.88280
Jimbos Ledge,Ledge,Ledges,Florida to California,29.58366,-84.16291
Joes Ledge,Ledge,Ledges,Florida to California,28.40895,-95.05063
Johnnys Ledge,Ledge,Ledges,Florida to California,28.68305,-90.01964
Juno Ledge,Ledge,Ledges,Florida to California,26.86418,-80.01355
Juno Ledge,Ledge,Ledges,Florida to California,26.87053,-80.01917
Juno Ledge,Ledge,Ledges,Florida to California,26.87614,-80.04021
Juno Ledge,Ledge,Ledges,Florida to California,26.88333,-79.97500
Juno Ledge,Ledge,Ledges,Florida to California,27.00000,-79.99167
Juno Ledge,Ledge,Ledges,Florida to California,27.04585,-80.04288
Jupiter Double Ledges Drift Dive,Ledge,Ledges,Florida to California,26.94686,-80.02201
Jupiter Ledge,Ledge,Ledges,Florida to California,26.93250,-80.00987
Jupiter Ledge,Ledge,Ledges,Florida to California,26.93273,-80.01523
Key West 50 Foot Ledge,Ledge,Ledges,Florida to California,24.46112,-81.72788
Kingledge 0,Ledge,Ledges,Florida to California,24.47729,-81.71665
KW Ledge,Ledge,Ledges,Florida to California,24.67238,-81.74049
Last Chance Ledge,Ledge,Ledges,Florida to California,28.24408,-83.27217
Ledge 1,Ledge,Ledges,Florida to California,30.27593,-80.51773
Ledge 1,Ledge,Ledges,Florida to California,30.30665,-81.06900
Ledge 1 B,Ledge,Ledges,Florida to California,29.89372,-80.57980
Ledge 1 B,Ledge,Ledges,Florida to California,29.90678,-80.57252
Ledge 110,Ledge,Ledges,Florida to California,30.31643,-81.09522
Ledge 1141,Ledge,Ledges,Florida to California,30.38692,-81.15798
Ledge 12,Ledge,Ledges,Florida to California,30.38043,-80.54892
Ledge 15,Ledge,Ledges,Florida to California,30.05123,-80.44972
Ledge 2,Ledge,Ledges,Florida to California,30.30632,-81.06848
Ledge 20 Grouper Snapper,Ledge,Ledges,Florida to California,30.25857,-80.24544
Ledge 200,Ledge,Ledges,Florida to California,30.33942,-81.13778
Ledge 205,Ledge,Ledges,Florida to California,30.37082,-81.15102
Ledge 206,Ledge,Ledges,Florida to California,30.33977,-81.13515
Ledge 24,Ledge,Ledges,Florida to California,30.30753,-81.09842
Ledge 25 GR,Ledge,Ledges,Florida to California,30.30200,-80.44885
Ledge 28 Fathom,Ledge,Ledges,Florida to California,30.48605,-80.19783
Ledge 295,Ledge,Ledges,Florida to California,30.33722,-81.12988
Ledge 296,Ledge,Ledges,Florida to California,30.25315,-80.97892
Ledge 32 D,Ledge,Ledges,Florida to California,26.96195,-82.63987
Ledge 3216,Ledge,Ledges,Florida to California,26.87828,-83.05425
Ledge 3316,Ledge,Ledges,Florida to California,26.92748,-83.04977
Ledge 370,Ledge,Ledges,Florida to California,30.31357,-81.09030
Ledge 41 A,Ledge,Ledges,Florida to California,26.88277,-82.96788
Ledge 41 B,Ledge,Ledges,Florida to California,26.88585,-82.96067
Ledge 45 Bugs,Ledge,Ledges,Florida to California,30.49937,-80.57825
Ledge 460,Ledge,Ledges,Florida to California,30.24925,-80.98180
Ledge 47,Ledge,Ledges,Florida to California,30.44120,-80.29035
Ledge 5 Grouper,Ledge,Ledges,Florida to California,30.56913,-80.31278
Ledge 50,Ledge,Ledges,Florida to California,30.49172,-80.53047
Ledge 51,Ledge,Ledges,Florida to California,30.49138,-80.52940
Ledge 55,Ledge,Ledges,Florida to California,30.43902,-80.29055
Ledge 57,Ledge,Ledges,Florida to California,30.43747,-80.29118
Ledge 61,Ledge,Ledges,Florida to California,30.43372,-80.48823
Ledge 9 6,Ledge,Ledges,Florida to California,29.95747,-80.39677
Ledge A,Ledge,Ledges,Florida to California,27.19882,-83.22453
Ledge A 1,Ledge,Ledges,Florida to California,26.96835,-82.93236
Ledge And Rocks,Ledge,Ledges,Florida to California,28.15653,-83.21307
Ledge B,Ledge,Ledges,Florida to California,29.87840,-80.60258
Ledge B 1,Ledge,Ledges,Florida to California,27.43181,-82.91052
Ledge Beliner,Ledge,Ledges,Florida to California,30.54210,-80.19750
Ledge Beliner,Ledge,Ledges,Florida to California,30.59663,-80.15352
Ledge BUG,Ledge,Ledges,Florida to California,29.73870,-80.45115
Ledge Bugs,Ledge,Ledges,Florida to California,29.74622,-80.44362
Ledge Bugs,Ledge,Ledges,Florida to California,29.75965,-80.44138
Ledge Bugs,Ledge,Ledges,Florida to California,29.77483,-80.44408
Ledge Bugs,Ledge,Ledges,Florida to California,29.83943,-80.53788
Ledge Bugs,Ledge,Ledges,Florida to California,29.85820,-80.53615
Ledge Bugs,Ledge,Ledges,Florida to California,29.90770,-80.44557
Ledge Bugs,Ledge,Ledges,Florida to California,29.91190,-80.54075
Ledge Bugs,Ledge,Ledges,Florida to California,29.91233,-80.54420
Ledge Bugs,Ledge,Ledges,Florida to California,30.08833,-80.54248
Ledge C,Ledge,Ledges,Florida to California,27.28765,-83.13294
Ledge C 2,Ledge,Ledges,Florida to California,27.38175,-82.97556
Ledge Cave,Ledge,Ledges,Florida to California,30.40090,-80.35612
Ledge CK,Ledge,Ledges,Florida to California,29.77185,-80.43830
Ledge CK,Ledge,Ledges,Florida to California,29.93990,-81.09675
Ledge CK,Ledge,Ledges,Florida to California,30.38975,-81.05875
Ledge COV,Ledge,Ledges,Florida to California,29.72825,-80.46900
Ledge D,Ledge,Ledges,Florida to California,30.34567,-80.63352
Ledge D 1,Ledge,Ledges,Florida to California,27.48004,-82.93924
Ledge Dropoff,Ledge,Ledges,Florida to California,30.64038,-80.21143
Ledge East,Ledge,Ledges,Florida to California,30.39110,-80.56920
Ledge F,Ledge,Ledges,Florida to California,26.54225,-82.49774
Ledge G 4,Ledge,Ledges,Florida to California,26.76208,-82.90011
Ledge GO,Ledge,Ledges,Florida to California,30.37692,-81.13548
Ledge Good,Ledge,Ledges,Florida to California,30.00351,-80.55943
Ledge Gose NE,Ledge,Ledges,Florida to California,29.69970,-80.47733
Ledge Greys,Ledge,Ledges,Florida to California,29.80018,-80.42412
Ledge Greys,Ledge,Ledges,Florida to California,30.39777,-81.06998
Ledge Grouper,Ledge,Ledges,Florida to California,30.28268,-80.42370
Ledge Grouper Beliner,Ledge,Ledges,Florida to California,30.38085,-80.53951
Ledge Grouper Beliner Pinks,Ledge,Ledges,Florida to California,30.53055,-80.26480
Ledge Grouper Snapper,Ledge,Ledges,Florida to California,30.43405,-80.35969
Ledge Grouperbs,Ledge,Ledges,Florida to California,30.25202,-80.24632
Ledge Groupersnapper Pinks,Ledge,Ledges,Florida to California,30.36093,-80.22467
Ledge H,Ledge,Ledges,Florida to California,26.65126,-82.55295
Ledge Inside Break,Ledge,Ledges,Florida to California,30.11341,-80.27370
Ledge K,Ledge,Ledges,Florida to California,27.38274,-82.98153
Ledge Kings,Ledge,Ledges,Florida to California,30.41123,-80.21627
Ledge L,Ledge,Ledges,Florida to California,27.34332,-82.96655
Ledge M,Ledge,Ledges,Florida to California,26.96246,-82.87089
Ledge Mules Mango Grouper Beline,Ledge,Ledges,Florida to California,30.48678,-80.52130
Ledge Mutton Grouper,Ledge,Ledges,Florida to California,30.40123,-80.38701
Ledge Mutton Grouper Snapper,Ledge,Ledges,Florida to California,30.64224,-80.35981
Ledge ND,Ledge,Ledges,Florida to California,27.98926,-83.12169
Ledge Pinks,Ledge,Ledges,Florida to California,30.20077,-80.25924
Ledge Pinks,Ledge,Ledges,Florida to California,30.40366,-80.38540
Ledge Pinks Snapper,Ledge,Ledges,Florida to California,30.24129,-80.24920
Ledge PM,Ledge,Ledges,Florida to California,30.34088,-81.19755
Ledge RN,Ledge,Ledges,Florida to California,30.30047,-80.44917
Ledge Scamp,Ledge,Ledges,Florida to California,29.74933,-80.46135
Ledge Snapper,Ledge,Ledges,Florida to California,30.26525,-80.24226
Ledge West,Ledge,Ledges,Florida to California,30.36670,-80.62050
Ledgemang,Ledge,Ledges,Florida to California,27.10572,-82.65513
Ledges And Rocks,Ledge,Ledges,Florida to California,26.18182,-82.19518
Ledges UP TO,Ledge,Ledges,Florida to California,28.02958,-83.04728
Lee S Ledge,Ledge,Ledges,Florida to California,28.24017,-83.34383
Lees Ledge,Ledge,Ledges,Florida to California,29.73833,-87.31500
Left Ledge,Ledge,Ledges,Florida to California,29.89840,-80.45260
Limestone Ledge,Ledge,Ledges,Florida to California,30.30887,-86.43082
Little Ledge,Ledge,Ledges,Florida to California,30.12083,-87.25943
Lonesome Ledge,Ledge,Ledges,Florida to California,29.46341,-87.64100
Lonesome Ledge,Ledge,Ledges,Florida to California,29.46355,-87.62761
Lonesome Ledge,Ledge,Ledges,Florida to California,29.46378,-87.63730
Lonesome Ledge,Ledge,Ledges,Florida to California,29.46389,-87.63375
Long Island Deep Ledge,Ledge,Ledges,Florida to California,27.17557,-79.62562
Long Ledge,Ledge,Ledges,Florida to California,29.91448,-80.58963
Loran Tower Ledge,Ledge,Ledges,Florida to California,27.03243,-80.04387
Loran Tower Ledge,Ledge,Ledges,Florida to California,27.05540,-80.02068
Lost GUN Ledge,Ledge,Ledges,Florida to California,27.76903,-82.95825
LOW Profile Ledge,Ledge,Ledges,Florida to California,29.74808,-80.45655
Madeira Ledge,Ledge,Ledges,Florida to California,27.78172,-83.00396
Madison Ledge,Ledge,Ledges,Florida to California,29.18176,-85.68818
Main Ledge,Ledge,Ledges,Florida to California,29.12590,-80.39915
Main Ledge 2,Ledge,Ledges,Florida to California,30.29545,-81.08182
Mangos Ledge,Ledge,Ledges,Florida to California,29.73035,-80.46200
Masthead Ledge,Ledge,Ledges,Florida to California,28.06218,-83.01038
Mega Ledge,Ledge,Ledges,Florida to California,25.76110,-79.85790
Mega Ledge,Ledge,Ledges,Florida to California,25.77360,-79.85400
Mertz Ledge,Ledge,Ledges,Florida to California,27.91603,-83.10782
Middle Ground Dennis 4 Ledge,Ledge,Ledges,Florida to California,30.30667,-81.12400
Middle Ground North Ledge,Ledge,Ledges,Florida to California,30.32983,-81.12133
Mikeys Ledge,Ledge,Ledges,Florida to California,26.98389,-79.91544
Mingo Ledge,Ledge,Ledges,Florida to California,29.99853,-86.54863
Miniledge,Ledge,Ledges,Florida to California,27.01137,-82.70095
MK Ledge,Ledge,Ledges,Florida to California,29.91623,-80.52892
MKS Ledge,Ledge,Ledges,Florida to California,29.99482,-80.61065
Molasses Ledge,Ledge,Ledges,Florida to California,25.00319,-80.37919
Mosquito Ledge,Ledge,Ledges,Florida to California,26.61156,-78.91999
Mothers DAY Ledge,Ledge,Ledges,Florida to California,28.53648,-84.26545
Mutton Ledge,Ledge,Ledges,Florida to California,30.09459,-80.48946
Mutton Ledge,Ledge,Ledges,Florida to California,30.09499,-80.49182
Naples Ledges,Ledge,Ledges,Florida to California,26.14525,-82.06000
Natural Ledge,Ledge,Ledges,Florida to California,30.34968,-81.18267
Natural Ledge 2,Ledge,Ledges,Florida to California,30.34380,-81.19018
Natural Ledges,Ledge,Ledges,Florida to California,30.24223,-80.98635
NE Ledge,Ledge,Ledges,Florida to California,30.26058,-80.97665
New Ledge,Ledge,Ledges,Florida to California,29.85320,-80.57282
New Ledge,Ledge,Ledges,Florida to California,29.89810,-80.57215
NF Ledge,Ledge,Ledges,Florida to California,27.77223,-83.32362
NH Ledge,Ledge,Ledges,Florida to California,28.71980,-80.33350
Nice Ledge,Ledge,Ledges,Florida to California,30.37201,-80.40342
Nine Mile Lavis Ledge,Ledge,Ledges,Florida to California,30.38983,-81.17867
Nixon's Ledge,Ledge,Ledges,Florida to California,25.68303,-79.31788
North Bimini Ledge,Ledge,Ledges,Florida to California,25.73256,-79.31356
North Boca Ledge,Ledge,Ledges,Florida to California,26.41676,-80.04945
North End Ledge,Ledge,Ledges,Florida to California,27.10538,-79.19968
North Ledge,Ledge,Ledges,Florida to California,26.04973,-79.04820
North Pompano Ledge,Ledge,Ledges,Florida to California,26.23417,-80.08250
NW Ledge CH,Ledge,Ledges,Florida to California,30.31173,-81.08625
Off Shore Ledge 2,Ledge,Ledges,Florida to California,29.95233,-80.64017
Off Shore Ledge 3,Ledge,Ledges,Florida to California,29.89933,-80.56300
Off Shore Ledge 4,Ledge,Ledges,Florida to California,29.87267,-80.60300
Off Shore Ledge 5,Ledge,Ledges,Florida to California,29.86050,-80.54267
Off Shore Ledge 7,Ledge,Ledges,Florida to California,29.85167,-80.56450
Off Shore Ledge 8,Ledge,Ledges,Florida to California,29.84467,-80.54400
Orange Ledge,Ledge,Ledges,Florida to California,24.92924,-79.18438
Pablo Grounds Browns Ledge,Ledge,Ledges,Florida to California,30.34133,-81.21100
Pasco Ledge,Ledge,Ledges,Florida to California,28.36314,-82.98663
Passage Ledge,Ledge,Ledges,Florida to California,27.56569,-82.78655
Paul Mains Jojos Ledge,Ledge,Ledges,Florida to California,30.33667,-81.18750
Pipe Ledge,Ledge,Ledges,Florida to California,30.35898,-80.54808
Pipe Ledge,Ledge,Ledges,Florida to California,30.43017,-80.50043
Pompano Ledge,Ledge,Ledges,Florida to California,26.18417,-80.08483
Pompano Ledge Moorings,Ledge,Ledges,Florida to California,26.21890,-80.08363
Ponte Vedra Good Spot Ledge,Ledge,Ledges,Florida to California,30.20017,-81.16117
POS Ledge,Ledge,Ledges,Florida to California,26.77560,-82.88571
Redd S Ledge,Ledge,Ledges,Florida to California,28.26430,-83.04015
Redfish Island Ledge,Ledge,Ledges,Florida to California,29.52249,-94.89095
Reggies Ledge,Ledge,Ledges,Florida to California,26.35334,-80.05546
Richey Ledge,Ledge,Ledges,Florida to California,28.24622,-83.00071
Ricks 6 Ledge,Ledge,Ledges,Florida to California,27.96783,-82.85200
Ricks Big Ledge,Ledge,Ledges,Florida to California,28.07385,-83.79655
Ricks Dump Ledge,Ledge,Ledges,Florida to California,30.16025,-88.11347
Rickys Ledge,Ledge,Ledges,Florida to California,29.77870,-87.33500
Rlsledge,Ledge,Ledges,Florida to California,30.52022,-81.20010
Robbys Ledge,Ledge,Ledges,Florida to California,25.83964,-79.27683
Roberts Ledge,Ledge,Ledges,Florida to California,26.66708,-78.98442
Roberts Ledge North,Ledge,Ledges,Florida to California,26.67002,-78.98782
Roccos Ledge,Ledge,Ledges,Florida to California,26.68015,-78.99727
Rock Ledge,Ledge,Ledges,Florida to California,29.22650,-88.44540
Rock Ledge,Ledge,Ledges,Florida to California,29.91520,-87.13003
Rocky Ledges,Ledge,Ledges,Florida to California,27.31503,-82.81702
Rocky Ledges,Ledge,Ledges,Florida to California,28.77547,-80.16025
Rocky Ledges,Ledge,Ledges,Florida to California,28.80083,-80.10083
Rocky Ledges,Ledge,Ledges,Florida to California,28.92733,-83.37685
Rocky Ledges,Ledge,Ledges,Florida to California,28.99845,-79.87483
Rocky Ledges,Ledge,Ledges,Florida to California,29.81932,-80.27133
Roger Ledge,Ledge,Ledges,Florida to California,30.46160,-80.93052
Roger Ledge 1,Ledge,Ledges,Florida to California,30.50101,-80.98232
Roger Ledge 2,Ledge,Ledges,Florida to California,30.50375,-80.96873
Rogers Ledge,Ledge,Ledges,Florida to California,28.96844,-94.29067
Romano Ledge,Ledge,Ledges,Florida to California,25.73275,-81.75079
Rompidas Ledge,Ledge,Ledges,Florida to California,23.78333,-80.46666
Rough Ledges,Ledge,Ledges,Florida to California,28.18235,-83.03618
RR Ledge,Ledge,Ledges,Florida to California,28.39088,-83.19488
S End Of MF Ledge -4 Foot,Ledge,Ledges,Florida to California,30.28447,-81.08193
S Side Ledge,Ledge,Ledges,Florida to California,28.84912,-80.60397
Sabine Ledge,Ledge,Ledges,Florida to California,29.38908,-93.28902
Sammys Ledge,Ledge,Ledges,Florida to California,28.97914,-85.50642
Sams Ledge,Ledge,Ledges,Florida to California,25.84889,-82.27023
Sanibel Ledge,Ledge,Ledges,Florida to California,26.40150,-82.36790
Santa Rosa Ledge,Ledge,Ledges,Florida to California,30.05990,-86.75035
SE Limestone Ledge,Ledge,Ledges,Florida to California,30.31822,-86.45393
SE Ridge / Ledge,Ledge,Ledges,Florida to California,29.86700,-87.25952
Sea Creature Ledge,Ledge,Ledges,Florida to California,24.86124,-79.19125
Seatons Ledge,Ledge,Ledges,Florida to California,30.13213,-87.25612
Settlement Ledge,Ledge,Ledges,Florida to California,26.68982,-79.00443
Shoal Ledge,Ledge,Ledges,Florida to California,28.57023,-80.36667
Slevins Ledge,Ledge,Ledges,Florida to California,29.63893,-86.14300
Small Bugs Ledge,Ledge,Ledges,Florida to California,29.91040,-80.45775
Small Ledge,Ledge,Ledges,Florida to California,25.30190,-81.54220
Small Ledge,Ledge,Ledges,Florida to California,26.72790,-82.30202
Small Ledge,Ledge,Ledges,Florida to California,29.84895,-80.53755
Small Ledge,Ledge,Ledges,Florida to California,29.85048,-80.56163
Small Ledge,Ledge,Ledges,Florida to California,29.86177,-80.53873
Small Ledge,Ledge,Ledges,Florida to California,29.93473,-80.56352
Small Ledge,Ledge,Ledges,Florida to California,30.04465,-80.49262
Small Ledge Bugs,Ledge,Ledges,Florida to California,29.90838,-80.51332
Small Ledge Bugs,Ledge,Ledges,Florida to California,29.91345,-80.53795
Small Ledge Greys,Ledge,Ledges,Florida to California,30.61522,-81.17485
Smokehouse Ledge,Ledge,Ledges,Florida to California,29.76337,-84.46717
Snapper Banks Ledge 2,Ledge,Ledges,Florida to California,30.62067,-81.18667
Snapper Banks Snapper Ledges,Ledge,Ledges,Florida to California,30.61783,-81.18217
Snapper Ledge,Ledge,Ledges,Florida to California,24.98200,-80.42167
South Double Ledge,Ledge,Ledges,Florida to California,26.73002,-80.00183
South Double Ledges,Ledge,Ledges,Florida to California,26.74083,-80.01400
Southeast 16 And 17 Sweet Spot Ledge,Ledge,Ledges,Florida to California,30.25417,-80.96567
Spidermans Ledge,Ledge,Ledges,Florida to California,30.20093,-86.72549
ST Lucie Ledge,Ledge,Ledges,Florida to California,27.27178,-80.06799
Sullivans Ledge,Ledge,Ledges,Florida to California,29.75546,-81.08356
Sunny Isles Ledge,Ledge,Ledges,Florida to California,25.94673,-80.08871
Super Ledge,Ledge,Ledges,Florida to California,29.38028,-83.76125
SW Corner Of Ledge,Ledge,Ledges,Florida to California,30.20868,-81.00068
SW End Of Ledge,Ledge,Ledges,Florida to California,30.52662,-81.17088
Swordfish Ledge,Ledge,Ledges,Florida to California,24.29503,-80.70276
Table Top Ledge,Ledge,Ledges,Florida to California,30.32256,-81.12803
TEA CUP Ledges,Ledge,Ledges,Florida to California,26.13133,-82.03350
Ten Fathom Ledge,Ledge,Ledges,Florida to California,24.43283,-81.95033
Ten Thousand Ledge,Ledge,Ledges,Florida to California,25.85160,-81.95781
Terry S 4 N/S Ledge,Ledge,Ledges,Florida to California,27.83177,-83.23762
Terry S 5 Ledge,Ledge,Ledges,Florida to California,27.75773,-83.16908
Terry S Ledge And Rocks,Ledge,Ledges,Florida to California,27.79470,-83.12400
Terry S Little Ledge,Ledge,Ledges,Florida to California,27.92495,-83.07610
The Bull Ledge,Ledge,Ledges,Florida to California,28.53013,-80.41065
The Ledge,Ledge,Ledges,Florida to California,29.30040,-85.63315
The Ledge,Ledge,Ledges,Florida to California,29.90783,-80.28333
The Ledger,Ledge,Ledges,Florida to California,29.41990,-87.91285
The Slice Ledge,Ledge,Ledges,Florida to California,30.08145,-86.71807
The Wings Ledge,Ledge,Ledges,Florida to California,29.34353,-86.05925
Thousand Island Ledge,Ledge,Ledges,Florida to California,28.31050,-80.36402
Tillmans Ledge,Ledge,Ledges,Florida to California,30.01433,-86.68496
Tims Ledge,Ledge,Ledges,Florida to California,29.23062,-84.03883
TIN CUP Ledge,Ledge,Ledges,Florida to California,29.46325,-87.61572
Tonys Ledge,Ledge,Ledges,Florida to California,27.08342,-79.96860
TRI Ledge,Ledge,Ledges,Florida to California,26.65055,-82.88180
Triangle Ledge,Ledge,Ledges,Florida to California,25.64706,-79.32172
Triangle Ledge,Ledge,Ledges,Florida to California,25.69746,-82.10580
Trigger Ledge,Ledge,Ledges,Florida to California,27.55703,-80.09281
Trilevel Ledge,Ledge,Ledges,Florida to California,29.74162,-80.44182
Triple Ledge,Ledge,Ledges,Florida to California,30.55477,-80.60385
Triple Ledge,Ledge,Ledges,Florida to California,30.55792,-80.71640
Turtle Towers Ledge,Ledge,Ledges,Florida to California,29.71753,-84.50402
Twin Ledge,Ledge,Ledges,Florida to California,27.18138,-82.98969
Uncle Willies Ledge,Ledge,Ledges,Florida to California,25.15258,-79.17708
Undercut Ledge,Ledge,Ledges,Florida to California,26.79267,-80.01283
Victors Ledge,Ledge,Ledges,Florida to California,25.58254,-81.63660
Wall Cave Ledge,Ledge,Ledges,Florida to California,30.51073,-81.11325
Wall S Ledge,Ledge,Ledges,Florida to California,30.19167,-86.65083
Wall S Ledge,Ledge,Ledges,Florida to California,30.22583,-86.68250
West 10 Foot Ledge,Ledge,Ledges,Florida to California,29.55667,-87.27000
Whittakers Snap Hole Ledge,Ledge,Ledges,Florida to California,30.65033,-81.21817
Wilkes Ledge,Ledge,Ledges,Florida to California,27.23439,-82.86287
Wreck Ledge,Ledge,Ledges,Florida to California,30.38485,-81.17792
Y Knot Ledge,Ledge,Ledges,Florida to California,29.32299,-85.28018
Z Ledge,Ledge,Ledges,Florida to California,30.36220,-80.42313
Zekes Ledge,Ledge,Ledges,Florida to California,25.77169,-79.30861
Chevron Platform,Platform,Platforms,Florida to California,30.07067,-87.03533
Mobile Oil Platform,Platform,Platforms,Florida to California,30.00070,-87.51447
New Orlean VOR Platform,Platform,Platforms,Florida to California,30.03498,-90.17397
Oil Platform Gulf Of Mexico,Platform,Platforms,Florida to California,28.89308,-89.58939
Platform,Platform,Platforms,Florida to California,29.20000,-87.95833
Platform,Platform,Platforms,Florida to California,29.41893,-89.51376
Platform,Platform,Platforms,Florida to California,29.52575,-88.28063
Platform,Platform,Platforms,Florida to California,30.06919,-90.32236
Platform,Platform,Platforms,Florida to California,30.07180,-90.29700
Platform,Platform,Platforms,Florida to California,30.08750,-87.88333
Platform Pilings,Platform,Platforms,Florida to California,30.07495,-90.28953
Tenneco Platform,Platform,Platforms,Florida to California,29.99522,-87.08530
Tenneco Platforms,Platform,Platforms,Florida to California,25.98250,-80.08350
#1 Spot,Reef,Reefs,Florida to California,33.57520,-117.85620
1 Mile Reef,Reef,Reefs,Florida to California,27.48432,-82.73532
1 Mile Reef,Reef,Reefs,Florida to California,27.49166,-82.73333
"1 Mile Reef, Site 05",Reef,Reefs,Florida to California,27.48858,-82.73583
1 ¼ Spot,Reef,Reefs,Florida to California,32.83380,-117.30520
10 Fathom Reef,Reef,Reefs,Florida to California,28.92213,-80.50215
10 JUL Reef,Reef,Reefs,Florida to California,26.07033,-80.10937
100 Flat Steel Barge,Reef,Reefs,Florida to California,30.09599,-87.57136
101,Reef,Reefs,Florida to California,32.25000,-117.25000
1010 Trench,Reef,Reefs,Florida to California,31.76390,-117.73330
105 Spot,Reef,Reefs,Florida to California,33.64000,-118.19650
1067 Knuckle,Reef,Reefs,Florida to California,31.61670,-117.88330
1140 Finger,Reef,Reefs,Florida to California,31.30000,-117.18330
125,Reef,Reefs,Florida to California,33.48330,-118.71390
138 (Middle Of Ridge),Reef,Reefs,Florida to California,32.78000,-117.81250
14 Mile Bank,Reef,Reefs,Florida to California,33.39840,-118.00340
150 Bubbles East,Reef,Reefs,Florida to California,33.59530,-118.15370
150 Bubbles West,Reef,Reefs,Florida to California,33.60230,-118.18300
150 Kelp Reef North,Reef,Reefs,Florida to California,33.59470,-118.15150
150 Kelp Reef South,Reef,Reefs,Florida to California,33.58000,-118.14330
150 Spot,Reef,Reefs,Florida to California,33.59370,-118.16250
152,Reef,Reefs,Florida to California,33.24670,-118.18060
157,Reef,Reefs,Florida to California,32.38060,-118.46670
17 Fa Spot,Reef,Reefs,Florida to California,33.73000,-119.16220
170,Reef,Reefs,Florida to California,33.73890,-119.26670
172,Reef,Reefs,Florida to California,33.50330,-118.84170
175,Reef,Reefs,Florida to California,33.61420,-118.95200
178,Reef,Reefs,Florida to California,32.70000,-117.48860
18 S Reef,Reef,Reefs,Florida to California,30.17365,-86.52198
18 S Reef,Reef,Reefs,Florida to California,30.19995,-86.53784
18 S Reef,Reef,Reefs,Florida to California,30.20738,-86.52955
18 S Reef,Reef,Reefs,Florida to California,30.21500,-86.58167
181,Reef,Reefs,Florida to California,32.91390,-117.88330
182,Reef,Reefs,Florida to California,32.68830,-117.70500
1908,Reef,Reefs,Florida to California,34.43330,-121.93330
1978,Reef,Reefs,Florida to California,34.55000,-122.05000
2011 Barge Wreck Concrete Pile,Reef,Reefs,Florida to California,29.05082,-80.71483
2011 Reef,Reef,Reefs,Florida to California,27.52720,-80.17285
2011 Reef,Reef,Reefs,Florida to California,27.53787,-80.17948
2013 Reef,Reef,Reefs,Florida to California,27.39252,-80.04935
2013 Reef,Reef,Reefs,Florida to California,27.53472,-80.19055
2018 Miramar/Frangista,Reef,Reefs,Florida to California,30.32850,-86.38383
2021 Reef Darts,Reef,Reefs,Florida to California,26.77038,-79.96640
2022 Reef Darts,Reef,Reefs,Florida to California,26.77485,-79.96640
2023 Pbff Reef,Reef,Reefs,Florida to California,26.77213,-79.96353
2024 FWC Patch Reef,Reef,Reefs,Florida to California,29.63560,-83.90572
209,Reef,Reefs,Florida to California,33.09670,-117.86670
21 Concrete Reef Modules,Reef,Reefs,Florida to California,30.09837,-87.12755
21 Hole Area,Reef,Reefs,Florida to California,30.03313,-87.22348
213,Reef,Reefs,Florida to California,31.80330,-117.86330
220-220,Reef,Reefs,Florida to California,31.58330,-117.64170
226,Reef,Reefs,Florida to California,32.50560,-117.63330
230,Reef,Reefs,Florida to California,31.28000,-116.84670
230,Reef,Reefs,Florida to California,32.35700,-117.70700
238,Reef,Reefs,Florida to California,31.55700,-117.20700
245,Reef,Reefs,Florida to California,31.29110,-118.47170
250,Reef,Reefs,Florida to California,31.31220,-118.34580
267 (The Condom),Reef,Reefs,Florida to California,32.50000,-118.68330
27 Fathom Reef,Reef,Reefs,Florida to California,28.72917,-80.14167
270,Reef,Reefs,Florida to California,33.68330,-118.58060
270 (Redondo Knoll),Reef,Reefs,Florida to California,31.56670,-117.48330
277,Reef,Reefs,Florida to California,33.20000,-118.08890
279/267,Reef,Reefs,Florida to California,33.29670,-117.81920
286,Reef,Reefs,Florida to California,33.58060,-118.60000
289,Reef,Reefs,Florida to California,32.93330,-118.09720
29 Fathom Spot,Reef,Reefs,Florida to California,32.76670,-118.40830
295 (Boot),Reef,Reefs,Florida to California,31.56670,-117.43330
3 Mile Bridge Reef,Reef,Reefs,Florida to California,30.19033,-87.18548
3 Mile Bridge Reef,Reef,Reefs,Florida to California,30.19175,-87.17810
3 Mile Bridge Reef,Reef,Reefs,Florida to California,30.19312,-87.20447
3 Mile Bridge Reef,Reef,Reefs,Florida to California,30.19368,-87.18508
3 Mile North Bridge Reef,Reef,Reefs,Florida to California,27.49840,-82.78243
3 Mile Reef North,Reef,Reefs,Florida to California,27.49283,-82.78333
3 Mile Reef North,Reef,Reefs,Florida to California,27.50134,-82.78370
3 Mile Reef South,Reef,Reefs,Florida to California,27.44588,-82.74641
"3 Mile South Reef, Site D 01",Reef,Reefs,Florida to California,27.43922,-82.74660
"3 Mile South Reef, Site D 01",Reef,Reefs,Florida to California,27.44324,-82.74751
3 Reef,Reef,Reefs,Florida to California,27.88334,-83.58334
3 V's,Reef,Reefs,Florida to California,33.30900,-118.35480
302,Reef,Reefs,Florida to California,32.44830,-117.58000
307,Reef,Reefs,Florida to California,33.79170,-118.53330
311,Reef,Reefs,Florida to California,33.61670,-120.25000
312,Reef,Reefs,Florida to California,33.02360,-117.80830
36 Fathom Pinnacle,Reef,Reefs,Florida to California,33.79180,-118.49030
37 Fathom Spot,Reef,Reefs,Florida to California,33.79670,-118.45580
371,Reef,Reefs,Florida to California,32.27000,-117.54670
372,Reef,Reefs,Florida to California,31.38700,-118.54080
378,Reef,Reefs,Florida to California,31.90000,-117.83330
380 Fathom,Reef,Reefs,Florida to California,32.08330,-117.83330
381,Reef,Reefs,Florida to California,32.68330,-118.60830
385,Reef,Reefs,Florida to California,31.60000,-117.26390
390,Reef,Reefs,Florida to California,32.07500,-117.82000
40 Fathom Curve,Reef,Reefs,Florida to California,33.78080,-118.46670
421,Reef,Reefs,Florida to California,32.11670,-117.85830
425,Reef,Reefs,Florida to California,32.25000,-117.38670
43 (Fathom Spot),Reef,Reefs,Florida to California,32.65500,-117.97250
437,Reef,Reefs,Florida to California,31.53330,-118.20000
439,Reef,Reefs,Florida to California,32.49720,-117.40000
450,Reef,Reefs,Florida to California,31.45330,-117.08750
47 Fathom Ridge,Reef,Reefs,Florida to California,33.78780,-118.49030
474,Reef,Reefs,Florida to California,33.16390,-118.91670
475,Reef,Reefs,Florida to California,31.60000,-117.08330
475 Knuckle,Reef,Reefs,Florida to California,32.06670,-117.11670
483 – 500,Reef,Reefs,Florida to California,31.46670,-118.06670
499,Reef,Reefs,Florida to California,33.27500,-118.74170
5 Tanks,Reef,Reefs,Florida to California,32.68120,-117.26930
50 Miles South & 50 Miles West of Point Loma Light,Reef,Reefs,Florida to California,31.94284,-118.10230
50 Miles South of Point Loma Light,Reef,Reefs,Florida to California,31.94284,-117.24265
50 Miles West of Orange County Line,Reef,Reefs,Florida to California,33.38648,-118.10230
50 Miles West of Point Loma Light,Reef,Reefs,Florida to California,32.66512,-118.10230
51 (Banda Bank),Reef,Reefs,Florida to California,31.61670,-116.83330
52,Reef,Reefs,Florida to California,31.11360,-116.57080
59 Reef,Reef,Reefs,Florida to California,29.52783,-94.89633
60,Reef,Reefs,Florida to California,31.38470,-116.76950
60 Flat Steel Barge,Reef,Reefs,Florida to California,29.97745,-87.55952
60 Mile Bank,Reef,Reefs,Florida to California,32.01670,-118.20000
60 Mile Bank (Middle),Reef,Reefs,Florida to California,32.06670,-118.24720
63 Reef,Reef,Reefs,Florida to California,29.55550,-94.91667
65 (Tip Of Lower Finger),Reef,Reefs,Florida to California,31.66670,-116.83330
"7 Mile North Reef, Site 07 01",Reef,Reefs,Florida to California,27.53969,-82.87907
7 Mile Reef North,Reef,Reefs,Florida to California,27.45101,-82.82112
7 Mile Reef North,Reef,Reefs,Florida to California,27.53693,-82.87833
"7 Mile South Reef, Site C 00",Reef,Reefs,Florida to California,27.44157,-82.81877
"7 Mile South Reef, Site C 00",Reef,Reefs,Florida to California,27.44478,-82.82108
711,Reef,Reefs,Florida to California,33.13330,-119.05000
775 Reef,Reef,Reefs,Florida to California,27.64670,-97.00767
79 Reef Ball,Reef,Reefs,Florida to California,30.08693,-88.55467
8 A Reef,Reef,Reefs,Florida to California,28.48317,-80.33617
8 A Reef,Reef,Reefs,Florida to California,28.48600,-80.32200
8 A Reef,Reef,Reefs,Florida to California,28.48803,-80.33217
8 A Reef,Reef,Reefs,Florida to California,28.50783,-80.34583
8 A Reef,Reef,Reefs,Florida to California,28.53733,-80.34633
80 Reef Ball,Reef,Reefs,Florida to California,30.05830,-88.61393
81,Reef,Reefs,Florida to California,32.71950,-118.40610
86,Reef,Reefs,Florida to California,32.72500,-118.45670
9 Mile Bank (N),Reef,Reefs,Florida to California,32.65500,-117.44330
9 Mile Bank (S),Reef,Reefs,Florida to California,32.52670,-117.34000
97,Reef,Reefs,Florida to California,31.96670,-116.87280
A A Hendry Reef,Reef,Reefs,Florida to California,27.40552,-80.01365
A And C Reef,Reef,Reefs,Florida to California,29.75493,-88.01936
A Frame Barge,Reef,Reefs,Florida to California,30.03007,-87.38292
A Frame Barge,Reef,Reefs,Florida to California,30.03053,-87.37977
A Leg Reef,Reef,Reefs,Florida to California,30.37258,-86.49571
Aaron Dagen Memorial Reef,Reef,Reefs,Florida to California,30.30275,-87.20488
Aaron Hendry Reef,Reef,Reefs,Florida to California,26.64836,-82.60248
Aaron Vaughn Memorial Reef,Reef,Reefs,Florida to California,27.21308,-80.09350
Abalone Point,Reef,Reefs,Florida to California,33.55270,-117.82180
Abby Reef,Reef,Reefs,Florida to California,29.81047,-87.85173
Abstract Barge,Reef,Reefs,Florida to California,30.06113,-88.53587
Adeline Barge,Reef,Reefs,Florida to California,30.08330,-88.54870
Admiral Fetterman Reef,Reef,Reefs,Florida to California,30.07800,-87.19800
AH Reef,Reef,Reefs,Florida to California,30.54250,-81.05850
AH Reef (Amerjack Hole),Reef,Reefs,Florida to California,30.56100,-81.05100
AH Richardson,Reef,Reefs,Florida to California,28.52481,-82.91778
AH Richardson Reef,Reef,Reefs,Florida to California,28.52475,-82.92233
AH Site Barge,Reef,Reefs,Florida to California,30.54183,-81.05900
Aida Gonzales Memorial Reef,Reef,Reefs,Florida to California,29.77201,-85.69506
Airplane,Reef,Reefs,Florida to California,31.80150,-118.12080
AJ Bimini Turret Reef,Reef,Reefs,Florida to California,30.33910,-86.67458
Ajax Reef,Reef,Reefs,Florida to California,25.39620,-80.13691
AJS Blackbeard Flying Eagle,Reef,Reefs,Florida to California,30.13900,-86.56495
AL Sirotkin Reef,Reef,Reefs,Florida to California,27.20417,-80.04760
AL Sirotkin Reef,Reef,Reefs,Florida to California,27.21380,-80.04827
AL Sirotkin Reef,Reef,Reefs,Florida to California,27.22060,-80.12667
Alans Reef,Reef,Reefs,Florida to California,27.83545,-80.36065
Albatross Knoll,Reef,Reefs,Florida to California,32.96670,-119.94720
ALE Reef Center,Reef,Reefs,Florida to California,29.99137,-86.06853
ALE Reef Center,Reef,Reefs,Florida to California,30.11320,-86.30988
ALE Reef NW Leg End,Reef,Reefs,Florida to California,30.10982,-86.30497
ALE Reef SW 2 B,Reef,Reefs,Florida to California,30.11078,-86.31406
Alexander Barge,Reef,Reefs,Florida to California,24.86167,-80.56834
Alice Faye Memorial Reef,Reef,Reefs,Florida to California,29.91833,-85.63133
Aliso Pipe,Reef,Reefs,Florida to California,33.50630,-117.75880
Allen Family Memorial Reef,Reef,Reefs,Florida to California,29.92183,-85.60375
Alligator Reef,Reef,Reefs,Florida to California,24.85099,-80.61929
Alligator Reef,Reef,Reefs,Florida to California,24.86298,-80.62232
Alligator Reef NE Spat,Reef,Reefs,Florida to California,24.62328,-81.98187
Alligator Reef NW Spat,Reef,Reefs,Florida to California,24.85383,-80.61950
Alligator Reef SE Spat,Reef,Reefs,Florida to California,24.84683,-80.62717
Alligator Reef SW,Reef,Reefs,Florida to California,24.84183,-80.62250
Alligator Reef SW,Reef,Reefs,Florida to California,24.84967,-80.61400
Alva Chapman Reef,Reef,Reefs,Florida to California,25.29445,-80.15167
Amberjack Hole Golden Arches,Reef,Reefs,Florida to California,30.52117,-81.08900
Amberjack Hole Kims Reef,Reef,Reefs,Florida to California,30.54467,-81.05517
Amberjack Reef,Reef,Reefs,Florida to California,30.33210,-86.50408
American Shoal Reef,Reef,Reefs,Florida to California,24.52332,-81.51647
American Shoal Reef,Reef,Reefs,Florida to California,24.55203,-81.46532
AMT Reef,Reef,Reefs,Florida to California,25.91011,-81.98480
Anchor Reef,Reef,Reefs,Florida to California,25.79502,-80.07815
Anchor Reef,Reef,Reefs,Florida to California,25.80967,-80.09050
Anchor Reef,Reef,Reefs,Florida to California,25.81387,-80.09222
Anchor Reef,Reef,Reefs,Florida to California,30.31512,-86.52377
Ande Reef,Reef,Reefs,Florida to California,26.78800,-79.99233
Anderson Pipe,Reef,Reefs,Florida to California,33.11280,-117.33500
Anderson Reef,Reef,Reefs,Florida to California,29.50333,-94.79750
Andi Coyle Reef,Reef,Reefs,Florida to California,30.29829,-87.23105
Andree Reef,Reef,Reefs,Florida to California,29.76100,-83.73200
Andree Reef,Reef,Reefs,Florida to California,29.76483,-83.72733
Andrew Harris NO Shoes Reef,Reef,Reefs,Florida to California,26.96432,-80.05452
Andrew Harris Reef Trail,Reef,Reefs,Florida to California,26.96123,-80.05337
Andrew Harris Snorkel Reef,Reef,Reefs,Florida to California,26.95348,-80.06215
Andrew Red Harris Juno Rock,Reef,Reefs,Florida to California,26.87975,-80.03060
Andrew Red Harris Reef,Reef,Reefs,Florida to California,26.96574,-80.05915
Andy King Reef 1,Reef,Reefs,Florida to California,29.87651,-81.15345
Andy Roach Memorial Reef,Reef,Reefs,Florida to California,29.95205,-84.08147
Angela Russell Memorial Reef,Reef,Reefs,Florida to California,29.90867,-85.53925
Anglers Reef,Reef,Reefs,Florida to California,28.38857,-80.30315
ANN Marie Reef,Reef,Reefs,Florida to California,27.07761,-80.03828
Annan MEM Reef,Reef,Reefs,Florida to California,30.14828,-87.56620
Anniversary Reef,Reef,Reefs,Florida to California,26.18897,-80.08743
Anniversary Reef,Reef,Reefs,Florida to California,30.30158,-86.33728
Antares Ship,Reef,Reefs,Florida to California,30.00783,-87.13067
Antilles Star Concrete Pile,Reef,Reefs,Florida to California,29.32012,-80.74642
Apalachicola Reef,Reef,Reefs,Florida to California,29.46217,-84.83717
Aquarius At Conch Reef,Reef,Reefs,Florida to California,25.38825,-80.16440
ARC 10 Tetrahedrons,Reef,Reefs,Florida to California,26.41441,-82.41066
ARC 9 A Reef,Reef,Reefs,Florida to California,26.41568,-82.41360
Archies Reef,Reef,Reefs,Florida to California,29.50933,-94.81583
Arcoa Reef,Reef,Reefs,Florida to California,26.54025,-82.41620
Arcoa Reef,Reef,Reefs,Florida to California,30.16293,-87.23507
Arcos Boulder Reef,Reef,Reefs,Florida to California,25.90480,-80.08980
Area 1.1,Reef,Reefs,Florida to California,33.83330,-119.50000
Area 1.2,Reef,Reefs,Florida to California,33.83330,-118.83330
Area 1.3,Reef,Reefs,Florida to California,32.33330,-118.83330
Area 1.4,Reef,Reefs,Florida to California,32.33330,-119.61670
Area 1.5,Reef,Reefs,Florida to California,33.00000,-119.61670
Area 1.6,Reef,Reefs,Florida to California,33.00000,-119.88330
Area 1.7,Reef,Reefs,Florida to California,33.55000,-119.88330
Area 1.8,Reef,Reefs,Florida to California,33.55000,-119.50000
Area 2.1,Reef,Reefs,Florida to California,32.70000,-118.03330
Area 2.2,Reef,Reefs,Florida to California,32.70000,-117.83330
Area 2.3,Reef,Reefs,Florida to California,32.61170,-117.83330
Area 2.4,Reef,Reefs,Florida to California,32.50000,-117.89170
Area 2.5,Reef,Reefs,Florida to California,32.50000,-118.03330
Argo Reef,Reef,Reefs,Florida to California,30.19925,-87.10590
Argoil Wreck Concrete Pile,Reef,Reefs,Florida to California,29.11817,-80.69233
Arhf 2019 Golf Tournament Reef,Reef,Reefs,Florida to California,26.88278,-80.03062
Arhf Reef Trail,Reef,Reefs,Florida to California,26.95670,-80.05440
Arida,Reef,Reefs,Florida to California,25.68051,-80.07081
Arizona Chemical Reef,Reef,Reefs,Florida to California,29.88918,-85.53342
Arrow Ledge East,Reef,Reefs,Florida to California,30.26923,-86.25419
Arrow Ledge Tip,Reef,Reefs,Florida to California,30.26713,-86.25992
Arrow Ledge West,Reef,Reefs,Florida to California,30.27025,-86.25917
Artificial Reef,Reef,Reefs,Florida to California,26.91677,-82.93257
Artificial Reef,Reef,Reefs,Florida to California,27.03315,-82.72469
Artificial Reef,Reef,Reefs,Florida to California,27.07233,-82.70236
Artificial Reef,Reef,Reefs,Florida to California,27.68841,-83.00593
Artificial Reef,Reef,Reefs,Florida to California,28.20355,-83.30597
Artificial Reef,Reef,Reefs,Florida to California,29.62611,-84.22470
Artificial Reef,Reef,Reefs,Florida to California,29.99184,-86.40503
Artificial Reef,Reef,Reefs,Florida to California,30.27906,-86.61129
Atascadero,Reef,Reefs,Florida to California,35.39333,-120.87556
Atlantis Memorial Reef,Reef,Reefs,Florida to California,25.69958,-80.09000
Atria Atria Reef,Reef,Reefs,Florida to California,26.16450,-80.07042
Attis Bathtub Reef,Reef,Reefs,Florida to California,26.25808,-80.07078
Avalon Bank,Reef,Reefs,Florida to California,33.41170,-118.22500
Avalon Harbor,Reef,Reefs,Florida to California,33.34700,-118.32050
B B Reef,Reef,Reefs,Florida to California,30.08217,-85.71467
BA Reef,Reef,Reefs,Florida to California,30.70029,-81.07616
BA Reef Site,Reef,Reefs,Florida to California,30.70041,-81.07973
BA-439 - Matagorda,Reef,Reefs,Florida to California,28.51700,-95.78100
BA-A-23,Reef,Reefs,Florida to California,28.12700,-95.71600
BA-A-28,Reef,Reefs,Florida to California,28.15000,-95.49500
BA-A-47,Reef,Reefs,Florida to California,28.05700,-95.87300
Bache Shoal Patch Reef Complex,Reef,Reefs,Florida to California,25.47917,-80.15139
Bad Hole Reef,Reef,Reefs,Florida to California,29.90772,-86.63937
Bahia Honda Reef,Reef,Reefs,Florida to California,24.59577,-81.28967
Bahia Honda Reef,Reef,Reefs,Florida to California,24.61082,-81.29368
Bainbridge Reef,Reef,Reefs,Florida to California,29.88833,-85.52472
Bajamar,Reef,Reefs,Florida to California,32.00830,-116.87750
Bal Harbor Hole A,Reef,Reefs,Florida to California,25.91945,-80.08578
Banana Reef,Reef,Reefs,Florida to California,25.10767,-80.30733
Banda Bank,Reef,Reefs,Florida to California,31.65000,-116.86670
Baracuda Reef,Reef,Reefs,Florida to California,26.07033,-80.09633
Baracuda Reef,Reef,Reefs,Florida to California,26.08233,-80.09550
Baratta Sight SEE ER Tower,Reef,Reefs,Florida to California,27.22168,-80.00512
Barefoot Mailman,Reef,Reefs,Florida to California,26.31300,-80.06632
Bares 1. 5 Foot Ledge,Reef,Reefs,Florida to California,25.41547,-80.12642
Bares 6 Foot Ledge,Reef,Reefs,Florida to California,25.42340,-80.13608
Barge,Reef,Reefs,Florida to California,25.66910,-80.07026
Barge,Reef,Reefs,Florida to California,29.04526,-87.53888
Barge,Reef,Reefs,Florida to California,29.04575,-87.66860
Barge,Reef,Reefs,Florida to California,29.87857,-87.67518
Barge,Reef,Reefs,Florida to California,29.94915,-87.55615
Barge,Reef,Reefs,Florida to California,29.96860,-87.63520
Barge,Reef,Reefs,Florida to California,30.00327,-87.70268
Barge,Reef,Reefs,Florida to California,30.06323,-88.61432
Barge,Reef,Reefs,Florida to California,30.09132,-88.58020
Barge,Reef,Reefs,Florida to California,30.22175,-87.43110
Barge 1,Reef,Reefs,Florida to California,30.08363,-88.55747
Barge 1 Site,Reef,Reefs,Florida to California,26.53725,-82.41851
Barge 10 Mile,Reef,Reefs,Florida to California,30.09795,-87.56908
Barge 148,Reef,Reefs,Florida to California,30.06651,-88.61261
Barge 2,Reef,Reefs,Florida to California,30.20608,-88.83113
Barge A,Reef,Reefs,Florida to California,30.06002,-88.61072
Barge And Rubble Reef,Reef,Reefs,Florida to California,24.67687,-81.87940
Barge B,Reef,Reefs,Florida to California,30.06497,-88.60775
Barge Little Wreck,Reef,Reefs,Florida to California,30.32500,-80.94500
Barge Reef,Reef,Reefs,Florida to California,30.51118,-80.93445
Barge Site,Reef,Reefs,Florida to California,29.89366,-80.97446
Barge Wreck,Reef,Reefs,Florida to California,28.39755,-80.21358
Barge Wreck,Reef,Reefs,Florida to California,28.84727,-80.42730
Barge Wreck,Reef,Reefs,Florida to California,30.23385,-87.19035
Barge Wreck Maryland,Reef,Reefs,Florida to California,28.39772,-80.22037
Barges And Concrete Reef,Reef,Reefs,Florida to California,27.21292,-80.11390
Barnacle Reef,Reef,Reefs,Florida to California,30.14495,-86.31523
Barnacle Reef,Reef,Reefs,Florida to California,30.14717,-86.31968
Barnacle Reef,Reef,Reefs,Florida to California,30.14720,-86.31088
Barnacle Reef,Reef,Reefs,Florida to California,30.14925,-86.30527
Barnacle Reef,Reef,Reefs,Florida to California,30.15167,-86.31987
Barnacle Reef,Reef,Reefs,Florida to California,30.15462,-86.31128
Barnacle Reef,Reef,Reefs,Florida to California,30.15635,-86.31535
Barnacle Reef,Reef,Reefs,Florida to California,30.15702,-86.32008
Barnes 4 Reef,Reef,Reefs,Florida to California,30.23652,-86.58410
Barnes Reef,Reef,Reefs,Florida to California,30.24818,-86.32917
Barnes Reef,Reef,Reefs,Florida to California,30.25000,-86.49833
Barracuda Wreck,Reef,Reefs,Florida to California,27.00400,-80.07833
Barracuda Wreck,Reef,Reefs,Florida to California,27.01050,-80.07833
Barrel Barge,Reef,Reefs,Florida to California,30.16950,-86.74868
Barrel Barge,Reef,Reefs,Florida to California,30.36391,-86.60145
Barrel Rocks,Reef,Reefs,Florida to California,25.33231,-79.17960
Barren Rock,Reef,Reefs,Florida to California,25.49455,-79.25420
Barrier Dunes Barge,Reef,Reefs,Florida to California,29.75097,-85.42573
Barrow Memorial Reef,Reef,Reefs,Florida to California,29.91514,-85.60183
Barrow Reef,Reef,Reefs,Florida to California,26.92148,-80.01803
Barrow Reef,Reef,Reefs,Florida to California,26.94158,-80.04333
Barrow Reef,Reef,Reefs,Florida to California,26.94505,-80.04913
Barrs Reef,Reef,Reefs,Florida to California,29.13898,-94.70077
Barrys Spot,Reef,Reefs,Florida to California,32.35070,-117.23120
Bascos Reef,Reef,Reefs,Florida to California,29.30048,-93.88830
Baskins Barge,Reef,Reefs,Florida to California,30.08867,-86.35540
Bath Tennis Reef,Reef,Reefs,Florida to California,26.67458,-80.00673
Bathtub Reef,Reef,Reefs,Florida to California,30.34102,-86.41183
Bay County Laars A Modules,Reef,Reefs,Florida to California,29.99829,-85.90351
Bay Marchand 3,Reef,Reefs,Florida to California,29.05332,-90.17006
BB Reef,Reef,Reefs,Florida to California,30.36267,-80.83267
BB Reef,Reef,Reefs,Florida to California,30.36517,-80.84850
BB Reef,Reef,Reefs,Florida to California,30.42050,-81.14417
BB Reef,Reef,Reefs,Florida to California,30.43167,-81.13850
BB Reef,Reef,Reefs,Florida to California,30.43200,-81.15083
BB Reef,Reef,Reefs,Florida to California,30.43267,-81.13517
BB Site - Sanctuary Reef,Reef,Reefs,Florida to California,30.42933,-81.14000
BB Site Margarets Reef,Reef,Reefs,Florida to California,30.42583,-81.14417
BB Site Roberts Reef,Reef,Reefs,Florida to California,30.42703,-81.13858
BC NRDA Reef,Reef,Reefs,Florida to California,29.66160,-85.98835
BC NRDA Reef,Reef,Reefs,Florida to California,29.70378,-85.96820
BC NRDA Reef,Reef,Reefs,Florida to California,29.72357,-85.90490
BC NRDA Reef,Reef,Reefs,Florida to California,29.74045,-85.94038
BC NRDA Reef,Reef,Reefs,Florida to California,29.76182,-85.85922
BC NRDA Reef,Reef,Reefs,Florida to California,29.76362,-85.98837
BC NRDA Reef,Reef,Reefs,Florida to California,29.79575,-85.81433
BC NRDA Reef,Reef,Reefs,Florida to California,29.81638,-85.90487
BC NRDA Reef,Reef,Reefs,Florida to California,29.81902,-85.96882
BC NRDA Reef,Reef,Reefs,Florida to California,29.83900,-85.86210
BC NRDA Reef,Reef,Reefs,Florida to California,29.87263,-85.98837
BC NRDA Reef,Reef,Reefs,Florida to California,29.87490,-85.90487
BC NRDA Reef,Reef,Reefs,Florida to California,29.90040,-85.94030
BC NRDA Reef,Reef,Reefs,Florida to California,29.91715,-85.96817
BC NRDA Reef,Reef,Reefs,Florida to California,29.94215,-85.99210
Beanie And Hosehead Reef,Reef,Reefs,Florida to California,29.89713,-85.46918
Beasley Park Snorkel Reef,Reef,Reefs,Florida to California,30.39019,-86.58498
Bechers Bay (big area),Reef,Reefs,Florida to California,34.00330,-120.00000
Becks Reef,Reef,Reefs,Florida to California,26.48117,-80.03917
Belcher Barge,Reef,Reefs,Florida to California,25.41291,-80.11910
Belcher Barge,Reef,Reefs,Florida to California,25.69683,-80.08803
Bell Bank,Reef,Reefs,Florida to California,31.60500,-118.93000
Belton Johnson Reef,Reef,Reefs,Florida to California,26.42333,-82.19633
Belton Johnson Reef,Reef,Reefs,Florida to California,26.42417,-82.20150
Bend in Pipe,Reef,Reefs,Florida to California,33.61450,-117.97270
Bendickson Reef,Reef,Reefs,Florida to California,28.52883,-82.97850
Bent Pipe Reef,Reef,Reefs,Florida to California,29.60083,-94.97033
Bernhardt Pyramids,Reef,Reefs,Florida to California,28.36482,-80.29468
Betty Castor Reef,Reef,Reefs,Florida to California,29.27499,-83.38333
Beverly M Reef,Reef,Reefs,Florida to California,27.39253,-80.00982
Beverly M Reef,Reef,Reefs,Florida to California,27.39390,-80.01773
Big 16 Reef,Reef,Reefs,Florida to California,30.28328,-86.59972
Big A Reef,Reef,Reefs,Florida to California,30.32422,-86.49987
Big A Reef,Reef,Reefs,Florida to California,30.32693,-86.50118
Big AJ Reef,Reef,Reefs,Florida to California,30.32502,-86.48240
Big Bend Saltwater Classic Reef,Reef,Reefs,Florida to California,29.63322,-85.98280
Big Brain Reef,Reef,Reefs,Florida to California,26.57675,-80.01317
Big Georges Reef,Reef,Reefs,Florida to California,29.59799,-80.89333
Big Georges Reef,Reef,Reefs,Florida to California,29.59827,-80.89878
Big Kelp Reef - BKR,Reef,Reefs,Florida to California,34.01900,-118.78470
Big Ledge Area,Reef,Reefs,Florida to California,30.29957,-81.04497
Big Pine Key Reef,Reef,Reefs,Florida to California,24.54822,-81.46710
Big Pine Reef,Reef,Reefs,Florida to California,24.54182,-81.32365
Big Pine Reef,Reef,Reefs,Florida to California,24.54487,-81.32550
Big Pine Reef,Reef,Reefs,Florida to California,24.55093,-81.32915
Big Reef,Reef,Reefs,Florida to California,30.27652,-86.60137
Big Reef,Reef,Reefs,Florida to California,30.32090,-86.51700
Big Reef Northeast,Reef,Reefs,Florida to California,30.28748,-86.59408
Bill Cranford Reef,Reef,Reefs,Florida to California,29.92652,-85.48623
Bill Donaldson Reef,Reef,Reefs,Florida to California,27.20000,-80.10000
Bill Donaldson Reef,Reef,Reefs,Florida to California,27.20616,-80.11033
Bill Donaldson Reef,Reef,Reefs,Florida to California,27.20967,-80.11250
Bill Donaldson Reef,Reef,Reefs,Florida to California,27.21167,-80.10145
Bill Donaldson Reef,Reef,Reefs,Florida to California,27.21628,-80.05243
Bill Harris Memorial Reef,Reef,Reefs,Florida to California,30.10078,-87.18888
Bill Horns Reef,Reef,Reefs,Florida to California,29.78436,-85.70600
Billie Jack Smith Reef,Reef,Reefs,Florida to California,29.91300,-85.47817
Bills Reef,Reef,Reefs,Florida to California,26.75868,-79.04512
Billy Gillen Memorial Reef,Reef,Reefs,Florida to California,29.90228,-85.45555
Billys Barge,Reef,Reefs,Florida to California,25.77403,-80.07285
Binney Reef,Reef,Reefs,Florida to California,29.81598,-87.85726
Bird Island II Reef,Reef,Reefs,Florida to California,29.00099,-90.01204
BJ Putnam Reef,Reef,Reefs,Florida to California,29.93020,-85.83488
Black Bart,Reef,Reefs,Florida to California,30.06080,-85.82388
Black Pearl,Reef,Reefs,Florida to California,30.10575,-85.83183
Blackfin Reef,Reef,Reefs,Florida to California,29.88508,-85.53497
Blackmar's Reef (BR),Reef,Reefs,Florida to California,30.36173,-80.83175
Blackmars Reef,Reef,Reefs,Florida to California,30.39204,-81.17583
Blackmars Reef Circular Reef,Reef,Reefs,Florida to California,30.36683,-80.83133
Blackmars Reef Ocean Going Tug,Reef,Reefs,Florida to California,30.36117,-80.84267
Blackmars Reef Scamp Reef,Reef,Reefs,Florida to California,30.36483,-80.83833
Blackwater Bridge ON I 10 Reef,Reef,Reefs,Florida to California,30.15192,-87.22625
Blackwater Bridge ON I 10 Reef,Reef,Reefs,Florida to California,30.19657,-87.23658
Blandas Reef BL 4,Reef,Reefs,Florida to California,26.42272,-82.31567
Blandas Reef Bridge,Reef,Reefs,Florida to California,26.41981,-82.31791
Blount Reef Boat Parts,Reef,Reefs,Florida to California,30.04320,-86.09273
Blue Mountain Reef,Reef,Reefs,Florida to California,30.26527,-86.22265
Blue Mountain Reef 01 A,Reef,Reefs,Florida to California,30.26850,-86.23241
Blue Roof,Reef,Reefs,Florida to California,33.54820,-117.81550
Blue Wing Reef,Reef,Reefs,Florida to California,30.04578,-88.33123
Bluefish Reef,Reef,Reefs,Florida to California,29.89230,-85.53310
Boatman's Reef Mustang Island 746 L,Reef,Reefs,Florida to California,27.77367,-96.97083
BOB Burton Memorial Reef,Reef,Reefs,Florida to California,26.45320,-80.04952
BOB Herbst SR Reef,Reef,Reefs,Florida to California,27.38315,-80.06164
BOB Herbst SR Reef,Reef,Reefs,Florida to California,27.44612,-80.15897
BOB Reay Reef Belize Queen,Reef,Reefs,Florida to California,30.14670,-86.67293
Boca 3 RD Reef Drift Dive,Reef,Reefs,Florida to California,26.35857,-80.05531
Boca Artificial Reef Ledge,Reef,Reefs,Florida to California,26.32800,-80.05982
Boca Grand RR Reef,Reef,Reefs,Florida to California,26.70197,-82.59888
Boca Grande Reef,Reef,Reefs,Florida to California,26.63885,-82.28397
Boca Grande Reef,Reef,Reefs,Florida to California,26.64512,-82.29410
Boca Raton Reef,Reef,Reefs,Florida to California,26.32250,-80.05583
Boca Raton Reef,Reef,Reefs,Florida to California,26.36900,-80.04672
Boca Reef,Reef,Reefs,Florida to California,26.31042,-80.05185
Boca Reef,Reef,Reefs,Florida to California,26.35280,-80.03592
Boca Step Reef,Reef,Reefs,Florida to California,26.34255,-80.06480
Bodenstein Reef,Reef,Reefs,Florida to California,30.02857,-87.12970
Bodenstein Reef,Reef,Reefs,Florida to California,30.03163,-87.07920
Bolsa Chica,Reef,Reefs,Florida to California,33.65000,-118.10000
BOO Mcculley Reef,Reef,Reefs,Florida to California,27.20478,-80.00660
Borries Barge A,Reef,Reefs,Florida to California,30.03207,-88.52155
Borries Barge B,Reef,Reefs,Florida to California,30.04895,-88.52230
Bortone Reef,Reef,Reefs,Florida to California,29.66603,-87.24275
Box Reef,Reef,Reefs,Florida to California,26.49214,-78.66021
Boynton Reef,Reef,Reefs,Florida to California,26.54472,-80.01257
Boyton Kiwanis Miller Lite Reef,Reef,Reefs,Florida to California,26.55400,-80.01767
BR Site N Barge,Reef,Reefs,Florida to California,30.36433,-80.83783
Brause Girl Reef,Reef,Reefs,Florida to California,27.20772,-80.00393
Brazos A 132 Reef,Reef,Reefs,Florida to California,27.82272,-95.99002
Brazos A 28 Reef,Reef,Reefs,Florida to California,28.14942,-95.49512
Breakers Reef,Reef,Reefs,Florida to California,26.70230,-80.00982
Breakers Reef,Reef,Reefs,Florida to California,26.71257,-80.01745
Breakers Reef South,Reef,Reefs,Florida to California,26.68583,-80.00283
Breakers Reef Turtle Mound,Reef,Reefs,Florida to California,26.71668,-80.01873
Brevard Artificial Reef Section A + B,Reef,Reefs,Florida to California,28.30700,-80.45467
Brevard County Reef 20 Fathom,Reef,Reefs,Florida to California,28.49850,-80.21183
Brevard County Reef 20 Fathom,Reef,Reefs,Florida to California,28.50450,-80.22000
Brevard County Reef 21 Fathom,Reef,Reefs,Florida to California,28.33500,-80.19283
Brevard County Reef 21 Fathom,Reef,Reefs,Florida to California,28.36683,-80.18383
Brevard County Reef 9 Fathom,Reef,Reefs,Florida to California,28.30750,-80.46117
Brevard County Reef 9 Fathom,Reef,Reefs,Florida to California,28.30933,-80.45667
Brevard County Reef 9 Fathom,Reef,Reefs,Florida to California,28.31183,-80.47467
Brevard Reef,Reef,Reefs,Florida to California,28.30865,-80.44985
Brevard Reef,Reef,Reefs,Florida to California,28.62670,-80.53842
Brevard Reef Site,Reef,Reefs,Florida to California,28.40712,-80.27855
Brewster Reef,Reef,Reefs,Florida to California,25.56627,-80.09863
Bridge Reef,Reef,Reefs,Florida to California,26.79825,-79.99108
Bridge Rubble Reef,Reef,Reefs,Florida to California,24.60902,-81.16837
Bridge Rubble Reef,Reef,Reefs,Florida to California,30.34760,-86.49397
Bridge Rubble Reef,Reef,Reefs,Florida to California,30.36667,-86.50000
Broward County Reef Monitoring Site,Reef,Reefs,Florida to California,26.00470,-80.09692
Broward County Reef Monitoring Site,Reef,Reefs,Florida to California,26.08186,-80.10380
Broward County Reef Monitoring Site,Reef,Reefs,Florida to California,26.13701,-80.09763
Broward County Reef Monitoring Site,Reef,Reefs,Florida to California,26.15881,-80.09555
Broward County Reef Monitoring Site,Reef,Reefs,Florida to California,26.15984,-80.08253
Broward County Reef Monitoring Site,Reef,Reefs,Florida to California,26.18709,-80.07280
Broward County Reef Monitoring Site,Reef,Reefs,Florida to California,26.21219,-80.08671
Broward County Reef Monitoring Site,Reef,Reefs,Florida to California,26.24260,-80.07342
Broward County Reef Monitoring Site,Reef,Reefs,Florida to California,26.27387,-80.06367
Broward County Reef Monitoring Site,Reef,Reefs,Florida to California,26.31131,-80.05943
Brown Barge,Reef,Reefs,Florida to California,30.35895,-86.59370
Brown Barge Middle School,Reef,Reefs,Florida to California,30.10850,-87.19400
Broz Reef Site,Reef,Reefs,Florida to California,30.00715,-88.03048
Brreef,Reef,Reefs,Florida to California,30.49807,-80.58433
Brudge Rubble Reef,Reef,Reefs,Florida to California,24.55353,-81.32612
Bryson Memorial Reef,Reef,Reefs,Florida to California,29.52073,-84.40877
Bryson Memorial Reef,Reef,Reefs,Florida to California,29.52752,-84.40807
Buccaneer Pipe,Reef,Reefs,Florida to California,33.17230,-117.37830
Buccaneer Reef,Reef,Reefs,Florida to California,28.86735,-94.69808
Buccaneer Reef,Reef,Reefs,Florida to California,28.89113,-94.69498
Buckeye Reef,Reef,Reefs,Florida to California,29.64442,-83.90834
Buckeye Reef,Reef,Reefs,Florida to California,29.64957,-83.90568
Buckeye Reef Addition,Reef,Reefs,Florida to California,29.63589,-83.91383
Buckeye Reef Addition,Reef,Reefs,Florida to California,29.64000,-83.90517
Buckeye Reef Addition,Reef,Reefs,Florida to California,29.64682,-83.90417
Buckeye Reef Addition 2013 Center Patch,Reef,Reefs,Florida to California,29.64798,-83.91278
Buckeye Reef Addition 2013 Culverts,Reef,Reefs,Florida to California,29.64068,-83.91247
BUD Krohn Reef,Reef,Reefs,Florida to California,26.17100,-80.04033
BUD Krohn Reef,Reef,Reefs,Florida to California,26.18209,-80.05064
BUD Odum Reef,Reef,Reefs,Florida to California,29.72478,-85.69270
Buddy Morgan Reef,Reef,Reefs,Florida to California,30.15012,-86.31460
Buddy Ward H,Reef,Reefs,Florida to California,29.48182,-84.92043
Buddy Ward I,Reef,Reefs,Florida to California,29.47790,-84.93387
Buddy Ward Reef A,Reef,Reefs,Florida to California,29.48573,-84.93388
Buddy Ward Reef B,Reef,Reefs,Florida to California,29.48573,-84.92942
Buddy Ward Reef C,Reef,Reefs,Florida to California,29.48573,-84.92493
Buddy Ward Reef D,Reef,Reefs,Florida to California,29.48572,-84.92045
Buddy Ward Reef E,Reef,Reefs,Florida to California,29.48180,-84.93388
Buffalo Barge,Reef,Reefs,Florida to California,30.07950,-87.84063
Buffalo Barge,Reef,Reefs,Florida to California,30.08041,-87.84432
Buffalo Barge,Reef,Reefs,Florida to California,30.08388,-87.83345
BUG Light Reef Phase 2,Reef,Reefs,Florida to California,25.67963,-80.11262
Bulkhead Reef,Reef,Reefs,Florida to California,27.55637,-82.70611
Bull Ring,Reef,Reefs,Florida to California,32.52500,-117.14330
Bull Shark Barge,Reef,Reefs,Florida to California,27.13733,-80.12250
Bunnell Barge,Reef,Reefs,Florida to California,25.70630,-80.08333
Buoy #1 (Whistler Buoy),Reef,Reefs,Florida to California,32.62190,-117.24530
Buoy #3,Reef,Reefs,Florida to California,32.63670,-117.22730
Buoy #5,Reef,Reefs,Florida to California,32.65210,-117.22730
Buoy #7,Reef,Reefs,Florida to California,32.66490,-117.22900
Buoy #9,Reef,Reefs,Florida to California,32.67330,-117.23040
Burgess Barge,Reef,Reefs,Florida to California,30.15408,-86.74448
Buseys Bonanza Roberts Reef,Reef,Reefs,Florida to California,30.42483,-81.14550
C 2 Eternal Reef,Reef,Reefs,Florida to California,26.14255,-80.08193
C Of C Reef,Reef,Reefs,Florida to California,29.83210,-85.49833
C Reef,Reef,Reefs,Florida to California,29.48483,-94.82700
Can MAN Memorial Reef,Reef,Reefs,Florida to California,29.91067,-85.53183
Candi Daniel Memorial Reef,Reef,Reefs,Florida to California,29.72824,-85.47125
Cannonreef,Reef,Reefs,Florida to California,25.10351,-80.34009
Capo Reef,Reef,Reefs,Florida to California,29.84667,-80.76667
Capo Reef North,Reef,Reefs,Florida to California,29.85077,-80.76735
Capt AL Sirokin Reef,Reef,Reefs,Florida to California,27.20502,-80.03795
Capt Bill Fite Memorial Reef,Reef,Reefs,Florida to California,29.89388,-85.52665
Capt Harolds Hump,Reef,Reefs,Florida to California,28.56504,-80.32942
Capt Harolds Ledge,Reef,Reefs,Florida to California,28.57681,-80.33896
Capt Hornblower Reef,Reef,Reefs,Florida to California,30.05018,-85.93853
Capt Pete Memorial Reef,Reef,Reefs,Florida to California,25.88077,-81.90240
Captain Charlie Poor Reef,Reef,Reefs,Florida to California,30.09042,-85.90448
Captain Daddy Reef,Reef,Reefs,Florida to California,30.56723,-81.14077
Captain DAN Garnsey,Reef,Reefs,Florida to California,26.23133,-80.06583
Captain Harry,Reef,Reefs,Florida to California,25.73005,-80.08496
Captain Jeff Steele Reef N,Reef,Reefs,Florida to California,26.93031,-82.59821
Captain John A Racine Reef,Reef,Reefs,Florida to California,30.09833,-87.15045
Captain Mike Neals Reef,Reef,Reefs,Florida to California,29.89903,-85.51095
Captain Patrick Price Reef,Reef,Reefs,Florida to California,27.39700,-80.00917
Captain Tom Hudson Memorial Reef,Reef,Reefs,Florida to California,29.90188,-85.45992
Carlsbad,Reef,Reefs,Florida to California,33.08614,-117.32072
Carlsbad Art Reef - Ponto,Reef,Reefs,Florida to California,33.08730,-117.31970
Casino Magic Barge,Reef,Reefs,Florida to California,30.05242,-88.60742
Cat Harbor,Reef,Reefs,Florida to California,33.42330,-118.50830
Cat Island Barge,Reef,Reefs,Florida to California,30.03495,-88.75953
Catris Reefs,Reef,Reefs,Florida to California,27.50000,-79.98333
Catris Reefs,Reef,Reefs,Florida to California,27.91667,-79.98833
Causeway Reef,Reef,Reefs,Florida to California,26.38210,-82.01878
Caves Ledge Reef,Reef,Reefs,Florida to California,29.57570,-84.20282
Caxambas Pass 14 Miles Reef,Reef,Reefs,Florida to California,25.79200,-81.95408
CB Reef,Reef,Reefs,Florida to California,30.29233,-80.82167
CCA Florida Latimer Reef,Reef,Reefs,Florida to California,29.92433,-85.55317
CCA Green Reef,Reef,Reefs,Florida to California,28.40622,-80.30532
CCA Pensacola Reef,Reef,Reefs,Florida to California,30.11217,-87.19500
CD Reef (Captain Daddy),Reef,Reefs,Florida to California,30.59664,-81.26504
Cedar Key,Reef,Reefs,Florida to California,29.10686,-83.21493
Cedar Key,Reef,Reefs,Florida to California,29.12051,-83.22441
Cedar Key 1 Reef,Reef,Reefs,Florida to California,29.12657,-83.22212
Cedar Key 4 Reef,Reef,Reefs,Florida to California,29.14913,-83.36892
Cedar Key LB Reef,Reef,Reefs,Florida to California,29.12468,-83.19477
Cedar Key Reef,Reef,Reefs,Florida to California,28.98355,-83.19695
Cedar Key Reef,Reef,Reefs,Florida to California,29.11667,-83.20833
Cedar Key Reef Site,Reef,Reefs,Florida to California,28.97853,-83.20165
Cedar Key Reef Site,Reef,Reefs,Florida to California,28.98183,-83.20000
Cedar Key Reef Site,Reef,Reefs,Florida to California,29.10185,-83.22005
Cedar Key Reef Site,Reef,Reefs,Florida to California,29.11048,-83.43153
Cedar Key Reef Site,Reef,Reefs,Florida to California,29.11367,-83.42783
Cedar Key Reef Site,Reef,Reefs,Florida to California,29.11484,-83.42447
Celia Reef,Reef,Reefs,Florida to California,30.08724,-87.19824
Century Boat Reef,Reef,Reefs,Florida to California,29.78668,-85.71152
Century/Cobia Barge,Reef,Reefs,Florida to California,29.97358,-85.82653
CF Reef,Reef,Reefs,Florida to California,30.31150,-81.06850
Champion Reef,Reef,Reefs,Florida to California,28.60717,-82.94000
Channel Marker Reefs,Reef,Reefs,Florida to California,27.33182,-82.57260
Charles Deaton Memorial Reef,Reef,Reefs,Florida to California,29.72407,-85.48572
Charles H Kirbo Reef,Reef,Reefs,Florida to California,30.17500,-81.25417
Charles House Reef,Reef,Reefs,Florida to California,29.88573,-85.54355
Charlie Parker Memorial Reef,Reef,Reefs,Florida to California,29.71732,-85.69198
Charlies Ledge,Reef,Reefs,Florida to California,30.16172,-89.76103
Charlies Reef,Reef,Reefs,Florida to California,26.55450,-82.72484
Charlies Reef Char 2,Reef,Reefs,Florida to California,26.55830,-82.71880
Charlies Reef Twbarg,Reef,Reefs,Florida to California,26.49958,-82.72447
Charlotte Harbor Reef,Reef,Reefs,Florida to California,26.84167,-82.08867
Charlotte Harbor Reef,Reef,Reefs,Florida to California,26.84584,-82.08892
Charlotte Harbor Site B,Reef,Reefs,Florida to California,26.84981,-82.08826
Charlotte Harbor Site B,Reef,Reefs,Florida to California,26.85836,-82.08826
Charlottes Reef Rock,Reef,Reefs,Florida to California,26.76395,-82.45700
Chemical Courier Barge,Reef,Reefs,Florida to California,30.09953,-87.18128
Chepanoc Starfish Reef,Reef,Reefs,Florida to California,30.14723,-86.62687
Cherry Banks,Reef,Reefs,Florida to California,32.87310,-119.42140
Childress Oyster Reef,Reef,Reefs,Florida to California,29.51325,-94.78870
China Point - Catalina,Reef,Reefs,Florida to California,33.32830,-118.46880
China Point - San Clemente Island,Reef,Reefs,Florida to California,32.79580,-118.43330
Chipola College Reef,Reef,Reefs,Florida to California,29.82560,-85.98827
Chris Benson Reef,Reef,Reefs,Florida to California,27.17390,-79.85223
Chris Benson Reef,Reef,Reefs,Florida to California,28.68967,-80.42717
Chris Benson Reef,Reef,Reefs,Florida to California,28.70000,-80.44167
Chris Benson Reef,Reef,Reefs,Florida to California,28.75833,-80.45417
Chris Benson Reef,Reef,Reefs,Florida to California,28.77300,-80.44417
Chris Koepfer ARC Reef Balls,Reef,Reefs,Florida to California,26.41128,-82.41212
Christmas Tree Reef,Reef,Reefs,Florida to California,30.36512,-86.41632
Chuck Guilford Reef,Reef,Reefs,Florida to California,29.92396,-85.54236
Chuck Mckibbonville Reef,Reef,Reefs,Florida to California,29.91345,-85.55178
Chulamar Hole,Reef,Reefs,Florida to California,29.90500,-87.22333
Circle Reef,Reef,Reefs,Florida to California,26.88365,-79.06591
City Of Venice Mitigation Reef,Reef,Reefs,Florida to California,27.07670,-82.45775
Civil WAR Wreck,Reef,Reefs,Florida to California,27.03317,-79.12312
Classic Barge P 1,Reef,Reefs,Florida to California,26.79033,-79.98500
Claytons Holler Heart Ache Reef,Reef,Reefs,Florida to California,30.33167,-81.08617
Claytons Holler Winstons Reef,Reef,Reefs,Florida to California,30.33433,-81.08100
Clearwater C Site,Reef,Reefs,Florida to California,28.01423,-82.89313
Clearwater Reef,Reef,Reefs,Florida to California,27.92667,-83.02333
Clearwater Reef,Reef,Reefs,Florida to California,27.94000,-82.89692
Clearwater Reef,Reef,Reefs,Florida to California,28.01000,-82.88967
Clearwater Reef,Reef,Reefs,Florida to California,28.01022,-82.89453
Clearwater Reef,Reef,Reefs,Florida to California,28.01362,-82.89692
Clearwater Reef,Reef,Reefs,Florida to California,28.01532,-82.88908
Clearwater Reef,Reef,Reefs,Florida to California,28.01895,-82.89476
Clearwater Reef,Reef,Reefs,Florida to California,28.02598,-82.88205
Clearwater Wreck,Reef,Reefs,Florida to California,27.95303,-83.12263
Clifton S Perry Memorial Reef,Reef,Reefs,Florida to California,27.22253,-80.10218
Cluster Point Reef,Reef,Reefs,Florida to California,33.92250,-120.18830
CM Holes South Paradise,Reef,Reefs,Florida to California,30.18582,-87.15377
CM Reef,Reef,Reefs,Florida to California,30.17610,-87.13072
Coal ASH Reef,Reef,Reefs,Florida to California,29.12110,-83.20500
College Area,Reef,Reefs,Florida to California,32.71970,-117.27720
Collier 5 Mile Reef,Reef,Reefs,Florida to California,25.85552,-81.79350
Collier 5 Mile Reef,Reef,Reefs,Florida to California,25.86377,-81.79388
Colonet,Reef,Reefs,Florida to California,30.89670,-116.50330
Conch Reef,Reef,Reefs,Florida to California,24.95183,-80.45940
Conch Reef,Reef,Reefs,Florida to California,24.95183,-80.46258
Conch Reef,Reef,Reefs,Florida to California,24.95490,-80.46390
Conch Reef NE,Reef,Reefs,Florida to California,24.66328,-80.98797
Conch Reef NE,Reef,Reefs,Florida to California,30.15917,-86.38285
Conch Reef NE 1,Reef,Reefs,Florida to California,30.15680,-86.36878
Conch Reef NE 4,Reef,Reefs,Florida to California,30.15917,-86.36623
Conch Reef NW,Reef,Reefs,Florida to California,24.95567,-80.45433
Conch Reef NW 3,Reef,Reefs,Florida to California,30.15837,-86.37240
Conch Reef NW Spat,Reef,Reefs,Florida to California,24.94983,-80.45700
Conch Reef SE,Reef,Reefs,Florida to California,24.95800,-80.45783
Conch Reef SE 3,Reef,Reefs,Florida to California,30.15373,-86.36685
Conch Reef SE Spat,Reef,Reefs,Florida to California,24.95167,-80.44883
Conch Reef SW 2,Reef,Reefs,Florida to California,30.15437,-86.37157
Conch Reef SW Spat,Reef,Reefs,Florida to California,24.94717,-80.45433
Concorde Body Shop Reef,Reef,Reefs,Florida to California,29.88893,-85.54935
Concrete + Barge Reef,Reef,Reefs,Florida to California,30.34743,-81.21382
Concrete Pile Reef,Reef,Reefs,Florida to California,28.38308,-80.29652
Concrete Reef Balls,Reef,Reefs,Florida to California,28.39800,-80.29900
Concrete Reefs,Reef,Reefs,Florida to California,30.05530,-86.32245
Copano Bay Reef,Reef,Reefs,Florida to California,28.18247,-95.99875
Coral Reef,Reef,Reefs,Florida to California,30.24072,-87.17985
Coral Reefs From Martin County Through Miami Dade County,Reef,Reefs,Florida to California,26.05100,-80.08600
Coral Reefs From Martin County Through Miami Dade County,Reef,Reefs,Florida to California,26.15000,-80.07800
Coral Reefs From Martin County Through Miami Dade County,Reef,Reefs,Florida to California,26.29400,-80.06000
Coral Reefs From Martin County Through Miami Dade County,Reef,Reefs,Florida to California,26.43645,-80.04682
Coral Reefs From Martin County Through Miami Dade County,Reef,Reefs,Florida to California,26.69100,-80.01800
Coral Reefs From Martin County Through Miami Dade County,Reef,Reefs,Florida to California,26.93000,-80.03900
Coral Rock Garden,Reef,Reefs,Florida to California,26.76850,-80.01633
Corridor Reef,Reef,Reefs,Florida to California,26.74542,-79.99472
Cortes Bank,Reef,Reefs,Florida to California,32.44030,-119.13060
Cote Reef,Reef,Reefs,Florida to California,25.77500,-80.08717
County Reef,Reef,Reefs,Florida to California,29.05150,-80.72108
County Reef,Reef,Reefs,Florida to California,29.13195,-80.89720
County Reef Site,Reef,Reefs,Florida to California,28.78673,-83.06098
County Reef Tires Autos,Reef,Reefs,Florida to California,29.14500,-80.89650
County Site 1 Reef EX,Reef,Reefs,Florida to California,30.36882,-86.58457
County Site 1 Reefex,Reef,Reefs,Florida to California,30.36682,-86.56820
County Site 2 Reef EX,Reef,Reefs,Florida to California,30.35863,-86.49482
County Site 3 Reef EX,Reef,Reefs,Florida to California,30.35563,-86.42388
Courthouse Reef,Reef,Reefs,Florida to California,29.56500,-94.98300
Courtney Knight Gaines Memorial Reef,Reef,Reefs,Florida to California,29.74268,-85.69440
COX Communications Reef,Reef,Reefs,Florida to California,30.10273,-87.41678
CPA Reef,Reef,Reefs,Florida to California,28.33392,-80.19938
Crab Trap Snorkel Reef,Reef,Reefs,Florida to California,30.37700,-86.40812
Crazy Blonde Reef,Reef,Reefs,Florida to California,29.73176,-85.48418
Crocker Reef,Reef,Reefs,Florida to California,24.90252,-80.53072
Crocker Reef,Reef,Reefs,Florida to California,24.90898,-80.52646
Crocker Reef CR 2,Reef,Reefs,Florida to California,25.44200,-80.12188
Crocker Reef CR 4,Reef,Reefs,Florida to California,24.90402,-80.52623
Cross Current Barge,Reef,Reefs,Florida to California,26.76150,-80.02100
Crystal Cove (#2 Spot),Reef,Reefs,Florida to California,33.56370,-117.83850
CSX Barge RBL,Reef,Reefs,Florida to California,30.15273,-87.21840
CSX Reef,Reef,Reefs,Florida to California,30.35260,-86.41734
CSX Reef,Reef,Reefs,Florida to California,30.35447,-86.50075
CSX Reef,Reef,Reefs,Florida to California,30.36082,-86.58592
CSX Reef Spot 1,Reef,Reefs,Florida to California,30.16375,-86.74448
Culvert Reef,Reef,Reefs,Florida to California,29.05602,-83.48932
Culvert Reef B,Reef,Reefs,Florida to California,30.08407,-86.36929
Culvert Reef C,Reef,Reefs,Florida to California,30.07395,-86.34821
Culverts Guardian Reef,Reef,Reefs,Florida to California,27.21540,-80.10540
Cureton Reef Support Beams,Reef,Reefs,Florida to California,29.66409,-84.49926
Curry Reef,Reef,Reefs,Florida to California,26.01080,-80.09343
D S Reef,Reef,Reefs,Florida to California,29.45743,-80.95142
Dade Sportfish Middle Reef,Reef,Reefs,Florida to California,25.48460,-80.07485
Dade Sportfish Middle Reef,Reef,Reefs,Florida to California,25.52900,-80.08703
Dade Sportfish North Reef,Reef,Reefs,Florida to California,25.55070,-80.06922
Dade Sportfish North Reef,Reef,Reefs,Florida to California,25.56945,-80.08522
Dade Sportfish South Reef,Reef,Reefs,Florida to California,25.41497,-80.10360
Damocles Reef,Reef,Reefs,Florida to California,28.42500,-80.29167
DAN Barge,Reef,Reefs,Florida to California,30.08063,-85.73071
DAN Wright Reef,Reef,Reefs,Florida to California,29.09275,-85.52610
Dana Harbor,Reef,Reefs,Florida to California,33.45440,-117.68950
Dana Hard Bottom,Reef,Reefs,Florida to California,33.44500,-117.68330
Danny Grizzard,Reef,Reefs,Florida to California,29.99564,-85.86412
Danny Mccauley Reef,Reef,Reefs,Florida to California,26.79333,-80.01833
Dauphin Island Bridge Reef,Reef,Reefs,Florida to California,30.04362,-88.09803
Dauphin Island Bridge Reef,Reef,Reefs,Florida to California,30.04625,-88.07185
David Brogan,Reef,Reefs,Florida to California,30.11250,-87.40417
David J Osteen Family Reef,Reef,Reefs,Florida to California,29.33014,-83.43667
Davis Barge,Reef,Reefs,Florida to California,30.00756,-85.60786
Davis Reef,Reef,Reefs,Florida to California,24.91980,-80.50880
Davis Reef,Reef,Reefs,Florida to California,24.92328,-80.50887
Davis Reef,Reef,Reefs,Florida to California,24.92763,-80.50117
Davis Reef NE,Reef,Reefs,Florida to California,24.92502,-80.49888
Davis Reef NW,Reef,Reefs,Florida to California,24.92683,-80.50450
Daymaker Charters Reef,Reef,Reefs,Florida to California,27.38217,-80.05867
Dean Hicks Reef Balls,Reef,Reefs,Florida to California,26.36792,-82.28612
Debris Reef,Reef,Reefs,Florida to California,30.22543,-86.68815
Debris Reef,Reef,Reefs,Florida to California,30.30692,-86.60918
Debris Reef,Reef,Reefs,Florida to California,30.31695,-86.65965
Debris Reef,Reef,Reefs,Florida to California,30.36188,-86.63763
Deck Barge,Reef,Reefs,Florida to California,29.62287,-88.39645
Deep Pipe Barge,Reef,Reefs,Florida to California,29.93821,-85.90657
Deep Reef,Reef,Reefs,Florida to California,29.90270,-87.55276
Deep Reef,Reef,Reefs,Florida to California,30.05000,-80.10999
Deep Reef,Reef,Reefs,Florida to California,30.08379,-86.74500
Deep Reef Dart Reef,Reef,Reefs,Florida to California,26.76810,-79.96940
Deep Sirokin Reef,Reef,Reefs,Florida to California,27.20247,-80.03478
Deep South Crane Reef,Reef,Reefs,Florida to California,29.89062,-85.52883
Deep Water Reef,Reef,Reefs,Florida to California,27.87500,-83.58889
Dees Reef,Reef,Reefs,Florida to California,29.50183,-94.80667
DEP Flap NO Name Reef,Reef,Reefs,Florida to California,30.05600,-86.30503
DEP Flap NO Name Reef,Reef,Reefs,Florida to California,30.06488,-86.32640
DEP Flap NO Name Reef,Reef,Reefs,Florida to California,30.09667,-86.38834
DEP Flap Reef EX,Reef,Reefs,Florida to California,30.14918,-86.40302
DEP Flap Reefex,Reef,Reefs,Florida to California,30.13865,-86.37407
DEP Flap Reefex,Reef,Reefs,Florida to California,30.14045,-86.35955
DEP Flap Reefex,Reef,Reefs,Florida to California,30.14317,-86.38675
Derelict Barge,Reef,Reefs,Florida to California,30.03183,-88.76673
Derm Reef Units,Reef,Reefs,Florida to California,25.77097,-80.10780
Derm Reef Units,Reef,Reefs,Florida to California,25.77453,-80.10717
Desco Wreck Reef,Reef,Reefs,Florida to California,29.88688,-81.01142
Desco Wreck Reef,Reef,Reefs,Florida to California,29.91170,-81.00267
Desparation Reef SS,Reef,Reefs,Florida to California,28.47417,-91.03717
Desperation Reef,Reef,Reefs,Florida to California,32.75870,-118.40870
Destin Reef,Reef,Reefs,Florida to California,30.15000,-86.55550
Destin Reef 1 B,Reef,Reefs,Florida to California,26.89500,-82.49167
Destin Reef 1 B,Reef,Reefs,Florida to California,30.16817,-86.28484
Destin Reef 1 D,Reef,Reefs,Florida to California,30.15154,-86.27789
Destin Reef 1 E,Reef,Reefs,Florida to California,30.16609,-86.28215
Diamond Barge,Reef,Reefs,Florida to California,30.15595,-86.72862
Diamondhead Radnor Reef,Reef,Reefs,Florida to California,26.91350,-80.05883
Dixie 1 Big Bend Reefs,Reef,Reefs,Florida to California,29.32753,-83.35593
Dixie 2 Big Bend Reefs,Reef,Reefs,Florida to California,29.32051,-83.36865
Dixilyn Field 81 Reef,Reef,Reefs,Florida to California,26.78533,-97.15345
Dixon Camp Memorial Reef,Reef,Reefs,Florida to California,29.65478,-84.50016
Dixon Reef,Reef,Reefs,Florida to California,30.05595,-86.68547
DL Reef,Reef,Reefs,Florida to California,29.93767,-80.95533
DL Reef,Reef,Reefs,Florida to California,29.94067,-80.95833
DNR Barges,Reef,Reefs,Florida to California,26.14240,-80.07725
DOC Kline Artificial Reef,Reef,Reefs,Florida to California,26.33588,-82.06650
DOG Island Reef,Reef,Reefs,Florida to California,29.83970,-84.47720
Dollar Reef,Reef,Reefs,Florida to California,29.44717,-94.87200
Dolly Parton Bank,Reef,Reefs,Florida to California,32.97500,-117.59000
Dolly Sues Reef,Reef,Reefs,Florida to California,29.45713,-80.95670
Dome,Reef,Reefs,Florida to California,32.90830,-118.42500
Domes,Reef,Reefs,Florida to California,33.36320,-117.56300
DON ARD Memorial Reef,Reef,Reefs,Florida to California,29.75565,-85.87278
DON Phillips Barge And Parks,Reef,Reefs,Florida to California,30.09583,-87.17667
Donald Roeher Lido Key Reef,Reef,Reefs,Florida to California,27.30338,-82.59193
Donaldson FLA Special Upside Down Barge,Reef,Reefs,Florida to California,27.21603,-80.11195
Donaldson Reef,Reef,Reefs,Florida to California,27.20043,-80.09492
Donaldson Reef,Reef,Reefs,Florida to California,27.22273,-80.11598
Donaldson Reef,Reef,Reefs,Florida to California,27.23255,-80.11180
Donaldson Triangle Reefmaker,Reef,Reefs,Florida to California,27.19464,-80.09467
Donnyboy Silpe Reef,Reef,Reefs,Florida to California,26.53117,-80.03248
Donut Reef,Reef,Reefs,Florida to California,30.18138,-87.24077
Double Anchor Reef,Reef,Reefs,Florida to California,30.25767,-80.96783
Double Rigs Reef,Reef,Reefs,Florida to California,33.59020,-118.13150
Doug And Sarah Hough Memorial Reef,Reef,Reefs,Florida to California,29.73683,-85.69822
DR Edgar Ernst Reef,Reef,Reefs,Florida to California,27.15670,-80.05028
DR Reef,Reef,Reefs,Florida to California,30.27500,-81.15833
DR Robin Sherman Memorial Reef,Reef,Reefs,Florida to California,26.15410,-80.07987
Dry Hole Reef,Reef,Reefs,Florida to California,29.59800,-94.86067
Dumfounding Bay Reef,Reef,Reefs,Florida to California,25.94833,-80.08550
Dumping Grounds,Reef,Reefs,Florida to California,31.70000,-118.56390
Dunbar Reef,Reef,Reefs,Florida to California,30.35247,-86.43708
Dunedin Reef,Reef,Reefs,Florida to California,27.87700,-83.18667
Dunedin Reef,Reef,Reefs,Florida to California,28.05986,-82.90901
Dunedin Reef Site A,Reef,Reefs,Florida to California,28.05406,-82.91075
Dunedin Reef Site G,Reef,Reefs,Florida to California,28.05649,-82.90763
Dunedin Reef Site H,Reef,Reefs,Florida to California,28.05699,-82.91083
Dunes,Reef,Reefs,Florida to California,32.99100,-118.58950
E F Reef,Reef,Reefs,Florida to California,26.33463,-82.08913
E F Reef,Reef,Reefs,Florida to California,26.33582,-82.09260
E Snake Island Reef,Reef,Reefs,Florida to California,29.36200,-94.85550
E Swan Reef,Reef,Reefs,Florida to California,29.34400,-94.86717
Eagelsvliff Reef Galveston LOL L,Reef,Reefs,Florida to California,29.36533,-94.69750
Eagle Reef,Reef,Reefs,Florida to California,33.46030,-118.50730
Eagle's Nest,Reef,Reefs,Florida to California,33.93170,-120.00170
Eanst Artificial Reef,Reef,Reefs,Florida to California,27.14767,-80.05450
Eanst Artificial Reef,Reef,Reefs,Florida to California,27.15483,-80.05433
Earl Nichols Reef,Reef,Reefs,Florida to California,29.90205,-85.53643
Earnest Reef,Reef,Reefs,Florida to California,29.53283,-94.87033
East Anacapa Reef #1,Reef,Reefs,Florida to California,34.03580,-119.31080
East Anacapa Reef #2,Reef,Reefs,Florida to California,34.02080,-119.34500
East Anacapa Reef #3,Reef,Reefs,Florida to California,34.02080,-119.33070
East Butterfly,Reef,Reefs,Florida to California,32.27360,-118.10000
East Butterfly (267),Reef,Reefs,Florida to California,32.25000,-118.10470
East Cameron 222,Reef,Reefs,Florida to California,28.65030,-92.78596
East Cameron 254,Reef,Reefs,Florida to California,28.47907,-92.63588
East Cameron 270,Reef,Reefs,Florida to California,28.46127,-92.66300
East Cameron 272,Reef,Reefs,Florida to California,28.42115,-92.63064
East Cameron 273,Reef,Reefs,Florida to California,28.42601,-92.66127
East Fish Camp,Reef,Reefs,Florida to California,34.00580,-119.38170
East Horseshoe,Reef,Reefs,Florida to California,33.64500,-118.20450
East Lap Reefballs,Reef,Reefs,Florida to California,30.09517,-87.15900
East Lap Reefballs,Reef,Reefs,Florida to California,30.09872,-87.16750
East Lap Reefballs,Reef,Reefs,Florida to California,30.10620,-87.16725
East Lap Reefballs,Reef,Reefs,Florida to California,30.11133,-87.19017
East Lap Reefballs,Reef,Reefs,Florida to California,30.11367,-87.16800
East Point,Reef,Reefs,Florida to California,33.90750,-119.96580
EB-110,Reef,Reefs,Florida to California,27.85900,-94.88400
EB-159,Reef,Reefs,Florida to California,27.82800,-94.62600
EB-160,Reef,Reefs,Florida to California,27.83300,-94.55100
ECA Reef,Reef,Reefs,Florida to California,26.30627,-81.87267
Edison Reef,Reef,Reefs,Florida to California,26.30667,-82.22000
Edison Reef,Reef,Reefs,Florida to California,26.30750,-82.20600
Edison Reef,Reef,Reefs,Florida to California,26.30833,-82.22550
Edison Reef,Reef,Reefs,Florida to California,26.30867,-82.21633
Edison Reef,Reef,Reefs,Florida to California,26.31033,-82.22183
Edwards Reef Site,Reef,Reefs,Florida to California,30.08285,-88.01007
EE Reef,Reef,Reefs,Florida to California,30.36250,-80.87500
EEF Reef,Reef,Reefs,Florida to California,30.36700,-80.95600
EF Reef,Reef,Reefs,Florida to California,30.37317,-80.89933
EF Reef,Reef,Reefs,Florida to California,30.37733,-80.95500
EF Reef,Reef,Reefs,Florida to California,30.37833,-80.89500
EF Reef,Reef,Reefs,Florida to California,30.39583,-81.09583
EF Reef,Reef,Reefs,Florida to California,30.39883,-81.08083
EF Site Raccoon Reef,Reef,Reefs,Florida to California,30.38267,-81.08083
Eglin Reef,Reef,Reefs,Florida to California,30.26528,-86.38600
Egmont Key Reef,Reef,Reefs,Florida to California,27.58333,-82.74333
Eight Mile Reef,Reef,Reefs,Florida to California,27.23920,-80.01095
Eight Mile Reef,Reef,Reefs,Florida to California,27.25575,-80.01155
Eight Mile Reef,Reef,Reefs,Florida to California,27.25833,-80.02833
Eilene Beard Reef,Reef,Reefs,Florida to California,30.07358,-87.20430
El Segundo Pipe,Reef,Reefs,Florida to California,33.92200,-118.45170
Elbert Lamar Tres Bailes III Reef,Reef,Reefs,Florida to California,30.08548,-87.10670
Elbow Reef,Reef,Reefs,Florida to California,25.14350,-80.25970
Elbow Reef,Reef,Reefs,Florida to California,25.14700,-80.25317
Elbow Reef South Of,Reef,Reefs,Florida to California,24.81717,-80.69967
Elbow Reef West Of,Reef,Reefs,Florida to California,25.13147,-80.27625
Elephant,Reef,Reefs,Florida to California,31.86670,-119.46670
Elizabeth Lundstrom Reef,Reef,Reefs,Florida to California,29.75410,-88.02839
Elkhorn Reef,Reef,Reefs,Florida to California,25.15418,-80.26885
Emeradl Reef,Reef,Reefs,Florida to California,25.36295,-80.16587
Emerald Reef,Reef,Reefs,Florida to California,25.67417,-80.09867
Emerald Reef,Reef,Reefs,Florida to California,25.67645,-80.10080
Emerald Reef,Reef,Reefs,Florida to California,25.67797,-80.09775
Encina Powerplant Pipe,Reef,Reefs,Florida to California,33.13430,-117.34770
End of Old Pipe,Reef,Reefs,Florida to California,33.61050,-117.97630
EPV Site Barge,Reef,Reefs,Florida to California,30.21468,-81.07921
Ernie Johnson Memorial Reef,Reef,Reefs,Florida to California,29.72083,-85.48050
Ernst Reef,Reef,Reefs,Florida to California,27.14540,-80.04517
Escambia Eternal Reef,Reef,Reefs,Florida to California,30.29195,-87.23343
Eternal Reef,Reef,Reefs,Florida to California,27.37623,-82.59315
Eternal Reef,Reef,Reefs,Florida to California,30.09172,-87.50300
Eternal Reef,Reef,Reefs,Florida to California,30.10790,-87.14957
Eternal Reefs,Reef,Reefs,Florida to California,25.95952,-80.09798
Eternal Reefs,Reef,Reefs,Florida to California,30.29750,-87.22583
Eugene Island 273,Reef,Reefs,Florida to California,28.41572,-91.60166
Eugene Island 275,Reef,Reefs,Florida to California,28.44259,-91.47496
Eugene Island 276,Reef,Reefs,Florida to California,28.42566,-91.46232
Eugene Island 296,Reef,Reefs,Florida to California,28.34390,-91.55430
Eugene Island 309,Reef,Reefs,Florida to California,28.29750,-91.71576
Eugene Island 313,Reef,Reefs,Florida to California,28.25436,-91.75639
Eugene Island 314,Reef,Reefs,Florida to California,28.28094,-91.72361
Eugene Island 322,Reef,Reefs,Florida to California,28.28619,-91.34972
Eugene Island 324,Reef,Reefs,Florida to California,28.23139,-91.41018
Eugene Island 338,Reef,Reefs,Florida to California,28.20574,-91.68601
Eugene Island 349,Reef,Reefs,Florida to California,28.16816,-91.49560
Eugene Island 365,Reef,Reefs,Florida to California,28.12670,-91.44865
Eugene Island 366,Reef,Reefs,Florida to California,28.12515,-91.41720
Eugene Island 367,Reef,Reefs,Florida to California,28.11839,-91.33672
Eugene Island 371,Reef,Reefs,Florida to California,28.06264,-91.48878
Eugene Island 372,Reef,Reefs,Florida to California,28.06853,-91.52276
Eugene Island 384,Reef,Reefs,Florida to California,28.04689,-91.52393
Eugene Island 51,Reef,Reefs,Florida to California,29.24819,-91.70033
Evan Thompson Reef Units,Reef,Reefs,Florida to California,26.33800,-82.08533
Evinrude Reef,Reef,Reefs,Florida to California,27.20352,-80.09493
Experiment Reef,Reef,Reefs,Florida to California,29.44563,-94.85560
Experimental Reef,Reef,Reefs,Florida to California,29.49167,-94.89167
F L A Reef,Reef,Reefs,Florida to California,26.17620,-80.05182
FA Reef,Reef,Reefs,Florida to California,30.63500,-81.21867
FA Reef,Reef,Reefs,Florida to California,30.64052,-81.22193
Fad A (Missing),Reef,Reefs,Florida to California,32.75500,-117.36830
Fad B (Missing),Reef,Reefs,Florida to California,32.78530,-117.55830
FAD Trolling Alley Reef,Reef,Reefs,Florida to California,27.23000,-79.98800
FAR Tortuga,Reef,Reefs,Florida to California,29.55427,-87.45697
Farnsworth Bank,Reef,Reefs,Florida to California,33.34270,-118.51680
Fays Reef,Reef,Reefs,Florida to California,26.60117,-80.01113
FB Reef,Reef,Reefs,Florida to California,30.42667,-81.14350
FB Reef,Reef,Reefs,Florida to California,30.63550,-81.15050
FB Reef,Reef,Reefs,Florida to California,30.67867,-81.16633
FC Reef,Reef,Reefs,Florida to California,30.60834,-81.18334
Fdep Coral Reef Monitoring Site DC 1,Reef,Reefs,Florida to California,25.84200,-80.10403
Fdep Coral Reef Monitoring Site DC 2,Reef,Reefs,Florida to California,25.84200,-80.09507
Fdep Coral Reef Monitoring Site DC 3,Reef,Reefs,Florida to California,25.84200,-80.08810
Fdep Coral Reef Monitoring Site DC 4,Reef,Reefs,Florida to California,25.67300,-80.08835
Fdep Coral Reef Monitoring Site DC 5,Reef,Reefs,Florida to California,25.65200,-80.09460
Fdep Coral Reef Monitoring Site Kingfish Hole,Reef,Reefs,Florida to California,27.12200,-80.12980
Fdep Coral Reef Monitoring Site MC 2,Reef,Reefs,Florida to California,27.11200,-80.12542
Fdep Coral Reef Monitoring Site PB 1,Reef,Reefs,Florida to California,26.71000,-80.02857
Fdep Coral Reef Monitoring Site PB 2,Reef,Reefs,Florida to California,26.67800,-80.01825
Fdep Coral Reef Monitoring Site PB 3,Reef,Reefs,Florida to California,26.71000,-80.01582
Fermin Reef 65ft,Reef,Reefs,Florida to California,33.70080,-118.29050
FH 11 Reef Complex,Reef,Reefs,Florida to California,30.36073,-86.46790
FH 12 Reef Complex,Reef,Reefs,Florida to California,30.36043,-86.43580
Finger Bank,Reef,Reefs,Florida to California,32.04780,-117.04170
Fish America Foundation Reef,Reef,Reefs,Florida to California,29.89392,-85.54392
Fish Game Unlimited Reef,Reef,Reefs,Florida to California,25.75028,-80.09475
Fish Game Unlimited Reef,Reef,Reefs,Florida to California,25.76812,-80.10458
Fish Hook,Reef,Reefs,Florida to California,32.83420,-118.35570
Fishing Club Reef,Reef,Reefs,Florida to California,27.44135,-80.16293
Fishing Club Reef,Reef,Reefs,Florida to California,27.44675,-80.17333
Fishing Reef,Reef,Reefs,Florida to California,28.00410,-96.44278
Fishing Reef,Reef,Reefs,Florida to California,28.01492,-96.44755
Fishing Reef Assoc,Reef,Reefs,Florida to California,26.67938,-82.37343
Five Mile Reef,Reef,Reefs,Florida to California,30.30957,-86.49126
Five Mile South Reef,Reef,Reefs,Florida to California,30.30100,-86.52235
Five Mile South Reef,Reef,Reefs,Florida to California,30.30585,-86.52147
Flag Tournament Reef,Reef,Reefs,Florida to California,30.46333,-80.93357
Flagler Reef,Reef,Reefs,Florida to California,29.67262,-80.96213
Flats,Reef,Reefs,Florida to California,32.43330,-117.15000
Florida Gas Transmission Reef,Reef,Reefs,Florida to California,29.83110,-84.50410
Florida Reefs,Reef,Reefs,Florida to California,24.83333,-80.66666
Fontainebleau Artificial Reef,Reef,Reefs,Florida to California,30.15950,-85.89283
"Foot Lauderdale, C 1 Reef",Reef,Reefs,Florida to California,26.13677,-80.08278
Foote Family Reef B,Reef,Reefs,Florida to California,26.02138,-82.10995
Forney's Cove,Reef,Reefs,Florida to California,34.05250,-119.91450
Forney's/Christy Beach/Black Point squid zone (big area),Reef,Reefs,Florida to California,34.03000,-119.90000
Fort Lauderdale Reef,Reef,Reefs,Florida to California,26.12142,-80.07058
Fort Lauderdale Reef,Reef,Reefs,Florida to California,26.12467,-80.09183
Fort Lauderdale Reef,Reef,Reefs,Florida to California,26.12815,-80.07723
Fort Lauderdale Reef,Reef,Reefs,Florida to California,26.13415,-80.07183
Fort Lauderdale Reef,Reef,Reefs,Florida to California,26.13483,-80.06833
Fort Lauderdale Reef,Reef,Reefs,Florida to California,26.14040,-80.08612
Fort Lauderdale Reef,Reef,Reefs,Florida to California,26.15273,-80.07578
Forty Forty Reef,Reef,Reefs,Florida to California,30.37362,-86.45239
Found Reef,Reef,Reefs,Florida to California,29.58917,-94.87917
Four BIT Reef,Reef,Reefs,Florida to California,29.46333,-94.84367
Four Mile Reef,Reef,Reefs,Florida to California,30.32277,-86.49433
Fourbit Reef,Reef,Reefs,Florida to California,29.42025,-94.80013
FPL Experimental Reef,Reef,Reefs,Florida to California,27.66666,-80.33333
FPL Reef,Reef,Reefs,Florida to California,27.21218,-80.02388
Frances Langford Meml Reef,Reef,Reefs,Florida to California,27.22255,-80.01743
Frangista Reef,Reef,Reefs,Florida to California,30.31747,-86.37365
Frangista Reef A,Reef,Reefs,Florida to California,30.32483,-86.37398
Frangista Reef D,Reef,Reefs,Florida to California,30.31143,-86.37383
Frangista S Reef B,Reef,Reefs,Florida to California,30.31535,-86.38258
Frangista S Reef D,Reef,Reefs,Florida to California,30.26900,-86.40617
Franklin County Reef,Reef,Reefs,Florida to California,29.52478,-84.40850
Franklin County Reef,Reef,Reefs,Florida to California,29.54160,-84.76268
Fred And Daves Reef,Reef,Reefs,Florida to California,28.05422,-80.21528
Fred Morrow Reef,Reef,Reefs,Florida to California,30.17268,-81.15715
Freeport Liberty Ship Reef Site,Reef,Reefs,Florida to California,28.59412,-94.81310
Freighter Anna Artificial Reef,Reef,Reefs,Florida to California,30.46348,-80.93288
French Reef,Reef,Reefs,Florida to California,25.03733,-80.34343
French Reef North Of,Reef,Reefs,Florida to California,25.03017,-80.35033
French Reef SW,Reef,Reefs,Florida to California,25.03933,-80.35450
Fsfa Reef Site,Reef,Reefs,Florida to California,28.50112,-80.21997
Fsfa Reef Site,Reef,Reefs,Florida to California,28.50584,-80.21693
Future Reef,Reef,Reefs,Florida to California,25.30963,-81.87320
G D Bloomberg Memorial Reef,Reef,Reefs,Florida to California,29.67995,-85.96267
G H Reef,Reef,Reefs,Florida to California,26.34317,-81.95400
G H Reef,Reef,Reefs,Florida to California,26.34426,-81.95863
G H Reef,Reef,Reefs,Florida to California,26.34450,-81.94497
G Merrill Clift Memorial Reef,Reef,Reefs,Florida to California,29.74075,-85.87313
GA-189 - Barr's,Reef,Reefs,Florida to California,29.14000,-94.70200
GA-189 - Mitchell's,Reef,Reefs,Florida to California,29.14300,-94.68100
GA-220 - Big Mans Reef,Reef,Reefs,Florida to California,29.09800,-94.88900
GA-220 - Kate's Reef,Reef,Reefs,Florida to California,29.08300,-94.90500
GA-288 - Buccaneer,Reef,Reefs,Florida to California,28.89200,-94.69600
GA-296 - Buccaneer,Reef,Reefs,Florida to California,28.86800,-94.69900
GA-A-125,Reef,Reefs,Florida to California,28.25200,-94.72300
Gallaghers - 12 fathoms,Reef,Reefs,Florida to California,33.37050,-118.34530
Galveston A 125 Reef,Reef,Reefs,Florida to California,28.25073,-94.72170
Galveston Fishing Reef,Reef,Reefs,Florida to California,29.48057,-94.89105
Galveston Pipe Reef Galveston 189 L,Reef,Reefs,Florida to California,29.14450,-94.70283
Gap Ledge TO Sharpeto Drift,Reef,Reefs,Florida to California,26.05686,-80.08672
Garden Banks 189,Reef,Reefs,Florida to California,27.77846,-93.31021
Garden Banks 236,Reef,Reefs,Florida to California,27.75681,-93.13259
Garrys Hump,Reef,Reefs,Florida to California,26.11214,-80.08193
Garrys Ledge,Reef,Reefs,Florida to California,26.10867,-80.08211
Garrys Wall,Reef,Reefs,Florida to California,30.19029,-86.68378
"Gary Service Reef, M",Reef,Reefs,Florida to California,27.31952,-82.71940
Gaspipe Reef,Reef,Reefs,Florida to California,29.51533,-94.79083
Gateway Barge,Reef,Reefs,Florida to California,29.83717,-85.58100
GB-142,Reef,Reefs,Florida to California,27.80900,-93.43100
GB-189,Reef,Reefs,Florida to California,27.77600,-93.30700
Genesis Center Reef,Reef,Reefs,Florida to California,27.26324,-82.75841
Genesis Reef,Reef,Reefs,Florida to California,26.47750,-80.04000
GEO Vancouver Fish Reef,Reef,Reefs,Florida to California,28.78095,-95.33703
George Hanns Reef,Reef,Reefs,Florida to California,29.59750,-80.90883
George Touart Reef,Reef,Reefs,Florida to California,30.11098,-87.18065
George Vancouver Liberty Ship Reef,Reef,Reefs,Florida to California,28.79300,-95.34780
George Wilkins Reef,Reef,Reefs,Florida to California,30.09017,-87.18100
Gidus Reef,Reef,Reefs,Florida to California,28.37600,-80.29250
Gimrock 504 Barge,Reef,Reefs,Florida to California,25.70700,-80.07500
Gimrock/Atlas Recycling Barge,Reef,Reefs,Florida to California,25.82042,-80.08442
Gingers Reef,Reef,Reefs,Florida to California,29.90488,-85.53708
Glasrud Reef,Reef,Reefs,Florida to California,27.21162,-80.00432
Glen Bridge Reef,Reef,Reefs,Florida to California,30.04833,-85.81217
Glen Peel Memorial Reef,Reef,Reefs,Florida to California,29.83943,-84.15728
Goggle EYE Reef,Reef,Reefs,Florida to California,26.55048,-80.03831
Golden Reef,Reef,Reefs,Florida to California,25.97373,-80.10103
Golf Ball,Reef,Reefs,Florida to California,33.24000,-117.43780
Gordon Pass 14 Mile Reef,Reef,Reefs,Florida to California,26.23650,-82.12632
Gordon Pass 5 Mile Reef,Reef,Reefs,Florida to California,26.08117,-81.88567
Gordon Pass 5 Mile Reef,Reef,Reefs,Florida to California,26.09050,-81.89500
Gordon Pass 5 Mile Reef,Reef,Reefs,Florida to California,26.09628,-81.88903
Grady Prather Reef,Reef,Reefs,Florida to California,29.67365,-80.97217
Grand Isle 47,Reef,Reefs,Florida to California,28.94355,-90.01198
Grand Isle 9,Reef,Reefs,Florida to California,29.18704,-89.88896
Grand Teton Reef,Reef,Reefs,Florida to California,27.16180,-80.05892
Grayton 100 Reef,Reef,Reefs,Florida to California,30.12835,-86.13088
Grayton 100 Reef,Reef,Reefs,Florida to California,30.12957,-86.19738
Grayton 112 Reef,Reef,Reefs,Florida to California,30.14785,-86.24582
Grayton 113 Reef,Reef,Reefs,Florida to California,30.14848,-86.22045
Grayton Reef,Reef,Reefs,Florida to California,30.26525,-86.18653
Grayton Reef 05 A,Reef,Reefs,Florida to California,30.10380,-86.11695
Grayton Reef 05 A,Reef,Reefs,Florida to California,30.13108,-86.12421
Grayton Turtle Reef,Reef,Reefs,Florida to California,30.32218,-86.15805
Greater Jacksonville Kingfish Reef,Reef,Reefs,Florida to California,30.36685,-80.90533
Green Marker Reef,Reef,Reefs,Florida to California,27.54257,-82.87917
Green Tank,Reef,Reefs,Florida to California,32.71020,-117.27900
Green Tank #2,Reef,Reefs,Florida to California,32.70850,-117.27730
Gulfstream Reef,Reef,Reefs,Florida to California,26.48594,-80.02592
Gunbor Reef,Reef,Reefs,Florida to California,24.92355,-81.77090
Gunbor Reef,Reef,Reefs,Florida to California,24.94667,-81.77000
Gunsight,Reef,Reefs,Florida to California,32.42280,-117.25100
GUY Harvey,Reef,Reefs,Florida to California,26.21078,-80.06573
Habitat Corridor Reef,Reef,Reefs,Florida to California,26.75458,-80.01537
Haddocks Hideaway Kims Reef,Reef,Reefs,Florida to California,30.57583,-81.13600
Haddocks Hideaway Tabletop Reef,Reef,Reefs,Florida to California,30.56850,-81.14400
Haleys Reef,Reef,Reefs,Florida to California,29.45347,-80.95320
Haleys Reef,Reef,Reefs,Florida to California,29.45407,-80.95670
Half Barge,Reef,Reefs,Florida to California,30.21947,-87.31945
Half Barge,Reef,Reefs,Florida to California,30.22565,-87.61787
Half Barges,Reef,Reefs,Florida to California,30.21367,-87.32333
Halfway Reef,Reef,Reefs,Florida to California,29.50833,-94.91667
Hammerhead Reef,Reef,Reefs,Florida to California,26.08750,-80.08610
Hancock Bank,Reef,Reefs,Florida to California,32.56830,-119.69950
Haney Technical College Reef,Reef,Reefs,Florida to California,29.92545,-85.99183
Harbor Reef,Reef,Reefs,Florida to California,33.44907,-118.48866
Harbor Reef ST 86,Reef,Reefs,Florida to California,28.77883,-90.23883
Hard Bottom And Rocks,Reef,Reefs,Florida to California,26.30682,-80.05378
Hard Bottom Inside Of Ledge,Reef,Reefs,Florida to California,30.15429,-80.27569
Harlows Ledge,Reef,Reefs,Florida to California,29.33802,-83.86821
Harms Ledge,Reef,Reefs,Florida to California,30.32517,-80.94005
Harms North Ledge,Reef,Reefs,Florida to California,30.41060,-80.89907
Harolds Hole,Reef,Reefs,Florida to California,27.56907,-82.93077
Harrison County Barge C,Reef,Reefs,Florida to California,30.17572,-88.83777
Hart Family Reef,Reef,Reefs,Florida to California,27.36700,-82.57634
Hathaway Bridge 1 Start,Reef,Reefs,Florida to California,30.07497,-85.96857
Hathaway Bridge 2 Start,Reef,Reefs,Florida to California,29.98657,-85.85529
Hathaway Span 14 Warsaw Site,Reef,Reefs,Florida to California,30.07151,-85.81460
Haulover Reef Site,Reef,Reefs,Florida to California,25.90221,-80.07860
Haunschild Reef C,Reef,Reefs,Florida to California,25.69500,-81.78133
Hawksbill Reef,Reef,Reefs,Florida to California,25.75601,-79.30119
Hazel S Reef,Reef,Reefs,Florida to California,30.14612,-87.56337
Heaven Reef,Reef,Reefs,Florida to California,30.17972,-85.89662
Helens Barges,Reef,Reefs,Florida to California,26.63175,-82.28583
Helens Reef,Reef,Reefs,Florida to California,26.63207,-82.29123
HEN Chickens Reef,Reef,Reefs,Florida to California,24.93167,-80.54833
Hendry Barge,Reef,Reefs,Florida to California,29.84188,-84.15489
Henry Coghlan Memorial Reef,Reef,Reefs,Florida to California,29.91815,-85.55674
Hens Chicken Reef,Reef,Reefs,Florida to California,24.93583,-80.54733
Hermosa Beach Center,Reef,Reefs,Florida to California,33.85361,-118.41333
Hermosa Hard Bottom,Reef,Reefs,Florida to California,33.86820,-118.42050
HG Reef,Reef,Reefs,Florida to California,30.20500,-81.02000
HH Reef,Reef,Reefs,Florida to California,30.57529,-81.13193
HH Reef,Reef,Reefs,Florida to California,30.57818,-81.14136
HH Site Shark Barge,Reef,Reefs,Florida to California,30.62808,-81.07863
HI-117 - Basco's,Reef,Reefs,Florida to California,29.30000,-93.88900
HI-117 - Sabine,Reef,Reefs,Florida to California,29.30400,-93.92200
HI-20 - Sabine Nearshore,Reef,Reefs,Florida to California,29.53900,-93.91500
HI-85 - S A L T,Reef,Reefs,Florida to California,29.35900,-93.83400
HI-A-270,Reef,Reefs,Florida to California,28.42800,-93.81600
HI-A-271,Reef,Reefs,Florida to California,28.43900,-93.71700
HI-A-285,Reef,Reefs,Florida to California,28.35600,-93.85500
HI-A-286,Reef,Reefs,Florida to California,28.33000,-93.79800
HI-A-298,Reef,Reefs,Florida to California,28.30300,-93.76600
HI-A-302,Reef,Reefs,Florida to California,28.24200,-93.87900
HI-A-310,Reef,Reefs,Florida to California,28.24200,-93.52000
HI-A-313,Reef,Reefs,Florida to California,28.19000,-93.58800
HI-A-315,Reef,Reefs,Florida to California,28.21400,-93.69900
HI-A-317,Reef,Reefs,Florida to California,28.21500,-93.80000
HI-A-323,Reef,Reefs,Florida to California,28.16700,-93.76900
HI-A-327,Reef,Reefs,Florida to California,28.13500,-93.56600
HI-A-330,Reef,Reefs,Florida to California,28.09800,-93.47700
HI-A-334,Reef,Reefs,Florida to California,28.12100,-93.67300
HI-A-341,Reef,Reefs,Florida to California,28.09500,-93.86500
HI-A-349,Reef,Reefs,Florida to California,28.06900,-93.47100
HI-A-355,Reef,Reefs,Florida to California,28.04100,-93.70800
HI-A-356,Reef,Reefs,Florida to California,28.04500,-93.76400
HI-A-379,Reef,Reefs,Florida to California,27.95500,-93.83300
HI-A-385,Reef,Reefs,Florida to California,27.91600,-93.74800
HI-A-385 D,Reef,Reefs,Florida to California,27.89000,-93.77200
HI-A-389,Reef,Reefs,Florida to California,27.90100,-93.57700
HI-A-424 - Kraken,Reef,Reefs,Florida to California,28.44400,-94.28500
HI-A-447,Reef,Reefs,Florida to California,28.36400,-94.15600
HI-A-462,Reef,Reefs,Florida to California,28.29600,-94.24400
HI-A-466,Reef,Reefs,Florida to California,28.31200,-94.01900
HI-A-477,Reef,Reefs,Florida to California,28.27400,-94.32800
HI-A-480,Reef,Reefs,Florida to California,28.28700,-94.47900
HI-A-487,Reef,Reefs,Florida to California,28.24800,-94.27200
HI-A-492,Reef,Reefs,Florida to California,28.22800,-94.06000
HI-A-497,Reef,Reefs,Florida to California,28.17800,-94.03400
HI-A-515,Reef,Reefs,Florida to California,28.13000,-94.21400
HI-A-517,Reef,Reefs,Florida to California,28.15100,-94.09300
HI-A-520,Reef,Reefs,Florida to California,28.12500,-93.95700
HI-A-532,Reef,Reefs,Florida to California,28.10000,-94.51300
HI-A-542,Reef,Reefs,Florida to California,28.04800,-94.15200
HI-A-555,Reef,Reefs,Florida to California,28.01300,-94.35400
HI-A-567,Reef,Reefs,Florida to California,27.97500,-94.21800
HI-A-570,Reef,Reefs,Florida to California,27.95000,-94.04700
HI-A-571,Reef,Reefs,Florida to California,27.94600,-93.99900
HI-A-589,Reef,Reefs,Florida to California,27.89300,-94.32400
HI-A-596,Reef,Reefs,Florida to California,27.88700,-93.98300
Hidden Bank,Reef,Reefs,Florida to California,31.90000,-117.50000
Hidden Reef,Reef,Reefs,Florida to California,33.72830,-119.16000
Higden S Reef,Reef,Reefs,Florida to California,25.13950,-80.31317
High Island A 271 Reef,Reef,Reefs,Florida to California,28.44052,-93.71817
High Island A 281 Reef,Reef,Reefs,Florida to California,28.36367,-93.78507
High Island A 285 Reef,Reef,Reefs,Florida to California,28.35530,-93.85623
High Island A 286 Reef,Reef,Reefs,Florida to California,28.33162,-93.79662
High Island A 298 Reef,Reef,Reefs,Florida to California,28.30410,-93.76698
High Island A 302 Reef,Reef,Reefs,Florida to California,28.24118,-93.87755
High Island A 317 Reef,Reef,Reefs,Florida to California,28.21458,-93.79845
High Island A 462 Reef,Reef,Reefs,Florida to California,28.29417,-94.24373
High Island A 466 Reef,Reef,Reefs,Florida to California,28.31165,-94.01965
High Island A 477 Reef,Reef,Reefs,Florida to California,28.27237,-94.32672
High Island A 480 Reef,Reef,Reefs,Florida to California,28.28745,-94.47788
High Island A 492 Reef,Reef,Reefs,Florida to California,28.22722,-94.05880
High Island A 497 Reef,Reef,Reefs,Florida to California,28.17675,-94.03278
High Island A 515 Reef,Reef,Reefs,Florida to California,28.12857,-94.21342
High Island A 520 Reef,Reef,Reefs,Florida to California,28.12443,-93.95697
High Island A 532 Reef,Reef,Reefs,Florida to California,28.10008,-94.51197
High Island A 542 Reef,Reef,Reefs,Florida to California,28.04772,-94.15237
High Island A 567 Reef,Reef,Reefs,Florida to California,27.97515,-94.21862
High School Reef,Reef,Reefs,Florida to California,30.05988,-81.10563
High School Reef Site CC,Reef,Reefs,Florida to California,30.05818,-81.10750
High School Reef Site DD,Reef,Reefs,Florida to California,30.05818,-81.10875
"High School Reef, Site AA",Reef,Reefs,Florida to California,30.05932,-81.10875
Hill Kelly Dodge Reef,Reef,Reefs,Florida to California,30.09958,-87.41565
Hill Street,Reef,Reefs,Florida to California,32.72970,-117.27520
Hillsboro Outside Edge Reef,Reef,Reefs,Florida to California,26.28250,-80.06283
Historic Shipwreck Replica Reef,Reef,Reefs,Florida to California,30.32897,-87.18120
Hollywood/Hallandale Reef,Reef,Reefs,Florida to California,25.98202,-80.08547
Hollywood/Hallandale Reef,Reef,Reefs,Florida to California,25.98362,-80.09333
Hollywood/Hallandale Reef,Reef,Reefs,Florida to California,25.99722,-80.08167
Homosassa Reef,Reef,Reefs,Florida to California,28.69385,-83.00003
Hooper Reef A,Reef,Reefs,Florida to California,30.10192,-86.09820
Hopper Barge,Reef,Reefs,Florida to California,25.61910,-80.08340
Hopper Barge,Reef,Reefs,Florida to California,25.80486,-80.07623
Horseshoe,Reef,Reefs,Florida to California,33.64000,-118.23330
Horseshoe North,Reef,Reefs,Florida to California,33.66670,-118.22230
Horseshoe Reef,Reef,Reefs,Florida to California,24.66111,-80.99417
Horseshoe Reef,Reef,Reefs,Florida to California,25.13867,-80.30500
Horseshoe Reef,Reef,Reefs,Florida to California,26.60733,-80.00867
Horseshoe Reef,Reef,Reefs,Florida to California,28.92152,-80.46525
Horseshoe Reef Drift Dive,Reef,Reefs,Florida to California,26.62843,-80.02510
Horseshoe South,Reef,Reefs,Florida to California,33.66450,-118.22500
Hospital - 100 Fathom Curve,Reef,Reefs,Florida to California,33.49170,-117.78500
Hospital Grounds Flag Reef,Reef,Reefs,Florida to California,30.22000,-81.00333
Hospital Grounds Shawns Reef,Reef,Reefs,Florida to California,30.20900,-80.99767
Hotel Coral Marina Entrance,Reef,Reefs,Florida to California,31.85800,-116.66120
Hotel Del Hardbottom,Reef,Reefs,Florida to California,32.66830,-117.18800
Howard Frankland Reef,Reef,Reefs,Florida to California,27.91167,-82.55417
Howard Frankland Reef,Reef,Reefs,Florida to California,27.92647,-82.55470
Hummingbird Reef,Reef,Reefs,Florida to California,28.43183,-80.23130
Hummingbird Reef,Reef,Reefs,Florida to California,28.43203,-80.23855
Hummingbird Space Reef,Reef,Reefs,Florida to California,28.41834,-80.23467
Hungryman's Gulch,Reef,Reefs,Florida to California,34.02780,-119.52600
Hunt Reef,Reef,Reefs,Florida to California,29.93517,-87.69773
Hunters Reef,Reef,Reefs,Florida to California,29.45990,-80.95898
Huntington Beach A Center,Reef,Reefs,Florida to California,33.61444,-117.98306
Huntington Beach B Center,Reef,Reefs,Florida to California,33.62139,-117.99750
Huntington Beach C Center,Reef,Reefs,Florida to California,33.61917,-117.98806
Huntington Beach D Center,Reef,Reefs,Florida to California,33.62444,-118.00111
Hurricane Reef WD,Reef,Reefs,Florida to California,28.73450,-89.73467
Hurricane Reef WD,Reef,Reefs,Florida to California,28.73883,-89.73617
I 1 Lynn Silvertooth Reefball SIT,Reef,Reefs,Florida to California,27.28757,-82.61653
"I 1, Lynn Silvertooth, Reefball Site 1",Reef,Reefs,Florida to California,27.28757,-82.60112
I 10 Bridge Rubble Reef,Reef,Reefs,Florida to California,30.11167,-87.42167
IAP Reef,Reef,Reefs,Florida to California,30.30787,-81.13565
Imor Reef,Reef,Reefs,Florida to California,26.21747,-80.06267
Imperial Beach Flats,Reef,Reefs,Florida to California,32.56670,-117.20000
Imperial Beach Pipe,Reef,Reefs,Florida to California,32.53830,-117.18000
Inside South Bank Pinnacle 26 Fathom,Reef,Reefs,Florida to California,33.88120,-118.53550
Inside SW Bank 33 Fathoms,Reef,Reefs,Florida to California,33.86580,-118.50730
International #1,Reef,Reefs,Florida to California,32.54450,-117.24820
International #3,Reef,Reefs,Florida to California,32.54380,-117.24720
International #5,Reef,Reefs,Florida to California,32.54470,-117.24650
International Reef,Reef,Reefs,Florida to California,32.54428,-117.24753
International Reef E,Reef,Reefs,Florida to California,32.54530,-117.24740
International Reef F,Reef,Reefs,Florida to California,32.54280,-117.24640
Interstate 10 Bridge Reef Site 3,Reef,Reefs,Florida to California,30.11167,-87.43833
Interstate 10 Bridge Reef Site 4,Reef,Reefs,Florida to California,30.11000,-87.45833
Interstate 10 Bridge Reef Site 5,Reef,Reefs,Florida to California,30.11000,-87.47667
Interstate 10 Bridge Reef Site 6,Reef,Reefs,Florida to California,30.10917,-87.49250
Interstate 10 Bridge Reef Site 7 Small,Reef,Reefs,Florida to California,30.09916,-87.43250
Intruder Reef,Reef,Reefs,Florida to California,29.90310,-80.75020
Intruder Reef,Reef,Reefs,Florida to California,29.90565,-80.80278
IP Reef,Reef,Reefs,Florida to California,29.86900,-80.96133
Iron Bound cove,Reef,Reefs,Florida to California,33.44650,-118.57670
Irregular Rock,Reef,Reefs,Florida to California,27.13112,-82.73390
Islamorada Reef,Reef,Reefs,Florida to California,24.83887,-80.55958
Islamorada Reef,Reef,Reefs,Florida to California,24.84195,-80.55115
Island Reefsa 471 Topper III Reef,Reef,Reefs,Florida to California,28.24667,-94.04383
Island Reefsa 492 Transco Reef,Reef,Reefs,Florida to California,28.22417,-94.05583
Isthmus High Spot,Reef,Reefs,Florida to California,33.45500,-118.49020
Italian Gardens area,Reef,Reefs,Florida to California,33.41250,-118.38330
Izors Reef (Bolsa Chica Artificial Reef),Reef,Reefs,Florida to California,33.65050,-118.10130
J/U Barge Dick Sharpe,Reef,Reefs,Florida to California,29.39167,-88.90000
Jack Macdonald Reef,Reef,Reefs,Florida to California,27.08141,-80.03856
Jackson Fish Camp Memorial Reef,Reef,Reefs,Florida to California,26.06140,-82.05708
Janice COX Memorial Reef,Reef,Reefs,Florida to California,29.92183,-85.59458
JAP Reef,Reef,Reefs,Florida to California,30.30348,-81.16295
Japan FRP Tube Reef,Reef,Reefs,Florida to California,30.03883,-85.78998
Japan FRP Tube Reef,Reef,Reefs,Florida to California,30.04422,-85.78948
Japan Reference Concrete Reef,Reef,Reefs,Florida to California,30.03367,-85.79183
Jaycee Reef,Reef,Reefs,Florida to California,29.83828,-85.49230
JCL Reef,Reef,Reefs,Florida to California,30.16930,-81.16043
Jeff Purcell Memorial Reef,Reef,Reefs,Florida to California,29.91443,-85.67040
Jerry Andrews Reef,Reef,Reefs,Florida to California,30.28862,-87.21693
Jerry Combs Reef,Reef,Reefs,Florida to California,29.89947,-85.52690
Jerrys Reef,Reef,Reefs,Florida to California,30.33817,-86.59967
Jim Penney Barge,Reef,Reefs,Florida to California,30.18150,-87.29450
Jim Penny Barge,Reef,Reefs,Florida to California,30.18075,-87.28258
Joanie's Reef,Reef,Reefs,Florida to California,24.64683,-81.00950
Joe E Brown Reef,Reef,Reefs,Florida to California,30.21372,-86.80643
Joe Halusky South Reef,Reef,Reefs,Florida to California,29.67551,-80.96396
Joe Patti Memorial Reef,Reef,Reefs,Florida to California,30.28882,-87.22925
Joe Rizzie Memorial Reef,Reef,Reefs,Florida to California,29.89530,-85.54002
Joe Todd Memorial Reef,Reef,Reefs,Florida to California,29.90633,-85.53250
Joes Reef Tires W/Trigger,Reef,Reefs,Florida to California,30.16425,-87.26367
John And Melbas Reef Chief,Reef,Reefs,Florida to California,29.73530,-85.48880
John Michael Baker Fishing Reef,Reef,Reefs,Florida to California,26.15762,-80.06890
John Michael Baker Memorial Reef Phase,Reef,Reefs,Florida to California,26.15817,-80.07873
John Pennekamp Coral Reef Park United States,Reef,Reefs,Florida to California,25.13347,-80.35606
John Thompson Memorial Reef,Reef,Reefs,Florida to California,29.90280,-85.46620
JON Dodrills Reef,Reef,Reefs,Florida to California,29.76454,-85.60755
Jones Reef,Reef,Reefs,Florida to California,30.01840,-87.08023
Jones Reef,Reef,Reefs,Florida to California,30.01935,-87.07547
Jumbo Barge Stern,Reef,Reefs,Florida to California,29.61402,-88.40987
Junes Dunes Reef,Reef,Reefs,Florida to California,30.37655,-86.46613
Juno Ball Reef,Reef,Reefs,Florida to California,26.86548,-79.97788
Jupiter Reef,Reef,Reefs,Florida to California,26.96290,-79.98550
Jupiter Reef,Reef,Reefs,Florida to California,26.96683,-80.01800
JW Reef,Reef,Reefs,Florida to California,30.27633,-81.23067
JW Reef,Reef,Reefs,Florida to California,30.27850,-81.22633
JW Site MTC 120 Barge,Reef,Reefs,Florida to California,30.27183,-81.22600
Karens Place,Reef,Reefs,Florida to California,30.28667,-87.23567
Karl Sinclair Franz Memorial Reef,Reef,Reefs,Florida to California,29.90810,-85.47435
KAY Thomas Memorial Reef,Reef,Reefs,Florida to California,29.72083,-85.47238
KD Select Reef,Reef,Reefs,Florida to California,27.19127,-80.02457
"Keewaydin 3 Mile, C D Reef",Reef,Reefs,Florida to California,26.03640,-81.83098
Keith Wadleigh Memorial Reef,Reef,Reefs,Florida to California,29.90703,-85.52703
KEN M Reef,Reef,Reefs,Florida to California,27.40740,-80.02138
KEN M Reef,Reef,Reefs,Florida to California,27.40846,-80.03023
Kenneth Hitt Memorial Reef,Reef,Reefs,Florida to California,29.73252,-85.69142
Keough Boys Reef,Reef,Reefs,Florida to California,29.80269,-87.94260
Key Biscayne SMZ Reef,Reef,Reefs,Florida to California,25.69032,-80.08087
Key Biscayne SMZ Reef,Reef,Reefs,Florida to California,25.69430,-80.08085
Key Biscayne SMZ Reef,Reef,Reefs,Florida to California,25.69838,-80.07380
Key Biscayne SMZ Reef,Reef,Reefs,Florida to California,25.70000,-80.08000
Key Biscayne SMZ Reef,Reef,Reefs,Florida to California,25.71040,-80.08312
Key Biscayne SMZ Reef,Reef,Reefs,Florida to California,25.71053,-80.07985
Key Biscayne SMZ Reef,Reef,Reefs,Florida to California,25.71908,-80.12942
Key Biscayne SMZ Reef,Reef,Reefs,Florida to California,25.72098,-80.09320
Key Largo Dry Rocks NE,Reef,Reefs,Florida to California,24.94633,-80.45867
Key Largo Dry Rocks SW,Reef,Reefs,Florida to California,25.12350,-80.29500
Key Largo Hump,Reef,Reefs,Florida to California,25.01102,-80.28000
Key West Gulfside Reef,Reef,Reefs,Florida to California,24.68762,-81.87870
Key West Gulfside Reef,Reef,Reefs,Florida to California,24.68767,-81.89400
Key West Gulfside Reef,Reef,Reefs,Florida to California,24.69417,-81.87717
Key West Tournament Reef,Reef,Reefs,Florida to California,24.42788,-81.75973
Key West Tournament Reef,Reef,Reefs,Florida to California,24.45420,-81.77083
Key West Tournament Reef,Reef,Reefs,Florida to California,24.46037,-81.77012
Kidney Bank,Reef,Reefs,Florida to California,33.57450,-119.01420
King Reef,Reef,Reefs,Florida to California,30.30425,-86.51610
Kingry Barge,Reef,Reefs,Florida to California,30.15962,-87.23170
Kirby Watkins Memorial Reef,Reef,Reefs,Florida to California,29.77105,-85.60085
Knicklebine Barge,Reef,Reefs,Florida to California,30.03283,-87.19167
Knuckle,Reef,Reefs,Florida to California,32.12500,-117.11670
Kornahrens Reef,Reef,Reefs,Florida to California,26.20800,-80.05317
Kramers Reef,Reef,Reefs,Florida to California,25.43726,-81.89616
Kyle Barron Memorial,Reef,Reefs,Florida to California,29.76477,-85.61492
Kyle Conrad Memorial Reef,Reef,Reefs,Florida to California,27.26620,-80.01652
Kyle Wahl Memorial Reef,Reef,Reefs,Florida to California,27.53047,-80.17850
L Steyermans Reef,Reef,Reefs,Florida to California,29.99158,-86.50693
La Fonda,Reef,Reefs,Florida to California,32.14100,-116.90250
La Jolla Cove,Reef,Reefs,Florida to California,32.85550,-117.27170
Ladnier Barge,Reef,Reefs,Florida to California,30.04607,-88.76527
Ladnier Barge 0,Reef,Reefs,Florida to California,30.04483,-88.53108
Ladnier Reef,Reef,Reefs,Florida to California,30.01663,-87.83510
Lady ANN S Reef,Reef,Reefs,Florida to California,26.59488,-80.01368
Lady P TO Tug Everglade Reef Trail,Reef,Reefs,Florida to California,29.19302,-80.76923
Lainey Reef,Reef,Reefs,Florida to California,29.75469,-88.01523
Lake Borgne Reef,Reef,Reefs,Florida to California,30.07159,-89.58533
Lambriola Reef,Reef,Reefs,Florida to California,24.50035,-81.63227
Landing Craft Sirotkin Reef,Reef,Reefs,Florida to California,27.21437,-80.03438
Landshark Reef,Reef,Reefs,Florida to California,30.09006,-87.11876
Large Area Artificial Reef Site A,Reef,Reefs,Florida to California,30.01618,-85.90583
Large Ledge,Reef,Reefs,Florida to California,30.37033,-81.15070
Lark Reef,Reef,Reefs,Florida to California,30.05747,-88.60615
Larrys Hole,Reef,Reefs,Florida to California,27.20250,-79.96342
Lawrence Sims Reef,Reef,Reefs,Florida to California,30.00397,-88.03593
Ledbury Reef,Reef,Reefs,Florida to California,25.54619,-80.09871
Ledge Area,Reef,Reefs,Florida to California,26.37940,-82.38543
Ledge Good Area,Reef,Reefs,Florida to California,30.23431,-80.27049
Lee Harris Reef Center,Reef,Reefs,Florida to California,27.20549,-80.10330
Legacy Coral Reef,Reef,Reefs,Florida to California,26.75535,-80.02610
Leonard Lindsey Memorial,Reef,Reefs,Florida to California,29.91242,-85.53840
Leons Barge,Reef,Reefs,Florida to California,25.77803,-80.07286
Levee Reef,Reef,Reefs,Florida to California,29.44067,-94.89383
Liberty Ship Reef,Reef,Reefs,Florida to California,26.41912,-97.01017
Liberty Ship Reef,Reef,Reefs,Florida to California,27.55155,-96.83792
Liberty Ship Reef,Reef,Reefs,Florida to California,28.09213,-96.06535
Liberty Ship Reef,Reef,Reefs,Florida to California,28.57243,-94.79063
Liberty Ship Sparkman,Reef,Reefs,Florida to California,29.99635,-87.71693
Liberty Ship Thomas Hayward,Reef,Reefs,Florida to California,30.30640,-86.60364
Lido Channel Markers,Reef,Reefs,Florida to California,27.30526,-82.56538
Lighthouse,Reef,Reefs,Florida to California,32.38820,-117.24280
Lindberg Circle Reef 1 D,Reef,Reefs,Florida to California,30.15153,-86.29455
Lindberg Circle Reef 1 D,Reef,Reefs,Florida to California,30.16523,-86.27760
Little Conch Reef,Reef,Reefs,Florida to California,24.61233,-81.92137
Little Conch Reef,Reef,Reefs,Florida to California,24.93907,-80.47847
Little Conch Reef,Reef,Reefs,Florida to California,24.94250,-80.47383
Lois Dubois Reef,Reef,Reefs,Florida to California,28.45057,-80.09218
Long Key Reef,Reef,Reefs,Florida to California,24.44633,-81.76450
Long Key Reef,Reef,Reefs,Florida to California,24.70492,-80.82073
Long Key Reef,Reef,Reefs,Florida to California,24.70838,-80.82317
Long Key Reef,Reef,Reefs,Florida to California,24.71002,-80.81880
Long Key Reef,Reef,Reefs,Florida to California,24.71863,-80.82237
Long Key Reef,Reef,Reefs,Florida to California,24.72755,-80.83111
Long Key Reef,Reef,Reefs,Florida to California,24.73175,-80.82778
Long Key Reef,Reef,Reefs,Florida to California,24.73650,-80.82642
Long Reef,Reef,Reefs,Florida to California,25.42348,-80.12669
Loran Tower Reef,Reef,Reefs,Florida to California,27.04198,-80.05063
Loran Tower Reef,Reef,Reefs,Florida to California,27.06392,-80.03130
Loran Tower Reef,Reef,Reefs,Florida to California,27.06467,-80.03467
Lost Beazly Reef,Reef,Reefs,Florida to California,29.47883,-94.81667
Lost Point,Reef,Reefs,Florida to California,32.85100,-118.50350
Lost Reef,Reef,Reefs,Florida to California,25.16933,-80.25900
Lost Reef,Reef,Reefs,Florida to California,29.61167,-94.87367
Lower 500,Reef,Reefs,Florida to California,31.17500,-117.04170
Lower Cross,Reef,Reefs,Florida to California,31.00000,-118.00000
Lynn S Reef,Reef,Reefs,Florida to California,26.51110,-80.02165
M 11 Reef Balls,Reef,Reefs,Florida to California,26.98402,-82.71408
M A Y Reef,Reef,Reefs,Florida to California,26.37885,-81.92305
M Reef,Reef,Reefs,Florida to California,30.43117,-81.22250
M Reef,Reef,Reefs,Florida to California,30.44150,-81.22067
M Reef,Reef,Reefs,Florida to California,30.44867,-81.22383
M Reef,Reef,Reefs,Florida to California,30.46217,-81.23433
M Reef,Reef,Reefs,Florida to California,30.46333,-80.58750
M Reef,Reef,Reefs,Florida to California,30.49167,-81.38383
M/V Catharina,Reef,Reefs,Florida to California,25.91575,-80.07543
M/V Monarch Countess,Reef,Reefs,Florida to California,30.10582,-86.75837
M/V Shark,Reef,Reefs,Florida to California,25.90793,-80.07645
MAC S Reef,Reef,Reefs,Florida to California,29.98210,-85.83912
Mackerel Bank,Reef,Reefs,Florida to California,33.03670,-118.39330
Madeira Reef,Reef,Reefs,Florida to California,27.77167,-82.91500
Madeira Reef,Reef,Reefs,Florida to California,27.77591,-82.91451
Madeira Reef,Reef,Reefs,Florida to California,27.79900,-82.91382
Main 14 And 15 Large Ledge,Reef,Reefs,Florida to California,30.29717,-81.07583
Main 14 And 15 Mushroom Reef,Reef,Reefs,Florida to California,30.28633,-81.08067
Main Beach,Reef,Reefs,Florida to California,33.53830,-117.79170
Main Pass 243,Reef,Reefs,Florida to California,29.36579,-88.28136
Main Pass 293 S,Reef,Reefs,Florida to California,29.23192,-88.55964
Main Pass 296,Reef,Reefs,Florida to California,29.27946,-88.66473
Main Pass 300,Reef,Reefs,Florida to California,29.28102,-88.80410
Main Pass 305,Reef,Reefs,Florida to California,29.19673,-88.58508
Main Pass 306 N,Reef,Reefs,Florida to California,29.22512,-88.54811
Main Pass 306 S,Reef,Reefs,Florida to California,29.21550,-88.54174
Main Pass 312 Reef Site,Reef,Reefs,Florida to California,29.17997,-88.76442
Makay Reef,Reef,Reefs,Florida to California,30.04308,-87.05402
Malibu Artificial Reef,Reef,Reefs,Florida to California,34.02480,-118.65050
Malibu Center,Reef,Reefs,Florida to California,34.03028,-118.65056
Manhattan Hard Bottom,Reef,Reefs,Florida to California,33.88000,-118.43330
MAR A Lago Reefs,Reef,Reefs,Florida to California,26.67897,-80.02940
Mara,Reef,Reefs,Florida to California,30.09108,-87.19750
Marathon East Humps,Reef,Reefs,Florida to California,24.43862,-80.76012
Marathon Hump,Reef,Reefs,Florida to California,24.42550,-80.75350
Marathon Hump,Reef,Reefs,Florida to California,24.43635,-81.16796
Marathon Hump Area,Reef,Reefs,Florida to California,24.36667,-80.96667
Marathon Hump West Hump,Reef,Reefs,Florida to California,24.64788,-81.07742
Marathon Reef,Reef,Reefs,Florida to California,29.44825,-87.61650
Marathon Reef Site,Reef,Reefs,Florida to California,24.65083,-80.96312
Marco Island 2 Mile,Reef,Reefs,Florida to California,25.92415,-81.77021
Marco Island 2 Mile,Reef,Reefs,Florida to California,25.93035,-81.78275
Marco Island 2 Mile Reef,Reef,Reefs,Florida to California,25.92325,-81.76273
Marco Island 5 Mile Reef,Reef,Reefs,Florida to California,25.86293,-81.79780
Marco Island Bldrs Reef,Reef,Reefs,Florida to California,25.76172,-81.95352
Margaret S Reef,Reef,Reefs,Florida to California,30.44567,-81.22067
Margot Fish Shoal Patch Reef Complex,Reef,Reefs,Florida to California,25.44009,-80.17030
Marina Del Rey 1 Center,Reef,Reefs,Florida to California,33.96500,-118.48611
Marina Del Rey 2 Center,Reef,Reefs,Florida to California,33.96833,-118.48639
Marine Street,Reef,Reefs,Florida to California,32.83630,-117.29530
Marineland Reef 80ft,Reef,Reefs,Florida to California,33.73400,-118.40100
Mariner,Reef,Reefs,Florida to California,26.22255,-80.05315
Mariner,Reef,Reefs,Florida to California,26.23450,-80.06450
Mariner Outboard 1 Reef,Reef,Reefs,Florida to California,26.23128,-80.06138
Maritimer,Reef,Reefs,Florida to California,30.01521,-86.71329
Mark Phillips Memorial Reef,Reef,Reefs,Florida to California,30.11120,-85.83640
Marker 32 Reef,Reef,Reefs,Florida to California,24.47331,-81.74425
Marker 58 Reef,Reef,Reefs,Florida to California,29.51667,-94.88333
Marker 79 Reef,Reef,Reefs,Florida to California,29.62383,-94.96217
Marlow S Hump,Reef,Reefs,Florida to California,30.26933,-81.12000
Marquardts Barge,Reef,Reefs,Florida to California,29.89208,-85.54008
Marquesas Reef Line,Reef,Reefs,Florida to California,24.48000,-82.13250
Martin Memorial,Reef,Reefs,Florida to California,29.89067,-85.54470
Martin Reef,Reef,Reefs,Florida to California,27.21043,-80.10888
Martins Hump,Reef,Reefs,Florida to California,29.98434,-81.10885
Marty Jaron Memorial Reef,Reef,Reefs,Florida to California,29.91617,-85.54550
Mary And Frank Visconti Memorial Reef,Reef,Reefs,Florida to California,29.92433,-85.60055
Marys Reef,Reef,Reefs,Florida to California,26.77058,-82.30716
Matagorda Island 657,Reef,Reefs,Florida to California,28.02533,-96.60950
Matagorda Island 712 Reef,Reef,Reefs,Florida to California,27.83272,-96.50535
Matagorda Island A 7 Reef,Reef,Reefs,Florida to California,27.85550,-96.18995
Matagorda Island Liberty Ship Reef,Reef,Reefs,Florida to California,28.11660,-96.08668
Matthews Barge,Reef,Reefs,Florida to California,30.02467,-88.76423
May 1 Reef,Reef,Reefs,Florida to California,26.38313,-81.92775
May 5 Reef,Reef,Reefs,Florida to California,26.37820,-81.91812
May Reef,Reef,Reefs,Florida to California,26.37298,-81.91853
May Reef,Reef,Reefs,Florida to California,26.37543,-81.92317
May Reef,Reef,Reefs,Florida to California,26.37711,-81.90788
Mayor Whibbs Reef,Reef,Reefs,Florida to California,30.07728,-87.19438
MB 224 Military And Veterans,Reef,Reefs,Florida to California,29.91218,-85.58738
Mbara,Reef,Reefs,Florida to California,29.94043,-85.49733
Mbara Laars,Reef,Reefs,Florida to California,29.74058,-85.89600
Mbara Laars,Reef,Reefs,Florida to California,29.75553,-85.85346
Mbara Laars,Reef,Reefs,Florida to California,29.78280,-85.87313
Mbara Laars,Reef,Reefs,Florida to California,29.78309,-85.85315
MBT Reef,Reef,Reefs,Florida to California,30.10087,-87.15904
MC Comick Barge,Reef,Reefs,Florida to California,30.07409,-85.70600
MC KAY Reef,Reef,Reefs,Florida to California,30.06667,-87.06667
Mccormick Reef Outer Place,Reef,Reefs,Florida to California,29.83500,-80.96483
Mcmillian Barge,Reef,Reefs,Florida to California,29.97943,-88.04500
Memorial Reef,Reef,Reefs,Florida to California,28.39348,-80.29658
Mercy Hospital Reef,Reef,Reefs,Florida to California,25.73800,-80.07400
MF Reef,Reef,Reefs,Florida to California,30.29317,-81.08083
MG 111 Barge,Reef,Reefs,Florida to California,26.97798,-80.02527
MG Reef,Reef,Reefs,Florida to California,30.31617,-81.14633
MG Site - Japan Reference Reef,Reef,Reefs,Florida to California,30.30567,-81.13050
MG Site Japan FRP Tube Reef,Reef,Reefs,Florida to California,30.30713,-81.13140
Mickler Memorial Reef,Reef,Reefs,Florida to California,29.58900,-84.42798
Middle Grounds,Reef,Reefs,Florida to California,32.43000,-117.28000
Middle Harbor Hole,Reef,Reefs,Florida to California,26.82903,-82.10737
Mike Johnston Memorial Reef,Reef,Reefs,Florida to California,29.48182,-84.92938
Mikes Reef,Reef,Reefs,Florida to California,26.87215,-80.01380
Mile-562 - Port O'connor,Reef,Reefs,Florida to California,28.23200,-96.38500
Mile-681,Reef,Reefs,Florida to California,27.93700,-96.33500
Mile-703,Reef,Reefs,Florida to California,27.89500,-96.43000
Mile-712,Reef,Reefs,Florida to California,27.83400,-96.50600
Mile-A-7,Reef,Reefs,Florida to California,27.85500,-96.19100
Miramar Spur Ledge,Reef,Reefs,Florida to California,29.59984,-86.23068
Miramar/Frangista NE,Reef,Reefs,Florida to California,30.33002,-86.38048
Misener Barge,Reef,Reefs,Florida to California,27.55000,-82.84300
Miss Karlline,Reef,Reefs,Florida to California,25.81292,-80.08918
Missile Tower,Reef,Reefs,Florida to California,32.54158,-117.24650
Missing Reef,Reef,Reefs,Florida to California,29.45855,-94.81455
Missing Reef,Reef,Reefs,Florida to California,29.50417,-94.85000
Mission Bay Jetty,Reef,Reefs,Florida to California,32.75760,-117.25990
Mission Bay Park,Reef,Reefs,Florida to California,32.76667,-117.27528
Mission Bay Park Artificial Kelp Reef,Reef,Reefs,Florida to California,32.77000,-117.26780
Mission Bay Park Pier Pilings,Reef,Reefs,Florida to California,32.76420,-117.27530
Mission Beach,Reef,Reefs,Florida to California,32.77050,-117.27170
Mitchells Reef,Reef,Reefs,Florida to California,29.14455,-94.68007
Mitig Reefs,Reef,Reefs,Florida to California,27.56423,-83.06113
Mitigation Reefs,Reef,Reefs,Florida to California,27.55952,-82.80605
Molasses Reef,Reef,Reefs,Florida to California,25.00965,-80.37452
Molasses Reef NW,Reef,Reefs,Florida to California,25.01767,-80.36400
Molasses Reef SE,Reef,Reefs,Florida to California,25.01667,-80.37550
Montgomery Reef Big Hitler Reef,Reef,Reefs,Florida to California,30.44483,-81.22033
Montgomery Reef North Wreck,Reef,Reefs,Florida to California,30.48233,-81.22000
Montgomery Reef Old Tug,Reef,Reefs,Florida to California,30.43733,-81.22083
Montgomery Reef Tug Boat,Reef,Reefs,Florida to California,30.44417,-81.22250
Montgomery's Reef (MR),Reef,Reefs,Florida to California,30.44075,-81.22209
Montgomerys Reef,Reef,Reefs,Florida to California,30.43276,-81.14038
Moody Concrete Reef,Reef,Reefs,Florida to California,29.98548,-80.85868
Moody Reef,Reef,Reefs,Florida to California,29.98550,-80.85450
MR Site Bills Barge,Reef,Reefs,Florida to California,30.46266,-81.23833
MU-770 L - Lonestar,Reef,Reefs,Florida to California,27.69200,-96.97500
MU-775 - Corpus Christi,Reef,Reefs,Florida to California,27.64600,-97.00700
MU-828,Reef,Reefs,Florida to California,27.44900,-96.76300
MU-870,Reef,Reefs,Florida to California,27.31400,-96.86800
MU-A-103,Reef,Reefs,Florida to California,27.67200,-95.88000
MU-A-16,Reef,Reefs,Florida to California,27.43200,-96.52400
MU-A-31 A,Reef,Reefs,Florida to California,27.29400,-96.70100
MU-A-31 B,Reef,Reefs,Florida to California,27.28900,-96.73700
MU-A-85,Reef,Reefs,Florida to California,27.71200,-96.18300
Mulliphen Reef,Reef,Reefs,Florida to California,27.40700,-80.00700
Murpghy II Barge,Reef,Reefs,Florida to California,26.80216,-80.01833
Mushroom,Reef,Reefs,Florida to California,32.06670,-118.50000
Mustang Island 828 Reef,Reef,Reefs,Florida to California,27.44980,-96.76175
Mustang Island A 16 Reef GOM Shelf L L C,Reef,Reefs,Florida to California,27.43133,-96.52467
Mustang Island A 85 Reef,Reef,Reefs,Florida to California,27.71225,-96.18163
Mustang Island Liberty Ship Reef,Reef,Reefs,Florida to California,27.56790,-96.86003
Mystery Reef,Reef,Reefs,Florida to California,25.50367,-80.10683
N Padre Island,Reef,Reefs,Florida to California,26.78883,-97.15617
Naftal Reef,Reef,Reefs,Florida to California,25.70223,-81.91918
Naftal Reef,Reef,Reefs,Florida to California,25.78318,-81.68642
Narwal,Reef,Reefs,Florida to California,25.91072,-80.08425
Naui Reef,Reef,Reefs,Florida to California,28.13808,-80.19652
Navarre Deep Edge Ledge,Reef,Reefs,Florida to California,30.11954,-86.84820
Navy Barge,Reef,Reefs,Florida to California,30.18565,-87.24525
Navy Barge,Reef,Reefs,Florida to California,30.18662,-87.23710
Navy Camel Barge,Reef,Reefs,Florida to California,30.18838,-87.24300
Near 17 Hole,Reef,Reefs,Florida to California,30.04333,-87.23667
Near 17 Hole,Reef,Reefs,Florida to California,30.09433,-87.24433
Nelson Reef,Reef,Reefs,Florida to California,29.81863,-87.86038
Neptune Memorial Reef,Reef,Reefs,Florida to California,25.69020,-80.09075
Neptune Memorial Reef,Reef,Reefs,Florida to California,25.69591,-80.13522
Netherton Reef,Reef,Reefs,Florida to California,29.68236,-80.96848
New Pipe,Reef,Reefs,Florida to California,33.61070,-117.97380
New Pipe 2,Reef,Reefs,Florida to California,33.60400,-117.97720
New Point Loma Lighthouse,Reef,Reefs,Florida to California,32.66513,-117.24266
Newport Beach Center,Reef,Reefs,Florida to California,33.60361,-117.96361
Newport Reef #2,Reef,Reefs,Florida to California,33.60130,-117.95870
Newport Reef #3,Reef,Reefs,Florida to California,33.60220,-117.95830
Newport Reef #4,Reef,Reefs,Florida to California,33.60270,-117.95730
Newy Reef,Reef,Reefs,Florida to California,28.39707,-80.30613
Nickel Reef,Reef,Reefs,Florida to California,29.41956,-91.70764
Nine Mile North Reef,Reef,Reefs,Florida to California,29.91298,-81.11697
Nine Mile Reef,Reef,Reefs,Florida to California,29.15500,-80.81267
Nine Mile Reef,Reef,Reefs,Florida to California,29.15733,-80.82608
Nine Mile Reef,Reef,Reefs,Florida to California,29.87217,-81.13283
Nine Mile Reef,Reef,Reefs,Florida to California,29.89166,-81.13166
Nine Mile Reef,Reef,Reefs,Florida to California,29.91233,-81.12733
Nine Mile Reef,Reef,Reefs,Florida to California,29.91333,-81.12150
Nine Mile Reef,Reef,Reefs,Florida to California,29.92883,-81.12217
Nine Mile Reef,Reef,Reefs,Florida to California,29.93583,-81.10183
Nine Mile Reef Site,Reef,Reefs,Florida to California,30.38420,-81.16957
NM Reef,Reef,Reefs,Florida to California,30.39533,-81.17117
NM Reef,Reef,Reefs,Florida to California,30.40717,-81.16217
NM Site Barge,Reef,Reefs,Florida to California,30.40297,-81.17720
NM Site NM Barge,Reef,Reefs,Florida to California,30.38887,-81.17703
NM Site Tar Barge,Reef,Reefs,Florida to California,30.39222,-81.17105
NO Name Reef,Reef,Reefs,Florida to California,24.85823,-80.56620
North 9 Mile Reef Site,Reef,Reefs,Florida to California,29.89947,-81.11957
North BAR Reef,Reef,Reefs,Florida to California,29.54083,-94.86217
North Breakers Reef,Reef,Reefs,Florida to California,26.71332,-80.02418
North County Reef,Reef,Reefs,Florida to California,28.00038,-83.01290
North County Reef,Reef,Reefs,Florida to California,28.03355,-83.01265
North County Reef,Reef,Reefs,Florida to California,28.04150,-83.01450
North County Reef,Reef,Reefs,Florida to California,28.04165,-83.01035
North County Reef,Reef,Reefs,Florida to California,28.04960,-83.01220
North County Reef,Reef,Reefs,Florida to California,28.05805,-83.01030
North County Reef,Reef,Reefs,Florida to California,28.05828,-83.01458
North Nine Mile Reef,Reef,Reefs,Florida to California,29.90170,-81.12340
North Of Harms Ledge,Reef,Reefs,Florida to California,30.41001,-80.90364
North Padre Island 967 Reef,Reef,Reefs,Florida to California,26.86733,-97.04965
North Padre Island A 58 Reef,Reef,Reefs,Florida to California,26.93548,-96.75273
North Padre Island A 72 Reef,Reef,Reefs,Florida to California,26.87282,-96.77227
North west South Bank,Reef,Reefs,Florida to California,33.90000,-118.60780
Northeast Bank,Reef,Reefs,Florida to California,32.34670,-119.64000
Northwest Corner,Reef,Reefs,Florida to California,32.84380,-117.30770
Northwest Harbor,Reef,Reefs,Florida to California,33.03330,-118.58750
Nova Deep Reefballs,Reef,Reefs,Florida to California,26.12700,-80.08150
Nova Reef,Reef,Reefs,Florida to California,26.14800,-80.08017
Nova Reef ROC Artificial Reef,Reef,Reefs,Florida to California,26.15167,-80.08658
Novak Reef,Reef,Reefs,Florida to California,26.80950,-82.32833
NW May Reef,Reef,Reefs,Florida to California,26.37950,-81.92855
Oar 2 K Reef,Reef,Reefs,Florida to California,29.89342,-84.12782
Oar 2 K Reef,Reef,Reefs,Florida to California,29.91167,-84.21867
Oar/Wakulla DZ 1,Reef,Reefs,Florida to California,29.72681,-84.30051
Oar/Wakulla DZ 2,Reef,Reefs,Florida to California,29.72798,-84.30518
Oar/Wakulla DZ 2,Reef,Reefs,Florida to California,29.72864,-84.30833
Oar/Wakulla DZ 3,Reef,Reefs,Florida to California,29.73209,-84.28570
Oar/Wakulla DZ 3,Reef,Reefs,Florida to California,29.73405,-84.28888
Ocean Park Reef,Reef,Reefs,Florida to California,33.98700,-118.50300
Oceanside 1 Center,Reef,Reefs,Florida to California,33.18250,-117.41667
Oceanside 2 Center,Reef,Reefs,Florida to California,33.21117,-117.42883
Oceanside Artificial Reef 2 general area,Reef,Reefs,Florida to California,33.20580,-117.43450
Oceanside Harbor,Reef,Reefs,Florida to California,33.20620,-117.40000
Okaloosa CTY Reef,Reef,Reefs,Florida to California,30.36185,-86.41872
Okaloosa Millenium Reef,Reef,Reefs,Florida to California,30.14213,-86.81885
Okaloosa Reef Odyssey,Reef,Reefs,Florida to California,30.14883,-86.67680
Okeefe Reef,Reef,Reefs,Florida to California,29.73405,-85.69427
Okinawa Reef,Reef,Reefs,Florida to California,26.23352,-80.07017
Old Bay WAY Bridge Reef,Reef,Reefs,Florida to California,27.72144,-82.97397
Oops Barge,Reef,Reefs,Florida to California,30.21888,-87.23022
Oops Barge,Reef,Reefs,Florida to California,30.22028,-87.23317
OP Reef,Reef,Reefs,Florida to California,29.83850,-80.95500
OP Reef,Reef,Reefs,Florida to California,29.83883,-80.95950
Oriskany Memorial Reef,Reef,Reefs,Florida to California,30.04258,-87.00662
Osborn Bank,Reef,Reefs,Florida to California,33.36000,-119.04170
Outreef 1,Reef,Reefs,Florida to California,27.10168,-83.05175
Oyster Reef,Reef,Reefs,Florida to California,28.92439,-82.72410
Ozark,Reef,Reefs,Florida to California,29.91838,-86.58210
Ozark Hook,Reef,Reefs,Florida to California,29.89001,-86.59189
Pacific Beach Center,Reef,Reefs,Florida to California,32.79306,-117.27639
Pacific Beach Point,Reef,Reefs,Florida to California,32.81020,-117.29220
Pacific Reef,Reef,Reefs,Florida to California,25.37067,-80.14005
Palawan,Reef,Reefs,Florida to California,33.82361,-118.41472
Palm Island Barge Reef,Reef,Reefs,Florida to California,26.82035,-82.53132
Palos Verdes Reef - #1,Reef,Reefs,Florida to California,33.72156,-118.34642
Palos Verdes Reef - #10,Reef,Reefs,Florida to California,33.71989,-118.34244
Palos Verdes Reef - #11,Reef,Reefs,Florida to California,33.72036,-118.34206
Palos Verdes Reef - #12,Reef,Reefs,Florida to California,33.71933,-118.34231
Palos Verdes Reef - #13,Reef,Reefs,Florida to California,33.72103,-118.34353
Palos Verdes Reef - #15,Reef,Reefs,Florida to California,33.71997,-118.34350
Palos Verdes Reef - #16,Reef,Reefs,Florida to California,33.72281,-118.34942
Palos Verdes Reef - #17,Reef,Reefs,Florida to California,33.72258,-118.34875
Palos Verdes Reef - #4,Reef,Reefs,Florida to California,33.72047,-118.34489
Palos Verdes Reef - #5,Reef,Reefs,Florida to California,33.72158,-118.34544
Palos Verdes Reef - #6,Reef,Reefs,Florida to California,33.72100,-118.34506
Palos Verdes Reef - #7,Reef,Reefs,Florida to California,33.71900,-118.34014
Palos Verdes Reef - #8,Reef,Reefs,Florida to California,33.71856,-118.34061
Paolos Reef,Reef,Reefs,Florida to California,30.10217,-87.17667
Papas Reef,Reef,Reefs,Florida to California,26.23503,-80.05638
Paradise Cove,Reef,Reefs,Florida to California,34.01670,-118.78330
Paradise Hole,Reef,Reefs,Florida to California,30.21470,-87.16795
Paradise Hole,Reef,Reefs,Florida to California,30.21530,-87.16250
Paradise Hole,Reef,Reefs,Florida to California,30.21583,-87.17400
Paradiso Wreck,Reef,Reefs,Florida to California,25.72414,-80.12741
Paraiso Ship,Reef,Reefs,Florida to California,25.70153,-80.08730
Parker And Humble Reef,Reef,Reefs,Florida to California,29.51250,-94.96000
Parks Recreation,Reef,Reefs,Florida to California,30.59546,-81.26606
Party Grounds S E Tip,Reef,Reefs,Florida to California,29.16217,-80.53828
Pasco Reef,Reef,Reefs,Florida to California,28.29175,-83.01973
Pasco Reef,Reef,Reefs,Florida to California,28.37097,-82.94998
Pasco Reef 4 Hudson,Reef,Reefs,Florida to California,28.37430,-82.94998
Pass A Grille Reef,Reef,Reefs,Florida to California,27.66657,-82.99963
Pass A Grille Reef,Reef,Reefs,Florida to California,27.68125,-82.95097
Pass A Grille Reef,Reef,Reefs,Florida to California,27.70457,-82.99848
PAT Donnelly Reef,Reef,Reefs,Florida to California,30.07810,-87.18575
Patch Reef,Reef,Reefs,Florida to California,24.45326,-81.89582
Patch Reef,Reef,Reefs,Florida to California,24.45704,-81.89727
Patch Reef,Reef,Reefs,Florida to California,24.45918,-81.91098
Patch Reef,Reef,Reefs,Florida to California,24.46654,-81.89737
Patch Reef,Reef,Reefs,Florida to California,24.46767,-81.87215
Patch Reef,Reef,Reefs,Florida to California,24.47176,-81.87341
Patch Reef,Reef,Reefs,Florida to California,24.47265,-81.95523
Patch Reef,Reef,Reefs,Florida to California,24.47267,-82.08560
Patch Reef,Reef,Reefs,Florida to California,24.47437,-81.89809
Patch Reef,Reef,Reefs,Florida to California,24.47584,-81.87507
Patch Reef,Reef,Reefs,Florida to California,24.47613,-81.88258
Patch Reef,Reef,Reefs,Florida to California,24.47658,-82.01603
Patch Reef,Reef,Reefs,Florida to California,24.47771,-81.93303
Patch Reef,Reef,Reefs,Florida to California,24.47775,-82.05461
Patch Reef,Reef,Reefs,Florida to California,24.47780,-81.87222
Patch Reef,Reef,Reefs,Florida to California,24.47865,-81.88628
Patch Reef,Reef,Reefs,Florida to California,24.47973,-81.93975
Patch Reef,Reef,Reefs,Florida to California,24.48082,-81.93354
Patch Reef,Reef,Reefs,Florida to California,24.48245,-81.85548
Patch Reef,Reef,Reefs,Florida to California,24.48433,-81.82890
Patch Reef,Reef,Reefs,Florida to California,24.48481,-81.76278
Patch Reef,Reef,Reefs,Florida to California,24.48546,-81.88157
Patch Reef,Reef,Reefs,Florida to California,24.48740,-82.01157
Patch Reef,Reef,Reefs,Florida to California,24.49235,-81.70359
Patch Reef,Reef,Reefs,Florida to California,24.49557,-81.73214
Patch Reef,Reef,Reefs,Florida to California,24.49676,-81.69897
Patch Reef,Reef,Reefs,Florida to California,24.49861,-81.73040
Patch Reef,Reef,Reefs,Florida to California,24.49912,-81.69215
Patch Reef,Reef,Reefs,Florida to California,24.50129,-81.67983
Patch Reef,Reef,Reefs,Florida to California,24.50162,-81.66722
Patch Reef,Reef,Reefs,Florida to California,24.50516,-81.72092
Patch Reef,Reef,Reefs,Florida to California,24.51657,-81.61409
Patch Reef,Reef,Reefs,Florida to California,24.52129,-81.66232
Patch Reef,Reef,Reefs,Florida to California,24.52157,-81.66566
Patch Reef,Reef,Reefs,Florida to California,24.52497,-81.62942
Patch Reef,Reef,Reefs,Florida to California,24.52626,-81.65749
Patch Reef,Reef,Reefs,Florida to California,24.52680,-81.63753
Patch Reef,Reef,Reefs,Florida to California,24.52796,-81.64836
Patch Reef,Reef,Reefs,Florida to California,24.52852,-81.64476
Patch Reef,Reef,Reefs,Florida to California,24.52879,-81.63369
Patch Reef,Reef,Reefs,Florida to California,24.52959,-81.61396
Patch Reef,Reef,Reefs,Florida to California,24.53016,-81.62341
Patch Reef,Reef,Reefs,Florida to California,24.53121,-81.64803
Patch Reef,Reef,Reefs,Florida to California,24.53160,-81.63450
Patch Reef,Reef,Reefs,Florida to California,24.53258,-81.60926
Patch Reef,Reef,Reefs,Florida to California,24.53409,-81.61827
Patch Reef,Reef,Reefs,Florida to California,24.53528,-81.47092
Patch Reef,Reef,Reefs,Florida to California,24.53750,-81.59407
Patch Reef,Reef,Reefs,Florida to California,24.53828,-81.62888
Patch Reef,Reef,Reefs,Florida to California,24.54064,-81.61658
Patch Reef,Reef,Reefs,Florida to California,24.54292,-81.60184
Patch Reef,Reef,Reefs,Florida to California,24.54472,-81.57610
Patch Reef,Reef,Reefs,Florida to California,24.54563,-81.57913
Patch Reef,Reef,Reefs,Florida to California,24.54637,-81.60589
Patch Reef,Reef,Reefs,Florida to California,24.54641,-81.59585
Patch Reef,Reef,Reefs,Florida to California,24.54743,-81.56665
Patch Reef,Reef,Reefs,Florida to California,24.54939,-81.52963
Patch Reef,Reef,Reefs,Florida to California,24.54940,-81.57686
Patch Reef,Reef,Reefs,Florida to California,24.54947,-81.59321
Patch Reef,Reef,Reefs,Florida to California,24.55099,-81.58148
Patch Reef,Reef,Reefs,Florida to California,24.55289,-81.52306
Patch Reef,Reef,Reefs,Florida to California,24.55357,-81.62083
Patch Reef,Reef,Reefs,Florida to California,24.55477,-81.61591
Patch Reef,Reef,Reefs,Florida to California,24.55711,-81.50959
Patch Reef,Reef,Reefs,Florida to California,24.55767,-81.54562
Patch Reef,Reef,Reefs,Florida to California,24.55849,-81.51333
Patch Reef,Reef,Reefs,Florida to California,24.56322,-81.49098
Patch Reef,Reef,Reefs,Florida to California,24.56573,-81.46903
Patch Reef,Reef,Reefs,Florida to California,24.56959,-81.38163
Patch Reef,Reef,Reefs,Florida to California,24.57574,-81.45024
Patch Reef,Reef,Reefs,Florida to California,24.57756,-81.44775
Patch Reef,Reef,Reefs,Florida to California,24.57864,-81.43876
Patch Reef,Reef,Reefs,Florida to California,24.58266,-81.43603
Patch Reef,Reef,Reefs,Florida to California,24.58619,-81.41230
Patch Reef,Reef,Reefs,Florida to California,24.58790,-81.40490
Patch Reef,Reef,Reefs,Florida to California,24.58942,-81.39523
Patch Reef,Reef,Reefs,Florida to California,24.59046,-81.40197
Patch Reef,Reef,Reefs,Florida to California,24.59086,-81.37887
Patch Reef,Reef,Reefs,Florida to California,24.59453,-81.37724
Patch Reef,Reef,Reefs,Florida to California,24.59658,-81.32177
Patch Reef,Reef,Reefs,Florida to California,24.59773,-81.38518
Patch Reef,Reef,Reefs,Florida to California,24.60051,-81.32223
Patch Reef,Reef,Reefs,Florida to California,24.60221,-81.31936
Patch Reef,Reef,Reefs,Florida to California,24.61998,-81.27112
Patch Reef,Reef,Reefs,Florida to California,24.66423,-81.07367
Patch Reef,Reef,Reefs,Florida to California,24.68849,-81.03747
Patch Reef,Reef,Reefs,Florida to California,24.69013,-81.03392
Patch Reef,Reef,Reefs,Florida to California,24.69381,-81.04048
Patch Reef,Reef,Reefs,Florida to California,24.69877,-80.95556
Patch Reef,Reef,Reefs,Florida to California,24.70115,-80.96556
Patch Reef,Reef,Reefs,Florida to California,24.71299,-80.97304
Patch Reef,Reef,Reefs,Florida to California,24.71768,-80.96051
Patch Reef,Reef,Reefs,Florida to California,24.72768,-80.92625
Patch Reef,Reef,Reefs,Florida to California,24.73227,-80.83226
Patch Reef,Reef,Reefs,Florida to California,24.88383,-81.70033
Patch Reef,Reef,Reefs,Florida to California,24.93953,-80.54902
Patch Reef,Reef,Reefs,Florida to California,24.94409,-80.50252
Patch Reef,Reef,Reefs,Florida to California,24.95122,-80.53486
Patch Reef,Reef,Reefs,Florida to California,24.95340,-80.49350
Patch Reef,Reef,Reefs,Florida to California,24.95597,-80.49554
Patch Reef,Reef,Reefs,Florida to California,24.97978,-80.43978
Patch Reef,Reef,Reefs,Florida to California,24.98339,-80.44204
Patch Reef,Reef,Reefs,Florida to California,24.98604,-80.44944
Patch Reef,Reef,Reefs,Florida to California,24.99568,-80.46182
Patch Reef,Reef,Reefs,Florida to California,24.99901,-80.42266
Patch Reef,Reef,Reefs,Florida to California,25.00355,-80.42152
Patch Reef,Reef,Reefs,Florida to California,25.00776,-80.41347
Patch Reef,Reef,Reefs,Florida to California,25.00989,-80.44629
Patch Reef,Reef,Reefs,Florida to California,25.01086,-80.41206
Patch Reef,Reef,Reefs,Florida to California,25.01254,-80.41872
Patch Reef,Reef,Reefs,Florida to California,25.01466,-80.41125
Patch Reef,Reef,Reefs,Florida to California,25.01725,-80.43056
Patch Reef,Reef,Reefs,Florida to California,25.01935,-80.39546
Patch Reef,Reef,Reefs,Florida to California,25.02228,-80.39478
Patch Reef,Reef,Reefs,Florida to California,25.02273,-80.40554
Patch Reef,Reef,Reefs,Florida to California,25.02585,-80.38649
Patch Reef,Reef,Reefs,Florida to California,25.02746,-80.38297
Patch Reef,Reef,Reefs,Florida to California,25.02945,-80.39830
Patch Reef,Reef,Reefs,Florida to California,25.02951,-80.36680
Patch Reef,Reef,Reefs,Florida to California,25.03085,-80.38295
Patch Reef,Reef,Reefs,Florida to California,25.03358,-80.39106
Patch Reef,Reef,Reefs,Florida to California,25.03376,-80.36644
Patch Reef,Reef,Reefs,Florida to California,25.03665,-80.36077
Patch Reef,Reef,Reefs,Florida to California,25.03999,-80.41747
Patch Reef,Reef,Reefs,Florida to California,25.04057,-80.42500
Patch Reef,Reef,Reefs,Florida to California,25.04151,-80.42054
Patch Reef,Reef,Reefs,Florida to California,25.04250,-80.37214
Patch Reef,Reef,Reefs,Florida to California,25.04724,-80.36898
Patch Reef,Reef,Reefs,Florida to California,25.06202,-80.35968
Patch Reef,Reef,Reefs,Florida to California,25.06721,-80.39479
Patch Reef,Reef,Reefs,Florida to California,25.07223,-80.35378
Patch Reef,Reef,Reefs,Florida to California,25.07244,-80.37724
Patch Reef,Reef,Reefs,Florida to California,25.07577,-80.37980
Patch Reef,Reef,Reefs,Florida to California,25.07778,-80.38831
Patch Reef,Reef,Reefs,Florida to California,25.09672,-80.35810
Patch Reef,Reef,Reefs,Florida to California,25.10418,-80.34469
Patch Reef,Reef,Reefs,Florida to California,25.10904,-80.33887
Patch Reef,Reef,Reefs,Florida to California,25.11964,-80.30346
Patch Reef,Reef,Reefs,Florida to California,25.12118,-80.30816
Patch Reef,Reef,Reefs,Florida to California,25.12520,-80.30036
Patch Reef,Reef,Reefs,Florida to California,25.13070,-80.30362
Patch Reef,Reef,Reefs,Florida to California,25.13863,-80.29990
Patch Reef,Reef,Reefs,Florida to California,25.14199,-80.28313
Patch Reef,Reef,Reefs,Florida to California,25.14368,-80.26879
Patch Reef,Reef,Reefs,Florida to California,25.14780,-80.26987
Patch Reef,Reef,Reefs,Florida to California,25.18064,-80.28762
Patch Reef,Reef,Reefs,Florida to California,25.18466,-80.29392
Patch Reef,Reef,Reefs,Florida to California,25.18717,-80.25106
Patch Reef,Reef,Reefs,Florida to California,25.18901,-80.24739
Patch Reef,Reef,Reefs,Florida to California,25.19875,-80.28613
Patch Reef,Reef,Reefs,Florida to California,25.20774,-80.28342
Patch Reef,Reef,Reefs,Florida to California,25.20834,-80.27181
Patch Reef,Reef,Reefs,Florida to California,25.20962,-80.22376
Patch Reef,Reef,Reefs,Florida to California,25.21090,-80.22999
Patch Reef,Reef,Reefs,Florida to California,25.21517,-80.27426
Patch Reef,Reef,Reefs,Florida to California,25.21537,-80.26483
Patch Reef,Reef,Reefs,Florida to California,25.21606,-80.22463
Patch Reef,Reef,Reefs,Florida to California,25.21670,-80.26163
Patch Reef,Reef,Reefs,Florida to California,25.22150,-80.28091
Patch Reef,Reef,Reefs,Florida to California,25.22558,-80.22031
Patch Reef,Reef,Reefs,Florida to California,25.22849,-80.27539
Patch Reef,Reef,Reefs,Florida to California,25.23109,-80.25596
Patch Reef,Reef,Reefs,Florida to California,25.23153,-80.25079
Patch Reef,Reef,Reefs,Florida to California,25.23386,-80.24422
Patch Reef,Reef,Reefs,Florida to California,25.23538,-80.21664
Patch Reef,Reef,Reefs,Florida to California,25.23593,-80.25480
Patch Reef,Reef,Reefs,Florida to California,25.23806,-80.27051
Patch Reef,Reef,Reefs,Florida to California,25.23981,-80.25645
Patch Reef,Reef,Reefs,Florida to California,25.24551,-80.21146
Patch Reef,Reef,Reefs,Florida to California,25.24715,-80.20639
Patch Reef,Reef,Reefs,Florida to California,25.25388,-80.22357
Patch Reef,Reef,Reefs,Florida to California,25.25544,-80.21540
Patch Reef,Reef,Reefs,Florida to California,25.25709,-80.22104
Patch Reef,Reef,Reefs,Florida to California,25.27011,-80.24878
Patch Reef,Reef,Reefs,Florida to California,25.27219,-80.23087
Patch Reef,Reef,Reefs,Florida to California,25.27818,-80.20583
Patch Reef,Reef,Reefs,Florida to California,25.28027,-80.23970
Patch Reef,Reef,Reefs,Florida to California,25.28235,-80.23557
Patch Reef,Reef,Reefs,Florida to California,25.28697,-80.20232
Patch Reef,Reef,Reefs,Florida to California,25.28991,-80.17161
Patch Reef,Reef,Reefs,Florida to California,25.29026,-80.21393
Patch Reef,Reef,Reefs,Florida to California,25.29060,-80.22968
Patch Reef,Reef,Reefs,Florida to California,25.29331,-80.20177
Patch Reef,Reef,Reefs,Florida to California,25.29731,-80.19722
Patch Reef,Reef,Reefs,Florida to California,25.29922,-80.23005
Patch Reef,Reef,Reefs,Florida to California,25.29981,-80.19596
Patch Reef,Reef,Reefs,Florida to California,25.30020,-80.21896
Patch Reef,Reef,Reefs,Florida to California,25.30324,-80.22964
Patch Reef,Reef,Reefs,Florida to California,25.30589,-80.22759
Patch Reef,Reef,Reefs,Florida to California,25.30895,-80.20019
Patch Reef,Reef,Reefs,Florida to California,25.31062,-80.19761
Patch Reef,Reef,Reefs,Florida to California,25.32056,-80.21479
Patch Reef,Reef,Reefs,Florida to California,25.32989,-80.19994
Patch Reef,Reef,Reefs,Florida to California,25.33143,-80.17592
Patch Reef,Reef,Reefs,Florida to California,25.33238,-80.19112
Patch Reef,Reef,Reefs,Florida to California,25.33421,-80.20429
Patch Reef,Reef,Reefs,Florida to California,25.33612,-80.19758
Patch Reef,Reef,Reefs,Florida to California,25.34091,-80.20152
Patch Reef,Reef,Reefs,Florida to California,25.34288,-80.17263
Patch Reef,Reef,Reefs,Florida to California,25.34558,-80.18947
Patch Reef,Reef,Reefs,Florida to California,25.34575,-80.18641
Patch Reef,Reef,Reefs,Florida to California,25.34672,-80.17149
Patch Reef,Reef,Reefs,Florida to California,25.34756,-80.19982
Patch Reef,Reef,Reefs,Florida to California,25.34758,-80.19275
Patch Reef,Reef,Reefs,Florida to California,25.34967,-80.19776
Patch Reef,Reef,Reefs,Florida to California,25.35029,-80.17440
Patch Reef,Reef,Reefs,Florida to California,25.35311,-80.17332
Patch Reef,Reef,Reefs,Florida to California,25.35516,-80.15702
Patch Reef,Reef,Reefs,Florida to California,25.35652,-80.18606
Patch Reef,Reef,Reefs,Florida to California,25.35829,-80.15075
Patch Reef,Reef,Reefs,Florida to California,25.36047,-80.16240
Patch Reef,Reef,Reefs,Florida to California,25.36112,-80.18167
Patch Reef,Reef,Reefs,Florida to California,25.36243,-80.17045
Patch Reef,Reef,Reefs,Florida to California,25.36441,-80.15660
Patch Reef,Reef,Reefs,Florida to California,25.36526,-80.17184
Patch Reef,Reef,Reefs,Florida to California,25.36581,-80.16795
Patch Reef,Reef,Reefs,Florida to California,25.36758,-80.18578
Patch Reef,Reef,Reefs,Florida to California,25.36829,-80.15211
Patch Reef,Reef,Reefs,Florida to California,25.36928,-80.18237
Patch Reef,Reef,Reefs,Florida to California,25.37018,-80.16015
Patch Reef,Reef,Reefs,Florida to California,25.37142,-80.18856
Patch Reef,Reef,Reefs,Florida to California,25.37224,-80.18292
Patch Reef,Reef,Reefs,Florida to California,25.37608,-80.18345
Patch Reef,Reef,Reefs,Florida to California,25.37708,-80.17487
Patch Reef,Reef,Reefs,Florida to California,25.37818,-80.17165
Patch Reef,Reef,Reefs,Florida to California,25.37860,-80.18631
Patch Reef,Reef,Reefs,Florida to California,25.37908,-80.16764
Patch Reef,Reef,Reefs,Florida to California,25.37955,-80.15079
Patch Reef,Reef,Reefs,Florida to California,25.38138,-80.17816
Patch Reef,Reef,Reefs,Florida to California,25.38206,-80.16979
Patch Reef,Reef,Reefs,Florida to California,25.38298,-80.16610
Patch Reef,Reef,Reefs,Florida to California,25.38601,-80.17024
Patch Reef,Reef,Reefs,Florida to California,25.39048,-80.14825
Patch Reef,Reef,Reefs,Florida to California,25.39287,-80.15809
Patch Reef,Reef,Reefs,Florida to California,25.39352,-80.17384
Patch Reef,Reef,Reefs,Florida to California,25.39443,-80.16133
Patch Reef,Reef,Reefs,Florida to California,25.39759,-80.15406
Patch Reef,Reef,Reefs,Florida to California,25.39916,-80.20042
Patch Reef,Reef,Reefs,Florida to California,25.39989,-80.15963
Patch Reef,Reef,Reefs,Florida to California,25.40486,-80.17367
Patch Reef,Reef,Reefs,Florida to California,25.40520,-80.16100
Patch Reef,Reef,Reefs,Florida to California,25.40816,-80.17038
Patch Reef,Reef,Reefs,Florida to California,25.40842,-80.15232
Patch Reef,Reef,Reefs,Florida to California,25.40930,-80.14181
Patch Reef,Reef,Reefs,Florida to California,25.41087,-80.17091
Patch Reef,Reef,Reefs,Florida to California,25.41348,-80.14092
Patch Reef,Reef,Reefs,Florida to California,25.41477,-80.15197
Patch Reef,Reef,Reefs,Florida to California,25.41572,-80.16685
Patch Reef,Reef,Reefs,Florida to California,25.41744,-80.13914
Patch Reef,Reef,Reefs,Florida to California,25.41840,-80.16585
Patch Reef,Reef,Reefs,Florida to California,25.42028,-80.13667
Patch Reef,Reef,Reefs,Florida to California,25.42209,-80.16755
Patch Reef,Reef,Reefs,Florida to California,25.42267,-80.16446
Patch Reef,Reef,Reefs,Florida to California,25.43068,-80.13167
Patch Reef,Reef,Reefs,Florida to California,25.43129,-80.13797
Patch Reef,Reef,Reefs,Florida to California,25.43403,-80.19290
Patch Reef,Reef,Reefs,Florida to California,25.43796,-80.13754
Patch Reef,Reef,Reefs,Florida to California,25.44314,-80.13852
Patch Reef,Reef,Reefs,Florida to California,25.44517,-80.14177
Patch Reef,Reef,Reefs,Florida to California,25.44666,-80.16170
Patch Reef,Reef,Reefs,Florida to California,25.44836,-80.14237
Patch Reef,Reef,Reefs,Florida to California,25.45086,-80.15465
Patch Reef,Reef,Reefs,Florida to California,25.45154,-80.15150
Patch Reef,Reef,Reefs,Florida to California,25.45244,-80.14288
Patch Reef,Reef,Reefs,Florida to California,25.45425,-80.14847
Patch Reef,Reef,Reefs,Florida to California,25.45449,-80.13711
Patch Reef,Reef,Reefs,Florida to California,25.45542,-80.14161
Patch Reef,Reef,Reefs,Florida to California,25.45638,-80.15876
Patch Reef,Reef,Reefs,Florida to California,25.45730,-80.13343
Patch Reef,Reef,Reefs,Florida to California,25.45982,-80.15159
Patch Reef,Reef,Reefs,Florida to California,25.46155,-80.14617
Patch Reef,Reef,Reefs,Florida to California,25.46300,-80.13815
Patch Reef,Reef,Reefs,Florida to California,25.46476,-80.12991
Patch Reef,Reef,Reefs,Florida to California,25.46574,-80.13514
Patch Reef,Reef,Reefs,Florida to California,25.46810,-80.15104
Patch Reef,Reef,Reefs,Florida to California,25.47077,-80.14236
Patch Reef,Reef,Reefs,Florida to California,25.47094,-80.14917
Patch Reef,Reef,Reefs,Florida to California,25.47368,-80.15068
Patch Reef,Reef,Reefs,Florida to California,25.47422,-80.14766
Patch Reef,Reef,Reefs,Florida to California,25.48092,-80.14084
Patch Reef,Reef,Reefs,Florida to California,25.48382,-80.14224
Patch Reef,Reef,Reefs,Florida to California,25.48614,-80.15120
Patch Reef,Reef,Reefs,Florida to California,25.48751,-80.13355
Patch Reef,Reef,Reefs,Florida to California,25.48834,-80.14240
Patch Reef,Reef,Reefs,Florida to California,25.48943,-80.12787
Patch Reef,Reef,Reefs,Florida to California,25.49042,-80.13457
Patch Reef,Reef,Reefs,Florida to California,25.49088,-80.13987
Patch Reef,Reef,Reefs,Florida to California,25.49379,-80.13472
Patch Reef,Reef,Reefs,Florida to California,25.49670,-80.14160
Patch Reef,Reef,Reefs,Florida to California,25.50134,-80.13195
Patch Reef,Reef,Reefs,Florida to California,25.50424,-80.13020
Patch Reef,Reef,Reefs,Florida to California,25.50943,-80.14015
Patch Reef,Reef,Reefs,Florida to California,25.51421,-80.12391
Patch Reef,Reef,Reefs,Florida to California,25.51629,-80.12143
Patch Reef,Reef,Reefs,Florida to California,25.52180,-80.11267
Patch Reef,Reef,Reefs,Florida to California,25.52387,-80.11803
Patch Reef,Reef,Reefs,Florida to California,25.52526,-80.13410
Patch Reef,Reef,Reefs,Florida to California,25.52991,-80.14205
Patch Reef,Reef,Reefs,Florida to California,25.54592,-80.13735
Patch Reef,Reef,Reefs,Florida to California,25.56193,-80.12581
Patch Reef,Reef,Reefs,Florida to California,26.99012,-80.02497
Patchreef 0,Reef,Reefs,Florida to California,25.05843,-80.34657
Patchreeff,Reef,Reefs,Florida to California,24.55839,-81.37843
Patton Ridge,Reef,Reefs,Florida to California,33.50000,-120.50000
Paul Jacquin Reef,Reef,Reefs,Florida to California,27.39870,-80.04965
Paul Mains Reef,Reef,Reefs,Florida to California,30.33100,-81.18367
Paul S Reef,Reef,Reefs,Florida to California,26.64262,-80.00940
Pauls Reef,Reef,Reefs,Florida to California,26.65272,-80.02082
Pavilion Key 6 Mile Reef,Reef,Reefs,Florida to California,25.68270,-81.46350
Pavilion Key 6 Mile Reef,Reef,Reefs,Florida to California,25.68833,-81.46667
Pavilion Key Reef,Reef,Reefs,Florida to California,25.69358,-81.46780
Pbff Reef,Reef,Reefs,Florida to California,26.79435,-80.00240
PC Barge Towers,Reef,Reefs,Florida to California,30.18588,-87.22448
Pcmi Barge,Reef,Reefs,Florida to California,30.11658,-85.82623
Pcmi Barge Site Tires,Reef,Reefs,Florida to California,30.11318,-85.82613
Pcmi Barge Site Tires,Reef,Reefs,Florida to California,30.12026,-85.82211
Peanut Bank,Reef,Reefs,Florida to California,31.33330,-116.75000
Peanut Reef,Reef,Reefs,Florida to California,30.13645,-88.10559
Peanut Reef East,Reef,Reefs,Florida to California,30.13466,-88.10147
Pendleton Center,Reef,Reefs,Florida to California,33.32500,-117.52833
Penhall II Reef,Reef,Reefs,Florida to California,30.08333,-87.18333
Penhall Reef,Reef,Reefs,Florida to California,30.09200,-87.19167
Pennels Reef,Reef,Reefs,Florida to California,26.31967,-80.06800
Pens Fishingforum Reef,Reef,Reefs,Florida to California,30.09537,-87.14740
Pensacola Bay Fishing Bridge Reef Site,Reef,Reefs,Florida to California,30.11200,-87.16117
Pensacola Bay Fishing Bridge Reef Site,Reef,Reefs,Florida to California,30.11217,-87.20400
Pfleuger Reef,Reef,Reefs,Florida to California,25.83488,-80.08567
Pflueger Reef,Reef,Reefs,Florida to California,25.79012,-80.06385
Pflueger Reef,Reef,Reefs,Florida to California,25.79912,-80.08485
Pflueger Reef,Reef,Reefs,Florida to California,25.80303,-80.08345
Pflueger Reef,Reef,Reefs,Florida to California,25.80552,-80.06837
Pflueger Reef,Reef,Reefs,Florida to California,25.80638,-80.08785
Pflueger Reef,Reef,Reefs,Florida to California,25.80785,-80.06095
Pflueger Reef,Reef,Reefs,Florida to California,25.81062,-80.06590
Pflueger Reef,Reef,Reefs,Florida to California,25.82023,-80.09350
Pflueger Reef,Reef,Reefs,Florida to California,25.82535,-80.07220
Pflueger Reef Site,Reef,Reefs,Florida to California,25.82612,-80.08464
PG Reef Drop,Reef,Reefs,Florida to California,30.33683,-81.18922
PG Site Barge,Reef,Reefs,Florida to California,30.33866,-81.19650
Phinizy Reef,Reef,Reefs,Florida to California,29.90258,-85.47400
Pickles Reef,Reef,Reefs,Florida to California,25.94717,-82.87500
Picnic Island Reef,Reef,Reefs,Florida to California,27.83278,-82.56010
Picnic Island Reef,Reef,Reefs,Florida to California,27.83634,-82.56071
Pinellas II Reef,Reef,Reefs,Florida to California,27.87982,-83.18597
Pinnacles,Reef,Reefs,Florida to California,33.53000,-117.78080
Pipe Reef,Reef,Reefs,Florida to California,30.20708,-87.19160
Pirate Harbor Hole,Reef,Reefs,Florida to California,26.79610,-82.10163
Pitas Point,Reef,Reefs,Florida to California,34.30222,-119.36833
Platform Margin Reef,Reef,Reefs,Florida to California,24.43808,-81.90037
Platform Margin Reef,Reef,Reefs,Florida to California,24.44893,-81.92011
Platform Margin Reef,Reef,Reefs,Florida to California,24.44978,-82.10009
Platform Margin Reef,Reef,Reefs,Florida to California,24.45053,-81.91748
Platform Margin Reef,Reef,Reefs,Florida to California,24.45140,-81.92427
Platform Margin Reef,Reef,Reefs,Florida to California,24.45233,-82.03384
Platform Margin Reef,Reef,Reefs,Florida to California,24.45256,-81.92727
Platform Margin Reef,Reef,Reefs,Florida to California,24.45298,-82.00158
Platform Margin Reef,Reef,Reefs,Florida to California,24.45598,-81.97772
Platform Margin Reef,Reef,Reefs,Florida to California,24.45622,-81.93058
Platform Margin Reef,Reef,Reefs,Florida to California,24.45663,-81.99918
Platform Margin Reef,Reef,Reefs,Florida to California,24.45784,-81.88363
Platform Margin Reef,Reef,Reefs,Florida to California,24.45817,-82.05183
Platform Margin Reef,Reef,Reefs,Florida to California,24.45822,-81.87330
Platform Margin Reef,Reef,Reefs,Florida to California,24.46263,-81.85445
Platform Margin Reef,Reef,Reefs,Florida to California,24.46375,-81.85022
Platform Margin Reef,Reef,Reefs,Florida to California,24.46457,-81.98324
Platform Margin Reef,Reef,Reefs,Florida to California,24.47257,-81.77063
Platform Margin Reef,Reef,Reefs,Florida to California,24.47378,-81.91362
Platform Margin Reef,Reef,Reefs,Florida to California,24.47532,-81.78115
Platform Margin Reef,Reef,Reefs,Florida to California,24.47703,-81.80753
Platform Margin Reef,Reef,Reefs,Florida to California,24.47784,-82.03440
Platform Margin Reef,Reef,Reefs,Florida to California,24.48045,-81.83256
Platform Margin Reef,Reef,Reefs,Florida to California,24.48080,-81.78506
Platform Margin Reef,Reef,Reefs,Florida to California,24.48171,-81.73361
Platform Margin Reef,Reef,Reefs,Florida to California,24.48395,-81.72985
Platform Margin Reef,Reef,Reefs,Florida to California,24.50964,-81.58292
Platform Margin Reef,Reef,Reefs,Florida to California,24.51361,-81.58055
Platform Margin Reef,Reef,Reefs,Florida to California,24.51618,-81.58184
Platform Margin Reef,Reef,Reefs,Florida to California,24.51775,-81.58471
Platform Margin Reef,Reef,Reefs,Florida to California,24.51851,-81.59718
Platform Margin Reef,Reef,Reefs,Florida to California,24.52567,-81.55214
Platform Margin Reef,Reef,Reefs,Florida to California,24.53014,-81.52497
Platform Margin Reef,Reef,Reefs,Florida to California,24.53259,-81.49198
Platform Margin Reef,Reef,Reefs,Florida to California,24.53474,-81.48205
Platform Margin Reef,Reef,Reefs,Florida to California,24.53704,-81.47533
Platform Margin Reef,Reef,Reefs,Florida to California,24.53877,-81.47144
Platform Margin Reef,Reef,Reefs,Florida to California,24.53973,-81.44165
Platform Margin Reef,Reef,Reefs,Florida to California,24.54364,-81.47105
Platform Margin Reef,Reef,Reefs,Florida to California,24.54479,-81.39589
Platform Margin Reef,Reef,Reefs,Florida to California,24.54798,-81.44614
Platform Margin Reef,Reef,Reefs,Florida to California,24.55266,-81.40285
Platform Margin Reef,Reef,Reefs,Florida to California,24.55346,-81.42429
Platform Margin Reef,Reef,Reefs,Florida to California,24.55423,-81.43014
Platform Margin Reef,Reef,Reefs,Florida to California,24.55695,-81.36698
Platform Margin Reef,Reef,Reefs,Florida to California,24.56472,-81.34560
Platform Margin Reef,Reef,Reefs,Florida to California,24.56601,-81.33832
Platform Margin Reef,Reef,Reefs,Florida to California,24.56940,-81.29565
Platform Margin Reef,Reef,Reefs,Florida to California,24.57030,-81.32479
Platform Margin Reef,Reef,Reefs,Florida to California,24.57296,-81.31563
Platform Margin Reef,Reef,Reefs,Florida to California,24.57413,-81.31075
Platform Margin Reef,Reef,Reefs,Florida to California,24.57697,-81.27888
Platform Margin Reef,Reef,Reefs,Florida to California,24.57714,-81.30162
Platform Margin Reef,Reef,Reefs,Florida to California,24.57963,-81.28400
Platform Margin Reef,Reef,Reefs,Florida to California,24.58042,-81.27395
Platform Margin Reef,Reef,Reefs,Florida to California,24.58282,-81.27908
Platform Margin Reef,Reef,Reefs,Florida to California,24.59060,-81.25716
Platform Margin Reef,Reef,Reefs,Florida to California,24.59705,-81.20155
Platform Margin Reef,Reef,Reefs,Florida to California,24.59922,-81.25631
Platform Margin Reef,Reef,Reefs,Florida to California,24.60256,-81.24362
Platform Margin Reef,Reef,Reefs,Florida to California,24.61631,-81.15629
Platform Margin Reef,Reef,Reefs,Florida to California,24.61871,-81.18681
Platform Margin Reef,Reef,Reefs,Florida to California,24.61987,-81.13543
Platform Margin Reef,Reef,Reefs,Florida to California,24.62421,-81.13562
Platform Margin Reef,Reef,Reefs,Florida to California,24.62673,-81.14490
Platform Margin Reef,Reef,Reefs,Florida to California,24.63214,-81.13160
Platform Margin Reef,Reef,Reefs,Florida to California,24.63953,-81.08702
Platform Margin Reef,Reef,Reefs,Florida to California,24.64353,-81.06337
Platform Margin Reef,Reef,Reefs,Florida to California,24.64754,-81.05474
Platform Margin Reef,Reef,Reefs,Florida to California,24.65275,-81.03525
Platform Margin Reef,Reef,Reefs,Florida to California,24.65794,-81.03557
Platform Margin Reef,Reef,Reefs,Florida to California,24.66056,-80.99713
Platform Margin Reef,Reef,Reefs,Florida to California,24.66290,-80.99165
Platform Margin Reef,Reef,Reefs,Florida to California,24.66601,-80.99021
Platform Margin Reef,Reef,Reefs,Florida to California,24.66963,-80.97370
Platform Margin Reef,Reef,Reefs,Florida to California,24.67965,-80.97169
Platform Margin Reef,Reef,Reefs,Florida to California,24.68252,-80.94270
Platform Margin Reef,Reef,Reefs,Florida to California,24.68255,-80.97148
Platform Margin Reef,Reef,Reefs,Florida to California,24.68608,-80.95973
Platform Margin Reef,Reef,Reefs,Florida to California,24.68816,-80.95184
Platform Margin Reef,Reef,Reefs,Florida to California,24.69129,-80.94757
Platform Margin Reef,Reef,Reefs,Florida to California,24.69370,-80.90846
Platform Margin Reef,Reef,Reefs,Florida to California,24.69556,-80.93759
Platform Margin Reef,Reef,Reefs,Florida to California,24.70821,-80.89743
Platform Margin Reef,Reef,Reefs,Florida to California,24.71095,-80.88166
Platform Margin Reef,Reef,Reefs,Florida to California,24.72107,-80.83656
Platform Margin Reef,Reef,Reefs,Florida to California,24.73425,-80.82170
Platform Margin Reef,Reef,Reefs,Florida to California,24.75806,-80.77316
Platform Margin Reef,Reef,Reefs,Florida to California,24.77377,-80.74319
Platform Margin Reef,Reef,Reefs,Florida to California,24.77504,-80.73888
Platform Margin Reef,Reef,Reefs,Florida to California,24.77842,-80.75012
Platform Margin Reef,Reef,Reefs,Florida to California,24.77951,-80.75420
Platform Margin Reef,Reef,Reefs,Florida to California,24.78944,-80.75150
Platform Margin Reef,Reef,Reefs,Florida to California,24.79780,-80.73763
Platform Margin Reef,Reef,Reefs,Florida to California,24.81324,-80.68892
Platform Margin Reef,Reef,Reefs,Florida to California,24.81931,-80.68552
Platform Margin Reef,Reef,Reefs,Florida to California,24.82755,-80.65976
Platform Margin Reef,Reef,Reefs,Florida to California,24.83529,-80.65381
Platform Margin Reef,Reef,Reefs,Florida to California,24.83864,-80.64868
Platform Margin Reef,Reef,Reefs,Florida to California,24.86112,-80.61331
Platform Margin Reef,Reef,Reefs,Florida to California,24.87047,-80.59871
Platform Margin Reef,Reef,Reefs,Florida to California,24.87212,-80.58661
Platform Margin Reef,Reef,Reefs,Florida to California,24.87538,-80.59858
Platform Margin Reef,Reef,Reefs,Florida to California,24.88568,-80.58567
Platform Margin Reef,Reef,Reefs,Florida to California,24.88927,-80.58134
Platform Margin Reef,Reef,Reefs,Florida to California,24.89139,-80.57755
Platform Margin Reef,Reef,Reefs,Florida to California,24.89449,-80.57302
Platform Margin Reef,Reef,Reefs,Florida to California,24.89741,-80.56559
Platform Margin Reef,Reef,Reefs,Florida to California,24.90152,-80.56816
Platform Margin Reef,Reef,Reefs,Florida to California,24.90429,-80.55384
Platform Margin Reef,Reef,Reefs,Florida to California,24.90536,-80.53149
Platform Margin Reef,Reef,Reefs,Florida to California,24.90992,-80.55635
Platform Margin Reef,Reef,Reefs,Florida to California,24.91572,-80.53389
Platform Margin Reef,Reef,Reefs,Florida to California,24.91828,-80.53571
Platform Margin Reef,Reef,Reefs,Florida to California,24.91917,-80.51709
Platform Margin Reef,Reef,Reefs,Florida to California,24.92025,-80.53924
Platform Margin Reef,Reef,Reefs,Florida to California,24.92822,-80.49008
Platform Margin Reef,Reef,Reefs,Florida to California,24.93543,-80.47990
Platform Margin Reef,Reef,Reefs,Florida to California,24.93728,-80.47308
Platform Margin Reef,Reef,Reefs,Florida to California,24.94099,-80.49454
Platform Margin Reef,Reef,Reefs,Florida to California,24.94439,-80.48499
Platform Margin Reef,Reef,Reefs,Florida to California,24.95225,-80.45207
Platform Margin Reef,Reef,Reefs,Florida to California,24.95256,-80.48815
Platform Margin Reef,Reef,Reefs,Florida to California,24.95660,-80.47058
Platform Margin Reef,Reef,Reefs,Florida to California,24.96208,-80.44246
Platform Margin Reef,Reef,Reefs,Florida to California,24.97581,-80.45213
Platform Margin Reef,Reef,Reefs,Florida to California,24.97929,-80.46009
Platform Margin Reef,Reef,Reefs,Florida to California,25.00141,-80.40355
Platform Margin Reef,Reef,Reefs,Florida to California,25.00962,-80.39412
Platform Margin Reef,Reef,Reefs,Florida to California,25.04897,-80.35135
Platform Margin Reef,Reef,Reefs,Florida to California,25.06455,-80.33160
Platform Margin Reef,Reef,Reefs,Florida to California,25.07980,-80.33112
Platform Margin Reef,Reef,Reefs,Florida to California,25.08496,-80.32595
Platform Margin Reef,Reef,Reefs,Florida to California,25.08844,-80.32313
Platform Margin Reef,Reef,Reefs,Florida to California,25.09247,-80.31384
Platform Margin Reef,Reef,Reefs,Florida to California,25.09668,-80.32402
Platform Margin Reef,Reef,Reefs,Florida to California,25.09846,-80.31380
Platform Margin Reef,Reef,Reefs,Florida to California,25.10135,-80.32735
Platform Margin Reef,Reef,Reefs,Florida to California,25.10143,-80.31192
Platform Margin Reef,Reef,Reefs,Florida to California,25.11242,-80.31009
Platform Margin Reef,Reef,Reefs,Florida to California,25.11718,-80.30713
Platform Margin Reef,Reef,Reefs,Florida to California,25.12470,-80.28387
Platform Margin Reef,Reef,Reefs,Florida to California,25.13927,-80.29514
Platform Margin Reef,Reef,Reefs,Florida to California,25.15503,-80.26000
Platform Margin Reef,Reef,Reefs,Florida to California,25.16294,-80.26077
Platform Margin Reef,Reef,Reefs,Florida to California,25.17078,-80.25259
Platform Margin Reef,Reef,Reefs,Florida to California,25.19175,-80.23717
Platform Margin Reef,Reef,Reefs,Florida to California,25.19477,-80.23864
Platform Margin Reef,Reef,Reefs,Florida to California,25.20209,-80.23248
Platform Margin Reef,Reef,Reefs,Florida to California,25.20719,-80.22711
Platform Margin Reef,Reef,Reefs,Florida to California,25.21306,-80.22666
Platform Margin Reef,Reef,Reefs,Florida to California,25.21456,-80.21817
Platform Margin Reef,Reef,Reefs,Florida to California,25.21726,-80.21667
Platform Margin Reef,Reef,Reefs,Florida to California,25.22037,-80.21600
Platform Margin Reef,Reef,Reefs,Florida to California,25.22656,-80.21142
Platform Margin Reef,Reef,Reefs,Florida to California,25.23366,-80.22472
Platform Margin Reef,Reef,Reefs,Florida to California,25.23585,-80.20870
Platform Margin Reef,Reef,Reefs,Florida to California,25.24252,-80.21214
Platform Margin Reef,Reef,Reefs,Florida to California,25.24592,-80.21455
Platform Margin Reef,Reef,Reefs,Florida to California,25.24872,-80.22089
Platform Margin Reef,Reef,Reefs,Florida to California,25.25869,-80.19823
Platform Margin Reef,Reef,Reefs,Florida to California,25.26128,-80.19285
Platform Margin Reef,Reef,Reefs,Florida to California,25.26415,-80.19888
Platform Margin Reef,Reef,Reefs,Florida to California,25.26525,-80.19418
Platform Margin Reef,Reef,Reefs,Florida to California,25.26809,-80.19152
Platform Margin Reef,Reef,Reefs,Florida to California,25.26938,-80.19440
Platform Margin Reef,Reef,Reefs,Florida to California,25.27191,-80.19869
Platform Margin Reef,Reef,Reefs,Florida to California,25.27931,-80.18950
Platform Margin Reef,Reef,Reefs,Florida to California,25.28409,-80.18591
Platform Margin Reef,Reef,Reefs,Florida to California,25.29648,-80.17366
Platform Margin Reef,Reef,Reefs,Florida to California,25.30245,-80.17008
Platform Margin Reef,Reef,Reefs,Florida to California,25.31154,-80.18580
Platform Margin Reef,Reef,Reefs,Florida to California,25.32574,-80.16133
Platform Margin Reef,Reef,Reefs,Florida to California,25.33093,-80.16404
Platform Margin Reef,Reef,Reefs,Florida to California,25.33494,-80.16365
Platform Margin Reef,Reef,Reefs,Florida to California,25.33860,-80.16677
Platform Margin Reef,Reef,Reefs,Florida to California,25.35150,-80.15364
Platform Margin Reef,Reef,Reefs,Florida to California,25.35327,-80.16848
Platform Margin Reef,Reef,Reefs,Florida to California,25.36436,-80.14752
Platform Margin Reef,Reef,Reefs,Florida to California,25.46265,-80.12704
Platform Margin Reef,Reef,Reefs,Florida to California,25.46637,-80.12542
Platform Margin Reef,Reef,Reefs,Florida to California,25.46808,-80.12232
Platform Margin Reef,Reef,Reefs,Florida to California,25.46875,-80.11829
Platform Margin Reef,Reef,Reefs,Florida to California,25.48320,-80.12225
Platform Margin Reef,Reef,Reefs,Florida to California,25.50479,-80.11571
Platform Margin Reef,Reef,Reefs,Florida to California,25.50848,-80.10995
Platform Margin Reef,Reef,Reefs,Florida to California,25.51132,-80.10932
Platform Margin Reef,Reef,Reefs,Florida to California,25.53341,-80.11398
Platform Margin Reef,Reef,Reefs,Florida to California,25.54240,-80.09767
Platform Margin Reef,Reef,Reefs,Florida to California,25.55125,-80.09707
Platform Margin Reef,Reef,Reefs,Florida to California,25.55688,-80.09665
Platform Margin Reef,Reef,Reefs,Florida to California,25.56037,-80.10780
Platform Margin Reef,Reef,Reefs,Florida to California,25.56411,-80.11507
Platform Margin Reef,Reef,Reefs,Florida to California,25.56804,-80.11639
Platform Margin Reef,Reef,Reefs,Florida to California,25.57341,-80.10165
Platform Margin Reef,Reef,Reefs,Florida to California,25.57499,-80.10585
Platform Margin Reef,Reef,Reefs,Florida to California,25.57957,-80.09771
Platform Margin Reef,Reef,Reefs,Florida to California,25.57995,-80.10140
Platform Margin Reef,Reef,Reefs,Florida to California,25.66838,-80.09498
Platform Margin Reef,Reef,Reefs,Florida to California,25.67442,-80.09454
Platform Margin Reef,Reef,Reefs,Florida to California,25.68704,-80.10047
Platform Margin Reef,Reef,Reefs,Florida to California,25.68990,-80.09871
Platform Margin Reef,Reef,Reefs,Florida to California,25.70175,-80.10162
Platform Margin Reef,Reef,Reefs,Florida to California,25.70776,-80.09815
Platform Margin Reef,Reef,Reefs,Florida to California,25.71192,-80.09828
PM Site North Barge,Reef,Reefs,Florida to California,30.33749,-81.18583
PN-967,Reef,Reefs,Florida to California,26.86600,-97.05100
PN-A-42,Reef,Reefs,Florida to California,27.02100,-96.79400
PN-A-58,Reef,Reefs,Florida to California,26.93600,-96.75100
Point La Jolla,Reef,Reefs,Florida to California,32.85000,-117.27920
Point Loma Light,Reef,Reefs,Florida to California,32.66330,-117.24170
Point Loma Pipe,Reef,Reefs,Florida to California,32.67250,-117.28330
Pompano 3 RD Reef Ridge,Reef,Reefs,Florida to California,26.22767,-80.06950
POP Nine Mile Reef,Reef,Reefs,Florida to California,29.93517,-81.10233
POP Warner Reef,Reef,Reefs,Florida to California,29.93983,-81.09183
Port Aransas Reef,Reef,Reefs,Florida to California,27.75437,-96.94667
Port Authority Reef,Reef,Reefs,Florida to California,28.92067,-80.71017
Port Authority Reef,Reef,Reefs,Florida to California,29.01917,-80.68850
Port Authority Reef,Reef,Reefs,Florida to California,29.16967,-80.69300
Port Everglades Reef,Reef,Reefs,Florida to California,26.06268,-80.10575
Port Everglades Reef,Reef,Reefs,Florida to California,26.09768,-80.09718
Port Everglades Reef,Reef,Reefs,Florida to California,26.10530,-80.06600
Port Everglades Reef,Reef,Reefs,Florida to California,26.11030,-80.06472
Port Everglades Reef,Reef,Reefs,Florida to California,26.11267,-80.06733
Port Everglades Reef,Reef,Reefs,Florida to California,26.11512,-80.07693
Port Isabel/SO Padre Isalnd Reef SO Padr,Reef,Reefs,Florida to California,26.96950,-97.06667
Port Manatee Reef,Reef,Reefs,Florida to California,27.66317,-82.57900
Port Mansfield Liberty Ship Reef,Reef,Reefs,Florida to California,26.42498,-97.02095
Port Mansfield Liberty Ship Reef,Reef,Reefs,Florida to California,26.42782,-97.02658
Port Mansfield Liberty Ship Reef,Reef,Reefs,Florida to California,26.42973,-97.02413
Port Mansfield Liberty Ship Reef SO Padre,Reef,Reefs,Florida to California,26.42500,-97.02500
Port Mansfield Reef,Reef,Reefs,Florida to California,26.52558,-97.15357
Port Saint Joe C Of C Reef,Reef,Reefs,Florida to California,29.83533,-85.49467
Posa Anchorage,Reef,Reefs,Florida to California,33.97670,-119.86670
Potato Bank,Reef,Reefs,Florida to California,33.25000,-119.82670
Powell Barge,Reef,Reefs,Florida to California,26.13146,-80.05741
Power Pole Reef,Reef,Reefs,Florida to California,26.68262,-82.37450
Preparation H Ledge,Reef,Reefs,Florida to California,28.18233,-83.22498
Progress Energy Reef,Reef,Reefs,Florida to California,29.78575,-85.70048
PS-1047 - Port Mansfield,Reef,Reefs,Florida to California,26.52600,-97.15400
PS-1105 - Rio Grande Valley,Reef,Reefs,Florida to California,26.27800,-97.05000
PS-1122 - Texas Clipper,Reef,Reefs,Florida to California,26.18900,-96.85900
PS-1169 L - Port Isabel,Reef,Reefs,Florida to California,25.96800,-97.06700
Pukey Point,Reef,Reefs,Florida to California,32.44750,-117.30380
Punta Descanso,Reef,Reefs,Florida to California,32.26470,-117.03150
Punta Mesquite,Reef,Reefs,Florida to California,32.15970,-116.91330
Punta Salsipuedes,Reef,Reefs,Florida to California,31.97310,-116.83350
PVC Modules BY Arcoa,Reef,Reefs,Florida to California,30.15982,-87.23513
PVC Modules BY Arcoa,Reef,Reefs,Florida to California,30.16966,-87.23135
Pyramid Cove,Reef,Reefs,Florida to California,32.81670,-118.38330
Pyramid Cove Anchorage,Reef,Reefs,Florida to California,32.81460,-118.39790
Pyramid Head,Reef,Reefs,Florida to California,32.81670,-118.35000
Pyramid Reef,Reef,Reefs,Florida to California,32.80000,-118.35830
Qualman Barge,Reef,Reefs,Florida to California,26.29961,-80.06181
Qualmann Barge,Reef,Reefs,Florida to California,26.11763,-80.05561
Rabbit Island Pass,Reef,Reefs,Florida to California,29.42727,-91.59689
Rabbits Lair Mile Long Reef West,Reef,Reefs,Florida to California,30.52733,-81.17350
Racoon Reef,Reef,Reefs,Florida to California,30.38783,-81.08400
Raffields Reef,Reef,Reefs,Florida to California,29.91707,-85.81280
Railroad Barge,Reef,Reefs,Florida to California,25.55070,-80.08588
Rainbow Reef,Reef,Reefs,Florida to California,25.74677,-79.29523
Randy Hopper Reef,Reef,Reefs,Florida to California,30.03568,-87.60440
RAY Jones Reef,Reef,Reefs,Florida to California,30.08933,-87.17550
Rebel Reef,Reef,Reefs,Florida to California,26.17148,-80.07317
Rebel Reef,Reef,Reefs,Florida to California,29.10967,-80.63333
Red Bluff Reef,Reef,Reefs,Florida to California,29.58820,-94.95443
Red Bluff Reef,Reef,Reefs,Florida to California,29.60983,-94.96850
Red Fish Pass Reef 2 Reef Lee County FL,Reef,Reefs,Florida to California,26.56089,-82.24125
Redfish BAR Reef Complex,Reef,Reefs,Florida to California,29.50000,-94.83333
Redfish Pass Reef,Reef,Reefs,Florida to California,26.55832,-82.24280
Redfish Pass Reef,Reef,Reefs,Florida to California,26.56088,-82.23665
Redondo Beach Center,Reef,Reefs,Florida to California,33.83722,-118.40889
Reef,Reef,Reefs,Florida to California,25.46068,-82.01495
Reef,Reef,Reefs,Florida to California,25.70687,-82.88358
Reef,Reef,Reefs,Florida to California,25.71270,-79.31440
Reef,Reef,Reefs,Florida to California,25.86691,-78.97907
Reef,Reef,Reefs,Florida to California,26.14575,-80.08257
Reef,Reef,Reefs,Florida to California,26.74945,-97.25223
Reef,Reef,Reefs,Florida to California,26.75857,-80.00470
Reef,Reef,Reefs,Florida to California,26.95973,-82.60623
Reef,Reef,Reefs,Florida to California,27.61985,-83.08813
Reef,Reef,Reefs,Florida to California,28.29492,-83.01825
Reef,Reef,Reefs,Florida to California,28.93560,-85.13373
Reef,Reef,Reefs,Florida to California,29.09250,-88.72150
Reef,Reef,Reefs,Florida to California,29.09500,-88.65820
Reef,Reef,Reefs,Florida to California,29.92738,-86.48322
Reef,Reef,Reefs,Florida to California,29.98612,-86.04470
Reef,Reef,Reefs,Florida to California,30.00113,-86.52730
Reef,Reef,Reefs,Florida to California,30.04500,-86.88333
Reef,Reef,Reefs,Florida to California,30.14033,-87.19840
Reef,Reef,Reefs,Florida to California,30.20840,-87.13285
Reef,Reef,Reefs,Florida to California,30.21067,-86.67997
Reef,Reef,Reefs,Florida to California,30.30320,-86.54887
Reef,Reef,Reefs,Florida to California,30.30660,-86.61497
Reef,Reef,Reefs,Florida to California,30.30850,-86.48327
Reef,Reef,Reefs,Florida to California,30.33042,-86.59248
Reef,Reef,Reefs,Florida to California,30.34980,-86.65005
Reef,Reef,Reefs,Florida to California,30.35692,-86.54697
Reef,Reef,Reefs,Florida to California,30.36002,-86.51672
Reef,Reef,Reefs,Florida to California,30.36813,-86.62998
Reef,Reef,Reefs,Florida to California,30.36953,-86.56110
Reef / Hole,Reef,Reefs,Florida to California,29.98437,-87.33405
Reef 114,Reef,Reefs,Florida to California,26.50658,-78.61757
Reef B H Welzer,Reef,Reefs,Florida to California,30.08758,-87.11301
Reef Ball,Reef,Reefs,Florida to California,30.03440,-88.69477
Reef Ball 5 EA,Reef,Reefs,Florida to California,30.10612,-87.19083
Reef Ball Reef,Reef,Reefs,Florida to California,28.49978,-82.97392
Reef Ball Reef,Reef,Reefs,Florida to California,28.50058,-82.97833
Reef Ball Reef,Reef,Reefs,Florida to California,28.54705,-82.94148
Reef Balls,Reef,Reefs,Florida to California,30.02948,-88.69567
Reef Balls South Culverts,Reef,Reefs,Florida to California,29.11678,-80.69767
Reef Barges,Reef,Reefs,Florida to California,30.35478,-86.49280
Reef CR 1,Reef,Reefs,Florida to California,25.58335,-82.47513
Reef CR 1,Reef,Reefs,Florida to California,25.58727,-82.47708
Reef CR 1,Reef,Reefs,Florida to California,25.58897,-82.48292
Reef CR 2,Reef,Reefs,Florida to California,25.44508,-82.55945
Reef CR 2,Reef,Reefs,Florida to California,25.45660,-82.55408
Reef Culverts,Reef,Reefs,Florida to California,29.92767,-80.84607
Reef Dart Reef,Reef,Reefs,Florida to California,26.77235,-79.96934
Reef EX East Site,Reef,Reefs,Florida to California,29.98718,-85.85112
Reef EX West Site,Reef,Reefs,Florida to California,30.00197,-85.87823
Reef F,Reef,Reefs,Florida to California,27.31733,-82.72516
Reef R,Reef,Reefs,Florida to California,24.57862,-82.08623
Reef R,Reef,Reefs,Florida to California,24.63438,-82.08822
Reef R,Reef,Reefs,Florida to California,24.77667,-82.03653
Reef Site,Reef,Reefs,Florida to California,28.25247,-82.95657
Reef Site,Reef,Reefs,Florida to California,28.25527,-82.95392
Reef Site,Reef,Reefs,Florida to California,28.25688,-82.95032
Reef Site,Reef,Reefs,Florida to California,28.28580,-82.95657
Reef Site,Reef,Reefs,Florida to California,28.29385,-83.02270
Reef Site,Reef,Reefs,Florida to California,28.30112,-83.03213
Reef/Ledge,Reef,Reefs,Florida to California,30.12117,-87.25165
Reefarea 4,Reef,Reefs,Florida to California,27.27768,-82.72156
Reefball 5 EA,Reef,Reefs,Florida to California,30.08868,-87.15782
Reefball 5 EA,Reef,Reefs,Florida to California,30.10118,-87.17047
Reefball 5 EA,Reef,Reefs,Florida to California,30.10292,-87.18628
Reefball 5 EA,Reef,Reefs,Florida to California,30.10778,-87.16403
Reefmaker Module,Reef,Reefs,Florida to California,29.95658,-87.19455
Reefmaker Modules,Reef,Reefs,Florida to California,30.15628,-87.23537
Reefmat 1,Reef,Reefs,Florida to California,27.28630,-82.59659
Reid Reef,Reef,Reefs,Florida to California,28.40048,-80.30312
Reuben Reef,Reef,Reefs,Florida to California,26.12083,-80.07667
Rfra Reef,Reef,Reefs,Florida to California,30.29476,-87.23526
Rfra Reef,Reef,Reefs,Florida to California,30.29788,-87.23443
Richard S Ledge,Reef,Reefs,Florida to California,28.28250,-83.10750
Richard S Rocks,Reef,Reefs,Florida to California,28.24850,-83.09950
Richard Scott Spence Memorial Reef,Reef,Reefs,Florida to California,30.30958,-86.16093
Richardson Hump,Reef,Reefs,Florida to California,28.50939,-82.94338
Richardson Reef,Reef,Reefs,Florida to California,28.50833,-82.93000
Richardson Reef,Reef,Reefs,Florida to California,28.51250,-82.92217
Richardson Reef,Reef,Reefs,Florida to California,28.51500,-82.92000
Ripper Reef,Reef,Reefs,Florida to California,30.36377,-80.90235
RJ Diving Reef Site,Reef,Reefs,Florida to California,25.59123,-80.09083
RL Site Barge,Reef,Reefs,Florida to California,30.53433,-81.16183
Robby Redding Memorial Reef,Reef,Reefs,Florida to California,29.66022,-84.50027
Roberts Reef,Reef,Reefs,Florida to California,29.53083,-94.84117
Robinson Reef,Reef,Reefs,Florida to California,25.70342,-82.22652
Rock Reef NW,Reef,Reefs,Florida to California,24.45800,-81.85583
Rock Reef SE,Reef,Reefs,Florida to California,24.45750,-81.86083
Rock Reefs And Coral,Reef,Reefs,Florida to California,24.53055,-81.29468
Rockport ICW Harbor,Reef,Reefs,Florida to California,27.99470,-97.04510
Rocky Area 400,Reef,Reefs,Florida to California,27.29963,-83.31712
Rocky Burrous Reef,Reef,Reefs,Florida to California,29.48182,-84.92490
Rocky Reef,Reef,Reefs,Florida to California,24.45500,-81.85250
Rodeo Reef,Reef,Reefs,Florida to California,26.20233,-80.05667
Rodeo Reef,Reef,Reefs,Florida to California,26.20617,-80.08503
Rodeo Reef,Reef,Reefs,Florida to California,26.20670,-80.05727
Rodeo Reef,Reef,Reefs,Florida to California,26.21353,-80.05153
Rodeo Reef,Reef,Reefs,Florida to California,26.22633,-80.05995
Rodeo Reef,Reef,Reefs,Florida to California,26.22717,-80.06338
Rodeo Reef,Reef,Reefs,Florida to California,26.23678,-80.06128
Rodgers Hill Reef,Reef,Reefs,Florida to California,30.32150,-86.65315
Rodriguez Seamount,Reef,Reefs,Florida to California,34.04670,-121.05000
Rods Reef,Reef,Reefs,Florida to California,30.12088,-87.30840
Rods Reef,Reef,Reefs,Florida to California,30.15438,-87.30692
Rogers Hill Reef,Reef,Reefs,Florida to California,30.31780,-86.66565
Rookie Barge,Reef,Reefs,Florida to California,30.13712,-87.53528
Rooney Reef 2015 2 B,Reef,Reefs,Florida to California,25.90316,-82.24083
Rooney Reef 2015 2 E,Reef,Reefs,Florida to California,25.90350,-82.23758
Rosarito Flats,Reef,Reefs,Florida to California,32.35000,-117.10830
Rotary Reef,Reef,Reefs,Florida to California,29.91545,-84.23560
Rotary Reef,Reef,Reefs,Florida to California,29.91843,-84.23477
Rotary Reef Tires,Reef,Reefs,Florida to California,29.90050,-84.23467
Rube Allyn Reef,Reef,Reefs,Florida to California,27.91952,-83.02595
Rube Allyn Reef,Reef,Reefs,Florida to California,27.92177,-83.02168
Rube Allyn Reef,Reef,Reefs,Florida to California,27.93192,-83.02380
Rube Allyn Reef,Reef,Reefs,Florida to California,27.93545,-83.02323
Rube Allyn Reef,Reef,Reefs,Florida to California,28.04342,-82.92602
Rube Allyn Reef Site 8 Load,Reef,Reefs,Florida to California,27.93080,-83.02910
Russ Rhodes Reef,Reef,Reefs,Florida to California,30.06915,-86.63352
Rusty B Reef,Reef,Reefs,Florida to California,30.07922,-87.18973
Rustys Reef,Reef,Reefs,Florida to California,30.08950,-86.86433
S 1 S Reef,Reef,Reefs,Florida to California,29.41667,-87.48721
S R County Reef Balls,Reef,Reefs,Florida to California,30.10218,-87.19442
S R County Reef Balls,Reef,Reefs,Florida to California,30.10683,-87.17128
S R County Reefballs Srrb 01,Reef,Reefs,Florida to California,30.08808,-87.16167
S Redfish Reef,Reef,Reefs,Florida to California,29.49417,-94.84417
S Tower Barge,Reef,Reefs,Florida to California,29.28417,-84.60783
Sabine Reef,Reef,Reefs,Florida to California,29.30357,-93.92183
Sahlmans Gulley Barge,Reef,Reefs,Florida to California,30.66859,-81.15933
Salt Reef,Reef,Reefs,Florida to California,29.35857,-93.83433
Salta Verde,Reef,Reefs,Florida to California,33.31380,-118.42130
Samuels Reef,Reef,Reefs,Florida to California,26.39991,-82.49415
San Clemente,Reef,Reefs,Florida to California,33.40222,-117.61972
San Juan Seamount,Reef,Reefs,Florida to California,33.06330,-120.97670
San Luis Obispo,Reef,Reefs,Florida to California,35.19028,-120.83194
San Mateo Point,Reef,Reefs,Florida to California,33.38270,-117.61330
San Onofre,Reef,Reefs,Florida to California,33.34800,-117.56750
San Salvador Knoll,Reef,Reefs,Florida to California,32.31670,-117.90000
Sanctuary Reef,Reef,Reefs,Florida to California,30.42917,-81.14817
Sand Bass Junction,Reef,Reefs,Florida to California,33.68430,-118.12880
Sand Dollar Reef,Reef,Reefs,Florida to California,30.14398,-86.71693
Sand Dollar Reef,Reef,Reefs,Florida to California,30.14583,-86.71458
Sand Dollar Reef,Reef,Reefs,Florida to California,30.14717,-86.71842
Sand Dollar Reef,Reef,Reefs,Florida to California,30.14967,-86.71683
Sand Flea Reef Complex,Reef,Reefs,Florida to California,30.35999,-86.44129
Sand Key Nourishment Reefimr 16,Reef,Reefs,Florida to California,27.89145,-83.85370
Sandflea Reef,Reef,Reefs,Florida to California,30.35663,-86.44462
Sandflea Reef,Reef,Reefs,Florida to California,30.35682,-86.43663
Sandflea Reef,Reef,Reefs,Florida to California,30.35795,-86.43365
Sandflea Reef,Reef,Reefs,Florida to California,30.36153,-86.43195
Sandflea Reef,Reef,Reefs,Florida to California,30.36352,-86.43680
Sandflea Reef,Reef,Reefs,Florida to California,30.36355,-86.44470
Sandflea Reef,Reef,Reefs,Florida to California,30.36567,-86.43212
Sandflea Reef,Reef,Reefs,Florida to California,30.36732,-86.44498
Sandflea Reef,Reef,Reefs,Florida to California,30.36757,-86.43720
Sandy Reef,Reef,Reefs,Florida to California,29.66405,-85.68723
Sandy Reef,Reef,Reefs,Florida to California,29.66680,-85.68683
Sandy Reef,Reef,Reefs,Florida to California,29.90020,-85.68595
Sanibel Reef,Reef,Reefs,Florida to California,26.32695,-82.08473
Sanibel Reef,Reef,Reefs,Florida to California,26.34872,-82.08713
Sanibel Reef,Reef,Reefs,Florida to California,26.35017,-81.95208
Sanibel Reef,Reef,Reefs,Florida to California,26.40909,-82.02461
Sanibel Reef,Reef,Reefs,Florida to California,26.41567,-82.05267
Sanibel Reef,Reef,Reefs,Florida to California,26.55447,-82.22630
Sanibel Reef C,Reef,Reefs,Florida to California,26.40713,-82.05063
Sanibel Reef D,Reef,Reefs,Florida to California,26.40405,-82.05917
Santa Clara Center Patch,Reef,Reefs,Florida to California,30.30123,-86.12247
Santa Monica Bay Center,Reef,Reefs,Florida to California,34.01306,-118.54250
Santa Monica Center,Reef,Reefs,Florida to California,34.00944,-118.52972
Santa Reef,Reef,Reefs,Florida to California,29.51233,-94.80517
Santa Rosa Marine Resort,Reef,Reefs,Florida to California,30.05753,-87.19888
Santa Rosa Marine Resort,Reef,Reefs,Florida to California,30.08166,-87.19500
Santa Rosa Marine Resort,Reef,Reefs,Florida to California,30.08224,-87.17371
Santa Rosa Marine Resort IV,Reef,Reefs,Florida to California,30.07489,-87.18712
Santa Rosa Marine Resort IV,Reef,Reefs,Florida to California,30.07599,-87.19060
Santa Rosa Reef,Reef,Reefs,Florida to California,33.96750,-120.23600
Sash Cords Tarpon Hole,Reef,Reefs,Florida to California,30.36950,-81.36000
Scatreefy 1,Reef,Reefs,Florida to California,24.48443,-81.90481
Scattered Rock Hard Bottom,Reef,Reefs,Florida to California,28.48135,-83.14898
School BUS Reef,Reef,Reefs,Florida to California,26.60617,-82.47035
Schooner Reef,Reef,Reefs,Florida to California,27.20027,-80.15445
Scott Barge,Reef,Reefs,Florida to California,29.98633,-88.02900
Scott Reefs,Reef,Reefs,Florida to California,29.57567,-94.99067
Sculpin Hardbottom Area,Reef,Reefs,Florida to California,33.88580,-118.52500
SE Swan Reef,Reef,Reefs,Florida to California,29.33067,-94.87083
Sea Inspector Tug Reef,Reef,Reefs,Florida to California,26.97693,-80.01608
Sea Star II Wreck,Reef,Reefs,Florida to California,26.52519,-78.58426
Seagrant Star Reef Site,Reef,Reefs,Florida to California,29.99232,-87.79638
Seagrove Reef,Reef,Reefs,Florida to California,30.25155,-86.15365
Seagrove Reef,Reef,Reefs,Florida to California,30.29078,-86.10828
Seahorse Reef,Reef,Reefs,Florida to California,29.04997,-83.11790
Seahorse Reef,Reef,Reefs,Florida to California,30.35634,-86.27777
Seahorse Reef Light,Reef,Reefs,Florida to California,28.97500,-83.15333
Searover Services Dive Trail,Reef,Reefs,Florida to California,27.39944,-80.03944
Secret Reef,Reef,Reefs,Florida to California,30.30947,-86.42760
Secret Reef,Reef,Reefs,Florida to California,30.33051,-86.40713
Semarca Wreck Concrete Pile,Reef,Reefs,Florida to California,29.15296,-80.67730
Seven Mile Bridge Reef,Reef,Reefs,Florida to California,24.58283,-81.15983
Seven Mile Bridge Reef,Reef,Reefs,Florida to California,24.58367,-81.15598
Seven Mile Bridge Reef,Reef,Reefs,Florida to California,24.60555,-81.16667
Sfma Public Reef,Reef,Reefs,Florida to California,29.63859,-83.76178
Sfma Public Reef,Reef,Reefs,Florida to California,29.63880,-83.74848
Sfma Public Reef,Reef,Reefs,Florida to California,29.64234,-83.74973
Sfma Public Reef,Reef,Reefs,Florida to California,29.64752,-83.74047
Sfma Public Reef,Reef,Reefs,Florida to California,29.65276,-83.75870
Sfma Public Reef,Reef,Reefs,Florida to California,29.65513,-83.74597
Sfma Public Reef,Reef,Reefs,Florida to California,29.66024,-83.75178
Sfma Public Reef,Reef,Reefs,Florida to California,29.66793,-83.75562
SGT James Taylor Waldron Reef,Reef,Reefs,Florida to California,30.07660,-87.14430
Shanskys Reef,Reef,Reefs,Florida to California,30.33130,-86.58067
Shark Canyon,Reef,Reefs,Florida to California,26.86948,-80.01900
Shark Ledge,Reef,Reefs,Florida to California,26.40500,-80.05133
Shark Reef,Reef,Reefs,Florida to California,24.84850,-80.62467
Sharks Reef,Reef,Reefs,Florida to California,25.14750,-80.29267
Sharl Ledge,Reef,Reefs,Florida to California,28.14293,-83.27950
Shawns Reef,Reef,Reefs,Florida to California,30.20858,-80.99852
Shermans Reef,Reef,Reefs,Florida to California,30.26550,-86.02784
Shermans Reef Barge,Reef,Reefs,Florida to California,26.54800,-82.41550
Ship Island Barge A,Reef,Reefs,Florida to California,30.16922,-88.90012
Ship Island Barge C,Reef,Reefs,Florida to California,30.18172,-88.89838
Ship Shoal 108,Reef,Reefs,Florida to California,28.84606,-91.12810
Ship Shoal 204,Reef,Reefs,Florida to California,28.53356,-91.11819
Ship Shoal 214,Reef,Reefs,Florida to California,28.50794,-90.85938
Ship Shoal 215,Reef,Reefs,Florida to California,28.50807,-90.90140
Ship Shoal 230,Reef,Reefs,Florida to California,28.47526,-91.03658
Ship Shoal 26,Reef,Reefs,Florida to California,29.10728,-91.05500
Ship Shoal 269,Reef,Reefs,Florida to California,28.33650,-91.20433
Ship Shoal 320,Reef,Reefs,Florida to California,28.13923,-91.32506
Ship Shoal 358,Reef,Reefs,Florida to California,28.03486,-91.03024
Ship Shoal 94,Reef,Reefs,Florida to California,28.86844,-90.85383
Shipwreck Reef,Reef,Reefs,Florida to California,29.77292,-80.93280
Shirley D Shrimp Boat Reef,Reef,Reefs,Florida to California,26.54999,-82.41308
Short Bank,Reef,Reefs,Florida to California,33.91600,-118.55280
Shrimp Boat Frank Taylor Reef,Reef,Reefs,Florida to California,30.04810,-88.75805
Shrimp Boat Reef,Reef,Reefs,Florida to California,27.69585,-83.29262
Simons Reef,Reef,Reefs,Florida to California,26.21379,-82.16133
Simpsons Barge,Reef,Reefs,Florida to California,26.78767,-80.01350
Site 7 NO Name Barge Concrete,Reef,Reefs,Florida to California,29.02015,-80.68359
Site B Pompano Rodeo Reef,Reef,Reefs,Florida to California,26.21999,-80.05708
Site C 1 Broward Deep Reef,Reef,Reefs,Florida to California,26.16023,-80.06667
Site C 3 Broward Shallow Reef,Reef,Reefs,Florida to California,26.14776,-80.09158
Site C Bill Boyd Reef,Reef,Reefs,Florida to California,26.15133,-80.06400
Site C Bruce Mueller Reef,Reef,Reefs,Florida to California,26.16860,-80.07843
Site C Deep Reef Balls,Reef,Reefs,Florida to California,26.13038,-80.07347
Site D Coral Reef,Reef,Reefs,Florida to California,24.87896,-80.56961
Site D Joes Nightmare Barge,Reef,Reefs,Florida to California,26.07041,-80.07041
Site D Marriott Reef,Reef,Reefs,Florida to California,26.09132,-80.06577
Site E 1 Tenneco Deep Reef,Reef,Reefs,Florida to California,25.98879,-80.08584
Site E 2 Tenneco Shallow Reef,Reef,Reefs,Florida to California,25.98884,-80.10817
Site E Hollywood Reef Site,Reef,Reefs,Florida to California,26.00765,-80.09366
SIX Mile Reef,Reef,Reefs,Florida to California,27.06838,-80.03800
SIX Mile Reef,Reef,Reefs,Florida to California,27.16792,-80.03012
SIX Mile Reef,Reef,Reefs,Florida to California,27.21445,-80.04277
SIX Mile Reef Section,Reef,Reefs,Florida to California,27.19150,-80.04060
Slide - Quarry,Reef,Reefs,Florida to California,33.32200,-118.30380
Slim Jim Reef,Reef,Reefs,Florida to California,29.48917,-94.80000
Small Paradise Hole,Reef,Reefs,Florida to California,30.23883,-87.15183
Small Reef,Reef,Reefs,Florida to California,30.05000,-80.48331
Smith Barge Site 331 Bridge,Reef,Reefs,Florida to California,30.08059,-85.75990
Smuggler's Cove,Reef,Reefs,Florida to California,34.02230,-119.53730
Snapper Ledge Reef,Reef,Reefs,Florida to California,24.98217,-80.43638
Snapper Reef,Reef,Reefs,Florida to California,28.06667,-90.26333
Snapper Reef ST,Reef,Reefs,Florida to California,28.67050,-90.26333
Sniffer,Reef,Reefs,Florida to California,31.09950,-118.41530
Sombrero Reef,Reef,Reefs,Florida to California,24.62533,-81.11217
SONGS Wheeler North Reef - #1,Reef,Reefs,Florida to California,33.42931,-117.64867
SONGS Wheeler North Reef - #10,Reef,Reefs,Florida to California,33.43372,-117.65558
SONGS Wheeler North Reef - #11,Reef,Reefs,Florida to California,33.43214,-117.65206
SONGS Wheeler North Reef - #12,Reef,Reefs,Florida to California,33.42794,-117.65361
SONGS Wheeler North Reef - #13,Reef,Reefs,Florida to California,33.42669,-117.65042
SONGS Wheeler North Reef - #14,Reef,Reefs,Florida to California,33.42544,-117.64703
SONGS Wheeler North Reef - #15,Reef,Reefs,Florida to California,33.42344,-117.64331
SONGS Wheeler North Reef - #16,Reef,Reefs,Florida to California,33.42214,-117.64014
SONGS Wheeler North Reef - #17,Reef,Reefs,Florida to California,33.42039,-117.63714
SONGS Wheeler North Reef - #18,Reef,Reefs,Florida to California,33.41842,-117.63444
SONGS Wheeler North Reef - #19,Reef,Reefs,Florida to California,33.41644,-117.63144
SONGS Wheeler North Reef - #2,Reef,Reefs,Florida to California,33.40061,-117.61447
SONGS Wheeler North Reef - #20,Reef,Reefs,Florida to California,33.39178,-117.60811
SONGS Wheeler North Reef - #21,Reef,Reefs,Florida to California,33.40297,-117.62186
SONGS Wheeler North Reef - #22,Reef,Reefs,Florida to California,33.39822,-117.61578
SONGS Wheeler North Reef - #23,Reef,Reefs,Florida to California,33.39483,-117.61211
SONGS Wheeler North Reef - #24,Reef,Reefs,Florida to California,33.39281,-117.61147
SONGS Wheeler North Reef - #25,Reef,Reefs,Florida to California,33.39528,-117.61361
SONGS Wheeler North Reef - #26,Reef,Reefs,Florida to California,33.39397,-117.61361
SONGS Wheeler North Reef - #27,Reef,Reefs,Florida to California,33.39161,-117.61586
SONGS Wheeler North Reef - #28,Reef,Reefs,Florida to California,33.39703,-117.61881
SONGS Wheeler North Reef - #29,Reef,Reefs,Florida to California,33.40006,-117.62122
SONGS Wheeler North Reef - #3,Reef,Reefs,Florida to California,33.39678,-117.61108
SONGS Wheeler North Reef - #30,Reef,Reefs,Florida to California,33.40194,-117.61858
SONGS Wheeler North Reef - #31,Reef,Reefs,Florida to California,33.40231,-117.62439
SONGS Wheeler North Reef - #32,Reef,Reefs,Florida to California,33.40447,-117.62458
SONGS Wheeler North Reef - #33,Reef,Reefs,Florida to California,33.40578,-117.62581
SONGS Wheeler North Reef - #34,Reef,Reefs,Florida to California,33.40522,-117.62717
SONGS Wheeler North Reef - #35,Reef,Reefs,Florida to California,33.40731,-117.62869
SONGS Wheeler North Reef - #36,Reef,Reefs,Florida to California,33.40367,-117.62617
SONGS Wheeler North Reef - #37,Reef,Reefs,Florida to California,33.40753,-117.62389
SONGS Wheeler North Reef - #38,Reef,Reefs,Florida to California,33.41042,-117.62908
SONGS Wheeler North Reef - #39,Reef,Reefs,Florida to California,33.41081,-117.63119
SONGS Wheeler North Reef - #4,Reef,Reefs,Florida to California,33.39411,-117.60978
SONGS Wheeler North Reef - #40,Reef,Reefs,Florida to California,33.41056,-117.63208
SONGS Wheeler North Reef - #41,Reef,Reefs,Florida to California,33.41044,-117.63042
SONGS Wheeler North Reef - #42,Reef,Reefs,Florida to California,33.41089,-117.62950
SONGS Wheeler North Reef - #43,Reef,Reefs,Florida to California,33.41164,-117.62956
SONGS Wheeler North Reef - #44,Reef,Reefs,Florida to California,33.41119,-117.62867
SONGS Wheeler North Reef - #45,Reef,Reefs,Florida to California,33.41117,-117.62744
SONGS Wheeler North Reef - #46,Reef,Reefs,Florida to California,33.40531,-117.62436
SONGS Wheeler North Reef - #47,Reef,Reefs,Florida to California,33.40500,-117.62517
SONGS Wheeler North Reef - #49,Reef,Reefs,Florida to California,33.40372,-117.62464
SONGS Wheeler North Reef - #5,Reef,Reefs,Florida to California,33.41556,-117.62869
SONGS Wheeler North Reef - #50,Reef,Reefs,Florida to California,33.40317,-117.62547
SONGS Wheeler North Reef - #51,Reef,Reefs,Florida to California,33.40428,-117.62106
SONGS Wheeler North Reef - #52,Reef,Reefs,Florida to California,33.40136,-117.62264
SONGS Wheeler North Reef - #53,Reef,Reefs,Florida to California,33.40067,-117.62233
SONGS Wheeler North Reef - #54,Reef,Reefs,Florida to California,33.40114,-117.62153
SONGS Wheeler North Reef - #55,Reef,Reefs,Florida to California,33.40164,-117.62056
SONGS Wheeler North Reef - #57,Reef,Reefs,Florida to California,33.40197,-117.62172
SONGS Wheeler North Reef - #58,Reef,Reefs,Florida to California,33.40258,-117.62089
SONGS Wheeler North Reef - #59,Reef,Reefs,Florida to California,33.40278,-117.61967
SONGS Wheeler North Reef - #6,Reef,Reefs,Florida to California,33.43006,-117.65181
SONGS Wheeler North Reef - #60,Reef,Reefs,Florida to California,33.39911,-117.62069
SONGS Wheeler North Reef - #61,Reef,Reefs,Florida to California,33.39953,-117.61978
SONGS Wheeler North Reef - #62,Reef,Reefs,Florida to California,33.40006,-117.61911
SONGS Wheeler North Reef - #63,Reef,Reefs,Florida to California,33.40072,-117.61858
SONGS Wheeler North Reef - #64,Reef,Reefs,Florida to California,33.39828,-117.62006
SONGS Wheeler North Reef - #65,Reef,Reefs,Florida to California,33.39881,-117.61925
SONGS Wheeler North Reef - #66,Reef,Reefs,Florida to California,33.39944,-117.61858
SONGS Wheeler North Reef - #67,Reef,Reefs,Florida to California,33.39958,-117.61728
SONGS Wheeler North Reef - #68,Reef,Reefs,Florida to California,33.39550,-117.61856
SONGS Wheeler North Reef - #69,Reef,Reefs,Florida to California,33.39592,-117.61756
SONGS Wheeler North Reef - #7,Reef,Reefs,Florida to California,33.43781,-117.66056
SONGS Wheeler North Reef - #70,Reef,Reefs,Florida to California,33.39642,-117.61667
SONGS Wheeler North Reef - #71,Reef,Reefs,Florida to California,33.39564,-117.61592
SONGS Wheeler North Reef - #72,Reef,Reefs,Florida to California,33.39758,-117.61525
SONGS Wheeler North Reef - #73,Reef,Reefs,Florida to California,33.39711,-117.61419
SONGS Wheeler North Reef - #74,Reef,Reefs,Florida to California,33.39511,-117.61689
SONGS Wheeler North Reef - #75,Reef,Reefs,Florida to California,33.39464,-117.61808
SONGS Wheeler North Reef - #76,Reef,Reefs,Florida to California,33.39206,-117.61547
SONGS Wheeler North Reef - #77,Reef,Reefs,Florida to California,33.40533,-117.62211
SONGS Wheeler North Reef - #78,Reef,Reefs,Florida to California,33.39253,-117.61425
SONGS Wheeler North Reef - #79,Reef,Reefs,Florida to California,33.39292,-117.61261
SONGS Wheeler North Reef - #8,Reef,Reefs,Florida to California,33.43478,-117.65797
SONGS Wheeler North Reef - #80,Reef,Reefs,Florida to California,33.39339,-117.61186
SONGS Wheeler North Reef - #81,Reef,Reefs,Florida to California,33.39142,-117.61439
SONGS Wheeler North Reef - #82,Reef,Reefs,Florida to California,33.39172,-117.61322
SONGS Wheeler North Reef - #83,Reef,Reefs,Florida to California,33.39275,-117.61069
SONGS Wheeler North Reef - #84,Reef,Reefs,Florida to California,33.39208,-117.61128
SONGS Wheeler North Reef - #85,Reef,Reefs,Florida to California,33.38847,-117.61103
SONGS Wheeler North Reef - #86,Reef,Reefs,Florida to California,33.38769,-117.61039
SONGS Wheeler North Reef - #87,Reef,Reefs,Florida to California,33.38869,-117.60997
SONGS Wheeler North Reef - #88,Reef,Reefs,Florida to California,33.38864,-117.60850
SONGS Wheeler North Reef - #89,Reef,Reefs,Florida to California,33.38817,-117.60767
SONGS Wheeler North Reef - #9,Reef,Reefs,Florida to California,33.43553,-117.65631
SONGS Wheeler North Reef - #90,Reef,Reefs,Florida to California,33.38747,-117.60953
SONGS Wheeler North Reef - #91,Reef,Reefs,Florida to California,33.40411,-117.62308
SONGS Wheeler North Reef - #92,Reef,Reefs,Florida to California,33.38764,-117.61144
SONGS Wheeler North Reef - #93,Reef,Reefs,Florida to California,33.38833,-117.61197
SONGS Wheeler North Reef - #94,Reef,Reefs,Florida to California,33.41136,-117.63181
Soule Barge Towers,Reef,Reefs,Florida to California,30.18273,-87.22962
South 45 Reef,Reef,Reefs,Florida to California,29.43950,-94.83300
South Bank 33 Fathoms,Reef,Reefs,Florida to California,33.88330,-118.56350
South Bank Bumps,Reef,Reefs,Florida to California,33.89830,-118.58120
South Bank Outside Edge,Reef,Reefs,Florida to California,33.88050,-118.61870
South Bank West,Reef,Reefs,Florida to California,33.89200,-118.59400
South East Bank,Reef,Reefs,Florida to California,33.56880,-118.13870
South Island Anchorage,Reef,Reefs,Florida to California,32.40000,-117.23750
South Marsh Island 108,Reef,Reefs,Florida to California,28.42698,-91.95885
South Marsh Island 133,Reef,Reefs,Florida to California,28.30249,-92.11287
South Marsh Island 146,Reef,Reefs,Florida to California,28.21945,-91.97647
South Marsh Island 192,Reef,Reefs,Florida to California,27.98179,-91.91762
South Marsh Island 205,Reef,Reefs,Florida to California,27.93098,-91.90155
South Marsh Island 233 East,Reef,Reefs,Florida to California,29.32066,-92.13346
South Marsh Island 233 West,Reef,Reefs,Florida to California,29.32337,-92.14391
South Marsh Island 235,Reef,Reefs,Florida to California,29.31351,-92.05508
South Marsh Island 66,Reef,Reefs,Florida to California,28.64662,-91.93466
South Marsh Island 76,Reef,Reefs,Florida to California,28.59556,-91.95979
South Marsh Island 77,Reef,Reefs,Florida to California,28.60242,-91.89063
South Pass 89,Reef,Reefs,Florida to California,28.70261,-89.39138
South Reef,Reef,Reefs,Florida to California,30.34775,-86.51577
South Timbalier 128,Reef,Reefs,Florida to California,28.67108,-90.26270
South Timbalier 130,Reef,Reefs,Florida to California,28.68727,-90.15703
South Timbalier 134 N,Reef,Reefs,Florida to California,28.64783,-90.23107
South Timbalier 134 S,Reef,Reefs,Florida to California,28.63409,-90.23122
South Timbalier 135,Reef,Reefs,Florida to California,28.63801,-90.26563
South Timbalier 151/152,Reef,Reefs,Florida to California,28.61830,-90.24787
South Timbalier 154,Reef,Reefs,Florida to California,28.62058,-90.13797
South Timbalier 161,Reef,Reefs,Florida to California,28.57438,-90.41208
South Timbalier 51,Reef,Reefs,Florida to California,28.88301,-90.48649
South Timbalier 86,Reef,Reefs,Florida to California,28.77913,-90.23406
South Timbalier 86 C,Reef,Reefs,Florida to California,28.76697,-90.22982
South Timbalier 86 E,Reef,Reefs,Florida to California,28.77267,-90.20795
Southeast Tampa Bay Bridge Reef,Reef,Reefs,Florida to California,27.54782,-82.67377
Southwest Tournament Reef,Reef,Reefs,Florida to California,30.46167,-81.01150
Spaghetti Barge,Reef,Reefs,Florida to California,26.12933,-80.07033
Spanish Shanty Barge,Reef,Reefs,Florida to California,30.11176,-85.70410
Sparkles Reef,Reef,Reefs,Florida to California,29.68568,-85.73393
Sparky Lee Hole,Reef,Reefs,Florida to California,26.21492,-81.89972
Spearmans Barge,Reef,Reefs,Florida to California,26.79316,-80.00583
Spike Reef,Reef,Reefs,Florida to California,30.37488,-80.89498
Sportfish Anglers Reef,Reef,Reefs,Florida to California,27.35133,-82.59805
Spotfin Reef,Reef,Reefs,Florida to California,26.09800,-80.08417
Spotfin Reef Tip,Reef,Reefs,Florida to California,26.10090,-80.08320
Spotty Reef Line,Reef,Reefs,Florida to California,27.50000,-80.07917
Square Rocks,Reef,Reefs,Florida to California,25.30442,-79.16785
Squash Channel Barge A,Reef,Reefs,Florida to California,30.17150,-88.84217
Squash Channel Barge B,Reef,Reefs,Florida to California,30.17783,-88.83550
SR 27 Patch Reef,Reef,Reefs,Florida to California,30.34605,-86.87393
SR 27 Patch Reef,Reef,Reefs,Florida to California,30.35038,-86.84373
SR 27 Patch Reef,Reef,Reefs,Florida to California,30.35445,-86.87832
SR 27 Patch Reef,Reef,Reefs,Florida to California,30.35483,-86.84453
SR 27 Patch Reef,Reef,Reefs,Florida to California,30.35627,-86.86550
SR 27 Patch Reef,Reef,Reefs,Florida to California,30.35915,-86.84548
ST George Island Bridge Reef Center,Reef,Reefs,Florida to California,29.50000,-84.81780
ST George Island Bridge Reef East Central,Reef,Reefs,Florida to California,29.49925,-84.81093
ST George Island Bridge Reef East End,Reef,Reefs,Florida to California,29.50023,-84.80297
ST George Island Bridge Reef West Central,Reef,Reefs,Florida to California,29.49992,-84.82377
ST George Island Bridge Reef West End,Reef,Reefs,Florida to California,29.50087,-84.83228
ST Marks Reef A 1,Reef,Reefs,Florida to California,30.00281,-84.15293
ST Marks Reef B 8,Reef,Reefs,Florida to California,30.00002,-84.15279
ST Petersburg Bay Reef,Reef,Reefs,Florida to California,27.78550,-82.59767
Standish Reef,Reef,Reefs,Florida to California,30.02048,-81.09807
Stans Reef,Reef,Reefs,Florida to California,27.40557,-79.99468
Stans Reef,Reef,Reefs,Florida to California,27.40753,-79.99915
Star Reef,Reef,Reefs,Florida to California,25.52781,-80.10188
Star Reef,Reef,Reefs,Florida to California,25.53200,-80.10383
Starborough Wine Reef 2023,Reef,Reefs,Florida to California,30.35140,-86.61460
"Starfish Reef, Patch",Reef,Reefs,Florida to California,30.14375,-86.62783
"Starfish Reef, Patch",Reef,Reefs,Florida to California,30.14658,-86.63112
Stargazer Reef,Reef,Reefs,Florida to California,24.45500,-81.86667
Starlight,Reef,Reefs,Florida to California,33.48000,-118.59830
Starship Reef,Reef,Reefs,Florida to California,30.16998,-81.15508
Steel Barge,Reef,Reefs,Florida to California,30.19367,-87.23133
Steinhatchee Reef,Reef,Reefs,Florida to California,29.65799,-83.62483
Steinhatchee Reef,Reef,Reefs,Florida to California,29.66444,-83.62743
Steinhatchee Reef,Reef,Reefs,Florida to California,29.66694,-83.62376
Stelters Reef,Reef,Reefs,Florida to California,30.16110,-86.44558
Stephen A Cook Reef,Reef,Reefs,Florida to California,29.78220,-85.71185
Steve Langford Reef,Reef,Reefs,Florida to California,29.32734,-83.43535
Streets,Reef,Reefs,Florida to California,32.83230,-117.29820
Sublette Dump Reef,Reef,Reefs,Florida to California,30.15810,-86.65043
Submarine Wreck,Reef,Reefs,Florida to California,28.57000,-80.31600
Sugar Wreck,Reef,Reefs,Florida to California,27.05272,-79.16050
Sunny Isles Offsite Mitigation Reef,Reef,Reefs,Florida to California,25.90786,-80.08976
Sunny Isles Reef,Reef,Reefs,Florida to California,25.85635,-80.07657
Sunny Isles Reef,Reef,Reefs,Florida to California,25.86805,-80.09722
Sunny Isles Reef,Reef,Reefs,Florida to California,25.87833,-80.09055
Sunny Isles Reef,Reef,Reefs,Florida to California,25.88132,-80.07918
Sunny Isles Reef,Reef,Reefs,Florida to California,25.88333,-80.06863
Sunny Isles Reef,Reef,Reefs,Florida to California,25.90797,-80.08138
Sunny Isles Reef,Reef,Reefs,Florida to California,25.90850,-80.09717
Susan TAY Fruitticher Reef,Reef,Reefs,Florida to California,30.06327,-87.19202
Suwanne Reef E,Reef,Reefs,Florida to California,29.08467,-83.40650
Suwannee Reef,Reef,Reefs,Florida to California,28.99150,-83.38967
Suwannee Reef,Reef,Reefs,Florida to California,29.03178,-83.35802
Suwannee Reef,Reef,Reefs,Florida to California,29.05283,-83.43717
Suwannee Reef,Reef,Reefs,Florida to California,29.05595,-83.39325
Suwannee Reef,Reef,Reefs,Florida to California,29.11533,-83.47267
Suwannee Reef,Reef,Reefs,Florida to California,29.14600,-83.49650
Suwannee Reef,Reef,Reefs,Florida to California,29.19115,-83.48467
Suwannee Reef,Reef,Reefs,Florida to California,29.19717,-83.51783
Suwannee Reef A,Reef,Reefs,Florida to California,28.98463,-83.32160
Suwannee Reef D,Reef,Reefs,Florida to California,29.04367,-83.35715
Suwannee Reef E,Reef,Reefs,Florida to California,29.08450,-83.40317
Suwannee Regional Reef,Reef,Reefs,Florida to California,28.98635,-83.31772
Suwannee Regional Reef,Reef,Reefs,Florida to California,29.02112,-83.34978
Suwannee Regional Reef,Reef,Reefs,Florida to California,29.04473,-83.35417
Suwannee Regional Reef,Reef,Reefs,Florida to California,29.06800,-83.44900
Suwannee Regional Reef,Reef,Reefs,Florida to California,29.07182,-83.39215
Suwannee Regional Reef,Reef,Reefs,Florida to California,29.09627,-83.41290
Suwannee Regional Reef,Reef,Reefs,Florida to California,29.25269,-83.49340
Suwannee Regional Reef,Reef,Reefs,Florida to California,29.30726,-83.50266
Suwannee Regional Reef,Reef,Reefs,Florida to California,29.34799,-83.52838
Sverdrup Bank,Reef,Reefs,Florida to California,33.14720,-120.45000
SW 100 Foot Reef,Reef,Reefs,Florida to California,30.30198,-86.59170
SW Bank 40 Fathoms,Reef,Reefs,Florida to California,33.86780,-118.58250
SW Corner,Reef,Reefs,Florida to California,32.80650,-117.29670
Swami's Reef,Reef,Reefs,Florida to California,33.03330,-117.30000
Swingle Reef,Reef,Reefs,Florida to California,29.06907,-87.09372
Swingle Reef,Reef,Reefs,Florida to California,29.40240,-87.59372
Swingle Reef,Reef,Reefs,Florida to California,29.41933,-87.59333
Switch 0 VER Reef,Reef,Reefs,Florida to California,29.50833,-94.89167
T Square Reef,Reef,Reefs,Florida to California,29.61805,-85.91805
T Square Reef,Reef,Reefs,Florida to California,29.62521,-85.92836
Tanner Bank,Reef,Reefs,Florida to California,32.70000,-119.13330
Tarpon,Reef,Reefs,Florida to California,30.09503,-85.94258
Tarpon Hole,Reef,Reefs,Florida to California,24.89450,-80.56822
Tarpon Ledge,Reef,Reefs,Florida to California,26.71224,-82.26291
Tarpon Springs Reef,Reef,Reefs,Florida to California,28.13522,-82.93250
Tarpon Springs Reef,Reef,Reefs,Florida to California,28.13750,-82.93017
Tarpon Springs Reef,Reef,Reefs,Florida to California,28.14038,-82.93087
Tarpon Springs Reef,Reef,Reefs,Florida to California,28.14202,-82.93523
Tarpon Springs Reef Concrete,Reef,Reefs,Florida to California,27.79393,-82.89512
Tarponhole,Reef,Reefs,Florida to California,26.81858,-82.09995
Tarpoon,Reef,Reefs,Florida to California,25.62192,-80.09097
Taylor Memorial Reef,Reef,Reefs,Florida to California,30.34048,-86.43065
TDC Reef,Reef,Reefs,Florida to California,30.05708,-87.19388
TDC Reef,Reef,Reefs,Florida to California,30.06358,-87.18142
Tenneco Reef Sailfish Bends,Reef,Reefs,Florida to California,25.97500,-80.07500
Tennessee Chuck Mckibbon Reef,Reef,Reefs,Florida to California,29.92036,-85.54263
Tennessee Reef NW,Reef,Reefs,Florida to California,24.74917,-80.77900
Tennessee Reef SE,Reef,Reefs,Florida to California,24.74617,-80.78533
Tennessee Reef SW,Reef,Reefs,Florida to California,24.74467,-80.77650
Tensaw Bridge Reef,Reef,Reefs,Florida to California,29.94370,-88.04167
Tensaw Bridge Reef,Reef,Reefs,Florida to California,29.97070,-88.11003
Tension Barge,Reef,Reefs,Florida to California,27.22544,-80.00435
Tern Reef,Reef,Reefs,Florida to California,29.60000,-94.84583
Tetrehedron Reef C,Reef,Reefs,Florida to California,27.20800,-80.03912
Tetrehedron Stack Reef,Reef,Reefs,Florida to California,27.21347,-80.03903
TEX Edwards Barge,Reef,Reefs,Florida to California,30.26896,-87.16928
Texas Reef Reefmaker,Reef,Reefs,Florida to California,27.19023,-80.10871
The 3/4 Spot,Reef,Reefs,Florida to California,32.84530,-117.29580
The Arch,Reef,Reefs,Florida to California,34.01730,-119.35350
The Boot,Reef,Reefs,Florida to California,33.73060,-118.70560
"The Bulkhead Reef, 04",Reef,Reefs,Florida to California,27.55345,-82.70613
The Bump,Reef,Reefs,Florida to California,32.85820,-117.28180
The Caves,Reef,Reefs,Florida to California,32.80750,-118.40280
The Corner,Reef,Reefs,Florida to California,32.62670,-117.82330
The Cove,Reef,Reefs,Florida to California,32.85570,-117.27700
The Donut,Reef,Reefs,Florida to California,34.75000,-121.65000
The Dropoff,Reef,Reefs,Florida to California,32.65250,-117.26200
The Gap,Reef,Reefs,Florida to California,32.02500,-119.49170
The Half Spot,Reef,Reefs,Florida to California,32.85370,-117.29370
The Hook Seahorse Reef,Reef,Reefs,Florida to California,28.99883,-83.13633
The Lab,Reef,Reefs,Florida to California,32.69080,-117.27180
The Nipple,Reef,Reefs,Florida to California,32.80000,-118.52500
The Pistol,Reef,Reefs,Florida to California,31.75000,-119.06670
The Slide,Reef,Reefs,Florida to California,33.28330,-118.24450
The Snail (267),Reef,Reefs,Florida to California,33.24170,-118.86500
The Worm,Reef,Reefs,Florida to California,31.98330,-119.01670
Thousand Steps,Reef,Reefs,Florida to California,33.49480,-117.74430
Three Barges,Reef,Reefs,Florida to California,30.29121,-87.22130
Three Mile Barge,Reef,Reefs,Florida to California,30.22848,-87.54922
Timber Hole Barge,Reef,Reefs,Florida to California,30.21750,-86.82350
Times Square Ledge,Reef,Reefs,Florida to California,27.68083,-82.92227
Tindell S Reef,Reef,Reefs,Florida to California,26.57142,-80.01408
Tire Barge,Reef,Reefs,Florida to California,30.11415,-87.36235
Tire Reef,Reef,Reefs,Florida to California,27.15383,-80.05803
Tire Reef,Reef,Reefs,Florida to California,27.68428,-82.75337
Tire Reef,Reef,Reefs,Florida to California,30.30153,-86.46988
Tire Reef Boat,Reef,Reefs,Florida to California,30.22538,-87.07453
Tires Debris Reef,Reef,Reefs,Florida to California,30.29182,-86.69902
Tires Debris Reef,Reef,Reefs,Florida to California,30.30740,-86.70520
Tires Debris Reef,Reef,Reefs,Florida to California,30.35967,-86.61980
TOD Sirod Reef B,Reef,Reefs,Florida to California,26.13040,-82.03925
Todos Santos Light,Reef,Reefs,Florida to California,31.81250,-116.81250
Tom Tom Reef,Reef,Reefs,Florida to California,29.48067,-94.77750
Tom Wallin Reef M,Reef,Reefs,Florida to California,27.31242,-82.71668
Tongue Of The Reef,Reef,Reefs,Florida to California,26.49397,-80.03830
Topanga,Reef,Reefs,Florida to California,34.02722,-118.53250
Topsail Reef,Reef,Reefs,Florida to California,30.28538,-86.33983
Topsail Reef,Reef,Reefs,Florida to California,30.28670,-86.33123
Topsail Reef,Reef,Reefs,Florida to California,30.29312,-86.27545
Topsail Reef 02 C,Reef,Reefs,Florida to California,30.30023,-86.31432
Topsail Reef 03 B,Reef,Reefs,Florida to California,30.29583,-86.49468
Torrey Pines 1,Reef,Reefs,Florida to California,32.88667,-117.26389
Torrey Pines 2,Reef,Reefs,Florida to California,32.89306,-117.25972
Torrey Pines Artificial Reef 1A,Reef,Reefs,Florida to California,32.78890,-117.27830
Torrey Pines Artificial Reef 1B,Reef,Reefs,Florida to California,32.79000,-117.27500
Torrey Pines Artificial Reef 1C,Reef,Reefs,Florida to California,32.79170,-117.27000
Torrey Pines Artificial Reef 2A,Reef,Reefs,Florida to California,32.79030,-117.27920
Torrey Pines Artificial Reef 2B,Reef,Reefs,Florida to California,32.79170,-117.27500
Torrey Pines Artificial Reef 2C,Reef,Reefs,Florida to California,32.79330,-117.27000
Torrey Pines Artificial Reef 3A,Reef,Reefs,Florida to California,32.79310,-117.28060
Torrey Pines Artificial Reef 3B,Reef,Reefs,Florida to California,32.79390,-117.27610
Torrey Pines Artificial Reef 3C,Reef,Reefs,Florida to California,32.79560,-117.27060
Torrey Pines Artificial Reef 4A,Reef,Reefs,Florida to California,32.79450,-117.28200
Torrey Pines Artificial Reef 4B,Reef,Reefs,Florida to California,32.79890,-117.27640
Torrey Pines Artificial Reef 4C,Reef,Reefs,Florida to California,32.79720,-117.27170
Tournament Reef,Reef,Reefs,Florida to California,30.06505,-80.63596
Tournament Reef(TR),Reef,Reefs,Florida to California,30.46328,-80.93109
Training Reef,Reef,Reefs,Florida to California,30.37032,-86.49372
Training Reef,Reef,Reefs,Florida to California,30.37233,-86.50602
Treasure Island Reef,Reef,Reefs,Florida to California,27.74167,-82.88083
Treasure Island Reef,Reef,Reefs,Florida to California,27.74553,-82.88086
Tremblay Reef,Reef,Reefs,Florida to California,26.80583,-82.37833
TRI County Reef,Reef,Reefs,Florida to California,26.74762,-80.00305
Triangle Reef,Reef,Reefs,Florida to California,29.50833,-94.84167
Triangle Reef Ledge,Reef,Reefs,Florida to California,27.33686,-82.83143
Triggerfish Reef,Reef,Reefs,Florida to California,29.90001,-85.54417
Triumph Reef,Reef,Reefs,Florida to California,25.47950,-80.11533
Triumph Reef,Reef,Reefs,Florida to California,25.48677,-80.11542
Triumph Reef Light 2 TR,Reef,Reefs,Florida to California,25.47833,-80.11217
Trysler 01 Reef,Reef,Reefs,Florida to California,29.92075,-87.52360
Trysler 02 Reef,Reef,Reefs,Florida to California,29.98593,-87.48343
Trysler 05 Reef,Reef,Reefs,Florida to California,29.91773,-87.45307
Trysler 06 Reef,Reef,Reefs,Florida to California,29.94565,-87.45532
Trysler 11 Reef,Reef,Reefs,Florida to California,29.94548,-87.38632
Trysler LG Reef,Reef,Reefs,Florida to California,29.95785,-87.41655
Trysler Reef,Reef,Reefs,Florida to California,29.95467,-87.40593
Trysler Reef 1 GPS,Reef,Reefs,Florida to California,29.89117,-87.47867
Trysler Reef 2 GPS,Reef,Reefs,Florida to California,29.93133,-87.52300
Tug Lesley Lee Reef,Reef,Reefs,Florida to California,27.40219,-80.01857
Tug Upside Down Barge,Reef,Reefs,Florida to California,29.96013,-87.67000
Turtle Reef,Reef,Reefs,Florida to California,25.27500,-80.21667
Turtle Reef,Reef,Reefs,Florida to California,25.28212,-80.20708
Turtle Reef North Of,Reef,Reefs,Florida to California,24.93383,-81.96667
TW Site Barge,Reef,Reefs,Florida to California,30.51116,-80.93970
Two Bridges Reef,Reef,Reefs,Florida to California,27.44167,-80.16833
Two Bridges Reef,Reef,Reefs,Florida to California,27.50750,-80.27620
Two Dogs Reefballs,Reef,Reefs,Florida to California,29.76792,-84.52459
Tyner Reef,Reef,Reefs,Florida to California,30.33352,-86.49398
U S S Mohawk CGC Veterans Memorial Reef,Reef,Reefs,Florida to California,26.55075,-82.72148
Under the light,Reef,Reefs,Florida to California,33.29930,-118.31670
Upper 500,Reef,Reefs,Florida to California,31.76670,-117.50000
Upper Cross,Reef,Reefs,Florida to California,32.00000,-118.00000
Upper Finger,Reef,Reefs,Florida to California,32.11330,-117.07330
Upper Hidden Bank,Reef,Reefs,Florida to California,32.05000,-117.46670
Urchin Reef Complex,Reef,Reefs,Florida to California,30.36147,-86.46257
"Urchin Reef, Units",Reef,Reefs,Florida to California,30.35433,-86.47017
"Urchin Reef, Units 10",Reef,Reefs,Florida to California,30.35783,-86.47983
"Urchin Reef, Units 14",Reef,Reefs,Florida to California,30.35567,-86.46733
"Urchin Reef, Units 18",Reef,Reefs,Florida to California,30.35783,-86.46200
"Urchin Reef, Units 20",Reef,Reefs,Florida to California,30.36000,-86.45850
"Urchin Reef, Units 24",Reef,Reefs,Florida to California,30.36450,-86.45867
"Urchin Reef, Units 26",Reef,Reefs,Florida to California,30.35033,-86.45850
"Urchin Reef, Units 36",Reef,Reefs,Florida to California,30.36467,-86.46533
Valparaiso,Reef,Reefs,Florida to California,30.14633,-86.67975
Valparaiso 1999 Reef Complex,Reef,Reefs,Florida to California,30.37072,-86.51493
Valparaiso Reef,Reef,Reefs,Florida to California,30.14633,-86.82975
Valparaiso Reef,Reef,Reefs,Florida to California,30.16498,-86.41022
Vamar,Reef,Reefs,Florida to California,29.89248,-85.46650
Vandenberg Artificial Reef/Wreck,Reef,Reefs,Florida to California,24.44715,-81.73554
Venice Pier Reef,Reef,Reefs,Florida to California,33.98500,-118.47670
Venice Reef,Reef,Reefs,Florida to California,33.97830,-118.49330
Venice Reef Site,Reef,Reefs,Florida to California,27.10493,-82.48183
Vermilion 119 D,Reef,Reefs,Florida to California,29.09548,-92.50056
Vermilion 119 G,Reef,Reefs,Florida to California,29.12140,-92.50331
Vermilion 124,Reef,Reefs,Florida to California,29.09114,-92.51686
Vermilion 147,Reef,Reefs,Florida to California,28.98706,-92.38122
Vermilion 255,Reef,Reefs,Florida to California,28.54211,-92.31827
Vermilion 262,Reef,Reefs,Florida to California,28.51193,-92.61165
Vermilion 395,Reef,Reefs,Florida to California,27.99842,-92.37239
Vermilion 412,Reef,Reefs,Florida to California,27.95225,-92.35466
Vermilion 69,Reef,Reefs,Florida to California,29.29469,-92.26517
Vermillion 144,Reef,Reefs,Florida to California,28.97921,-92.51785
Vester Reef,Reef,Reefs,Florida to California,26.31380,-82.02382
Veterans Reef,Reef,Reefs,Florida to California,28.03333,-83.00000
Veterans Reef,Reef,Reefs,Florida to California,28.04440,-83.01232
Veterans Reef 40 Steel Hulled Sailboat,Reef,Reefs,Florida to California,28.05120,-83.00140
Victory Reef,Reef,Reefs,Florida to California,25.48126,-79.25728
Victory Reef,Reef,Reefs,Florida to California,25.48182,-79.27033
Virginia Reef,Reef,Reefs,Florida to California,29.84245,-85.52517
Virginia Reef,Reef,Reefs,Florida to California,29.84732,-85.52507
Volcano Reef SS,Reef,Reefs,Florida to California,28.13700,-91.32033
Volcano Reef SS,Reef,Reefs,Florida to California,28.14367,-91.32500
W Snake Island Reef,Reef,Reefs,Florida to California,29.36050,-94.86717
Wakulla Big Bend Regional Reef,Reef,Reefs,Florida to California,29.96899,-84.13961
Wakulla Big Bend Regional Reef,Reef,Reefs,Florida to California,29.96933,-84.13200
Wakulla HS Reef,Reef,Reefs,Florida to California,29.69252,-85.98188
Walker Reef,Reef,Reefs,Florida to California,27.37152,-82.59167
Walker Reef,Reef,Reefs,Florida to California,27.37797,-82.60022
Walker Reef,Reef,Reefs,Florida to California,27.37968,-82.59597
Walker Reef,Reef,Reefs,Florida to California,27.38323,-82.59897
Walter Reef Cave,Reef,Reefs,Florida to California,30.35923,-86.62925
Warrens Ledge,Reef,Reefs,Florida to California,25.52970,-81.72333
Warsaw Reef,Reef,Reefs,Florida to California,30.05513,-85.81375
Warsaw Site Tires,Reef,Reefs,Florida to California,30.07659,-85.81278
Wasmer Reef A,Reef,Reefs,Florida to California,26.03288,-81.97595
Water Tower Reef,Reef,Reefs,Florida to California,25.82498,-80.08092
Watson S Reef,Reef,Reefs,Florida to California,25.18600,-80.24250
Watsonapos;s Reef,Reef,Reefs,Florida to California,24.96700,-80.31643
Watsonapos;s Reef SW Of,Reef,Reefs,Florida to California,25.17823,-80.25363
Wayne Gerth Memorial Reef,Reef,Reefs,Florida to California,29.92433,-85.59158
Wendy S Reef,Reef,Reefs,Florida to California,27.48933,-80.27617
Wendys Reef,Reef,Reefs,Florida to California,27.48917,-80.27050
West Butterfly (162),Reef,Reefs,Florida to California,32.36670,-118.29170
West Cameron 45,Reef,Reefs,Florida to California,29.67481,-93.60616
West Cameron 586,Reef,Reefs,Florida to California,28.16404,-93.28360
West Cameron 587,Reef,Reefs,Florida to California,28.15642,-93.35109
West Cameron 595,Reef,Reefs,Florida to California,28.14944,-93.29152
West Cameron 608,Reef,Reefs,Florida to California,28.10494,-93.30431
West Cameron 609,Reef,Reefs,Florida to California,28.07714,-93.33535
West Cameron 616/617,Reef,Reefs,Florida to California,28.05164,-93.30916
West Cameron 645,Reef,Reefs,Florida to California,27.95024,-93.06377
West Cameron 648,Reef,Reefs,Florida to California,27.94745,-93.20272
West Cameron 661,Reef,Reefs,Florida to California,27.84476,-93.32760
West Cove,Reef,Reefs,Florida to California,33.00830,-118.59450
West Delta 103/104,Reef,Reefs,Florida to California,28.86546,-89.64739
West Delta 117,Reef,Reefs,Florida to California,28.81266,-89.78937
West Delta 133,Reef,Reefs,Florida to California,28.73533,-89.68999
West Delta 134,Reef,Reefs,Florida to California,28.73897,-89.73517
West Delta 23,Reef,Reefs,Florida to California,29.18096,-89.55257
West Delta 24,Reef,Reefs,Florida to California,29.17783,-89.53518
West Delta 35,Reef,Reefs,Florida to California,29.13797,-89.79275
West Delta 69,Reef,Reefs,Florida to California,28.95242,-89.83517
West Delta 70,Reef,Reefs,Florida to California,28.94599,-89.80490
West Delta 75,Reef,Reefs,Florida to California,28.99210,-89.64494
West Delta 76,Reef,Reefs,Florida to California,28.94993,-89.62612
West Delta 89,Reef,Reefs,Florida to California,28.92834,-89.61544
West Delta 94,Reef,Reefs,Florida to California,28.93857,-89.78077
West Delta 95,Reef,Reefs,Florida to California,28.90792,-89.81273
West End,Reef,Reefs,Florida to California,33.47880,-118.60330
West End,Reef,Reefs,Florida to California,34.01670,-119.45000
West End (Catalina),Reef,Reefs,Florida to California,33.47920,-118.61130
West Karako Reef,Reef,Reefs,Florida to California,30.01687,-89.27495
Wewa/PSJ HS Reef,Reef,Reefs,Florida to California,29.75220,-85.97162
Whale Key Reef Sbep 2024,Reef,Reefs,Florida to California,27.39187,-82.60388
Whartons Tire Reef,Reef,Reefs,Florida to California,29.13028,-80.86037
White Hill Reef,Reef,Reefs,Florida to California,30.31695,-86.58317
White Spot,Reef,Reefs,Florida to California,33.03670,-118.51700
Whitefish,Reef,Reefs,Florida to California,32.94880,-118.56470
Whitehill Reef,Reef,Reefs,Florida to California,30.30473,-86.64917
Whitehill Reef,Reef,Reefs,Florida to California,30.31350,-86.58550
Whitehill Reef,Reef,Reefs,Florida to California,30.32457,-86.58477
Whitehill Reef,Reef,Reefs,Florida to California,30.33182,-86.60128
Wiggins Pass 14 Mile Reef,Reef,Reefs,Florida to California,26.24767,-82.09717
Wiggins Pass 4. 5 Mile Reef,Reef,Reefs,Florida to California,26.29112,-81.91940
Wildmans Reef,Reef,Reefs,Florida to California,26.51997,-82.28503
Wilkes Barre Bow Section,Reef,Reefs,Florida to California,24.48490,-81.55336
William Lundstrom Reef,Reef,Reefs,Florida to California,29.75444,-88.02362
Williams Reef 1 A,Reef,Reefs,Florida to California,30.16508,-86.40062
Williams Reef 1 B,Reef,Reefs,Florida to California,30.16729,-86.40395
Williams Reef 1 C,Reef,Reefs,Florida to California,30.16999,-86.39938
Williams Reef 1 D,Reef,Reefs,Florida to California,30.16929,-86.39508
Williams Reef 1 E,Reef,Reefs,Florida to California,30.15423,-86.39583
Williams Reef 1 E,Reef,Reefs,Florida to California,30.16368,-86.39573
Willie Krause Reef,Reef,Reefs,Florida to California,29.88528,-85.54930
Windansea,Reef,Reefs,Florida to California,32.82860,-117.29180
Withlacoochee Reefs,Reef,Reefs,Florida to California,29.02220,-82.79455
Wolfe Reef,Reef,Reefs,Florida to California,26.26667,-82.11667
Wood Reef,Reef,Reefs,Florida to California,26.74388,-79.02867
Woodburn Reef,Reef,Reefs,Florida to California,29.33333,-87.06667
Woodburn Reef,Reef,Reefs,Florida to California,29.98702,-87.12483
Woodburn Reef,Reef,Reefs,Florida to California,30.00864,-87.06666
Woodys Marlin Hole,Reef,Reefs,Florida to California,25.67283,-79.34583
Worm Bank,Reef,Reefs,Florida to California,31.58330,-116.80000
Wreck 110 Barge,Reef,Reefs,Florida to California,27.91690,-83.03257
Wreck Reef,Reef,Reefs,Florida to California,30.11780,-87.26058
Yellow Banks,Reef,Reefs,Florida to California,34.02470,-119.48850
Yellow Bluff,Reef,Reefs,Florida to California,33.98430,-119.63830
Yukon,Reef,Reefs,Florida to California,32.76667,-117.28333
East Cameron 278 Original,Rig,Rigs,Florida to California,28.40356,-92.89068
Main Pass 293 N Original,Rig,Rigs,Florida to California,29.27120,-88.56378
1 Western Dry Rocks,Rock,Rocks,Florida to California,24.43500,-81.89167
18-20 Fathom Spot Rockfish,Rock,Rocks,Florida to California,33.77080,-118.43870
60 Fathom Curve - Rockfish,Rock,Rocks,Florida to California,32.78970,-117.37170
AJ Hole AKA AJ Rocks,Rock,Rocks,Florida to California,30.33920,-86.54093
Amberjack Rock,Rock,Rocks,Florida to California,30.18345,-86.86350
Anchor Rock,Rock,Rocks,Florida to California,30.31432,-86.60410
Anchor Rock,Rock,Rocks,Florida to California,30.31918,-86.60305
Anchor Rock SW,Rock,Rocks,Florida to California,30.30853,-86.60412
Arch Rock - Half Spot,Rock,Rocks,Florida to California,33.58370,-117.86620
Baker Rock,Rock,Rocks,Florida to California,27.74883,-96.25033
Bakers Rock,Rock,Rocks,Florida to California,27.74587,-96.23434
Bird Rock Reef,Rock,Rocks,Florida to California,33.44500,-118.48880
Black Rock,Rock,Rocks,Florida to California,26.81300,-80.00300
Black Rock Gramatic Undercut,Rock,Rocks,Florida to California,26.80190,-79.99123
Boca Rocks,Rock,Rocks,Florida to California,26.34517,-80.02950
Bolacks Rocky Delight,Rock,Rocks,Florida to California,28.15322,-83.05418
Bootel Rock,Rock,Rocks,Florida to California,26.63984,-78.95437
Broken Rock And Sand,Rock,Rocks,Florida to California,29.45020,-84.00473
Captain Hills Grouper Rock,Rock,Rocks,Florida to California,29.95548,-86.46363
Castle Rock,Rock,Rocks,Florida to California,25.23345,-79.14568
Castle Rock,Rock,Rocks,Florida to California,33.03500,-118.61420
Cat Rock,Rock,Rocks,Florida to California,34.00270,-119.42300
CAV Rocks,Rock,Rocks,Florida to California,28.51432,-94.07405
Cement Rocks,Rock,Rocks,Florida to California,30.42713,-81.14578
Cheeca Rocks,Rock,Rocks,Florida to California,24.90433,-80.60918
Cheeca Rocks NE,Rock,Rocks,Florida to California,25.23830,-80.26260
Church Rock,Rock,Rocks,Florida to California,33.29680,-118.32670
CI - Rockfish #1,Rock,Rocks,Florida to California,33.46670,-118.61930
CI - Rockfish #2,Rock,Rocks,Florida to California,33.46470,-118.61950
CI - Rockfish #3,Rock,Rocks,Florida to California,33.46400,-118.61380
Cliff/Rocky Bottom,Rock,Rocks,Florida to California,27.38027,-80.05222
Climbers Rock,Rock,Rocks,Florida to California,28.23020,-83.39192
Coalbin Rock South,Rock,Rocks,Florida to California,24.44450,-82.09150
Coalbin Rock South,Rock,Rocks,Florida to California,24.44500,-82.07500
Coalbin Rock South,Rock,Rocks,Florida to California,24.44500,-82.11667
Conch Shells And Rocks,Rock,Rocks,Florida to California,28.64428,-80.34377
Coral And Rock,Rock,Rocks,Florida to California,26.33110,-79.82197
Coral And Rock,Rock,Rocks,Florida to California,27.32615,-80.03192
Coral Rock Depression,Rock,Rocks,Florida to California,27.31325,-80.01962
Coral/Rock W/Slopes,Rock,Rocks,Florida to California,25.61365,-80.08527
Cortez Bank (Bishop Rock),Rock,Rocks,Florida to California,32.45000,-119.12830
Crocker Ridges,Rock,Rocks,Florida to California,24.92197,-80.50602
Deep Rock Pile,Rock,Rocks,Florida to California,27.34552,-79.62050
Deep Rocks,Rock,Rocks,Florida to California,29.75960,-86.43453
Descanso Rockfish 1,Rock,Rocks,Florida to California,32.24730,-117.01460
Descanso Rockfish 2,Rock,Rocks,Florida to California,32.24080,-116.97600
DOG Rocks,Rock,Rocks,Florida to California,24.08333,-79.85000
Dry Rock Spot,Rock,Rocks,Florida to California,24.44933,-81.84583
Dry Rocks West Of,Rock,Rocks,Florida to California,25.12233,-80.30200
Dry Tortugas Davis Rock,Rock,Rocks,Florida to California,25.12828,-80.29972
Dryrock,Rock,Rocks,Florida to California,24.45282,-81.91475
Dutra Rock,Rock,Rocks,Florida to California,27.51633,-95.83867
East End - Seal Rocks,Rock,Rocks,Florida to California,33.30620,-118.30330
East of Pukey Point – Yellowtail & Rockfish,Rock,Rocks,Florida to California,32.45000,-117.23500
Eastern Dry Rocks,Rock,Rocks,Florida to California,24.43445,-81.82477
Eastern Dry Rocks,Rock,Rocks,Florida to California,24.45833,-81.84067
Eastern Dry Rocks,Rock,Rocks,Florida to California,24.45933,-81.84617
Eastern Dry Rocks,Rock,Rocks,Florida to California,24.46470,-81.84217
Eastern Dry Rocks NE,Rock,Rocks,Florida to California,24.72047,-80.92852
Eastern Dry Rocks SE,Rock,Rocks,Florida to California,24.46200,-81.84767
Eastern Dry Rocks SW,Rock,Rocks,Florida to California,24.46217,-81.83883
EF Red Rock Tabletop,Rock,Rocks,Florida to California,30.40850,-81.03633
Ellis Rock Light,Rock,Rocks,Florida to California,24.64917,-82.18400
Ellisrock,Rock,Rocks,Florida to California,24.65300,-82.18600
Exposed Rock And Coral,Rock,Rocks,Florida to California,26.99642,-83.58135
Fish Good Rock,Rock,Rocks,Florida to California,28.06260,-80.21933
Fowey Lighthouse / Fowey Rocks,Rock,Rocks,Florida to California,25.59028,-80.09667
Fowey Rocks,Rock,Rocks,Florida to California,25.59957,-80.10295
Frog Rock,Rock,Rocks,Florida to California,33.36250,-118.33380
Grayton Rock 02 A,Rock,Rocks,Florida to California,30.26548,-86.19335
Grayton Rock A,Rock,Rocks,Florida to California,30.27123,-86.15797
Grayton Rock B,Rock,Rocks,Florida to California,30.27240,-86.16103
Grayton Rock H,Rock,Rocks,Florida to California,30.27492,-86.16997
Grayton Rock J,Rock,Rocks,Florida to California,30.15333,-86.24613
Grecian Rocks,Rock,Rocks,Florida to California,25.11185,-80.30520
Grecian Rocks NE,Rock,Rocks,Florida to California,24.48308,-81.69965
Grecian Rocks NW,Rock,Rocks,Florida to California,25.11517,-80.30333
Grecian Rocks SW,Rock,Rocks,Florida to California,25.11117,-80.30100
Hanks Rocks,Rock,Rocks,Florida to California,28.68326,-84.39056
Hardbottom,Rock,Rocks,Florida to California,32.63750,-117.24170
Heald Bank Rock,Rock,Rocks,Florida to California,28.93937,-94.31978
Heald Bank Rock Steeple,Rock,Rocks,Florida to California,28.93837,-94.32533
HEN And Chicken Rocks North,Rock,Rocks,Florida to California,25.98910,-79.12330
Hen Rock,Rock,Rocks,Florida to California,33.40580,-118.36550
Holmes Rock,Rock,Rocks,Florida to California,26.56030,-78.85132
Holmes Rock CAY,Rock,Rocks,Florida to California,26.55810,-78.84675
Homosassa Rocks,Rock,Rocks,Florida to California,28.69413,-83.08857
Hosp Rocks,Rock,Rocks,Florida to California,27.55892,-96.47929
Hospital Rock,Rock,Rocks,Florida to California,27.57498,-96.48013
Hospital Rock,Rock,Rocks,Florida to California,27.67898,-96.60677
HOT Rocked,Rock,Rocks,Florida to California,30.35260,-80.46443
Hudson Rocks,Rock,Rocks,Florida to California,28.50520,-83.20590
Hunter Rock,Rock,Rocks,Florida to California,26.49029,-78.74613
JAP Rock,Rock,Rocks,Florida to California,26.39138,-80.06555
Johnson Rock - Caution Boiler rocks,Rock,Rocks,Florida to California,33.47750,-118.58930
La Jolla Canyon Shelf Rockfish Area,Rock,Rocks,Florida to California,32.87500,-117.31670
La Jolla Shelf Hardbottom,Rock,Rocks,Florida to California,32.85500,-117.32080
Live Rock GPS,Rock,Rocks,Florida to California,30.17467,-86.88383
LOW Rock,Rock,Rocks,Florida to California,28.30702,-82.99708
LOW Rock,Rock,Rocks,Florida to California,28.31680,-83.03360
LOW Rock,Rock,Rocks,Florida to California,28.32668,-83.11533
LOW Rocks,Rock,Rocks,Florida to California,25.34629,-79.17758
Memory Rock,Rock,Rocks,Florida to California,26.92879,-79.08704
Memory Rock,Rock,Rocks,Florida to California,26.94680,-79.11347
Memory Rock,Rock,Rocks,Florida to California,26.95041,-79.10350
Mission Bay Park Ingrahm Street Bridge Rubble,Rock,Rocks,Florida to California,32.76550,-117.27130
Monarch Boiler Rocks,Rock,Rocks,Florida to California,33.48280,-117.73450
Moxon Rocks,Rock,Rocks,Florida to California,25.54303,-79.28421
Mud And Exposed Rock,Rock,Rocks,Florida to California,25.99627,-81.79190
Mullet Key Rock,Rock,Rocks,Florida to California,27.66567,-82.98378
New Hope Rock,Rock,Rocks,Florida to California,32.68570,-117.26650
North Dry Rocks / Minnow Cave,Rock,Rocks,Florida to California,25.13067,-80.29433
North Dry Rocks OR Minnow Cave,Rock,Rocks,Florida to California,25.13350,-80.29500
North N Dry Rocks,Rock,Rocks,Florida to California,30.31667,-80.23333
North North Dry Rocks,Rock,Rocks,Florida to California,25.13778,-80.28889
North of North Island rockfish area,Rock,Rocks,Florida to California,32.45630,-117.30000
North Rock,Rock,Rocks,Florida to California,25.79858,-79.25778
North Rock,Rock,Rocks,Florida to California,25.80337,-79.27845
Old Sound Rocket,Rock,Rocks,Florida to California,28.78467,-80.15500
Olympic Rock,Rock,Rocks,Florida to California,33.63880,-118.23470
Orange Rocks,Rock,Rocks,Florida to California,33.30150,-118.34050
PIC Rock,Rock,Rocks,Florida to California,28.78872,-94.28268
PIC Rock,Rock,Rocks,Florida to California,28.78917,-94.27873
PIC Rock,Rock,Rocks,Florida to California,28.79168,-94.27715
PIC Rock,Rock,Rocks,Florida to California,28.79423,-94.27592
Pittman Rock,Rock,Rocks,Florida to California,28.52800,-80.35117
Pollys Rocky Road,Rock,Rocks,Florida to California,28.14733,-83.02078
Rabbit Rocks,Rock,Rocks,Florida to California,25.52586,-79.27606
Randys Rocks,Rock,Rocks,Florida to California,27.12143,-82.75392
Randys Rocks,Rock,Rocks,Florida to California,27.56867,-82.84558
Randys Rocks,Rock,Rocks,Florida to California,28.86728,-83.15998
Ranzells Rock,Rock,Rocks,Florida to California,27.04083,-96.70535
Redstone Rocket,Rock,Rocks,Florida to California,28.60217,-80.21883
Ricks Rocks,Rock,Rocks,Florida to California,28.18833,-82.93900
Rock And 3 Foot Peak,Rock,Rocks,Florida to California,28.57393,-83.05342
Rock And 3 Foot Peak,Rock,Rocks,Florida to California,28.60085,-83.00663
Rock And 3 Foot Peaks,Rock,Rocks,Florida to California,28.58287,-82.98015
Rock And 4 Foot Peak,Rock,Rocks,Florida to California,28.63572,-83.19892
Rock And 4 Foot Peaks,Rock,Rocks,Florida to California,28.59518,-83.03607
Rock And 4 Foot Peaks,Rock,Rocks,Florida to California,28.60523,-83.00247
Rock And 4 Foot Peaks,Rock,Rocks,Florida to California,28.63188,-83.19058
Rock And 4 Foot Peaks,Rock,Rocks,Florida to California,28.65582,-83.08940
Rock And 4 Foot Peaks,Rock,Rocks,Florida to California,28.66293,-83.08617
Rock And 5 Foot Peak,Rock,Rocks,Florida to California,28.58117,-82.93535
Rock And 5 Foot Peak,Rock,Rocks,Florida to California,28.58175,-82.99040
Rock And 5 Foot Peak,Rock,Rocks,Florida to California,28.58427,-82.99620
Rock And 5 Foot Peak,Rock,Rocks,Florida to California,28.59780,-83.00367
Rock And 6 Foot Peak,Rock,Rocks,Florida to California,28.58212,-82.93877
Rock And 6 Foot Peak,Rock,Rocks,Florida to California,28.65042,-83.06913
Rock And 6 Foot Peaks,Rock,Rocks,Florida to California,28.66478,-83.08365
Rock And 7 Foot Peak,Rock,Rocks,Florida to California,28.59573,-83.00593
Rock And Coral,Rock,Rocks,Florida to California,26.17938,-82.19915
Rock And Gravel Flat,Rock,Rocks,Florida to California,26.32945,-82.28240
Rock And Rubble,Rock,Rocks,Florida to California,30.34843,-86.49250
Rock And Shell,Rock,Rocks,Florida to California,26.76360,-82.84923
Rock And Shell,Rock,Rocks,Florida to California,26.83087,-82.35088
Rock And Shell,Rock,Rocks,Florida to California,27.32295,-82.88373
Rock Big,Rock,Rocks,Florida to California,28.67720,-94.71485
Rock Big R,Rock,Rocks,Florida to California,28.67438,-94.71465
Rock Bottom,Rock,Rocks,Florida to California,30.34857,-86.47393
Rock Cliffs,Rock,Rocks,Florida to California,30.08833,-86.86500
Rock Coral,Rock,Rocks,Florida to California,26.33350,-80.04833
Rock Coral Sponges,Rock,Rocks,Florida to California,25.72275,-82.87120
Rock Coral Sponges,Rock,Rocks,Florida to California,28.08275,-83.45018
Rock Depressions,Rock,Rocks,Florida to California,27.59877,-82.93385
Rock Depressions,Rock,Rocks,Florida to California,28.46540,-84.20848
Rock Fish,Rock,Rocks,Florida to California,30.51958,-80.39390
Rock Formations,Rock,Rocks,Florida to California,27.09752,-82.89995
Rock G,Rock,Rocks,Florida to California,28.66668,-94.67597
Rock G,Rock,Rocks,Florida to California,28.68150,-94.70113
Rock G,Rock,Rocks,Florida to California,28.68777,-94.69222
Rock Hind,Rock,Rocks,Florida to California,24.00000,-80.43333
Rock Hind,Rock,Rocks,Florida to California,24.44190,-81.94203
Rock Hind,Rock,Rocks,Florida to California,24.46678,-81.83067
Rock Hind,Rock,Rocks,Florida to California,24.47640,-81.72670
Rock Hind,Rock,Rocks,Florida to California,24.49444,-81.65417
Rock Hind,Rock,Rocks,Florida to California,24.50970,-81.57219
Rock Hind,Rock,Rocks,Florida to California,24.52353,-81.51291
Rock Hind,Rock,Rocks,Florida to California,24.52543,-81.52188
Rock Hind,Rock,Rocks,Florida to California,24.55141,-81.38075
Rock Hind,Rock,Rocks,Florida to California,24.56633,-81.39149
Rock Hind,Rock,Rocks,Florida to California,24.56702,-81.46357
Rock Hind,Rock,Rocks,Florida to California,24.61868,-81.12650
Rock Hind,Rock,Rocks,Florida to California,24.84844,-80.61684
Rock Hind,Rock,Rocks,Florida to California,24.85909,-80.68850
Rock Hind,Rock,Rocks,Florida to California,25.24679,-80.19869
Rock Hind,Rock,Rocks,Florida to California,25.41167,-80.18667
Rock Hind,Rock,Rocks,Florida to California,26.10000,-79.46667
Rock Hind,Rock,Rocks,Florida to California,27.03988,-96.54239
Rock Hind,Rock,Rocks,Florida to California,27.54596,-96.26140
Rock Hind,Rock,Rocks,Florida to California,27.83333,-84.33333
Rock Hind,Rock,Rocks,Florida to California,28.15833,-95.17500
Rock Hind,Rock,Rocks,Florida to California,28.28333,-84.13333
Rock Key,Rock,Rocks,Florida to California,24.46434,-81.81793
Rock Patches,Rock,Rocks,Florida to California,26.54547,-82.34927
Rock PIL,Rock,Rocks,Florida to California,24.50952,-81.80341
Rock PIL,Rock,Rocks,Florida to California,24.53428,-81.83387
Rock Pile,Rock,Rocks,Florida to California,26.76443,-80.02212
Rock Pile,Rock,Rocks,Florida to California,28.93635,-80.54220
Rock Pile,Rock,Rocks,Florida to California,29.72522,-86.36698
Rock Pile,Rock,Rocks,Florida to California,30.16798,-80.51045
Rock Pile 59,Rock,Rocks,Florida to California,24.54074,-81.74937
Rock Quarry,Rock,Rocks,Florida to California,33.44230,-118.46620
Rock Sand,Rock,Rocks,Florida to California,26.69762,-82.26753
Rock Set,Rock,Rocks,Florida to California,28.88673,-93.31278
Rock Set,Rock,Rocks,Florida to California,28.88843,-93.31935
Rock Set E,Rock,Rocks,Florida to California,28.88507,-93.31013
Rock Sponge,Rock,Rocks,Florida to California,27.48967,-83.31623
Rock The,Rock,Rocks,Florida to California,28.70678,-80.56560
Rockpile,Rock,Rocks,Florida to California,32.29170,-117.17500
Rockpile #2,Rock,Rocks,Florida to California,32.28330,-117.15830
Rocks And Coral,Rock,Rocks,Florida to California,28.60945,-90.29028
Rocks And Flats,Rock,Rocks,Florida to California,25.74833,-82.59708
Rocks And Shell,Rock,Rocks,Florida to California,27.19827,-82.68390
Rocky Channel 1,Rock,Rocks,Florida to California,25.06063,-81.01583
Rocky Cliff,Rock,Rocks,Florida to California,29.25150,-80.72680
Rocky Cliff,Rock,Rocks,Florida to California,29.36140,-80.55905
Rocky Cliffs And Coral,Rock,Rocks,Florida to California,24.44522,-81.58457
Rocky Cliffs And Coral,Rock,Rocks,Florida to California,24.46160,-81.60103
Rocky Cliffs And Coral,Rock,Rocks,Florida to California,24.49583,-81.53482
Rocky Point Pinnacle 25ft,Rock,Rocks,Florida to California,33.77700,-118.42970
Rocky Ridge,Rock,Rocks,Florida to California,29.48252,-86.14030
Rocky Ridge,Rock,Rocks,Florida to California,29.49467,-86.14635
Rocky Ridge,Rock,Rocks,Florida to California,29.50818,-86.14488
Rocky Steep Sides,Rock,Rocks,Florida to California,26.17923,-82.01648
Rugged Coral And Rocks,Rock,Rocks,Florida to California,24.62720,-81.12490
Rugged Rocky Peaks,Rock,Rocks,Florida to California,24.70878,-80.49303
S Baker's Rock,Rock,Rocks,Florida to California,27.68435,-96.28777
S Riding Rock Anchorage,Rock,Rocks,Florida to California,25.21364,-79.13552
Sand Shell Coral Rock,Rock,Rocks,Florida to California,27.20000,-80.03833
SE Of Rocks,Rock,Rocks,Florida to California,30.30157,-81.11498
SE Rocks,Rock,Rocks,Florida to California,30.33300,-86.46883
SE Rocks A,Rock,Rocks,Florida to California,30.34693,-86.44767
SE Rocks C,Rock,Rocks,Florida to California,30.32908,-86.44376
SE Rocks D,Rock,Rocks,Florida to California,30.33910,-86.47321
Seabass Rock 75ft,Rock,Rocks,Florida to California,33.43880,-118.43530
Seagrove Rock,Rock,Rocks,Florida to California,30.25617,-86.15013
Seagrove Rock 01 B,Rock,Rocks,Florida to California,30.25155,-86.15095
Seagrove Rock 01 C,Rock,Rocks,Florida to California,30.25103,-86.15997
Seal Rock,Rock,Rocks,Florida to California,33.54470,-117.80570
Seal Rocks,Rock,Rocks,Florida to California,33.30620,-118.30570
Seal Rocks,Rock,Rocks,Florida to California,33.40470,-117.61770
Sentinel Rock,Rock,Rocks,Florida to California,33.36800,-118.48830
Sinkhole/Rock/Grass,Rock,Rocks,Florida to California,28.63430,-83.11998
Snapper Rocks,Rock,Rocks,Florida to California,26.76539,-96.70219
South East Rocks,Rock,Rocks,Florida to California,30.27182,-86.40222
South East Rocks,Rock,Rocks,Florida to California,30.27613,-86.40705
South East Rocks,Rock,Rocks,Florida to California,30.29278,-86.44360
South East Rocks,Rock,Rocks,Florida to California,30.30890,-86.45345
South East Rocks,Rock,Rocks,Florida to California,30.31508,-86.47657
South East Rocks,Rock,Rocks,Florida to California,30.31812,-86.45500
South East Rocks,Rock,Rocks,Florida to California,30.34215,-86.47817
Southwest Rock,Rock,Rocks,Florida to California,30.10223,-86.20472
Stans Rock,Rock,Rocks,Florida to California,30.29958,-86.53150
Sugarloaf Rock,Rock,Rocks,Florida to California,32.22280,-116.96360
Tacos Rocks,Rock,Rocks,Florida to California,29.21120,-85.66212
Terrys Rocky Road,Rock,Rocks,Florida to California,27.37260,-83.29710
Terrys Rocky Road,Rock,Rocks,Florida to California,27.57748,-82.97103
The 1300 Rock,Rock,Rocks,Florida to California,29.32247,-80.51113
The 270 Spot - Rockfish,Rock,Rocks,Florida to California,32.77850,-117.34820
The 32 Spot - Rockfish,Rock,Rocks,Florida to California,32.84580,-117.33250
The Airplane (Rockfish Area),Rock,Rocks,Florida to California,32.75950,-117.30770
The Rock,Rock,Rocks,Florida to California,28.70642,-80.56002
The Rocks,Rock,Rocks,Florida to California,24.94367,-80.53700
Turtle Rocks,Rock,Rocks,Florida to California,25.30417,-80.20972
Twin Rocks,Rock,Rocks,Florida to California,28.82222,-80.10370
UFB 27 Fathom Spot,Rock,Rocks,Florida to California,32.23330,-117.11830
UFB 71 Fathom Spot,Rock,Rocks,Florida to California,32.24130,-117.18880
UFB Rockfish 180ft,Rock,Rocks,Florida to California,32.27270,-117.17450
UFB Rockfish 240ft,Rock,Rocks,Florida to California,32.25220,-117.17100
UFB Rockfish 300ft,Rock,Rocks,Florida to California,32.25180,-117.18250
Vicente Outside Rock 80ft,Rock,Rocks,Florida to California,33.73880,-118.41500
Wedge Rocks,Rock,Rocks,Florida to California,25.50989,-79.26857
West End (Castle Rock),Rock,Rocks,Florida to California,33.03450,-118.61300
Western Dry Rocks,Rock,Rocks,Florida to California,24.43133,-81.93533
Western Dry Rocks,Rock,Rocks,Florida to California,24.43417,-81.92667
Western Dry Rocks,Rock,Rocks,Florida to California,24.43833,-81.92667
Western Dry Rocks,Rock,Rocks,Florida to California,24.44467,-81.92650
White Rock,Rock,Rocks,Florida to California,32.41020,-117.23580
White Rock,Rock,Rocks,Florida to California,32.89300,-118.43930
Widow Rock,Rock,Rocks,Florida to California,32.76620,-117.36950
1 Car 1 GPS Concrete,Structure,Structure,Florida to California,30.20517,-87.24667
"1, 000 Mermaids Hollywood",Structure,Structure,Florida to California,25.98819,-80.09437
10 Car Bodies,Structure,Structure,Florida to California,30.20867,-87.23405
10 Car Bodies GPS,Structure,Structure,Florida to California,30.18267,-87.24400
10 Car Bodies GPS,Structure,Structure,Florida to California,30.19933,-87.24717
10 Car Bodies GPS,Structure,Structure,Florida to California,30.20283,-87.23550
10 Cars,Structure,Structure,Florida to California,30.20627,-87.27100
10 Cars Scrap Steel,Structure,Structure,Florida to California,30.20382,-87.24138
100 Foot Ship And USN Intruder Plane Wrecks,Structure,Structure,Florida to California,29.35345,-80.35812
13 South County,Structure,Structure,Florida to California,27.09654,-80.03121
14 South County,Structure,Structure,Florida to California,27.09639,-80.03596
15 South County,Structure,Structure,Florida to California,27.09801,-80.03113
16 South County,Structure,Structure,Florida to California,27.09804,-80.03586
18 Mile Bridge,Structure,Structure,Florida to California,29.73963,-85.69757
2 Cars Look 100 YD South,Structure,Structure,Florida to California,30.19457,-87.22708
2009,Structure,Structure,Florida to California,29.72493,-85.67478
2009,Structure,Structure,Florida to California,29.73386,-85.71148
2009,Structure,Structure,Florida to California,29.73639,-85.47181
2009,Structure,Structure,Florida to California,29.74192,-85.71198
2009,Structure,Structure,Florida to California,29.77116,-85.70256
2009,Structure,Structure,Florida to California,29.77604,-85.59778
2009,Structure,Structure,Florida to California,29.77900,-85.69347
2017 East Patch,Structure,Structure,Florida to California,26.36742,-82.28535
2017 West Patch,Structure,Structure,Florida to California,26.36738,-82.29107
2018 Kerry Dillon Site,Structure,Structure,Florida to California,27.19700,-80.09232
2018 Kerry Dillon Site,Structure,Structure,Florida to California,27.19793,-80.09788
2024 UMA Deployment,Structure,Structure,Florida to California,30.31257,-86.15890
21 Hole Airplane,Structure,Structure,Florida to California,30.02420,-87.23437
3 Cars 1 GPS,Structure,Structure,Florida to California,30.20317,-87.24017
3 Cars 2 GPS,Structure,Structure,Florida to California,30.18383,-87.23250
3 Cars 3 GPS,Structure,Structure,Florida to California,30.19550,-87.25000
3 Mile Bridge,Structure,Structure,Florida to California,30.28958,-87.22625
3 Mile Bridge,Structure,Structure,Florida to California,30.29583,-87.22500
3 Mile Bridge Pilings,Structure,Structure,Florida to California,30.29433,-87.22475
331 Bridge,Structure,Structure,Florida to California,30.10328,-85.80235
39 Chevron Tanks,Structure,Structure,Florida to California,26.20070,-80.05857
4 Cars 2 GPS,Structure,Structure,Florida to California,30.19100,-87.23683
40 Steel Boat / 4 Cars GPS,Structure,Structure,Florida to California,30.18967,-87.24050
5 Cars GPS,Structure,Structure,Florida to California,30.20133,-87.24183
5-Minute Kelp,Structure,Structure,Florida to California,32.38230,-117.22530
79 Culverts,Structure,Structure,Florida to California,25.74500,-80.09500
A 6 Plane,Structure,Structure,Florida to California,29.35452,-80.35747
A Leg,Structure,Structure,Florida to California,30.36334,-86.49828
Academy,Structure,Structure,Florida to California,30.29599,-87.23640
Accokeek,Structure,Structure,Florida to California,29.97458,-85.86525
Adolphus Busch SR,Structure,Structure,Florida to California,24.53068,-81.46146
African Queen,Structure,Structure,Florida to California,25.78006,-80.07553
AH Site Culverts,Structure,Structure,Florida to California,30.56033,-81.05200
AH Site Pillboxes,Structure,Structure,Florida to California,30.47216,-81.10100
AH Site Tug Monachan,Structure,Structure,Florida to California,30.47816,-81.08166
Airplane,Structure,Structure,Florida to California,29.90310,-80.80050
Airplane,Structure,Structure,Florida to California,30.15782,-86.66467
Airplane Bottom,Structure,Structure,Florida to California,27.94663,-83.20415
Airplane Near Half Barge,Structure,Structure,Florida to California,30.14000,-87.31280
Airplane R,Structure,Structure,Florida to California,30.34280,-86.56265
Airplane Rock,Structure,Structure,Florida to California,30.34177,-86.52830
Airplane Wing,Structure,Structure,Florida to California,28.58755,-83.25720
Airplane Wreck,Structure,Structure,Florida to California,30.35633,-80.82033
AJS Bimini,Structure,Structure,Florida to California,30.32717,-86.60267
AJS Carey Ricks Memorial,Structure,Structure,Florida to California,30.15788,-86.40695
"Alan Fisher, I",Structure,Structure,Florida to California,27.30185,-82.61875
Almirante,Structure,Structure,Florida to California,25.41592,-80.11795
ANA Cecilia,Structure,Structure,Florida to California,26.78478,-80.01580
Andro,Structure,Structure,Florida to California,25.89370,-80.08543
Andy Weeks Memorial,Structure,Structure,Florida to California,29.77328,-85.61330
AQ Plane,Structure,Structure,Florida to California,30.48347,-80.72512
AQ Plane 1,Structure,Structure,Florida to California,30.50080,-80.75013
Aquatic Life Ecosystem NE Leg,Structure,Structure,Florida to California,30.11467,-86.30795
Aquatic Life Ecosystem NE Leg,Structure,Structure,Florida to California,30.11540,-86.30662
Aquatic Life Ecosystem NE Leg End,Structure,Structure,Florida to California,30.11618,-86.30525
Aquatic Life Ecosystem NW Leg,Structure,Structure,Florida to California,30.11410,-86.31217
Aquatic Life Ecosystem NW Leg,Structure,Structure,Florida to California,30.11483,-86.31364
Aquatic Life Ecosystem NW Leg,Structure,Structure,Florida to California,30.11578,-86.31506
Aquatic Life Ecosystem NW Leg End,Structure,Structure,Florida to California,30.11643,-86.31599
Aquatic Life Ecosystem SE Leg,Structure,Structure,Florida to California,30.11070,-86.30662
Aquatic Life Ecosystem SE Leg,Structure,Structure,Florida to California,30.11250,-86.30928
Aquatic Life Ecosystem SE Leg End,Structure,Structure,Florida to California,30.10981,-86.31546
Aquatic Life Ecosystem SW Leg,Structure,Structure,Florida to California,30.11172,-86.31310
Aquatic Life Ecosystem SW Leg,Structure,Structure,Florida to California,30.11248,-86.31195
Army Tank,Structure,Structure,Florida to California,30.11178,-87.19310
Army Tank,Structure,Structure,Florida to California,30.16173,-87.23615
Army Tank,Structure,Structure,Florida to California,30.35370,-86.42395
Army Tank,Structure,Structure,Florida to California,30.35670,-86.49525
Army Tank,Structure,Structure,Florida to California,30.36270,-86.59135
Army Tank,Structure,Structure,Florida to California,30.36310,-86.59005
Automobile Reef,Structure,Structure,Florida to California,24.64440,-81.84083
Automobile Reef,Structure,Structure,Florida to California,27.48777,-83.73080
Automobile Reef,Structure,Structure,Florida to California,30.32890,-86.52128
Avocet,Structure,Structure,Florida to California,29.97281,-87.21005
B Leg,Structure,Structure,Florida to California,30.35488,-86.40976
BA Site,Structure,Structure,Florida to California,30.70696,-81.06556
Bacaran Concrete Culverts,Structure,Structure,Florida to California,30.05837,-88.53555
Barge Boxcar Reef,Structure,Structure,Florida to California,30.19415,-86.73507
Barge Carabelle Reef,Structure,Structure,Florida to California,29.53527,-84.61795
Battle Tank 7 A,Structure,Structure,Florida to California,30.16229,-87.24101
Battle Tank 7 BB,Structure,Structure,Florida to California,30.15583,-87.24017
Battle Tank 7 BB,Structure,Structure,Florida to California,30.15617,-87.24183
Battle Tank 7 G 2,Structure,Structure,Florida to California,30.16117,-87.24067
Battle Tank 7 G 3,Structure,Structure,Florida to California,30.16016,-87.24044
Battle Tank 7 G 4,Structure,Structure,Florida to California,30.15145,-87.23902
Battle Tank 7 H,Structure,Structure,Florida to California,30.15317,-87.23950
Battle Tank 7 M 2,Structure,Structure,Florida to California,30.15624,-87.23821
BB Site Buckman,Structure,Structure,Florida to California,30.42966,-81.14466
BB Site Carpet Barge,Structure,Structure,Florida to California,30.43350,-81.17445
BB Site Culverts,Structure,Structure,Florida to California,30.42816,-81.13933
BB Site Morantz,Structure,Structure,Florida to California,30.42849,-81.14883
BB Site Wooden Tug,Structure,Structure,Florida to California,30.43183,-81.13583
BC 2014 Set 1,Structure,Structure,Florida to California,30.14444,-85.86198
BC 2014 Set 10,Structure,Structure,Florida to California,30.16986,-85.90868
BC 2014 Set 11,Structure,Structure,Florida to California,30.16848,-85.90871
BC 2014 Set 12,Structure,Structure,Florida to California,30.17121,-85.91043
BC 2014 Set 13,Structure,Structure,Florida to California,30.16844,-85.91045
BC 2014 Set 14,Structure,Structure,Florida to California,30.17116,-85.91206
BC 2014 Set 15,Structure,Structure,Florida to California,30.16984,-85.91206
BC 2014 Set 16,Structure,Structure,Florida to California,30.16846,-85.91216
BC 2014 Set 2,Structure,Structure,Florida to California,30.14316,-85.86206
BC 2014 Set 3,Structure,Structure,Florida to California,30.14174,-85.86210
BC 2014 Set 4,Structure,Structure,Florida to California,30.14456,-85.86370
BC 2014 Set 5,Structure,Structure,Florida to California,30.14176,-85.86370
BC 2014 Set 6,Structure,Structure,Florida to California,30.14458,-85.86545
BC 2014 Set 7,Structure,Structure,Florida to California,30.14316,-85.86541
BC 2014 Set 8,Structure,Structure,Florida to California,30.14179,-85.86541
BC 2014 Set 9,Structure,Structure,Florida to California,30.17123,-85.90866
BC 2015 Set 21,Structure,Structure,Florida to California,30.16921,-85.91003
Bcara Hopper Barge,Structure,Structure,Florida to California,29.64201,-85.97791
Bell Shoal,Structure,Structure,Florida to California,29.91923,-85.48015
Bell Shoal,Structure,Structure,Florida to California,29.92257,-85.48490
BEN,Structure,Structure,Florida to California,29.85021,-84.08322
Bendickson,Structure,Structure,Florida to California,28.53022,-82.97767
Bendickson Reef Tank,Structure,Structure,Florida to California,28.52904,-82.97662
Bendickson Reef Tanks,Structure,Structure,Florida to California,28.52767,-82.97700
Bendickson Site 2017,Structure,Structure,Florida to California,28.52983,-82.97950
Bendickson Site 2017,Structure,Structure,Florida to California,28.53033,-82.97612
Benjamin H Grierson,Structure,Structure,Florida to California,29.98367,-85.70617
Berry Patch,Structure,Structure,Florida to California,25.36888,-80.13021
Bibb,Structure,Structure,Florida to California,24.99508,-80.37941
Big Carlos Bridge,Structure,Structure,Florida to California,26.38068,-81.96118
Big Carlos Bridge,Structure,Structure,Florida to California,26.38098,-81.96287
Big LOU,Structure,Structure,Florida to California,25.66303,-80.07151
Big Pine Key Site,Structure,Structure,Florida to California,24.55026,-81.32496
Biscayne,Structure,Structure,Florida to California,25.70415,-80.08842
BJM 13,Structure,Structure,Florida to California,27.20734,-80.09378
Black Tank RIG,Structure,Structure,Florida to California,29.51553,-89.40408
Blue Fire,Structure,Structure,Florida to California,25.56627,-80.09063
Blue Mountain Center Patch,Structure,Structure,Florida to California,30.32283,-86.20085
Boat Molds Airplanes,Structure,Structure,Florida to California,26.10965,-80.06655
BOB Johnson,Structure,Structure,Florida to California,27.26889,-82.80208
Bobby Guilford Site,Structure,Structure,Florida to California,29.88658,-85.54280
Bobby Guilford Site,Structure,Structure,Florida to California,29.88723,-85.54367
BOR 5 S 20,Structure,Structure,Florida to California,27.40690,-82.79715
Borden 1 N,Structure,Structure,Florida to California,27.40874,-82.79620
Box Car,Structure,Structure,Florida to California,26.69550,-82.59883
Box Car,Structure,Structure,Florida to California,26.70040,-82.59982
Box Car,Structure,Structure,Florida to California,26.70272,-82.59957
Box Car,Structure,Structure,Florida to California,26.70367,-82.60030
Box Car,Structure,Structure,Florida to California,26.70370,-82.59883
Box Cars,Structure,Structure,Florida to California,30.15733,-85.79700
Box Cars,Structure,Structure,Florida to California,30.15900,-85.89933
Box Cars Sand,Structure,Structure,Florida to California,30.16033,-85.84267
Boxcar,Structure,Structure,Florida to California,30.05292,-88.61124
Boxcar Reef,Structure,Structure,Florida to California,26.69717,-82.60105
Boxcar Reef,Structure,Structure,Florida to California,30.16380,-86.72838
Boxcar Reef,Structure,Structure,Florida to California,30.17010,-86.73013
Boxcar Reef,Structure,Structure,Florida to California,30.35343,-86.40483
Boxcar Reef,Structure,Structure,Florida to California,30.35432,-86.41735
Boxcar Reef,Structure,Structure,Florida to California,30.35557,-86.50252
Boxcar Reef,Structure,Structure,Florida to California,30.36192,-86.58730
Boxcars,Structure,Structure,Florida to California,27.20895,-82.80000
Boynton Fish Corridors,Structure,Structure,Florida to California,26.47980,-80.03870
BR Site Ferry,Structure,Structure,Florida to California,30.36209,-80.83338
BR Site Tug,Structure,Structure,Florida to California,30.36167,-80.84233
BR Site Tug,Structure,Structure,Florida to California,30.36416,-80.84050
Brandywine,Structure,Structure,Florida to California,25.69983,-80.08253
BRI 3 S 21,Structure,Structure,Florida to California,27.51440,-82.81830
Bridge,Structure,Structure,Florida to California,25.66698,-80.06760
Bridge NOV 24 Site 1,Structure,Structure,Florida to California,27.51533,-82.81608
Bridge NOV 24 Site 2,Structure,Structure,Florida to California,27.51630,-82.81687
Bridge Spans,Structure,Structure,Florida to California,27.44383,-80.17080
Bridge Spans,Structure,Structure,Florida to California,27.44383,-80.16980
Bridgejul 25 Scenter,Structure,Structure,Florida to California,27.51400,-82.81710
Buddy Merrit,Structure,Structure,Florida to California,26.23595,-80.04697
BUG Car,Structure,Structure,Florida to California,30.02077,-87.18695
Bulk Trader,Structure,Structure,Florida to California,26.14350,-80.06391
Bull Kelp,Structure,Structure,Florida to California,32.39330,-117.22980
Bull Kelp (LA),Structure,Structure,Florida to California,33.63500,-118.23420
Bunnies Web,Structure,Structure,Florida to California,30.17013,-81.24801
Bunnies Web,Structure,Structure,Florida to California,30.17399,-81.24716
C 54 Airplane,Structure,Structure,Florida to California,26.10733,-80.07050
C Leg,Structure,Structure,Florida to California,30.36063,-86.40731
C Note,Structure,Structure,Florida to California,26.30168,-80.06156
C One,Structure,Structure,Florida to California,25.90888,-80.09062
Caicos Express,Structure,Structure,Florida to California,26.20836,-80.06105
Calebs Spot,Structure,Structure,Florida to California,30.26913,-86.39809
Cape SAN Blas Ridge,Structure,Structure,Florida to California,29.36141,-85.53005
Captain Daddy,Structure,Structure,Florida to California,30.59874,-81.26588
Car,Structure,Structure,Florida to California,29.92142,-87.70623
Car,Structure,Structure,Florida to California,30.01288,-87.15402
Car,Structure,Structure,Florida to California,30.07080,-87.38858
Car,Structure,Structure,Florida to California,30.08557,-87.39137
Car,Structure,Structure,Florida to California,30.14157,-87.23447
Car Boat,Structure,Structure,Florida to California,30.11358,-87.32772
Car Bodies,Structure,Structure,Florida to California,29.13817,-94.69967
Car Bodies,Structure,Structure,Florida to California,30.15750,-87.24173
Car Bodies,Structure,Structure,Florida to California,30.18433,-87.24533
Car Bodies,Structure,Structure,Florida to California,30.20083,-87.24867
Car Bodies,Structure,Structure,Florida to California,30.20467,-87.23733
Car Bodies,Structure,Structure,Florida to California,30.20508,-87.24275
Car Body,Structure,Structure,Florida to California,29.13900,-94.70763
Car Body,Structure,Structure,Florida to California,30.21327,-87.22078
Car Body,Structure,Structure,Florida to California,30.21397,-87.38553
Car Body A,Structure,Structure,Florida to California,29.14403,-94.67818
Car Body Site,Structure,Structure,Florida to California,29.89628,-85.54692
Car Body Site,Structure,Structure,Florida to California,29.89797,-85.52985
Car Body Site,Structure,Structure,Florida to California,29.90668,-85.53617
Car Body Site,Structure,Structure,Florida to California,29.91365,-85.53485
Car Rock,Structure,Structure,Florida to California,28.30792,-93.78965
Car Rocks,Structure,Structure,Florida to California,28.28883,-93.76925
Carabelle 3 Mile,Structure,Structure,Florida to California,29.75170,-84.57360
Carbody,Structure,Structure,Florida to California,29.89652,-85.53348
Carbody,Structure,Structure,Florida to California,29.89807,-85.54333
Carbody Mbara,Structure,Structure,Florida to California,29.90232,-85.53983
Card Sound,Structure,Structure,Florida to California,25.33676,-80.31070
Card Sound And Little Card Sound,Structure,Structure,Florida to California,25.32013,-80.32246
Cardinal Snapper,Structure,Structure,Florida to California,24.41670,-79.21670
Caribe,Structure,Structure,Florida to California,29.10023,-91.70012
Caribe,Structure,Structure,Florida to California,29.11522,-91.72179
Carl Chilton,Structure,Structure,Florida to California,29.36690,-93.80016
Carl Enis Memorial Reef,Structure,Structure,Florida to California,29.59043,-84.42305
Carl Trammel 1 Reef,Structure,Structure,Florida to California,30.16817,-86.66613
Carl Trammel Reef,Structure,Structure,Florida to California,30.16925,-86.50105
Carls Ledge,Structure,Structure,Florida to California,27.05300,-80.03298
Carls Ledge,Structure,Structure,Florida to California,27.05990,-80.03431
Carls Obst,Structure,Structure,Florida to California,28.71677,-94.94713
Carlson's Two Humps,Structure,Structure,Florida to California,24.41850,-81.06327
Carney Ledge,Structure,Structure,Florida to California,25.34665,-81.45951
Carney Ledge,Structure,Structure,Florida to California,25.35623,-81.46634
Carol A,Structure,Structure,Florida to California,29.54979,-94.95435
Carol Lee,Structure,Structure,Florida to California,28.60142,-80.27003
Carol Lee Wreck,Structure,Structure,Florida to California,28.60367,-80.27250
Caroline Reef,Structure,Structure,Florida to California,29.81307,-87.85460
Carousal,Structure,Structure,Florida to California,28.48028,-96.29025
Carpet Barge,Structure,Structure,Florida to California,30.36103,-80.89233
Carrabelle 14 Mile Site,Structure,Structure,Florida to California,29.57233,-84.53700
Carrabelle 3 Mile,Structure,Structure,Florida to California,29.75113,-84.57490
Carrabelle 3 Mile Reef,Structure,Structure,Florida to California,29.75067,-84.57785
Carrabelle 3 Mile Reef,Structure,Structure,Florida to California,29.75110,-84.57592
Carrabelle Reef Culverts,Structure,Structure,Florida to California,29.53952,-84.62433
Carrabelle/Rotary,Structure,Structure,Florida to California,29.51858,-84.65738
Carrington Point (stay west of MPA line),Structure,Structure,Florida to California,34.04000,-120.08830
Cars,Structure,Structure,Florida to California,29.95027,-87.35117
Cars,Structure,Structure,Florida to California,30.18823,-87.24120
Cars,Structure,Structure,Florida to California,30.21020,-87.23128
Cars Metal Tires And Debris,Structure,Structure,Florida to California,30.35327,-86.43847
Carters 20 Ledge,Structure,Structure,Florida to California,27.91502,-84.17058
Carters And Joes 7 Ledge,Structure,Structure,Florida to California,27.92068,-84.16842
Carters Barge,Structure,Structure,Florida to California,27.15283,-83.08800
Carters Barge,Structure,Structure,Florida to California,28.16498,-83.62833
Carters Dredge,Structure,Structure,Florida to California,27.94720,-83.11537
Carters Hole,Structure,Structure,Florida to California,25.73030,-79.86880
Carters Hole,Structure,Structure,Florida to California,28.11543,-83.52650
Carters Hump,Structure,Structure,Florida to California,25.76640,-79.92640
Cary Kresge Reef,Structure,Structure,Florida to California,28.39291,-80.30417
Carysedge,Structure,Structure,Florida to California,25.19329,-80.22754
Carysford NE,Structure,Structure,Florida to California,25.00850,-80.39133
Carysford NW,Structure,Structure,Florida to California,25.22967,-80.20000
Carysford SE,Structure,Structure,Florida to California,25.23550,-80.21300
Carysford SW,Structure,Structure,Florida to California,25.20050,-80.21633
Carysfort 1,Structure,Structure,Florida to California,25.16693,-80.19882
Carysfort Lighthouse,Structure,Structure,Florida to California,25.22190,-80.21150
Carysfort Reef,Structure,Structure,Florida to California,25.22047,-80.21187
Carysfort Reef Light,Structure,Structure,Florida to California,25.23245,-80.21875
Carysfort Reef North Of,Structure,Structure,Florida to California,25.20400,-80.22950
Carysfort Reef North Of,Structure,Structure,Florida to California,25.23787,-80.20480
Carysfort Shoal,Structure,Structure,Florida to California,25.24792,-80.19647
Carysfort Shoal,Structure,Structure,Florida to California,25.24877,-80.19623
Carysfort Shoal,Structure,Structure,Florida to California,25.26207,-80.20645
Carysfort Trench,Structure,Structure,Florida to California,25.23283,-80.19828
Carysfort Trench,Structure,Structure,Florida to California,25.23383,-80.19783
Caxambas Pass 2. 5 Mile,Structure,Structure,Florida to California,25.93000,-81.76666
Caxambas Pass 2. 5 Mile,Structure,Structure,Florida to California,25.93200,-81.75333
Cayman Salvage Master,Structure,Structure,Florida to California,24.45350,-81.76633
CCA Btwhs,Structure,Structure,Florida to California,30.29850,-87.22975
CCA Wfhs,Structure,Structure,Florida to California,30.29733,-87.22958
Celtic Crusader,Structure,Structure,Florida to California,26.79833,-79.98983
CGD,Structure,Structure,Florida to California,29.76389,-84.18667
CH Site North Tug,Structure,Structure,Florida to California,30.30933,-81.06917
CH Site South Tug,Structure,Structure,Florida to California,30.30810,-81.07285
Chamberlain High School,Structure,Structure,Florida to California,27.86053,-82.56317
Chevron,Structure,Structure,Florida to California,26.12333,-80.07583
Chevron / Rodeo,Structure,Structure,Florida to California,26.17575,-80.04696
Chevron Storage Tanks,Structure,Structure,Florida to California,25.66733,-80.07050
Chevron Tanks,Structure,Structure,Florida to California,26.19183,-80.05183
Chevron Vessel,Structure,Structure,Florida to California,30.16558,-88.75003
Chickasaw Tug,Structure,Structure,Florida to California,30.08218,-85.77952
Chippewa,Structure,Structure,Florida to California,29.96126,-85.80773
Chris Craft Molds,Structure,Structure,Florida to California,26.08083,-80.05395
Circle Of Heroes,Structure,Structure,Florida to California,28.05194,-83.01083
Cities Service Tanker,Structure,Structure,Florida to California,28.39467,-80.04867
Cities Service Tanker,Structure,Structure,Florida to California,28.39483,-80.04600
Cities Service Tanker,Structure,Structure,Florida to California,28.39600,-80.04850
Cities Service Tanker,Structure,Structure,Florida to California,28.39650,-80.04650
Cities Service Tanker,Structure,Structure,Florida to California,28.39800,-80.25900
City Of Apalachicola East,Structure,Structure,Florida to California,29.46291,-84.83585
City Of Apalachicola West,Structure,Structure,Florida to California,29.46218,-84.84243
City Service Tanker,Structure,Structure,Florida to California,28.39583,-79.96028
Clam Pass 3 Mile,Structure,Structure,Florida to California,26.22316,-81.86751
Clam Pass 3 Mile,Structure,Structure,Florida to California,26.22646,-81.87020
Clam Pass 3 Mile C D,Structure,Structure,Florida to California,26.22408,-81.87048
Clam Pass 3 Mile Pile,Structure,Structure,Florida to California,26.22623,-81.86790
Clay Pipes Cars TPW,Structure,Structure,Florida to California,27.79047,-96.98652
"Cleve Jones, SR",Structure,Structure,Florida to California,25.81625,-80.08150
Commander,Structure,Structure,Florida to California,30.05450,-85.94617
Commander Tug,Structure,Structure,Florida to California,30.02118,-86.12615
Conception,Structure,Structure,Florida to California,25.90958,-80.08950
Concrete Anchors,Structure,Structure,Florida to California,30.14316,-85.86375
Concrete Culverts,Structure,Structure,Florida to California,30.16106,-87.23036
Concrete Culverts,Structure,Structure,Florida to California,30.16142,-87.23845
Concrete Fish Havens,Structure,Structure,Florida to California,30.09718,-87.13581
Concrete Fish Havens,Structure,Structure,Florida to California,30.09903,-87.13608
Concrete Fish Havens,Structure,Structure,Florida to California,30.09989,-87.13292
Concrete Fish Havens,Structure,Structure,Florida to California,30.10428,-87.13273
Concrete Pipe,Structure,Structure,Florida to California,25.77871,-80.07376
Concrete Pipe,Structure,Structure,Florida to California,25.81373,-80.09116
Concrete Pipe,Structure,Structure,Florida to California,25.85705,-80.06805
Concrete Pipe,Structure,Structure,Florida to California,25.85903,-80.05745
Concrete Pipe,Structure,Structure,Florida to California,25.87456,-80.07283
Concrete Pyramids,Structure,Structure,Florida to California,29.97354,-87.20761
Concrete Pyramids,Structure,Structure,Florida to California,30.07078,-87.02990
Concrete Pyramids,Structure,Structure,Florida to California,30.14166,-87.22458
Concrete Pyramids,Structure,Structure,Florida to California,30.14803,-87.22890
Concrete Railroad Ties 2,Structure,Structure,Florida to California,27.20348,-80.03840
Coquina,Structure,Structure,Florida to California,25.77598,-80.07406
County Site,Structure,Structure,Florida to California,27.89866,-80.22792
County Site,Structure,Structure,Florida to California,27.91099,-80.19780
County Site,Structure,Structure,Florida to California,27.91183,-80.22855
County Site,Structure,Structure,Florida to California,28.19166,-83.05933
County Site,Structure,Structure,Florida to California,28.27925,-82.95759
County Site,Structure,Structure,Florida to California,28.28333,-83.01666
County Site,Structure,Structure,Florida to California,28.29224,-83.01833
County Site,Structure,Structure,Florida to California,28.29609,-83.01821
County Site,Structure,Structure,Florida to California,30.35941,-86.41911
County Site,Structure,Structure,Florida to California,30.36686,-86.58985
County Site,Structure,Structure,Florida to California,30.36773,-86.58970
County Site,Structure,Structure,Florida to California,30.36911,-86.58875
County Site 2 NE North,Structure,Structure,Florida to California,27.93317,-80.25027
County Site 2 NE South,Structure,Structure,Florida to California,27.93179,-80.24995
"County Site 2, SISA Site 1",Structure,Structure,Florida to California,27.92533,-80.25843
"County Site 3, SISA Site 2",Structure,Structure,Florida to California,27.90476,-80.22153
"County Site 4, SISA",Structure,Structure,Florida to California,27.91783,-80.20468
CSA Modules,Structure,Structure,Florida to California,26.36565,-80.05482
CSX Box Cars,Structure,Structure,Florida to California,30.16302,-86.72702
CSX Box Cars,Structure,Structure,Florida to California,30.35360,-86.50007
CSX RR Cars,Structure,Structure,Florida to California,30.35003,-86.50123
CSX Rubble,Structure,Structure,Florida to California,30.14968,-87.22721
CSX Rubble,Structure,Structure,Florida to California,30.15059,-87.22816
Culverts,Structure,Structure,Florida to California,30.19631,-87.23750
Culverts,Structure,Structure,Florida to California,30.20066,-87.23890
Dantor,Structure,Structure,Florida to California,26.00983,-80.08316
Davys Navy,Structure,Structure,Florida to California,29.56188,-84.95824
Dean Hicks,Structure,Structure,Florida to California,26.36998,-82.28803
Deep Freeze,Structure,Structure,Florida to California,25.82171,-80.08253
Deep Stim,Structure,Structure,Florida to California,30.05058,-86.29597
Del Mar Kelp,Structure,Structure,Florida to California,32.95000,-117.27920
Del Mar Kelp South End,Structure,Structure,Florida to California,32.94940,-117.27670
"Del Mar Kelp, downhill current only",Structure,Structure,Florida to California,32.95940,-117.27910
Dema Trader,Structure,Structure,Florida to California,25.70363,-80.08691
DEP,Structure,Structure,Florida to California,29.63783,-83.91580
DEP,Structure,Structure,Florida to California,29.63800,-83.91428
DEP,Structure,Structure,Florida to California,29.63915,-83.91442
DEP,Structure,Structure,Florida to California,29.63947,-83.90205
DEP,Structure,Structure,Florida to California,29.64038,-83.90315
DEP,Structure,Structure,Florida to California,29.64038,-83.90200
DEP,Structure,Structure,Florida to California,29.64183,-83.90405
DEP Flap,Structure,Structure,Florida to California,30.08522,-86.35653
DEP Flap,Structure,Structure,Florida to California,30.08648,-86.35553
DEP Lap Valp,Structure,Structure,Florida to California,30.14767,-86.41317
DEP Lap Valp,Structure,Structure,Florida to California,30.16308,-86.41245
DEP Lap Valp,Structure,Structure,Florida to California,30.16433,-86.41317
Derelict,Structure,Structure,Florida to California,30.12083,-85.71167
Destin Deepwater Concrete,Structure,Structure,Florida to California,30.14659,-86.67806
DH 3,Structure,Structure,Florida to California,26.37263,-82.28895
DOC DE Milly,Structure,Structure,Florida to California,25.36780,-80.13102
DOC Kline Lincolin Logs,Structure,Structure,Florida to California,26.33915,-82.08986
Doctors Pass 5 Mile,Structure,Structure,Florida to California,26.17025,-81.90625
Donald G Mcallister,Structure,Structure,Florida to California,26.00903,-80.09275
Donaldson East,Structure,Structure,Florida to California,27.20876,-80.09128
Donaldson North,Structure,Structure,Florida to California,27.20933,-80.09233
Donaldson South,Structure,Structure,Florida to California,27.20793,-80.09255
Donaldson West,Structure,Structure,Florida to California,27.20858,-80.09336
Dont CHA Know,Structure,Structure,Florida to California,29.85840,-85.34851
DR Bart Carey Reef,Structure,Structure,Florida to California,29.66183,-84.50000
DR Pass 4. 5 Mile Site 09,Structure,Structure,Florida to California,26.17068,-81.90071
Dredge Pipe,Structure,Structure,Florida to California,25.78208,-80.04936
Drifter,Structure,Structure,Florida to California,29.86688,-83.99488
Duane,Structure,Structure,Florida to California,24.98970,-80.38208
Dunedin,Structure,Structure,Florida to California,27.96511,-82.90886
Dunedin J Site,Structure,Structure,Florida to California,28.05804,-82.91583
Duplicate,Structure,Structure,Florida to California,29.89082,-85.53215
Dupont Bridge Rubble,Structure,Structure,Florida to California,29.97864,-85.84522
Dupont Bridge Span,Structure,Structure,Florida to California,29.97509,-85.84772
Dupont Bridge Span,Structure,Structure,Florida to California,29.98188,-85.85194
Dupont Modules,Structure,Structure,Florida to California,29.97957,-85.84762
Dupont Modules,Structure,Structure,Florida to California,29.97967,-85.84223
Dupont Modules,Structure,Structure,Florida to California,29.98176,-85.84510
Dupont Modules,Structure,Structure,Florida to California,29.98196,-85.84198
E E Simpson,Structure,Structure,Florida to California,30.05358,-85.62158
Eagle,Structure,Structure,Florida to California,24.86975,-80.57032
East Lap Army Tanks,Structure,Structure,Florida to California,30.10845,-87.19995
East Lap Army Tanks,Structure,Structure,Florida to California,30.10943,-87.19793
East Lap Army Tanks,Structure,Structure,Florida to California,30.11142,-87.19918
East Lap Army Tanks,Structure,Structure,Florida to California,30.11215,-87.19637
East Lap Chemical Courier,Structure,Structure,Florida to California,30.09916,-87.18250
Eben Ezer,Structure,Structure,Florida to California,26.00647,-80.09308
Ebins Pyramids,Structure,Structure,Florida to California,28.40159,-80.30748
Ecua Culverts,Structure,Structure,Florida to California,30.20491,-87.23950
ED Walline Center Patch,Structure,Structure,Florida to California,30.33282,-86.23093
Edison Bridge,Structure,Structure,Florida to California,26.30183,-82.22508
Edison Bridge,Structure,Structure,Florida to California,26.30678,-82.22456
EEF Site,Structure,Structure,Florida to California,30.37589,-80.95088
EF Site Buckman Rubble,Structure,Structure,Florida to California,30.38729,-80.83450
EF Site East Culverts,Structure,Structure,Florida to California,30.39766,-81.05850
Eglin AFB Material FH 13,Structure,Structure,Florida to California,30.35668,-86.54825
Eidsvag,Structure,Structure,Florida to California,26.76700,-80.00833
EL Dorado,Structure,Structure,Florida to California,29.97613,-85.84145
Elvira,Structure,Structure,Florida to California,30.11156,-85.82998
Empire Mica,Structure,Structure,Florida to California,29.31198,-85.35368
Empire Mica,Structure,Structure,Florida to California,29.31522,-85.35325
Enjoy,Structure,Structure,Florida to California,28.90024,-84.01654
Enjoy,Structure,Structure,Florida to California,29.04690,-84.42322
EPV,Structure,Structure,Florida to California,30.21154,-81.07813
Erojacks Dania,Structure,Structure,Florida to California,26.06230,-80.10725
Erojacks Foot Lauderdale,Structure,Structure,Florida to California,26.09916,-80.08960
Escarosa,Structure,Structure,Florida to California,30.29083,-87.21467
Escarosa,Structure,Structure,Florida to California,30.29467,-87.21683
Esers 000,Structure,Structure,Florida to California,30.19668,-87.21027
Esers 001,Structure,Structure,Florida to California,30.19702,-87.20820
Esers 002,Structure,Structure,Florida to California,30.19737,-87.20612
Esers 006,Structure,Structure,Florida to California,30.19872,-87.19778
Esers 007,Structure,Structure,Florida to California,30.19905,-87.19570
Esers 008,Structure,Structure,Florida to California,30.19937,-87.19370
Esers 012,Structure,Structure,Florida to California,30.20073,-87.18528
Esers 014,Structure,Structure,Florida to California,30.20113,-87.18108
Esers 018,Structure,Structure,Florida to California,30.20275,-87.17278
Esers 019,Structure,Structure,Florida to California,30.20307,-87.17077
Esers 020,Structure,Structure,Florida to California,30.20345,-87.16863
Esers 024,Structure,Structure,Florida to California,30.20475,-87.16028
Esers 025,Structure,Structure,Florida to California,30.20512,-87.15818
Esers 026,Structure,Structure,Florida to California,30.20545,-87.15613
Esers 028,Structure,Structure,Florida to California,30.20613,-87.15193
Esers 030,Structure,Structure,Florida to California,30.20680,-87.14778
Esers 032,Structure,Structure,Florida to California,30.20743,-87.14362
Esers 037,Structure,Structure,Florida to California,30.20917,-87.13320
Esers 038,Structure,Structure,Florida to California,30.20948,-87.13110
Esers 039,Structure,Structure,Florida to California,30.20983,-87.12903
Esers 043,Structure,Structure,Florida to California,30.21118,-87.12068
Esers 045,Structure,Structure,Florida to California,30.21185,-87.11653
Esers 047,Structure,Structure,Florida to California,30.21252,-87.11238
Esers 049,Structure,Structure,Florida to California,30.21320,-87.10818
Esers 051,Structure,Structure,Florida to California,30.21388,-87.10403
Esers 053,Structure,Structure,Florida to California,30.21145,-87.10612
Esers 055,Structure,Structure,Florida to California,30.21068,-87.11030
Esers 152,Structure,Structure,Florida to California,30.20858,-87.11028
Esers 154,Structure,Structure,Florida to California,30.20937,-87.10612
Esers 155,Structure,Structure,Florida to California,30.20973,-87.10405
Esers 158,Structure,Structure,Florida to California,30.20685,-87.10818
Esers 256,Structure,Structure,Florida to California,30.20442,-87.11027
Esers 258,Structure,Structure,Florida to California,30.20520,-87.10612
Esers 259,Structure,Structure,Florida to California,30.20552,-87.10403
Esers 262,Structure,Structure,Florida to California,30.20267,-87.10820
Esers 311,Structure,Structure,Florida to California,30.18627,-87.21028
Esers 312,Structure,Structure,Florida to California,30.18418,-87.21028
Esers 361,Structure,Structure,Florida to California,30.20080,-87.10820
Esers 363,Structure,Structure,Florida to California,30.20137,-87.10403
Esers 366,Structure,Structure,Florida to California,30.19870,-87.10820
Esers 415,Structure,Structure,Florida to California,30.18210,-87.21025
Esers 416,Structure,Structure,Florida to California,30.18002,-87.21028
Esers 464,Structure,Structure,Florida to California,30.19612,-87.11028
Esers 466,Structure,Structure,Florida to California,30.19687,-87.10612
Esers 470,Structure,Structure,Florida to California,30.19435,-87.10820
Esers 472,Structure,Structure,Florida to California,30.19368,-87.11237
Esers 522,Structure,Structure,Florida to California,30.17650,-87.20613
Esers 524,Structure,Structure,Florida to California,30.17720,-87.20195
Esers 526,Structure,Structure,Florida to California,30.17788,-87.19778
Esers 528,Structure,Structure,Florida to California,30.17852,-87.19362
Esers 530,Structure,Structure,Florida to California,30.17922,-87.18945
Esers 532,Structure,Structure,Florida to California,30.17988,-87.18527
Esers 534,Structure,Structure,Florida to California,30.18057,-87.18110
Esers 536,Structure,Structure,Florida to California,30.18123,-87.17693
Esers 538,Structure,Structure,Florida to California,30.18192,-87.17278
Esers 540,Structure,Structure,Florida to California,30.18260,-87.16860
Esers 542,Structure,Structure,Florida to California,30.18327,-87.16442
Esers 548,Structure,Structure,Florida to California,30.18528,-87.15195
Esers 550,Structure,Structure,Florida to California,30.18595,-87.14778
Esers 552,Structure,Structure,Florida to California,30.18663,-87.14360
Esers 553,Structure,Structure,Florida to California,30.18668,-87.14190
Esers 554,Structure,Structure,Florida to California,30.18730,-87.13945
Esers 558,Structure,Structure,Florida to California,30.18865,-87.13110
Esers 559,Structure,Structure,Florida to California,30.18900,-87.12902
Esers 560,Structure,Structure,Florida to California,30.18932,-87.12697
Esers 563,Structure,Structure,Florida to California,30.19033,-87.12065
Esers 564,Structure,Structure,Florida to California,30.19068,-87.11860
Esers 565,Structure,Structure,Florida to California,30.19103,-87.11653
Esers 569,Structure,Structure,Florida to California,30.19238,-87.10815
Esers 570,Structure,Structure,Florida to California,30.19270,-87.10612
Esers 571,Structure,Structure,Florida to California,30.19305,-87.10405
Esers PR 16,Structure,Structure,Florida to California,30.18877,-87.19797
Esers PR 17,Structure,Structure,Florida to California,30.18565,-87.19645
Esers PR 19,Structure,Structure,Florida to California,30.18750,-87.19687
Esers PR 24,Structure,Structure,Florida to California,30.18847,-87.19423
Esers PR 27,Structure,Structure,Florida to California,30.18642,-87.20045
Esjoo,Structure,Structure,Florida to California,25.77735,-80.07198
Esso Bonaire,Structure,Structure,Florida to California,26.96427,-80.00785
Evans,Structure,Structure,Florida to California,27.32849,-82.55773
Exhaust Stacks,Structure,Structure,Florida to California,25.48693,-80.09065
Exxon Template,Structure,Structure,Florida to California,29.29875,-84.61487
F 106 Airplanes,Structure,Structure,Florida to California,30.01283,-85.96863
F V Double Trouble,Structure,Structure,Florida to California,30.12567,-85.75750
F V Taurus,Structure,Structure,Florida to California,30.09608,-85.72589
F V Therepy Reel,Structure,Structure,Florida to California,30.31333,-86.56333
"Fallen Heroes Reef, Tank 4, Reefex",Structure,Structure,Florida to California,27.21142,-82.80313
Fami Tug,Structure,Structure,Florida to California,29.96871,-85.85435
FB,Structure,Structure,Florida to California,30.66509,-81.18393
FC Site 1988 Culverts,Structure,Structure,Florida to California,30.60481,-81.19010
FC Site Culverts,Structure,Structure,Florida to California,30.60744,-81.19541
FC Site Culverts,Structure,Structure,Florida to California,30.61731,-81.17795
FC Site Culverts,Structure,Structure,Florida to California,30.64518,-81.18736
Fernandina Banks 89 Culverts,Structure,Structure,Florida to California,30.60971,-81.17633
FH 14 08 B,Structure,Structure,Florida to California,30.35239,-86.61520
FH 14 09 A,Structure,Structure,Florida to California,30.35238,-86.61347
Fish America Foundation,Structure,Structure,Florida to California,27.51955,-80.18517
Fish Haven,Structure,Structure,Florida to California,28.78156,-83.06395
Fish Haven,Structure,Structure,Florida to California,28.78561,-83.06108
Fish Haven,Structure,Structure,Florida to California,30.34928,-86.41373
Fish Haven,Structure,Structure,Florida to California,30.36484,-86.70623
Fish Haven 1 Center Patch,Structure,Structure,Florida to California,30.32205,-86.29792
Fish Haven 13,Structure,Structure,Florida to California,30.35511,-86.54631
Fish Haven 13,Structure,Structure,Florida to California,30.35512,-86.54954
Fish Haven 13,Structure,Structure,Florida to California,30.35512,-86.54846
Fish Haven 13,Structure,Structure,Florida to California,30.35512,-86.54739
Fish Haven 13,Structure,Structure,Florida to California,30.35605,-86.54954
Fish Haven 13,Structure,Structure,Florida to California,30.35605,-86.54631
Fish Haven 13,Structure,Structure,Florida to California,30.35699,-86.54954
Fish Haven 13,Structure,Structure,Florida to California,30.35792,-86.54954
Fish Haven 13,Structure,Structure,Florida to California,30.35792,-86.54846
Fish Haven 13,Structure,Structure,Florida to California,30.35792,-86.54740
Fish Haven 14,Structure,Structure,Florida to California,30.35375,-86.61458
Fish Haven 14,Structure,Structure,Florida to California,30.35375,-86.61296
Fish Haven 14,Structure,Structure,Florida to California,30.35375,-86.61619
Fish Haven 15,Structure,Structure,Florida to California,30.36335,-86.70450
Fish Haven 15,Structure,Structure,Florida to California,30.36345,-86.70624
Fish Haven 16,Structure,Structure,Florida to California,30.34679,-86.78124
Fish Haven 16,Structure,Structure,Florida to California,30.34818,-86.78125
Fish Haven 16,Structure,Structure,Florida to California,30.34819,-86.77962
Fish Haven 16,Structure,Structure,Florida to California,30.34819,-86.78285
Fish Haven 16,Structure,Structure,Florida to California,30.34959,-86.78124
Fish Haven 17,Structure,Structure,Florida to California,30.33012,-86.78279
Fish Haven 17,Structure,Structure,Florida to California,30.33018,-86.77955
Fish Haven 17,Structure,Structure,Florida to California,30.33155,-86.78120
Fish Haven 17,Structure,Structure,Florida to California,30.33293,-86.78285
Fish Haven 18,Structure,Structure,Florida to California,30.36560,-86.72935
Fish Haven 18,Structure,Structure,Florida to California,30.36563,-86.73125
Fish Haven 18,Structure,Structure,Florida to California,30.36564,-86.73315
Fish Haven 18,Structure,Structure,Florida to California,30.36643,-86.72933
Fish Haven 18,Structure,Structure,Florida to California,30.36644,-86.73029
Fish Haven 18,Structure,Structure,Florida to California,30.36645,-86.73219
Fish Haven 19,Structure,Structure,Florida to California,30.37179,-86.59946
Fish Haven 19,Structure,Structure,Florida to California,30.37184,-86.59622
Fish Haven 19,Structure,Structure,Florida to California,30.37459,-86.59952
Fish Haven 19 Center,Structure,Structure,Florida to California,30.37322,-86.59787
Fish Haven 2 Center Patch,Structure,Structure,Florida to California,30.26853,-86.23117
"Fish Haven, Site A",Structure,Structure,Florida to California,28.79159,-83.05583
Fish Structure,Structure,Structure,Florida to California,30.10783,-80.65917
Fish Structure,Structure,Structure,Florida to California,30.14013,-80.24177
Fish Structure,Structure,Structure,Florida to California,30.15173,-80.33862
Fish Structure,Structure,Structure,Florida to California,30.16565,-80.27788
Fish Structure,Structure,Structure,Florida to California,30.20787,-81.07872
Fish Structure,Structure,Structure,Florida to California,30.21582,-80.99992
Fish Structure,Structure,Structure,Florida to California,30.31908,-80.22890
Fish Structure,Structure,Structure,Florida to California,30.41708,-80.30952
Fish Structure,Structure,Structure,Florida to California,30.53173,-80.25672
Fish Structure,Structure,Structure,Florida to California,30.54258,-80.24718
Fish Structure,Structure,Structure,Florida to California,30.57592,-80.25433
Flagler Bridge Material Site,Structure,Structure,Florida to California,26.75400,-80.02400
Flagler Bridge Material Site,Structure,Structure,Florida to California,26.75440,-80.02600
Flagler Bridge Material Site,Structure,Structure,Florida to California,26.75818,-80.02502
Flagler Bridge Material Site,Structure,Structure,Florida to California,26.79133,-80.01798
Flagler Bridge Material Site,Structure,Structure,Florida to California,26.96213,-80.06327
Flagler Center,Structure,Structure,Florida to California,29.04255,-80.88212
Flagler ENE,Structure,Structure,Florida to California,29.04408,-80.88033
Flagler ESE,Structure,Structure,Florida to California,29.04304,-80.87965
Flagler NE Inside,Structure,Structure,Florida to California,29.04348,-80.88216
Flagler NNE,Structure,Structure,Florida to California,29.04478,-80.88306
Flagler NNW,Structure,Structure,Florida to California,29.04308,-80.88353
Flagler NW,Structure,Structure,Florida to California,29.04414,-80.88443
Flagler S,Structure,Structure,Florida to California,29.04132,-80.88123
Flagler SE,Structure,Structure,Florida to California,29.04194,-80.88021
Flagler SSW,Structure,Structure,Florida to California,29.04192,-80.88340
Flagler SW,Structure,Structure,Florida to California,29.04094,-80.88266
Floyds Folly,Structure,Structure,Florida to California,30.16782,-81.15537
Floyds Folly 2011,Structure,Structure,Florida to California,30.17164,-81.15083
Foote Family Modules,Structure,Structure,Florida to California,26.02036,-82.11010
Fort Panic Center Patch,Structure,Structure,Florida to California,30.33958,-86.25602
Fountainbleau Boxcars,Structure,Structure,Florida to California,30.15000,-85.88333
Four Aces,Structure,Structure,Florida to California,30.10508,-85.87492
FPL/FIT Experimental,Structure,Structure,Florida to California,27.68029,-80.33340
Freeport Car Reef Brazos 305 L,Structure,Structure,Florida to California,28.83500,-95.13467
FWC,Structure,Structure,Florida to California,27.65433,-82.84400
FWC,Structure,Structure,Florida to California,27.65583,-82.84283
FWC,Structure,Structure,Florida to California,27.65583,-82.84400
FWC EE 4 Module,Structure,Structure,Florida to California,30.02364,-87.16991
FWC EE 6 Module,Structure,Structure,Florida to California,30.05463,-87.09261
FWC EE 7 Module,Structure,Structure,Florida to California,30.02436,-87.15621
FWC EE 8 Module,Structure,Structure,Florida to California,30.04884,-87.08501
Gelmer,Structure,Structure,Florida to California,29.31689,-84.91657
Genoa Kelp,Structure,Structure,Florida to California,32.41300,-117.26210
Gigi,Structure,Structure,Florida to California,29.67355,-84.33323
Gordon Pass 5 Mile,Structure,Structure,Florida to California,26.08583,-81.88888
Gordon Pass 9 Mile,Structure,Structure,Florida to California,26.06283,-81.98916
Green Tank,Structure,Structure,Florida to California,26.40000,-80.05000
Grey Ghost Blount,Structure,Structure,Florida to California,30.04153,-86.09490
Grouper Grotto,Structure,Structure,Florida to California,26.13970,-80.07213
Gulf Breeze Sertoma,Structure,Structure,Florida to California,30.11266,-87.19191
Hailey Glasrud,Structure,Structure,Florida to California,27.20967,-80.00478
Halsey Tanker,Structure,Structure,Florida to California,27.33583,-80.07617
Hathaway Bridge 1 Finish,Structure,Structure,Florida to California,30.05333,-85.97333
Hathaway Bridge 2 Finish,Structure,Structure,Florida to California,29.97837,-85.86189
Hathaway Rubble,Structure,Structure,Florida to California,30.06858,-85.82430
Hathaway Span 1 Midway Site,Structure,Structure,Florida to California,30.04483,-85.72909
Hathaway Span 10 Stage 1 West,Structure,Structure,Florida to California,30.02438,-85.96250
Hathaway Span 12 Midway Site,Structure,Structure,Florida to California,30.03468,-85.73155
Hathaway Span 13 Stage 1 East,Structure,Structure,Florida to California,29.95653,-85.84185
Hathaway Span 2 Midway Site,Structure,Structure,Florida to California,30.03661,-85.72845
Hathaway Span 3 A Stage 1 East,Structure,Structure,Florida to California,29.94469,-85.81858
Hathaway Span 4 Stage 1 East,Structure,Structure,Florida to California,29.94483,-85.82966
Hathaway Span 5 Fontainbleau,Structure,Structure,Florida to California,30.16411,-85.89688
Hathaway Span 6 Fontainbleau,Structure,Structure,Florida to California,30.14873,-85.88788
Hathaway Span 7 Stage 1 West,Structure,Structure,Florida to California,29.98568,-85.95033
Hathaway Span 8 Stage 1 West,Structure,Structure,Florida to California,29.99798,-85.94840
Hathaway Span 9 Stage 1 West,Structure,Structure,Florida to California,30.00874,-85.94981
Haulover Culverts,Structure,Structure,Florida to California,25.89080,-80.07726
Haulover Modules Site,Structure,Structure,Florida to California,25.88955,-80.07693
Highway 79 Bridge,Structure,Structure,Florida to California,30.05332,-85.82435
Highway 79 Bridge,Structure,Structure,Florida to California,30.06159,-85.82272
Hovercraft Llcat,Structure,Structure,Florida to California,30.07081,-85.81208
Hoyt Vandenberg,Structure,Structure,Florida to California,24.45995,-81.73647
Hugos April Fool,Structure,Structure,Florida to California,25.36711,-80.13038
HWY 19 BCB,Structure,Structure,Florida to California,28.78800,-83.05520
HWY 19 BCB,Structure,Structure,Florida to California,28.78847,-83.05352
HWY 19 BCB,Structure,Structure,Florida to California,28.78908,-83.05417
Hydro Atlantic,Structure,Structure,Florida to California,26.32500,-80.05071
I 05 Tug,Structure,Structure,Florida to California,30.01810,-87.47248
"I 1, Lynn Silvertooth",Structure,Structure,Florida to California,27.28664,-82.59755
"I 1, Lynn Silvertooth, 25",Structure,Structure,Florida to California,27.28702,-82.59878
"I 1, Lynn Silvertooth, 29",Structure,Structure,Florida to California,27.28536,-82.60108
"I 1, Lynn Silvertooth, Site",Structure,Structure,Florida to California,27.28646,-82.60110
"I 1, Lynn Silvertooth, Site",Structure,Structure,Florida to California,27.28701,-82.59986
"I 1, Lynn Silvertooth, Site",Structure,Structure,Florida to California,27.28756,-82.59741
I Beams,Structure,Structure,Florida to California,25.79635,-80.07990
Imperial Beach Kelp,Structure,Structure,Florida to California,32.57500,-117.16000
Imperial Beach Kelp South End,Structure,Structure,Florida to California,32.55000,-117.15000
Imperial Beach Pier,Structure,Structure,Florida to California,32.58000,-117.13500
Inner Airplane Site,Structure,Structure,Florida to California,29.84960,-80.98563
Inner Airplane Site,Structure,Structure,Florida to California,29.84975,-80.98075
Inner Plane 88 Culverts,Structure,Structure,Florida to California,29.85017,-80.98450
Inner Plane Wwii Transport,Structure,Structure,Florida to California,29.84783,-80.98833
Inside Bull Kelp,Structure,Structure,Florida to California,32.82300,-117.30180
James King Memorial,Structure,Structure,Florida to California,29.94210,-85.48842
James Whitright Memorial,Structure,Structure,Florida to California,29.93823,-85.48662
JET Fighters,Structure,Structure,Florida to California,25.36750,-80.12693
Jim Torgerson,Structure,Structure,Florida to California,26.22736,-80.06493
Johns Pass Bridge Load,Structure,Structure,Florida to California,27.86261,-83.02903
Joseph Meek,Structure,Structure,Florida to California,30.27306,-87.15956
JW Site,Structure,Structure,Florida to California,30.27891,-81.22988
Keewaydin 3 Mile,Structure,Structure,Florida to California,26.03390,-81.82978
Keewaydin 3 Mile,Structure,Structure,Florida to California,26.03483,-81.83083
Keewaydin 3 Mile,Structure,Structure,Florida to California,26.03710,-81.83281
"KEN Vitale, Formaly The Tracy",Structure,Structure,Florida to California,26.15931,-80.07938
Key Biscayne Connectivity Project Pile D,Structure,Structure,Florida to California,25.69655,-80.08695
Key West Gulfside,Structure,Structure,Florida to California,24.69068,-81.87681
Kingry Barge/Tanks,Structure,Structure,Florida to California,30.16462,-87.23217
LA,Structure,Structure,Florida to California,30.07613,-86.40291
LA,Structure,Structure,Florida to California,30.08448,-86.39330
LA,Structure,Structure,Florida to California,30.08448,-86.41252
LA,Structure,Structure,Florida to California,30.08448,-86.40291
LA,Structure,Structure,Florida to California,30.09284,-86.40291
LA 2023,Structure,Structure,Florida to California,30.09415,-86.41183
LA 2023,Structure,Structure,Florida to California,30.11081,-86.41183
LA 2023,Structure,Structure,Florida to California,30.12747,-86.41183
LA 2023,Structure,Structure,Florida to California,30.14410,-86.41183
LA 2025,Structure,Structure,Florida to California,30.07612,-86.39330
LA 2025,Structure,Structure,Florida to California,30.08448,-86.38387
LA 2025,Structure,Structure,Florida to California,30.09283,-86.39330
LA 2025,Structure,Structure,Florida to California,30.09283,-86.38387
Laars Site A M 60 Tank,Structure,Structure,Florida to California,30.14070,-86.37300
Laars Site A M 60 Tank,Structure,Structure,Florida to California,30.14220,-86.35866
Laars Site A M 60 Tank,Structure,Structure,Florida to California,30.15057,-86.40078
Laars Site A M 60 Tank,Structure,Structure,Florida to California,30.15115,-86.40215
Lady Free Schooner,Structure,Structure,Florida to California,25.69083,-80.07883
Lady Luck Statues,Structure,Structure,Florida to California,26.22972,-80.06340
Lady Susan,Structure,Structure,Florida to California,29.63355,-84.59990
Landing Craft LCI,Structure,Structure,Florida to California,25.78448,-80.04988
"Lauderdale Site, C",Structure,Structure,Florida to California,26.16058,-80.07911
LC 2021,Structure,Structure,Florida to California,30.15360,-86.56063
LC 2021,Structure,Structure,Florida to California,30.15360,-86.55127
LC 2024 01 S 01,Structure,Structure,Florida to California,30.11887,-86.74443
LC 2024 02 S 01,Structure,Structure,Florida to California,30.12735,-86.74427
LC 2024 03 S 01,Structure,Structure,Florida to California,30.13570,-86.74443
LC 2024 04 S 01,Structure,Structure,Florida to California,30.14392,-86.74443
Lee Collier,Structure,Structure,Florida to California,26.29050,-81.91750
Lee Woodham Memorial Site,Structure,Structure,Florida to California,29.76460,-85.61123
Lighthouse Kelp,Structure,Structure,Florida to California,32.65700,-117.26280
Limestone Boulder Piles 1,Structure,Structure,Florida to California,26.05275,-80.09650
Lipscomb/50 50 Tug,Structure,Structure,Florida to California,30.10282,-87.39137
Liquid Storage Tanks,Structure,Structure,Florida to California,30.35422,-86.41552
Liscomb Tug,Structure,Structure,Florida to California,30.08133,-87.80300
Long Key Viaduct,Structure,Structure,Florida to California,24.75683,-80.81850
Loss Pontoon,Structure,Structure,Florida to California,30.01484,-85.69128
Loss Pontoon,Structure,Structure,Florida to California,30.08894,-85.73200
Loss Pontoon Site,Structure,Structure,Florida to California,30.08280,-85.73527
Loss Pontoon Site Hath,Structure,Structure,Florida to California,30.08389,-85.72162
Lost Tug,Structure,Structure,Florida to California,30.20122,-86.96630
Lotus,Structure,Structure,Florida to California,25.84912,-80.07773
M 13 Site,Structure,Structure,Florida to California,26.91683,-82.46601
M 13 Site,Structure,Structure,Florida to California,26.91832,-82.46470
M 2 Tom Wallin,Structure,Structure,Florida to California,27.31315,-82.71582
M 2 Tom Wallin,Structure,Structure,Florida to California,27.31393,-82.71535
M 4 Site,Structure,Structure,Florida to California,27.25248,-82.71970
M 60 Tanks,Structure,Structure,Florida to California,30.35837,-86.49347
M 60 Tanks,Structure,Structure,Florida to California,30.36170,-86.58992
M 60 Tanks,Structure,Structure,Florida to California,30.36825,-86.58318
M 8 Fallen Heroes,Structure,Structure,Florida to California,27.20990,-82.80310
M/V Angelina B,Structure,Structure,Florida to California,30.12303,-86.61143
M/V Castor,Structure,Structure,Florida to California,26.47895,-80.03720
M/V Courageous,Structure,Structure,Florida to California,30.11148,-86.55502
M/V Deborah,Structure,Structure,Florida to California,30.12519,-86.58986
M/V Fantasea,Structure,Structure,Florida to California,30.23980,-86.50490
M/V Janet Fish Haven,Structure,Structure,Florida to California,30.26399,-86.38508
M/V Miss Joann,Structure,Structure,Florida to California,30.12688,-86.39152
M/V Miss Nellie,Structure,Structure,Florida to California,30.13183,-86.29183
M/V Nekton Pilot,Structure,Structure,Florida to California,30.07403,-86.30810
M/V Nekton Rorqual,Structure,Structure,Florida to California,30.07182,-86.33065
M/V Skippin SUE,Structure,Structure,Florida to California,30.24420,-86.50392
M/V Spirit Of Norfolk,Structure,Structure,Florida to California,30.13235,-86.66147
M/V Zion Train,Structure,Structure,Florida to California,26.96303,-80.00733
Madison Swanson NE,Structure,Structure,Florida to California,29.19633,-85.68333
Madison Swanson NW,Structure,Structure,Florida to California,29.28333,-85.63333
Madison Swanson SE,Structure,Structure,Florida to California,29.28333,-85.83333
Madison Swanson SW,Structure,Structure,Florida to California,29.10000,-85.63333
Mako,Structure,Structure,Florida to California,26.18175,-80.04566
Maxine D Concrete Pile,Structure,Structure,Florida to California,29.32350,-80.74650
MB,Structure,Structure,Florida to California,29.72088,-85.48860
MB,Structure,Structure,Florida to California,29.72096,-85.48336
MB,Structure,Structure,Florida to California,29.72861,-85.48990
MB,Structure,Structure,Florida to California,29.72914,-85.68773
MB,Structure,Structure,Florida to California,29.73029,-85.68243
MB,Structure,Structure,Florida to California,29.73539,-85.48370
MB,Structure,Structure,Florida to California,29.73791,-85.70696
MB,Structure,Structure,Florida to California,29.74868,-85.71058
MB,Structure,Structure,Florida to California,29.75548,-85.89540
MB,Structure,Structure,Florida to California,29.76053,-85.61608
MB,Structure,Structure,Florida to California,29.76093,-85.61188
MB,Structure,Structure,Florida to California,29.76122,-85.59885
MB,Structure,Structure,Florida to California,29.76959,-85.85320
MB,Structure,Structure,Florida to California,29.77516,-85.70293
MB,Structure,Structure,Florida to California,29.77561,-85.60710
MB,Structure,Structure,Florida to California,29.90125,-85.54157
MB,Structure,Structure,Florida to California,29.90443,-85.45048
MB,Structure,Structure,Florida to California,29.90607,-85.46843
MB,Structure,Structure,Florida to California,29.90613,-85.45732
MB,Structure,Structure,Florida to California,29.91098,-85.45550
MB,Structure,Structure,Florida to California,29.91290,-85.46210
MB,Structure,Structure,Florida to California,29.91492,-85.46920
MB,Structure,Structure,Florida to California,29.91536,-85.60563
MB,Structure,Structure,Florida to California,29.91627,-85.47593
MB,Structure,Structure,Florida to California,29.91777,-85.56890
MB,Structure,Structure,Florida to California,29.91792,-85.46052
MB,Structure,Structure,Florida to California,29.91808,-85.60525
MB,Structure,Structure,Florida to California,29.91813,-85.66083
MB,Structure,Structure,Florida to California,29.91842,-85.63425
MB,Structure,Structure,Florida to California,29.91846,-85.59723
MB,Structure,Structure,Florida to California,29.91871,-85.66670
MB,Structure,Structure,Florida to California,29.91967,-85.46733
MB,Structure,Structure,Florida to California,29.92165,-85.55022
MB,Structure,Structure,Florida to California,29.92306,-85.66233
MB,Structure,Structure,Florida to California,29.92306,-85.65456
MB,Structure,Structure,Florida to California,29.92308,-85.64645
MB,Structure,Structure,Florida to California,29.92318,-85.46975
MB,Structure,Structure,Florida to California,29.92339,-85.67001
MB,Structure,Structure,Florida to California,29.92433,-85.62778
MB,Structure,Structure,Florida to California,29.92467,-85.47662
MB,Structure,Structure,Florida to California,29.92813,-85.46793
MB,Structure,Structure,Florida to California,29.92817,-85.49038
MB,Structure,Structure,Florida to California,29.92997,-85.47487
MB,Structure,Structure,Florida to California,29.93158,-85.48162
MB,Structure,Structure,Florida to California,29.93163,-85.49287
MB,Structure,Structure,Florida to California,29.93492,-85.47302
MB,Structure,Structure,Florida to California,29.93510,-85.49538
MB,Structure,Structure,Florida to California,29.93847,-85.49795
MB,Structure,Structure,Florida to California,29.94013,-85.49416
MB,Structure,Structure,Florida to California,29.94015,-85.48240
MB,Structure,Structure,Florida to California,29.94288,-85.48707
MB 126 Set 4,Structure,Structure,Florida to California,29.90416,-85.54483
MB 127 Set,Structure,Structure,Florida to California,29.90914,-85.54396
MB 130 Set,Structure,Structure,Florida to California,29.78645,-85.69597
MB 178 Kerns Memorial,Structure,Structure,Florida to California,29.92440,-85.54465
MB 249 W Reiners III Memorial,Structure,Structure,Florida to California,29.72347,-85.48132
MB 250 JAY Frost Memorial,Structure,Structure,Florida to California,29.92433,-85.60668
MB 258 CCA,Structure,Structure,Florida to California,29.91250,-85.62722
MB 263 B,Structure,Structure,Florida to California,29.92155,-85.54640
MB 88 B,Structure,Structure,Florida to California,29.79138,-85.86648
Mcallister Tug Concrete Pile,Structure,Structure,Florida to California,29.19348,-80.74700
MD,Structure,Structure,Florida to California,27.15726,-82.88678
MD,Structure,Structure,Florida to California,27.16151,-82.88436
Mercedes,Structure,Structure,Florida to California,26.15667,-80.07505
MF Site,Structure,Structure,Florida to California,30.27466,-81.00816
Middle Kelp - Hard Bottom,Structure,Structure,Florida to California,33.42300,-117.65870
Midway Site,Structure,Structure,Florida to California,30.03960,-85.72248
Midway Site 331 Bridge,Structure,Structure,Florida to California,30.04228,-85.72436
Midway Site Tires,Structure,Structure,Florida to California,30.03803,-85.72345
Midway Site Tires,Structure,Structure,Florida to California,30.04478,-85.71986
Mine Sweeper,Structure,Structure,Florida to California,25.80675,-80.05290
Miracles Express,Structure,Structure,Florida to California,25.66990,-80.07263
Miss Aline,Structure,Structure,Florida to California,29.65078,-84.07071
Miss Louise,Structure,Structure,Florida to California,30.37168,-86.42150
Miss Lucy,Structure,Structure,Florida to California,25.68888,-80.07621
Miss Tammy,Structure,Structure,Florida to California,29.81854,-84.37156
Mizpah,Structure,Structure,Florida to California,26.78625,-80.01607
Moby,Structure,Structure,Florida to California,25.62320,-80.08940
Module,Structure,Structure,Florida to California,27.37679,-82.59383
Monomy,Structure,Structure,Florida to California,26.12533,-80.07250
Moody Culverts Barge Tank,Structure,Structure,Florida to California,30.44650,-81.22000
Moria The Mermaids Fish Condo,Structure,Structure,Florida to California,30.05009,-87.08133
MR Site,Structure,Structure,Florida to California,30.43683,-81.21631
MR Site 77 Culverts,Structure,Structure,Florida to California,30.44388,-81.22823
MR Site Maxies,Structure,Structure,Florida to California,30.42136,-81.20753
MR Site Tug,Structure,Structure,Florida to California,30.44394,-81.21756
Mt Deerfield,Structure,Structure,Florida to California,26.31775,-80.06200
MV Miss Lourdies,Structure,Structure,Florida to California,26.31980,-80.05333
Mystic Isle,Structure,Structure,Florida to California,25.68793,-80.06746
Navy Dive Tender YDT,Structure,Structure,Florida to California,30.08762,-87.15948
Navy Dive Tender YDT,Structure,Structure,Florida to California,30.08833,-87.16000
NE Site Steel Tanks,Structure,Structure,Florida to California,30.39366,-81.17566
New Moon,Structure,Structure,Florida to California,29.63355,-84.46656
NHL Culverts,Structure,Structure,Florida to California,30.41049,-80.91100
NHL Site Powerful,Structure,Structure,Florida to California,30.41000,-80.89517
Nine Mile South Ledges Cars And Tires,Structure,Structure,Florida to California,29.87367,-81.05500
NM Site Culverts,Structure,Structure,Florida to California,30.38577,-81.17848
NM Site Tug,Structure,Structure,Florida to California,30.39033,-81.17366
North Nine Mile,Structure,Structure,Florida to California,29.91116,-81.11973
North Nine Mile,Structure,Structure,Florida to California,29.91198,-81.12076
Noula Express,Structure,Structure,Florida to California,26.32130,-80.05746
Nova A R,Structure,Structure,Florida to California,26.11708,-80.06866
Nova A R,Structure,Structure,Florida to California,26.11996,-80.06441
Nova Tire Chip,Structure,Structure,Florida to California,26.12433,-80.09800
Nova/Swiss Cheese Deep,Structure,Structure,Florida to California,26.18650,-80.08250
Nova/Swiss Cheese Shallow,Structure,Structure,Florida to California,26.13550,-80.09650
NRDA,Structure,Structure,Florida to California,30.10050,-85.97040
NRDA,Structure,Structure,Florida to California,30.10698,-85.99483
NRDA,Structure,Structure,Florida to California,30.10972,-85.99197
NRDA 1 A,Structure,Structure,Florida to California,30.08867,-85.90322
NRDA 1 Print,Structure,Structure,Florida to California,30.23825,-86.51737
NRDA 1 Print,Structure,Structure,Florida to California,30.23828,-86.50053
NRDA 1 Print,Structure,Structure,Florida to California,30.25310,-86.51732
NRDA 1 Print,Structure,Structure,Florida to California,30.25320,-86.50057
NRDA 1 Print,Structure,Structure,Florida to California,30.33898,-86.44767
NRDA 1 Print,Structure,Structure,Florida to California,30.33898,-86.43067
NRDA 1 Print,Structure,Structure,Florida to California,30.34672,-86.77943
NRDA 1 Print,Structure,Structure,Florida to California,30.34673,-86.78303
NRDA 1 Print,Structure,Structure,Florida to California,30.34978,-86.77945
NRDA 1 Print,Structure,Structure,Florida to California,30.34978,-86.78305
NRDA 1 Print,Structure,Structure,Florida to California,30.35095,-86.61638
NRDA 1 Print,Structure,Structure,Florida to California,30.35397,-86.44768
NRDA 1 Print,Structure,Structure,Florida to California,30.35397,-86.43068
NRDA 1 Print,Structure,Structure,Florida to California,30.35915,-86.64632
NRDA 1 Print,Structure,Structure,Florida to California,30.37392,-86.62932
NRDA 1 Print,Structure,Structure,Florida to California,30.37395,-86.64630
NRDA 11 B,Structure,Structure,Florida to California,30.08750,-85.90422
NRDA 12 B,Structure,Structure,Florida to California,30.08317,-85.90430
NRDA 13 B,Structure,Structure,Florida to California,30.08500,-85.90155
NRDA 2 A,Structure,Structure,Florida to California,30.08390,-85.90287
NRDA 5 B,Structure,Structure,Florida to California,30.10333,-85.94977
NRDA 7 B,Structure,Structure,Florida to California,30.10060,-85.96775
NRDA 8 B,Structure,Structure,Florida to California,30.09892,-85.92733
NRDA 9 B,Structure,Structure,Florida to California,30.09660,-85.92523
NRDA Phase 3 Cell,Structure,Structure,Florida to California,30.17827,-87.20818
NRDA Phase 3 Cell,Structure,Structure,Florida to California,30.17857,-87.20617
NRDA Phase 3 Cell,Structure,Structure,Florida to California,30.17962,-87.19985
NRDA Phase 3 Cell,Structure,Structure,Florida to California,30.17990,-87.19782
NRDA Phase 3 Cell,Structure,Structure,Florida to California,30.18095,-87.19152
NRDA Phase 3 Cell,Structure,Structure,Florida to California,30.18127,-87.18945
NRDA Phase 3 Cell,Structure,Structure,Florida to California,30.18263,-87.18112
NRDA Phase 3 Cell,Structure,Structure,Florida to California,30.18298,-87.17902
NRDA Phase 3 Cell,Structure,Structure,Florida to California,30.18365,-87.17485
NRDA Phase 3 Cell,Structure,Structure,Florida to California,30.18400,-87.17272
NRDA Phase 3 Cell,Structure,Structure,Florida to California,30.18500,-87.16652
NRDA Phase 3 Cell,Structure,Structure,Florida to California,30.18532,-87.16443
NRDA Phase 3 Cell,Structure,Structure,Florida to California,30.18735,-87.15192
NRDA Phase 3 Cell,Structure,Structure,Florida to California,30.18768,-87.14987
NRDA Phase 3 Cell,Structure,Structure,Florida to California,30.18870,-87.14360
NRDA Phase 3 Cell,Structure,Structure,Florida to California,30.18905,-87.14152
NRDA Phase 3 Cell,Structure,Structure,Florida to California,30.18950,-87.15145
NRDA Phase 3 Cell,Structure,Structure,Florida to California,30.18983,-87.16235
NRDA Phase 3 Cell,Structure,Structure,Florida to California,30.19005,-87.13528
NRDA Phase 3 Cell,Structure,Structure,Florida to California,30.19038,-87.13320
NRDA Phase 3 Cell,Structure,Structure,Florida to California,30.19045,-87.14570
NRDA Phase 3 Cell,Structure,Structure,Florida to California,30.19078,-87.14362
NRDA Phase 3 Cell,Structure,Structure,Florida to California,30.19140,-87.12695
NRDA Phase 3 Cell,Structure,Structure,Florida to California,30.19180,-87.13735
NRDA Phase 3 Cell,Structure,Structure,Florida to California,30.19192,-87.16237
NRDA Phase 3 Cell,Structure,Structure,Florida to California,30.19215,-87.13525
NRDA Phase 3 Cell,Structure,Structure,Florida to California,30.19242,-87.12068
NRDA Phase 3 Cell,Structure,Structure,Florida to California,30.19273,-87.11860
NRDA Phase 3 Cell,Structure,Structure,Florida to California,30.19295,-87.15610
NRDA Phase 3 Cell,Structure,Structure,Florida to California,30.19308,-87.11652
NRDA Phase 3 Cell,Structure,Structure,Florida to California,30.19315,-87.12902
NRDA Phase 3 Cell,Structure,Structure,Florida to California,30.19325,-87.15403
NRDA Phase 3 Cell,Structure,Structure,Florida to California,30.19340,-87.11443
NRDA Phase 3 Cell,Structure,Structure,Florida to California,30.19348,-87.12693
NRDA Phase 3 Cell,Structure,Structure,Florida to California,30.19448,-87.12068
NRDA WM LA,Structure,Structure,Florida to California,30.04167,-86.40707
NRDA WM LA,Structure,Structure,Florida to California,30.04167,-86.34997
NRDA WM LA,Structure,Structure,Florida to California,30.04167,-86.37807
NRDA WM LA,Structure,Structure,Florida to California,30.05832,-86.35000
NRDA WM LA,Structure,Structure,Florida to California,30.05838,-86.37803
NRDA WM LA,Structure,Structure,Florida to California,30.05842,-86.40703
NRDA WM LA,Structure,Structure,Florida to California,30.06668,-86.37795
NRDA WM LA,Structure,Structure,Florida to California,30.06670,-86.34997
NRDA WM LA,Structure,Structure,Florida to California,30.06672,-86.40700
NRDA WM LA,Structure,Structure,Florida to California,30.07498,-86.37797
NRDA WM LA,Structure,Structure,Florida to California,30.07500,-86.35000
NRDA WM LA,Structure,Structure,Florida to California,30.08273,-86.34980
NRDA WM LA,Structure,Structure,Florida to California,30.08330,-86.40700
NRDA WM LB,Structure,Structure,Florida to California,29.81670,-86.38833
NRDA WM LB,Structure,Structure,Florida to California,29.81680,-86.48615
NRDA WM LB,Structure,Structure,Florida to California,29.82498,-86.38838
NRDA WM LB,Structure,Structure,Florida to California,29.82502,-86.48612
NRDA WM LB,Structure,Structure,Florida to California,29.83335,-86.42000
NRDA WM LB,Structure,Structure,Florida to California,29.84165,-86.38827
NRDA WM LB,Structure,Structure,Florida to California,29.84168,-86.45323
NRDA WM LB,Structure,Structure,Florida to California,29.84168,-86.42003
NRDA WM LB,Structure,Structure,Florida to California,29.85825,-86.48610
NRDA WM LB,Structure,Structure,Florida to California,29.85830,-86.42010
NRDA WM LB,Structure,Structure,Florida to California,29.85837,-86.38835
NRDA WM LB,Structure,Structure,Florida to California,29.85840,-86.45323
NRDA WM LB,Structure,Structure,Florida to California,29.86665,-86.42005
NRDA WM LB,Structure,Structure,Florida to California,29.86667,-86.48608
NRDA WM LB,Structure,Structure,Florida to California,29.87485,-86.48607
NRDA WM LB,Structure,Structure,Florida to California,29.87492,-86.51802
NRDA WM LB,Structure,Structure,Florida to California,29.87500,-86.38830
NRDA WM LB,Structure,Structure,Florida to California,29.87502,-86.45322
NRDA WM LB,Structure,Structure,Florida to California,29.88325,-86.48605
NRDA WM LB,Structure,Structure,Florida to California,29.88337,-86.42003
NRDA WM LB,Structure,Structure,Florida to California,29.89165,-86.42003
NRDA WM LB,Structure,Structure,Florida to California,29.89167,-86.45323
NRDA WM LB,Structure,Structure,Florida to California,29.89168,-86.38830
NRDA WM LB,Structure,Structure,Florida to California,29.89168,-86.48603
NRDA WM LB,Structure,Structure,Florida to California,29.89213,-86.51805
NRDA WM LB,Structure,Structure,Florida to California,29.89997,-86.48602
NRDA WM LB,Structure,Structure,Florida to California,29.90823,-86.48600
NRDA WM LB,Structure,Structure,Florida to California,29.90827,-86.45318
NRDA WM LB,Structure,Structure,Florida to California,29.90828,-86.42000
NRDA WM LB,Structure,Structure,Florida to California,29.90832,-86.38827
NRDA WM LB,Structure,Structure,Florida to California,29.91663,-86.42007
NRDA WM LB,Structure,Structure,Florida to California,29.91665,-86.48610
NRDA WM LB,Structure,Structure,Florida to California,29.92482,-86.48605
NRDA WM LB,Structure,Structure,Florida to California,29.92492,-86.45317
NRDA WM LB,Structure,Structure,Florida to California,29.92502,-86.38840
NRDA WM LB,Structure,Structure,Florida to California,29.93330,-86.48607
NRDA WM LB,Structure,Structure,Florida to California,29.93333,-86.41998
NRDA WM LB,Structure,Structure,Florida to California,29.94150,-86.48602
NRDA WM LB,Structure,Structure,Florida to California,29.94160,-86.42007
NRDA WM LB,Structure,Structure,Florida to California,29.94165,-86.45315
NRDA WM LB,Structure,Structure,Florida to California,29.94168,-86.51798
NRDA WM LB,Structure,Structure,Florida to California,29.94168,-86.38837
NRDA WM LB,Structure,Structure,Florida to California,29.94982,-86.48590
NRDA WM LB,Structure,Structure,Florida to California,29.95820,-86.48592
NRDA WM LB,Structure,Structure,Florida to California,29.95828,-86.42003
NRDA WM LB,Structure,Structure,Florida to California,29.95832,-86.38838
NRDA WM LB,Structure,Structure,Florida to California,29.95835,-86.51785
NRDA WM LB,Structure,Structure,Florida to California,29.96662,-86.41993
NRDA WM LB,Structure,Structure,Florida to California,29.96665,-86.48598
NRDA WM LB,Structure,Structure,Florida to California,29.97487,-86.48588
NRDA WM LB,Structure,Structure,Florida to California,29.97497,-86.51798
NRDA WM LB,Structure,Structure,Florida to California,29.97505,-86.38835
NRDA WM LB,Structure,Structure,Florida to California,29.97655,-86.45338
NRDA WM LC,Structure,Structure,Florida to California,30.11903,-86.74822
NRDA WM LC,Structure,Structure,Florida to California,30.11913,-86.81483
NRDA WM LC,Structure,Structure,Florida to California,30.11913,-86.76485
NRDA WM LC,Structure,Structure,Florida to California,30.11913,-86.73157
NRDA WM LC,Structure,Structure,Florida to California,30.11915,-86.69817
NRDA WM LC,Structure,Structure,Florida to California,30.11915,-86.66480
NRDA WM LC,Structure,Structure,Florida to California,30.11917,-86.78983
NRDA WM LC,Structure,Structure,Florida to California,30.11918,-86.79818
NRDA WM LC,Structure,Structure,Florida to California,30.11918,-86.71487
NRDA WM LC,Structure,Structure,Florida to California,30.11918,-86.64815
NRDA WM LC,Structure,Structure,Florida to California,30.11918,-86.63153
NRDA WM LC,Structure,Structure,Florida to California,30.11918,-86.62312
NRDA WM LC,Structure,Structure,Florida to California,30.11920,-86.78152
NRDA WM LC,Structure,Structure,Florida to California,30.11923,-86.77317
NRDA WM LC,Structure,Structure,Florida to California,30.11927,-86.68467
NRDA WM LC,Structure,Structure,Florida to California,30.12038,-86.56728
NRDA WM LC,Structure,Structure,Florida to California,30.12040,-86.54912
NRDA WM LC,Structure,Structure,Florida to California,30.12335,-86.54157
NRDA WM LC,Structure,Structure,Florida to California,30.12917,-86.54170
NRDA WM LC,Structure,Structure,Florida to California,30.12977,-86.58223
NRDA WM LC,Structure,Structure,Florida to California,30.12978,-86.56303
NRDA WM LC,Structure,Structure,Florida to California,30.13498,-86.54165
NRDA WM LC,Structure,Structure,Florida to California,30.13620,-86.76482
NRDA WM LC,Structure,Structure,Florida to California,30.13622,-86.78982
NRDA WM LC,Structure,Structure,Florida to California,30.13623,-86.70648
NRDA WM LC,Structure,Structure,Florida to California,30.13625,-86.77320
NRDA WM LC,Structure,Structure,Florida to California,30.13627,-86.73153
NRDA WM LC,Structure,Structure,Florida to California,30.13627,-86.65653
NRDA WM LC,Structure,Structure,Florida to California,30.13627,-86.62313
NRDA WM LC,Structure,Structure,Florida to California,30.13628,-86.80650
NRDA WM LC,Structure,Structure,Florida to California,30.13628,-86.79815
NRDA WM LC,Structure,Structure,Florida to California,30.13628,-86.68980
NRDA WM LC,Structure,Structure,Florida to California,30.13630,-86.74822
NRDA WM LC,Structure,Structure,Florida to California,30.13630,-86.71488
NRDA WM LC,Structure,Structure,Florida to California,30.13632,-86.78153
NRDA WM LC,Structure,Structure,Florida to California,30.13632,-86.67325
NRDA WM LC,Structure,Structure,Florida to California,30.13633,-86.63978
NRDA WM LC,Structure,Structure,Florida to California,30.13638,-86.81493
NRDA WM LC,Structure,Structure,Florida to California,30.13675,-86.82245
NRDA WM LC,Structure,Structure,Florida to California,30.13942,-86.59750
NRDA WM LC,Structure,Structure,Florida to California,30.13947,-86.57800
NRDA WM LC,Structure,Structure,Florida to California,30.14073,-86.54165
NRDA WM LC,Structure,Structure,Florida to California,30.15072,-86.59317
NSS Site Coppage Culverts,Structure,Structure,Florida to California,30.28817,-80.96400
NSS Site Coppedge,Structure,Structure,Florida to California,30.28934,-80.96478
O L Bodenhamer,Structure,Structure,Florida to California,25.89790,-80.07180
O Tower Barge AKA Carrabelle Reef Barge,Structure,Structure,Florida to California,29.53315,-84.62000
Oar Carrabelle,Structure,Structure,Florida to California,29.75450,-84.57234
Obstruction,Structure,Structure,Florida to California,29.00024,-84.56656
Obstruction,Structure,Structure,Florida to California,30.09521,-86.94163
Obstruction,Structure,Structure,Florida to California,30.10958,-85.68390
Obstruction,Structure,Structure,Florida to California,30.11239,-85.70237
Obstruction,Structure,Structure,Florida to California,30.13053,-85.72456
Obstruction,Structure,Structure,Florida to California,30.34251,-86.71101
Oceaneering Reel,Structure,Structure,Florida to California,30.05087,-85.93723
Oceaneering Reel 1 B,Structure,Structure,Florida to California,30.02635,-85.92623
Okaloosa County Lap Site B,Structure,Structure,Florida to California,29.97336,-86.52068
Okaloosa County Lap Site C,Structure,Structure,Florida to California,30.13411,-86.60495
Okaloosa County Lap Site C,Structure,Structure,Florida to California,30.13846,-86.81598
Okaloosa County Lap Site C,Structure,Structure,Florida to California,30.13950,-86.81775
Okaloosa County Lap Site C,Structure,Structure,Florida to California,30.13968,-86.81613
Okaloosa County Site,Structure,Structure,Florida to California,30.15675,-86.76515
Okaloosa County Site,Structure,Structure,Florida to California,30.15735,-86.76600
One More Time Addition,Structure,Structure,Florida to California,29.70599,-84.62300
Orion,Structure,Structure,Florida to California,25.69100,-80.08633
Osborne,Structure,Structure,Florida to California,26.10748,-80.06493
Ostwind,Structure,Structure,Florida to California,25.77978,-80.05683
Outcast Fishing And Hunting,Structure,Structure,Florida to California,30.28963,-87.23596
Outer Plane,Structure,Structure,Florida to California,29.83792,-80.95084
Outer Plane,Structure,Structure,Florida to California,29.83915,-80.95382
Outer Plane Reef,Structure,Structure,Florida to California,29.83866,-80.95018
Outer Plane Reef Boat Molds,Structure,Structure,Florida to California,29.82933,-80.94067
Outer Plane Reef Boat Molds,Structure,Structure,Florida to California,29.84583,-80.94850
Outer Plane Reef Boat Molds,Structure,Structure,Florida to California,29.84600,-80.95200
Outer Plane Reef Plane,Structure,Structure,Florida to California,29.83450,-80.96083
Outer Plane Reef Ship,Structure,Structure,Florida to California,29.84633,-80.94766
P 38 Airplane,Structure,Structure,Florida to California,28.27997,-82.95158
Pace,Structure,Structure,Florida to California,26.51833,-82.28167
Pace,Structure,Structure,Florida to California,26.52025,-82.28310
Pace RUB,Structure,Structure,Florida to California,26.52065,-82.28440
Pace RUB,Structure,Structure,Florida to California,26.52081,-82.28233
Paces Place 1 Big Rubble,Structure,Structure,Florida to California,26.51783,-82.28350
Palm Island Ferry Limestone,Structure,Structure,Florida to California,26.81973,-82.53252
PAN Dallas,Structure,Structure,Florida to California,29.61188,-84.95491
Pascagoula,Structure,Structure,Florida to California,25.81866,-80.08161
Pasco,Structure,Structure,Florida to California,28.29399,-83.01835
Pasco,Structure,Structure,Florida to California,28.29401,-83.01718
Pensbaybr 004,Structure,Structure,Florida to California,30.29633,-87.22300
PG,Structure,Structure,Florida to California,30.33179,-81.18716
PG Site Culverts,Structure,Structure,Florida to California,30.33483,-81.19566
PG Site Mattox Culverts,Structure,Structure,Florida to California,30.33283,-81.19483
PG Site Moody Culverts,Structure,Structure,Florida to California,30.34673,-81.20998
"Phase 1, Drop",Structure,Structure,Florida to California,28.78839,-83.05828
"Phase 4, 2008 Drop",Structure,Structure,Florida to California,28.79049,-83.05733
Phoenix,Structure,Structure,Florida to California,26.75970,-82.47405
Pimelious,Structure,Structure,Florida to California,25.83597,-80.08206
Pinellas,Structure,Structure,Florida to California,27.87901,-83.18500
Pinellas,Structure,Structure,Florida to California,27.88048,-83.18535
Pinellas,Structure,Structure,Florida to California,27.88089,-83.18371
Pinellas,Structure,Structure,Florida to California,27.88112,-83.18461
Pinellas South Site,Structure,Structure,Florida to California,27.72427,-82.97367
Pinellas South Site 5,Structure,Structure,Florida to California,27.72411,-82.97683
Pioneer,Structure,Structure,Florida to California,25.53198,-80.08390
Pipe And Pontoon,Structure,Structure,Florida to California,26.13508,-80.07976
Pipe T 33,Structure,Structure,Florida to California,30.19466,-87.24250
PM Site Lindens Car Bodies,Structure,Structure,Florida to California,30.33100,-81.18550
Point Loma Kelp,Structure,Structure,Florida to California,32.70000,-117.27170
POM Mitigation Modules,Structure,Structure,Florida to California,25.77147,-80.10512
Port Authority Site,Structure,Structure,Florida to California,28.50636,-80.22206
Port Manatee Site,Structure,Structure,Florida to California,27.66229,-82.57905
Port Of Miami Gabion Baskets,Structure,Structure,Florida to California,25.76998,-80.10608
Pourtales Escarpment,Structure,Structure,Florida to California,24.25000,-81.75000
Pourtales Escarpment,Structure,Structure,Florida to California,24.25000,-81.08332
Powers,Structure,Structure,Florida to California,27.31448,-82.57153
Princess Anne,Structure,Structure,Florida to California,26.79360,-80.00383
Princess Britney,Structure,Structure,Florida to California,25.70048,-80.08683
PV Site,Structure,Structure,Florida to California,30.20533,-81.14566
PV Site Navy,Structure,Structure,Florida to California,30.20617,-81.16383
R 083002,Structure,Structure,Florida to California,30.05261,-87.19399
R 083003,Structure,Structure,Florida to California,30.05731,-87.18708
R 083004,Structure,Structure,Florida to California,30.05283,-87.18753
R 083005,Structure,Structure,Florida to California,30.04946,-87.18731
R 083006,Structure,Structure,Florida to California,30.04529,-87.18755
R 083007,Structure,Structure,Florida to California,30.05588,-87.18265
R 083008,Structure,Structure,Florida to California,30.05109,-87.18303
R 083009,Structure,Structure,Florida to California,30.04706,-87.18436
R 083010,Structure,Structure,Florida to California,30.04283,-87.18351
R 083011,Structure,Structure,Florida to California,30.04939,-87.17990
R 083012,Structure,Structure,Florida to California,30.04604,-87.17825
R 083013,Structure,Structure,Florida to California,30.04321,-87.17948
R 083014,Structure,Structure,Florida to California,30.06058,-87.17525
R 083015,Structure,Structure,Florida to California,30.05574,-87.17583
R 083016,Structure,Structure,Florida to California,30.05109,-87.17576
R 083017,Structure,Structure,Florida to California,30.04823,-87.17490
R 083018,Structure,Structure,Florida to California,30.04356,-87.17540
R 083019,Structure,Structure,Florida to California,30.06068,-87.17030
R/V Dolphin,Structure,Structure,Florida to California,30.12723,-86.40218
R/V Manta,Structure,Structure,Florida to California,30.14383,-86.65320
Rapa NUI,Structure,Structure,Florida to California,26.31678,-80.06200
Ratican,Structure,Structure,Florida to California,26.94683,-79.99378
Raychel,Structure,Structure,Florida to California,25.82020,-80.07938
Redfish Point,Structure,Structure,Florida to California,29.67736,-92.11852
Restore Rubble 9,Structure,Structure,Florida to California,30.10777,-85.83298
Restore SM 1 1 C,Structure,Structure,Florida to California,30.10790,-85.83688
Restore SM 1 1 D,Structure,Structure,Florida to California,30.11127,-85.83250
Restore SM 1 1 G,Structure,Structure,Florida to California,30.10933,-85.83268
Ribbon Kelp,Structure,Structure,Florida to California,32.41330,-117.23130
Ricardos Rock,Structure,Structure,Florida to California,28.32083,-83.53667
Rinker Deep Site,Structure,Structure,Florida to California,26.12435,-80.08156
Rinker Experimental Deep,Structure,Structure,Florida to California,26.12250,-80.09150
Rinker Experimental Shallow,Structure,Structure,Florida to California,26.12436,-80.08966
RIO Miami,Structure,Structure,Florida to California,25.70276,-80.08720
RMS Atlantis,Structure,Structure,Florida to California,30.24218,-86.51012
RMS Cyclops,Structure,Structure,Florida to California,30.34713,-86.43732
Robert Edmister,Structure,Structure,Florida to California,26.15305,-80.08035
Rodeo,Structure,Structure,Florida to California,26.23107,-80.06377
Rodeo Lowrance,Structure,Structure,Florida to California,26.22003,-80.06066
Rodeo Site JAY Dorman,Structure,Structure,Florida to California,26.23098,-80.06711
Rodeo Site Johnny Morris,Structure,Structure,Florida to California,26.23970,-80.05685
Rodeo Site Renegade,Structure,Structure,Florida to California,26.22266,-80.06033
Ronald B Johnson,Structure,Structure,Florida to California,26.23133,-80.05741
Rossmerry,Structure,Structure,Florida to California,25.90421,-80.07705
Roughtip Grenadier,Structure,Structure,Florida to California,29.07660,-88.40670
Roughtip Grenadier,Structure,Structure,Florida to California,29.33330,-80.08330
Rube Allyn,Structure,Structure,Florida to California,27.92089,-83.02240
Rube Allyn,Structure,Structure,Florida to California,27.92566,-83.02416
Rube Allyn,Structure,Structure,Florida to California,27.92764,-83.02321
Rube Allyn,Structure,Structure,Florida to California,27.92894,-83.02263
Rube Allyn,Structure,Structure,Florida to California,27.93691,-83.02126
Rube Allyn North,Structure,Structure,Florida to California,27.93554,-83.02221
Rube Allyn Sand Key Bridge,Structure,Structure,Florida to California,27.92091,-83.02351
RZ Sandy Safley North,Structure,Structure,Florida to California,29.66518,-84.50020
RZ Sandy Safley South,Structure,Structure,Florida to California,29.66424,-84.50020
S C Loveland,Structure,Structure,Florida to California,29.00024,-84.38322
S V EL Tigre,Structure,Structure,Florida to California,29.76833,-83.97000
San Clemente Kelp,Structure,Structure,Florida to California,33.40750,-117.63570
SAN Raphael,Structure,Structure,Florida to California,25.83020,-80.06806
Santa Rita,Structure,Structure,Florida to California,25.38751,-80.09233
Scallop Cove,Structure,Structure,Florida to California,29.72367,-85.47233
Scarface,Structure,Structure,Florida to California,26.94043,-80.05923
School BUS,Structure,Structure,Florida to California,26.59958,-82.47250
School BUS,Structure,Structure,Florida to California,26.60061,-82.47083
Scott Mason Chaite,Structure,Structure,Florida to California,25.38476,-80.11830
Scrap Steel,Structure,Structure,Florida to California,30.13943,-87.22161
Sea Breeze JOY,Structure,Structure,Florida to California,30.12519,-85.76989
Sea Emperor,Structure,Structure,Florida to California,26.32265,-80.05909
Sea Mist,Structure,Structure,Florida to California,26.95813,-79.98510
Sea Plane Basin Park,Structure,Structure,Florida to California,27.90990,-82.45332
Sea Rest Module,Structure,Structure,Florida to California,30.09763,-87.17412
Sean Gucken,Structure,Structure,Florida to California,27.51540,-82.81710
Seaweed,Structure,Structure,Florida to California,29.79854,-84.33323
Sertoma Cars Scrap Iron,Structure,Structure,Florida to California,30.01140,-87.79797
Set 1,Structure,Structure,Florida to California,29.74906,-85.69886
Set 10,Structure,Structure,Florida to California,29.71768,-85.67970
Set 13,Structure,Structure,Florida to California,29.71764,-85.68631
Set 2,Structure,Structure,Florida to California,29.74576,-85.70156
Set 3,Structure,Structure,Florida to California,29.74551,-85.71143
Set 4,Structure,Structure,Florida to California,29.73403,-85.69928
Set 7,Structure,Structure,Florida to California,29.73251,-85.68475
Set 8,Structure,Structure,Florida to California,29.73254,-85.68021
Set 9,Structure,Structure,Florida to California,29.72938,-85.69226
Shasha Boekanier,Structure,Structure,Florida to California,26.75078,-80.00990
Shelby Lee,Structure,Structure,Florida to California,28.31861,-80.20028
Sheri LYN,Structure,Structure,Florida to California,25.70232,-80.08605
Shopping Carts,Structure,Structure,Florida to California,30.14897,-87.12207
Shortys BOY,Structure,Structure,Florida to California,29.62355,-84.90157
Shoulder Tug,Structure,Structure,Florida to California,30.11213,-87.31425
Silver Nail,Structure,Structure,Florida to California,27.69613,-83.29131
Silvertooth,Structure,Structure,Florida to California,27.28417,-82.60097
Silvertooth,Structure,Structure,Florida to California,27.28425,-82.59967
Silvertooth,Structure,Structure,Florida to California,27.28600,-82.59920
Silvertooth,Structure,Structure,Florida to California,27.28603,-82.60013
Singer Island Mitigation Site,Structure,Structure,Florida to California,26.78567,-80.03067
SIR Scott,Structure,Structure,Florida to California,25.52981,-80.08738
Sirotkin Alpha,Structure,Structure,Florida to California,27.21733,-80.00510
Sirotkin Bravo,Structure,Structure,Florida to California,27.21559,-80.00466
Sirotkin FLA Special Patch 2 Center,Structure,Structure,Florida to California,27.22126,-80.03608
Sirotkin FLA Special Patch 3 Southern,Structure,Structure,Florida to California,27.21943,-80.03806
Sirotkin Site,Structure,Structure,Florida to California,27.20441,-80.03866
Sirotkin Site,Structure,Structure,Florida to California,27.20536,-80.03890
Sirotkin Site,Structure,Structure,Florida to California,27.20628,-80.03916
Site,Structure,Structure,Florida to California,27.08649,-80.03400
Site,Structure,Structure,Florida to California,27.08654,-80.02846
Site,Structure,Structure,Florida to California,27.08663,-80.02400
Site,Structure,Structure,Florida to California,27.08859,-80.03446
Site,Structure,Structure,Florida to California,27.08868,-80.02903
Site,Structure,Structure,Florida to California,27.09091,-80.03470
Site 01 2013 S,Structure,Structure,Florida to California,29.11436,-80.69496
Site 01 2013 SE,Structure,Structure,Florida to California,29.11456,-80.69011
Site 01 2013 W,Structure,Structure,Florida to California,29.11919,-80.70043
Site 02 2013 NE,Structure,Structure,Florida to California,29.15938,-80.67348
Site 02 2013 NNE,Structure,Structure,Florida to California,29.16161,-80.67350
Site 02 2013 SSE,Structure,Structure,Florida to California,29.15149,-80.67320
Site 02 2013 SW,Structure,Structure,Florida to California,29.15158,-80.68286
Site 02 2013 W,Structure,Structure,Florida to California,29.15656,-80.68268
Site 03 2013 E,Structure,Structure,Florida to California,29.19449,-80.74103
Site 03 2013 NE,Structure,Structure,Florida to California,29.19956,-80.74176
Site 04 2013 E,Structure,Structure,Florida to California,29.32143,-80.73923
Site 04 2013 W,Structure,Structure,Florida to California,29.32113,-80.74983
Site 05 2013 N,Structure,Structure,Florida to California,29.12458,-80.80513
Site 05 2013 S,Structure,Structure,Florida to California,29.11473,-80.80518
Site 06 2013 N,Structure,Structure,Florida to California,29.05626,-80.71973
Site 06 2013 NW,Structure,Structure,Florida to California,29.05569,-80.72405
Site 06 2013 S,Structure,Structure,Florida to California,29.04581,-80.71960
Site 07 2013 NE,Structure,Structure,Florida to California,29.02431,-80.67885
Site 07 2013 NW,Structure,Structure,Florida to California,29.02409,-80.68810
Site 1,Structure,Structure,Florida to California,29.11783,-80.69716
Site 1,Structure,Structure,Florida to California,29.11999,-80.69750
Site 1 2010 South,Structure,Structure,Florida to California,29.11659,-80.69468
Site 1 2011 NE,Structure,Structure,Florida to California,29.12308,-80.69053
Site 1 2011 NW,Structure,Structure,Florida to California,29.12274,-80.69923
Site 1 2012 SW,Structure,Structure,Florida to California,29.11433,-80.70018
Site 10 1998,Structure,Structure,Florida to California,29.35814,-80.82956
Site 10 1999,Structure,Structure,Florida to California,29.35619,-80.82971
Site 10 1999,Structure,Structure,Florida to California,29.35754,-80.82460
Site 10 2003,Structure,Structure,Florida to California,29.35588,-80.82786
Site 10 2003,Structure,Structure,Florida to California,29.35941,-80.82743
Site 10 2011 6/11,Structure,Structure,Florida to California,29.35331,-80.82921
Site 10 2012 W,Structure,Structure,Florida to California,29.35716,-80.83293
Site 10 2013 N,Structure,Structure,Florida to California,29.36243,-80.82908
Site 10 2013 NNE,Structure,Structure,Florida to California,29.36218,-80.82461
Site 10 2013 NW,Structure,Structure,Florida to California,29.36224,-80.83438
Site 10 2013 SSE,Structure,Structure,Florida to California,29.35264,-80.82441
Site 10 2014 SE B,Structure,Structure,Florida to California,29.35576,-80.82432
Site 10 2014 SW,Structure,Structure,Florida to California,29.35281,-80.83460
Site 10 NE Inside,Structure,Structure,Florida to California,29.36012,-80.82255
Site 11 2001,Structure,Structure,Florida to California,29.27169,-80.69595
Site 11 2001,Structure,Structure,Florida to California,29.27211,-80.69970
Site 11 2001,Structure,Structure,Florida to California,29.27469,-80.69700
Site 11 2001,Structure,Structure,Florida to California,29.27486,-80.69996
Site 11 2011 E,Structure,Structure,Florida to California,29.27366,-80.69506
Site 11 2011 W,Structure,Structure,Florida to California,29.27349,-80.70228
Site 11 2012 N,Structure,Structure,Florida to California,29.27849,-80.69851
Site 11 2012 S,Structure,Structure,Florida to California,29.26836,-80.69880
Site 11 2013 NE,Structure,Structure,Florida to California,29.27764,-80.69401
Site 11 2013 SSE,Structure,Structure,Florida to California,29.26878,-80.69423
Site 11 2013 SSW,Structure,Structure,Florida to California,29.26873,-80.70375
Site 12,Structure,Structure,Florida to California,29.19766,-80.77550
Site 12 2001 Center,Structure,Structure,Florida to California,29.27373,-80.69860
Site 12 2010 SW,Structure,Structure,Florida to California,29.19483,-80.77808
Site 12 2011 E,Structure,Structure,Florida to California,29.19801,-80.76825
Site 12 2011 SE,Structure,Structure,Florida to California,29.19456,-80.77233
Site 12 2012 S,Structure,Structure,Florida to California,29.19324,-80.77463
Site 12 2012 W,Structure,Structure,Florida to California,29.19816,-80.77986
Site 12 2013 NNW,Structure,Structure,Florida to California,29.20169,-80.77920
Site 12 2014 NNE,Structure,Structure,Florida to California,29.20207,-80.77082
Site 13 2002,Structure,Structure,Florida to California,29.16829,-80.69085
Site 13 2002,Structure,Structure,Florida to California,29.17068,-80.69215
Site 13 2010 NE,Structure,Structure,Florida to California,29.17269,-80.68773
Site 13 2011 NNW,Structure,Structure,Florida to California,29.17339,-80.69325
Site 13 2011 SW,Structure,Structure,Florida to California,29.16544,-80.69425
Site 13 2013 E,Structure,Structure,Florida to California,29.16879,-80.68611
Site 13 2013 SSE,Structure,Structure,Florida to California,29.16601,-80.68376
Site 13 2014 N,Structure,Structure,Florida to California,29.17442,-80.68963
Site 13 2014 NNE,Structure,Structure,Florida to California,29.17409,-80.68433
Site 13 2014 SE,Structure,Structure,Florida to California,29.16409,-80.68383
Site 2,Structure,Structure,Florida to California,29.15333,-80.67533
Site 2,Structure,Structure,Florida to California,29.15613,-80.67166
Site 2,Structure,Structure,Florida to California,29.15616,-80.67283
Site 2,Structure,Structure,Florida to California,29.16928,-80.68835
Site 2 1983,Structure,Structure,Florida to California,29.15999,-80.67583
Site 2 1983,Structure,Structure,Florida to California,29.16166,-80.67750
Site 2 1997,Structure,Structure,Florida to California,29.15336,-80.66983
Site 2 1997,Structure,Structure,Florida to California,29.15633,-80.67783
Site 2 2012 Middle,Structure,Structure,Florida to California,29.15988,-80.67733
Site 2 2014 NW,Structure,Structure,Florida to California,29.16037,-80.68265
Site 3,Structure,Structure,Florida to California,29.19516,-80.74566
Site 3,Structure,Structure,Florida to California,29.20017,-80.74750
Site 3 2012 SE,Structure,Structure,Florida to California,29.19053,-80.73840
Site 3 2012 SW,Structure,Structure,Florida to California,29.19958,-80.75128
Site 3 2014 SSE,Structure,Structure,Florida to California,29.18996,-80.74253
Site 3 2014 W,Structure,Structure,Florida to California,29.19421,-80.75117
Site 4,Structure,Structure,Florida to California,29.31964,-80.74216
Site 4,Structure,Structure,Florida to California,29.32083,-80.74466
Site 4 2011 NNE,Structure,Structure,Florida to California,29.32499,-80.74126
Site 4 2011 NNW,Structure,Structure,Florida to California,29.32613,-80.74960
Site 4 2011 SW,Structure,Structure,Florida to California,29.31698,-80.74931
Site 4 2012 S,Structure,Structure,Florida to California,29.31704,-80.74430
Site 4 2014 N,Structure,Structure,Florida to California,29.32542,-80.74490
Site 4 SE Inside,Structure,Structure,Florida to California,29.31817,-80.73860
Site 5,Structure,Structure,Florida to California,29.12000,-80.80433
Site 5 1990,Structure,Structure,Florida to California,29.11966,-80.80533
Site 5 2011 NE,Structure,Structure,Florida to California,29.12404,-80.80170
Site 5 2011 NW,Structure,Structure,Florida to California,29.12481,-80.81095
Site 5 2011 SE,Structure,Structure,Florida to California,29.11531,-80.80048
Site 5 2011 SW,Structure,Structure,Florida to California,29.11489,-80.81056
Site 5 2012 E,Structure,Structure,Florida to California,29.11946,-80.80050
Site 5 2012 W,Structure,Structure,Florida to California,29.11979,-80.81058
Site 5 2014 WNW,Structure,Structure,Florida to California,29.12266,-80.80925
Site 6,Structure,Structure,Florida to California,29.05014,-80.71278
Site 6,Structure,Structure,Florida to California,29.05064,-80.72333
Site 6 2010 SE,Structure,Structure,Florida to California,29.04776,-80.71958
Site 6 2011 SW,Structure,Structure,Florida to California,29.04608,-80.72391
Site 6 2012 NNE,Structure,Structure,Florida to California,29.05586,-80.71525
Site 6 2012 SSE,Structure,Structure,Florida to California,29.04651,-80.71531
Site 6 Center N,Structure,Structure,Florida to California,29.05153,-80.71807
Site 7,Structure,Structure,Florida to California,29.01966,-80.69066
Site 7,Structure,Structure,Florida to California,29.02099,-80.68383
Site 7 2010 South,Structure,Structure,Florida to California,29.01686,-80.68365
Site 7 2011 E,Structure,Structure,Florida to California,29.02029,-80.67866
Site 7 2011 N,Structure,Structure,Florida to California,29.02434,-80.68400
Site 7 2012 SE,Structure,Structure,Florida to California,29.01566,-80.67971
Site 7 2012 SW,Structure,Structure,Florida to California,29.01586,-80.68808
Site 7 2014 ESE,Structure,Structure,Florida to California,29.01797,-80.67858
Site 8,Structure,Structure,Florida to California,28.91800,-80.70533
Site 8,Structure,Structure,Florida to California,28.92116,-80.71116
Site 8,Structure,Structure,Florida to California,28.92179,-80.71046
Site 9,Structure,Structure,Florida to California,29.35092,-80.35803
Site 9,Structure,Structure,Florida to California,29.35112,-80.35702
Site 9,Structure,Structure,Florida to California,29.35137,-80.36520
Site 9,Structure,Structure,Florida to California,29.35416,-80.36233
Site 9,Structure,Structure,Florida to California,29.35692,-80.36543
Site 9,Structure,Structure,Florida to California,29.35860,-80.35843
Site C FLA League Of Anglers,Structure,Structure,Florida to California,26.16916,-80.05600
Site C Rebel,Structure,Structure,Florida to California,26.17088,-80.07220
Site D Nswc Cable Spools,Structure,Structure,Florida to California,26.13250,-80.07716
Site D TE AMO,Structure,Structure,Florida to California,26.08645,-80.05351
Small Plane,Structure,Structure,Florida to California,30.08643,-80.69813
Smurfit Stone,Structure,Structure,Florida to California,29.88716,-85.54043
Smurfit Stone,Structure,Structure,Florida to California,29.89714,-85.54266
Smurfit Stone,Structure,Structure,Florida to California,29.91234,-85.54183
Soule Modules Concrete,Structure,Structure,Florida to California,30.17916,-87.24643
Soule Modules Concrete,Structure,Structure,Florida to California,30.19108,-87.24450
Soule Modules Concrete,Structure,Structure,Florida to California,30.20293,-87.24946
Soule Modules Concrete,Structure,Structure,Florida to California,30.20613,-87.24741
South County Site,Structure,Structure,Florida to California,27.10338,-80.04003
South County Site,Structure,Structure,Florida to California,27.10492,-80.03833
South County Site,Structure,Structure,Florida to California,27.10528,-80.04138
South Kelp Ridge (SKR),Structure,Structure,Florida to California,32.36670,-117.22100
South Nine Mile Site,Structure,Structure,Florida to California,29.87178,-81.04545
South Seas,Structure,Structure,Florida to California,25.66510,-80.07028
Southeast 16 And 17 Carols Tabletop,Structure,Structure,Florida to California,30.25700,-80.96633
Spiegel Grove,Structure,Structure,Florida to California,25.06666,-80.31083
Spirt Of Miami Airplane,Structure,Structure,Florida to California,25.69800,-80.08700
Spurgeon,Structure,Structure,Florida to California,29.45238,-86.97816
SR 27,Structure,Structure,Florida to California,30.35555,-86.87428
SR 27,Structure,Structure,Florida to California,30.35595,-86.86785
SR 27 27 B,Structure,Structure,Florida to California,30.35495,-86.86027
SS Nicaragua,Structure,Structure,Florida to California,26.41695,-97.19236
ST Anne D Auray,Structure,Structure,Florida to California,25.61788,-80.09107
ST Joe,Structure,Structure,Florida to California,29.91817,-85.65200
Stage 1 East Boxcars,Structure,Structure,Florida to California,29.96695,-85.81528
Stage 1 East Boxcars,Structure,Structure,Florida to California,29.96852,-85.81347
Stage I East Hathaway,Structure,Structure,Florida to California,29.94438,-85.81993
Stan Blum Memorial,Structure,Structure,Florida to California,27.43420,-80.16145
Steel Boxes,Structure,Structure,Florida to California,30.19468,-87.24833
Steel Boxes,Structure,Structure,Florida to California,30.19953,-87.24588
Steel Boxes,Structure,Structure,Florida to California,30.20267,-87.24467
Steel Nasa Test Fixture Cylinder,Structure,Structure,Florida to California,28.33333,-80.20417
Steel Storage Tanks,Structure,Structure,Florida to California,25.79237,-80.07988
Sufix I,Structure,Structure,Florida to California,28.33417,-80.20417
Sunglow ESE,Structure,Structure,Florida to California,29.15401,-80.95275
Sunglow NE,Structure,Structure,Florida to California,29.15592,-80.95378
Sunglow NW,Structure,Structure,Florida to California,29.15389,-80.95723
Sunglow SE,Structure,Structure,Florida to California,29.15166,-80.95363
Sunglow SE Inside,Structure,Structure,Florida to California,29.15311,-80.95450
Sunglow SW,Structure,Structure,Florida to California,29.15091,-80.95553
Sunglow W,Structure,Structure,Florida to California,29.15222,-80.95645
SW Corner of Round Kelp,Structure,Structure,Florida to California,32.84050,-117.29820
SW Of Big Carlos Pass,Structure,Structure,Florida to California,26.37556,-81.91806
Swordfish,Structure,Structure,Florida to California,26.47833,-80.03883
Sylvina Express,Structure,Structure,Florida to California,26.79450,-79.98617
T 33 Airplane,Structure,Structure,Florida to California,30.11995,-85.77463
Tacoma,Structure,Structure,Florida to California,25.70016,-80.08445
Tank,Structure,Structure,Florida to California,29.84063,-87.74682
Tank,Structure,Structure,Florida to California,29.86276,-87.76806
Tank,Structure,Structure,Florida to California,29.87245,-87.75170
Tank,Structure,Structure,Florida to California,29.87678,-87.73518
Tank,Structure,Structure,Florida to California,29.88905,-87.75367
Tank,Structure,Structure,Florida to California,29.89455,-87.72073
Tank,Structure,Structure,Florida to California,29.90583,-87.75550
Tank,Structure,Structure,Florida to California,29.91062,-87.72217
Tank,Structure,Structure,Florida to California,29.92280,-87.75645
Tank,Structure,Structure,Florida to California,29.92733,-87.72348
Tank,Structure,Structure,Florida to California,29.93475,-87.58183
Tank,Structure,Structure,Florida to California,29.94353,-87.74183
Tank,Structure,Structure,Florida to California,29.94457,-87.72557
Tank,Structure,Structure,Florida to California,29.95565,-88.09975
Tank,Structure,Structure,Florida to California,29.95793,-87.75960
Tank,Structure,Structure,Florida to California,29.96117,-87.72742
Tank,Structure,Structure,Florida to California,29.96759,-87.63189
Tank,Structure,Structure,Florida to California,29.97308,-87.77368
Tank,Structure,Structure,Florida to California,29.97457,-88.00947
Tank,Structure,Structure,Florida to California,29.97753,-87.72857
Tank,Structure,Structure,Florida to California,29.99403,-87.76222
Tank,Structure,Structure,Florida to California,29.99525,-87.72985
Tank,Structure,Structure,Florida to California,29.99922,-87.62802
Tank,Structure,Structure,Florida to California,30.01152,-87.73185
Tank,Structure,Structure,Florida to California,30.14575,-86.38678
Tank,Structure,Structure,Florida to California,30.15230,-87.23465
Tank,Structure,Structure,Florida to California,30.15658,-87.23933
Tank,Structure,Structure,Florida to California,30.36055,-86.58967
Tank 102 A,Structure,Structure,Florida to California,30.00863,-88.00245
Tank 102 A,Structure,Structure,Florida to California,30.00881,-88.00026
Tank 3 Cars,Structure,Structure,Florida to California,30.16245,-87.23890
Tank 70 B,Structure,Structure,Florida to California,29.93965,-87.75797
Tank 74 B,Structure,Structure,Florida to California,29.97815,-87.77660
Tank 76 B,Structure,Structure,Florida to California,29.93033,-87.68958
Tank 77 B,Structure,Structure,Florida to California,29.93192,-87.66463
Tank 78 A,Structure,Structure,Florida to California,29.93375,-87.62375
Tank 78 C,Structure,Structure,Florida to California,29.93383,-87.62233
Tank 81 C,Structure,Structure,Florida to California,29.85208,-87.61562
Tank 82 A,Structure,Structure,Florida to California,29.85380,-87.57227
Tank 82 B,Structure,Structure,Florida to California,29.85508,-87.57242
Tank 85 A,Structure,Structure,Florida to California,30.01408,-87.66975
Tank 85 B,Structure,Structure,Florida to California,30.01367,-87.67058
Tank 86 B,Structure,Structure,Florida to California,30.01583,-87.62975
Tank 88 B,Structure,Structure,Florida to California,30.01642,-87.58808
Tank 89 A,Structure,Structure,Florida to California,30.03272,-87.56625
Tank 90 A,Structure,Structure,Florida to California,30.06542,-87.56975
Tank 90 C,Structure,Structure,Florida to California,30.06430,-87.57038
Tank 93 A,Structure,Structure,Florida to California,29.99855,-87.69935
Tank 94 A,Structure,Structure,Florida to California,29.97172,-88.07643
Tank 94 B,Structure,Structure,Florida to California,29.97141,-88.07456
Tank 95 A/B,Structure,Structure,Florida to California,29.98930,-88.10393
Tank 96 A,Structure,Structure,Florida to California,30.01070,-88.11363
Tank 97 A,Structure,Structure,Florida to California,29.97242,-88.09807
Tank 97 B,Structure,Structure,Florida to California,29.97258,-88.09347
Tank 99 A,Structure,Structure,Florida to California,29.99010,-88.11498
Tank B,Structure,Structure,Florida to California,30.07433,-90.23012
Tank Broz A/B,Structure,Structure,Florida to California,30.00513,-88.03005
Tank Reef Site,Structure,Structure,Florida to California,29.97307,-88.09885
Tank Reef Site,Structure,Structure,Florida to California,29.98038,-87.77712
Tank Reef Site,Structure,Structure,Florida to California,29.98948,-88.10568
Tank Reef Site,Structure,Structure,Florida to California,30.01083,-88.11470
Tank Removed,Structure,Structure,Florida to California,28.95452,-90.96598
Tank Sims A,Structure,Structure,Florida to California,30.00493,-88.03510
Tank Turrets,Structure,Structure,Florida to California,30.15673,-86.81793
Tanker 5277 GT,Structure,Structure,Florida to California,27.00417,-80.08600
Tanker 5287 GT,Structure,Structure,Florida to California,27.05833,-80.04167
Tanker Wreck,Structure,Structure,Florida to California,24.69017,-80.85667
Tanks Culverts,Structure,Structure,Florida to California,29.96267,-87.20950
Tanks Culverts,Structure,Structure,Florida to California,29.96610,-87.20760
The Playground,Structure,Structure,Florida to California,26.77000,-79.98145
The Playground,Structure,Structure,Florida to California,26.78950,-79.99650
The Slabs,Structure,Structure,Florida to California,30.02872,-86.73413
The Slice,Structure,Structure,Florida to California,30.08084,-86.70866
Thelma,Structure,Structure,Florida to California,29.63355,-85.94993
Thozina,Structure,Structure,Florida to California,26.75166,-80.00983
Three Tugs,Structure,Structure,Florida to California,26.97599,-80.01633
Thunderbolt,Structure,Structure,Florida to California,24.65800,-80.96500
Tiger Red,Structure,Structure,Florida to California,28.36521,-80.27778
Tip TOE,Structure,Structure,Florida to California,29.69167,-87.39833
Titan,Structure,Structure,Florida to California,27.18683,-80.04350
Titan II Transporter Site,Structure,Structure,Florida to California,28.33199,-80.20098
Titan II Transporter Site,Structure,Structure,Florida to California,28.33336,-80.20581
Titan II Transporter Site,Structure,Structure,Florida to California,28.33348,-80.20716
Titan II Transporter Site,Structure,Structure,Florida to California,28.33466,-80.20548
Titan II Transporter Site,Structure,Structure,Florida to California,28.33481,-80.20731
Titan II Transporter Site,Structure,Structure,Florida to California,28.33548,-80.20650
Titan II Transporter Site,Structure,Structure,Florida to California,28.33668,-80.20408
Titan II Transporter Site,Structure,Structure,Florida to California,28.33733,-80.20466
Titan II Transporter Site,Structure,Structure,Florida to California,28.34974,-80.20300
Titan Transporter,Structure,Structure,Florida to California,28.33536,-80.20456
Tote Machines,Structure,Structure,Florida to California,26.19683,-80.05516
TR Site Anna,Structure,Structure,Florida to California,30.46299,-80.92950
Treasure Island,Structure,Structure,Florida to California,27.75274,-82.88716
Treasure Island,Structure,Structure,Florida to California,27.77643,-82.91290
Treasure Island II Northeast Cluster,Structure,Structure,Florida to California,27.69479,-83.29066
Treasure Island II Southeast Cluster,Structure,Structure,Florida to California,27.69368,-83.29028
Treasure Island II Southwest Cluster,Structure,Structure,Florida to California,27.69356,-83.29156
Trio Bravo,Structure,Structure,Florida to California,26.14533,-80.07158
Trolly Car,Structure,Structure,Florida to California,30.00888,-87.07037
Tug,Structure,Structure,Florida to California,29.00198,-87.71866
Tug,Structure,Structure,Florida to California,29.06418,-87.70696
Tug,Structure,Structure,Florida to California,30.06420,-87.70702
Tug Born Again,Structure,Structure,Florida to California,30.13438,-87.23822
Tug Deliverance,Structure,Structure,Florida to California,30.18152,-87.23482
Tug Kathleen,Structure,Structure,Florida to California,27.39683,-80.02495
Tug Ocean Wind,Structure,Structure,Florida to California,30.18325,-87.20028
Tug Phillip,Structure,Structure,Florida to California,30.13287,-87.21167
Tugboa,Structure,Structure,Florida to California,30.15495,-86.74152
Turbine Stacks,Structure,Structure,Florida to California,25.48495,-80.09195
TW Site Tug,Structure,Structure,Florida to California,30.49228,-80.95991
Two Dogs Culverts,Structure,Structure,Florida to California,29.76534,-84.52809
Ultra Freeze,Structure,Structure,Florida to California,25.62903,-80.08712
United Caribbean,Structure,Structure,Florida to California,26.32113,-80.05898
United Caribbean,Structure,Structure,Florida to California,26.32225,-80.06150
Unknown Tug,Structure,Structure,Florida to California,30.20367,-86.96550
US Army Tanks,Structure,Structure,Florida to California,25.81120,-80.09083
US Concrete Pipe,Structure,Structure,Florida to California,26.12133,-80.07500
Usaf Big Dawg,Structure,Structure,Florida to California,30.15078,-86.57373
USS Chippewa,Structure,Structure,Florida to California,29.96167,-85.80367
USS Curb,Structure,Structure,Florida to California,24.43686,-81.76878
USS Fred T Berry,Structure,Structure,Florida to California,24.45900,-81.55370
USS Kendrick,Structure,Structure,Florida to California,24.46013,-81.60106
USS Mohawk CGC V M R,Structure,Structure,Florida to California,26.55125,-82.72468
USS Rankin,Structure,Structure,Florida to California,27.18886,-80.02385
USS S 16 Sub,Structure,Structure,Florida to California,24.42035,-82.03989
USS Saufley,Structure,Structure,Florida to California,24.44903,-81.58290
USS Shamal,Structure,Structure,Florida to California,30.08100,-86.61267
USS Strength,Structure,Structure,Florida to California,30.03227,-85.70688
USS Strength,Structure,Structure,Florida to California,30.03228,-85.70853
USS Zephyr,Structure,Structure,Florida to California,30.07035,-86.56577
UWF Five Car 65,Structure,Structure,Florida to California,30.19467,-87.23600
UWF Five Car 65,Structure,Structure,Florida to California,30.19513,-87.24608
UWF Four Car 65,Structure,Structure,Florida to California,30.19065,-87.24562
UWF One Car,Structure,Structure,Florida to California,30.21107,-87.24548
UWF One Car 65,Structure,Structure,Florida to California,30.19062,-87.24705
UWF One Car 65,Structure,Structure,Florida to California,30.20075,-87.22580
UWF Three Car 65,Structure,Structure,Florida to California,30.18953,-87.22472
UWF Three Car 65,Structure,Structure,Florida to California,30.20183,-87.24763
UWF Two Car 65,Structure,Structure,Florida to California,30.19392,-87.23407
UWF Two Car 65,Structure,Structure,Florida to California,30.20975,-87.24127
Variety Kelp,Structure,Structure,Florida to California,32.80180,-117.28180
Viking,Structure,Structure,Florida to California,29.40356,-85.01658
Village,Structure,Structure,Florida to California,26.33038,-81.97092
Village,Structure,Structure,Florida to California,26.33098,-81.97003
"W 2 Kyle Jackson Trail, Landingcraft",Structure,Structure,Florida to California,27.20896,-82.80181
"W 2 Kyle Jackson Trail, Tanks 5",Structure,Structure,Florida to California,27.21069,-82.80361
Walke Q,Structure,Structure,Florida to California,25.82610,-80.08166
Walton,Structure,Structure,Florida to California,30.25086,-86.02675
West End,Structure,Structure,Florida to California,25.79090,-80.04911
WET And Wild Site,Structure,Structure,Florida to California,30.08954,-85.73670
White City Bridge,Structure,Structure,Florida to California,29.16684,-83.64963
Wiggins Pass 3 Mile C D,Structure,Structure,Florida to California,26.30540,-81.87376
Wiggins Pass 5 Mile,Structure,Structure,Florida to California,26.29123,-81.93013
Wiggins Pass 9 Mile,Structure,Structure,Florida to California,26.23350,-82.12893
Yamaha Site Addition,Structure,Structure,Florida to California,29.57367,-84.53767
Yellowtail Kelp,Structure,Structure,Florida to California,33.30000,-117.50470
Zeuses Tug,Structure,Structure,Florida to California,30.15704,-86.82402
Zinnia,Structure,Structure,Florida to California,29.29568,-85.64405
AF Tower D,Tower,Towers,Florida to California,25.56700,-81.71633
AF Tower L,Tower,Towers,Florida to California,25.36667,-82.45000
AF Tower P,Tower,Towers,Florida to California,25.11667,-82.00000
AF Tower R,Tower,Towers,Florida to California,25.46667,-82.10183
AF Tower S,Tower,Towers,Florida to California,25.03333,-82.36667
AIR Force Tower,Tower,Towers,Florida to California,29.07960,-84.32143
AIR Force Tower,Tower,Towers,Florida to California,29.72108,-85.47550
AIR Force Tower,Tower,Towers,Florida to California,29.72465,-85.47523
American Custom Yachts Tower,Tower,Towers,Florida to California,27.21913,-80.00563
Bausch American Towers,Tower,Towers,Florida to California,27.21920,-80.00432
C Tower,Tower,Towers,Florida to California,29.40383,-84.85767
C Tower,Tower,Towers,Florida to California,29.40667,-84.86333
C Tower,Tower,Towers,Florida to California,29.41245,-84.85663
D Tower,Tower,Towers,Florida to California,25.56628,-81.71808
Gulf Power Steel Tower,Tower,Towers,Florida to California,30.20648,-87.23878
Gulf Power Towers,Tower,Towers,Florida to California,30.20732,-87.23562
Gulf Power Towers,Tower,Towers,Florida to California,30.21557,-87.23795
Gulf Power Towers GPS,Tower,Towers,Florida to California,30.20233,-87.23733
K Tower,Tower,Towers,Florida to California,29.66189,-84.37310
K Tower,Tower,Towers,Florida to California,29.66610,-84.36920
Loran Tower,Tower,Towers,Florida to California,27.05037,-80.03253
Mission Bay Park NEL Tower,Tower,Towers,Florida to California,32.77280,-117.26750
O Tower,Tower,Towers,Florida to California,29.53667,-84.61780
Opal Towers,Tower,Towers,Florida to California,26.30070,-80.06827
R Tower,Tower,Towers,Florida to California,25.79983,-82.21450
S Tower,Tower,Towers,Florida to California,29.29933,-84.61092
"Steel Radio Towers, FAA Site",Tower,Towers,Florida to California,30.18746,-87.23536
Steel Tower,Tower,Towers,Florida to California,28.97383,-83.15725
Steel Water Tower Pipes,Tower,Towers,Florida to California,30.19048,-87.24215
Tenneco Tower Shallow,Tower,Towers,Florida to California,25.98222,-80.08669
Tenneco Towers Deep,Tower,Towers,Florida to California,25.98150,-80.07033
Tenneco Towers Deep,Tower,Towers,Florida to California,25.98168,-80.07998
Tower,Tower,Towers,Florida to California,25.75303,-80.10800
Tower,Tower,Towers,Florida to California,25.80000,-82.21667
Towers,Tower,Towers,Florida to California,30.19027,-87.22787
Towers,Tower,Towers,Florida to California,30.20728,-87.23178
Towers,Tower,Towers,Florida to California,30.20807,-87.23775
Towers,Tower,Towers,Florida to California,30.21070,-87.23280
Tug Born Again Towers,Tower,Towers,Florida to California,30.13872,-87.23695
Twin Towers - Halibut,Tower,Towers,Florida to California,33.98330,-118.48330
V Tower,Tower,Towers,Florida to California,29.41550,-84.33433
V Tower,Tower,Towers,Florida to California,29.41608,-84.34430
W Central Tower,Tower,Towers,Florida to California,25.36667,-82.46667
10 Grouper Mutton Pinks Wreck,Wreck,Wrecks,Florida to California,30.28937,-80.32456
107 Wreck,Wreck,Wrecks,Florida to California,24.50882,-81.82851
12 A Wreck,Wreck,Wrecks,Florida to California,27.33333,-80.06667
18 Boat Wreck,Wreck,Wrecks,Florida to California,30.20077,-87.35328
21 Fathom Wreck,Wreck,Wrecks,Florida to California,28.50450,-80.18183
21 Wreck 1,Wreck,Wrecks,Florida to California,26.34384,-81.90170
3 VW Wrecks,Wreck,Wrecks,Florida to California,30.02737,-87.15950
33 Fathom Wreck,Wreck,Wrecks,Florida to California,27.16743,-83.84403
38 Wreck,Wreck,Wrecks,Florida to California,27.07237,-82.60311
38 Wreckdri,Wreck,Wrecks,Florida to California,27.06985,-82.60600
40 Fathom Wreck,Wreck,Wrecks,Florida to California,27.49883,-84.24458
Adolphus Busch Sr.,Wreck,Wrecks,Florida to California,24.61520,-81.46210
Alexander's Wreck,Wreck,Wrecks,Florida to California,24.61617,-81.98183
Alsatia Wreck,Wreck,Wrecks,Florida to California,27.80808,-82.46657
Amazon Wreck Enhancement,Wreck,Wrecks,Florida to California,27.38613,-80.06173
Amazon Wreck Enhancement,Wreck,Wrecks,Florida to California,27.39107,-80.06032
Amazon Wreck Enhancement,Wreck,Wrecks,Florida to California,27.39108,-80.06178
Amazon Wreck Enhancement,Wreck,Wrecks,Florida to California,27.39327,-80.06113
American Shoal Freighter,Wreck,Wrecks,Florida to California,24.51220,-81.51210
Anchor Wreck,Wreck,Wrecks,Florida to California,27.80332,-80.41165
Anna B Wreck,Wreck,Wrecks,Florida to California,27.78100,-82.50350
Antonia Ensen Wreck,Wreck,Wrecks,Florida to California,27.08533,-82.68333
Atlas Wreck Concrete Pile,Wreck,Wrecks,Florida to California,29.18924,-80.75032
Augie Ferignno Ship,Wreck,Wrecks,Florida to California,25.70803,-80.07721
Barbett Wreck,Wreck,Wrecks,Florida to California,30.61967,-81.18600
Bayronto Wreck Venice,Wreck,Wrecks,Florida to California,26.75787,-82.85065
Belzona Barge,Wreck,Wrecks,Florida to California,25.68120,-80.09820
Belzona II,Wreck,Wrecks,Florida to California,25.68210,-80.09750
Benwood Wreck,Wreck,Wrecks,Florida to California,25.05267,-80.33367
Big LOU Wreck,Wreck,Wrecks,Florida to California,25.69787,-80.08852
Big Wreck,Wreck,Wrecks,Florida to California,28.84633,-80.43017
Bimini Barge,Wreck,Wrecks,Florida to California,25.68110,-79.31120
Blackthorn Wreck,Wreck,Wrecks,Florida to California,27.87618,-83.18800
Blind Pass Wreck,Wreck,Wrecks,Florida to California,27.67638,-83.48180
Blue Fire,Wreck,Wrecks,Florida to California,25.73120,-80.08110
Blue Runner Wreck,Wreck,Wrecks,Florida to California,27.52352,-82.81695
Boca Grande Wreck,Wreck,Wrecks,Florida to California,26.21460,-82.34660
Boca Grande Wreck,Wreck,Wrecks,Florida to California,26.35767,-82.57767
Born Again Tugboat,Wreck,Wrecks,Florida to California,30.13683,-87.23683
Brass Wreck,Wreck,Wrecks,Florida to California,30.21418,-87.05355
Brass Wreck,Wreck,Wrecks,Florida to California,30.21475,-87.05438
Cannabis Cruiser Wreck,Wreck,Wrecks,Florida to California,24.82413,-80.64377
Capt DAN Wreck,Wreck,Wrecks,Florida to California,26.21875,-80.06625
Capt Dwyers Wreck,Wreck,Wrecks,Florida to California,28.39200,-79.58300
Capt Vinnies Jewfish Wreck,Wreck,Wrecks,Florida to California,24.67500,-82.05000
Captain Dan,Wreck,Wrecks,Florida to California,26.23410,-80.05120
Caribbean Kestrel,Wreck,Wrecks,Florida to California,25.73420,-80.08620
Cayman Salvager,Wreck,Wrecks,Florida to California,24.45330,-81.76670
Cheeca Rocks Deep,Wreck,Wrecks,Florida to California,24.88100,-80.61200
City of Topeka,Wreck,Wrecks,Florida to California,29.11210,-94.35120
Coal Wreck 4,Wreck,Wrecks,Florida to California,27.01813,-82.81700
Cobalt Wreck,Wreck,Wrecks,Florida to California,24.51200,-81.65100
Coralwreck,Wreck,Wrecks,Florida to California,24.46544,-81.98607
Crane Wreck,Wreck,Wrecks,Florida to California,28.84795,-80.42857
Cruz DEL SUR Ship,Wreck,Wrecks,Florida to California,25.96935,-80.07698
Damocles Wreck,Wreck,Wrecks,Florida to California,28.40683,-80.28283
Dania Wreck,Wreck,Wrecks,Florida to California,27.76437,-82.52209
Danny Wreck,Wreck,Wrecks,Florida to California,26.71120,-80.01520
Davidwreck,Wreck,Wrecks,Florida to California,26.60048,-82.40038
Daytona Wreck,Wreck,Wrecks,Florida to California,28.96515,-80.19925
Deep Freeze,Wreck,Wrecks,Florida to California,25.74120,-80.08310
Deep Tug Wreck,Wreck,Wrecks,Florida to California,27.40667,-80.00383
Defiance Wreck,Wreck,Wrecks,Florida to California,28.44783,-80.35583
Desco Boat Culverts,Wreck,Wrecks,Florida to California,29.88737,-81.01600
Dickey BOY Wreck,Wreck,Wrecks,Florida to California,28.60017,-80.31433
Dickey BOY Wreck,Wreck,Wrecks,Florida to California,28.60112,-80.31733
DM Wreck,Wreck,Wrecks,Florida to California,28.17993,-95.11838
Dominator,Wreck,Wrecks,Florida to California,33.77420,-118.43210
DP Wreck,Wreck,Wrecks,Florida to California,28.90380,-94.07433
Duck Key Wreck,Wreck,Wrecks,Florida to California,24.71000,-80.87833
Dutch Banks Ship,Wreck,Wrecks,Florida to California,30.19843,-87.43460
Dutch Wreck,Wreck,Wrecks,Florida to California,28.47733,-80.36733
Dutch Wreck,Wreck,Wrecks,Florida to California,28.47767,-80.36633
Dutch Wreck,Wreck,Wrecks,Florida to California,28.47868,-80.36505
Dutch Wreck,Wreck,Wrecks,Florida to California,28.48550,-80.36917
Duzaway Houseboat,Wreck,Wrecks,Florida to California,26.11128,-80.06193
EDS Wreck,Wreck,Wrecks,Florida to California,28.43483,-80.23900
Edward Luckenbach,Wreck,Wrecks,Florida to California,24.91220,-80.45120
El Rey,Wreck,Wrecks,Florida to California,32.76210,-117.25920
Elbo Wreck,Wreck,Wrecks,Florida to California,25.11177,-80.22458
Elton Groundswreck,Wreck,Wrecks,Florida to California,30.34610,-80.62223
Enhanced Wreck,Wreck,Wrecks,Florida to California,29.78432,-87.56895
Enhanced Wreck,Wreck,Wrecks,Florida to California,29.96693,-87.57576
Enhanced Wreck,Wreck,Wrecks,Florida to California,30.03456,-87.69866
Enhanced Wreck,Wreck,Wrecks,Florida to California,30.04562,-87.66887
Esso Bonair Wreck,Wreck,Wrecks,Florida to California,26.94567,-79.99383
Fiberglass Boat,Wreck,Wrecks,Florida to California,25.86543,-80.05398
Fire Boat,Wreck,Wrecks,Florida to California,25.78538,-80.03660
Flagler Wreck,Wreck,Wrecks,Florida to California,29.48500,-81.02733
Freighter Wreck,Wreck,Wrecks,Florida to California,29.77798,-80.93813
GA-A-22 - Freeport Liberty Ship,Wreck,Wrecks,Florida to California,28.59600,-94.81200
Gordon Wreck,Wreck,Wrecks,Florida to California,29.74450,-80.77950
Grey Ghost Ship,Wreck,Wrecks,Florida to California,30.04683,-86.09217
GUN Smoke 86 Wreck,Wreck,Wrecks,Florida to California,27.55805,-83.08533
Gunvor Wreck,Wreck,Wrecks,Florida to California,24.43350,-80.29967
Halsey Wreck,Wreck,Wrecks,Florida to California,27.33700,-80.07572
Heli Wreck South DR,Wreck,Wrecks,Florida to California,30.26852,-81.16122
Heron Tugboat,Wreck,Wrecks,Florida to California,30.13645,-87.22807
Herrera Wreck,Wreck,Wrecks,Florida to California,24.90543,-80.59230
Hesperus / Turtle Wreck,Wreck,Wrecks,Florida to California,25.80452,-79.11225
Hesperus Wreck,Wreck,Wrecks,Florida to California,25.61210,-79.35120
High Island A-532 Jacket Reef,Wreck,Wrecks,Florida to California,28.11210,-94.51120
HMCS Yukon,Wreck,Wrecks,Florida to California,32.78020,-117.28230
HMCS Yukon,Wreck,Wrecks,Florida to California,32.76480,-117.26280
Hummingbird Wreck,Wreck,Wrecks,Florida to California,28.43233,-80.23983
Huntington Beach Artificial Reef A,Wreck,Wrecks,Florida to California,33.61210,-118.03120
Hydro Atlantic,Wreck,Wrecks,Florida to California,26.19510,-80.05210
Hydro Atlantic Wreck,Wreck,Wrecks,Florida to California,26.30950,-80.03933
Iron Mast Schooner Wreck,Wreck,Wrecks,Florida to California,25.02480,-80.38080
Islamorada Freighter,Wreck,Wrecks,Florida to California,24.92100,-80.41200
J Brown Liberty Ship,Wreck,Wrecks,Florida to California,30.21300,-86.80583
Jax Beach Wreck,Wreck,Wrecks,Florida to California,30.19834,-81.17066
Jax Beach Wreck (JW),Wreck,Wrecks,Florida to California,30.27561,-81.23375
Jax Beach Wreck 88 Culverts,Wreck,Wrecks,Florida to California,30.27983,-81.23433
Joe's Tug,Wreck,Wrecks,Florida to California,24.46120,-81.74510
Key Largo Deep Reef,Wreck,Wrecks,Florida to California,25.18100,-80.31200
Kidd Wreck,Wreck,Wrecks,Florida to California,25.80567,-81.85617
Korshorn Wreck,Wreck,Wrecks,Florida to California,28.20475,-80.49058
Korshorn Wreck,Wreck,Wrecks,Florida to California,28.20583,-80.47750
KW Wreck,Wreck,Wrecks,Florida to California,24.39869,-81.66510
Kwwreck,Wreck,Wrecks,Florida to California,24.95230,-81.77568
Laertes AKA Dutch Wreck,Wreck,Wrecks,Florida to California,28.47552,-80.36405
Lang Site Wreck Washers,Wreck,Wrecks,Florida to California,29.91725,-86.03597
LCM Wreck,Wreck,Wrecks,Florida to California,30.16263,-86.32828
Lead Wreck,Wreck,Wrecks,Florida to California,28.38933,-80.29417
Lead Wreck,Wreck,Wrecks,Florida to California,28.38985,-80.28873
Lead Wreck,Wreck,Wrecks,Florida to California,28.39000,-80.29533
Lead Wreck S End,Wreck,Wrecks,Florida to California,28.38897,-80.29540
Liberty Ship,Wreck,Wrecks,Florida to California,30.21268,-86.82225
Liberty Ship Allen,Wreck,Wrecks,Florida to California,30.13035,-87.53050
Liberty Ship Allen,Wreck,Wrecks,Florida to California,30.13262,-87.52557
Liberty Ship Anderson,Wreck,Wrecks,Florida to California,29.98472,-88.07197
Liberty Ship Joseph Brown,Wreck,Wrecks,Florida to California,30.20117,-86.80083
Liberty Ship USS Grierson,Wreck,Wrecks,Florida to California,29.98492,-85.70658
Liberty Ship Wallace,Wreck,Wrecks,Florida to California,30.08595,-87.57695
Liberty Ship Wallace,Wreck,Wrecks,Florida to California,30.08782,-87.57758
Liberty Wreck,Wreck,Wrecks,Florida to California,28.20427,-80.32318
Life Boats,Wreck,Wrecks,Florida to California,30.11850,-85.70333
Lois Dubois Wreck,Wreck,Wrecks,Florida to California,28.45050,-80.10000
Lois Dubois Wreck,Wreck,Wrecks,Florida to California,28.45100,-80.09900
Looks Like Wreck Good Spot,Wreck,Wrecks,Florida to California,30.20108,-80.25027
Lotus Wreck,Wreck,Wrecks,Florida to California,25.82933,-80.06300
M 17 Wreck,Wreck,Wrecks,Florida to California,27.02877,-82.55968
M 9 Wreck (,Wreck,Wrecks,Florida to California,27.08765,-82.68379
Manacamp Wrecks,Wreck,Wrecks,Florida to California,28.84750,-80.43050
Mays Wreck,Wreck,Wrecks,Florida to California,30.38073,-81.21585
Mercedes I,Wreck,Wrecks,Florida to California,26.21120,-80.04820
Miami Rita Wreck,Wreck,Wrecks,Florida to California,25.60417,-79.29722
Middle Grounds Wreck,Wreck,Wrecks,Florida to California,28.50900,-84.10795
Middle Grounds Wreck,Wreck,Wrecks,Florida to California,28.60100,-84.13322
Mike's Wreck,Wreck,Wrecks,Florida to California,25.14455,-80.25655
Mikes Wreck,Wreck,Wrecks,Florida to California,25.14430,-80.25770
Mile-616 - Matagorda Island Liberty Ship,Wreck,Wrecks,Florida to California,28.11600,-96.08700
Mindinao Wreck Concrete Pile,Wreck,Wrecks,Florida to California,29.19919,-80.74812
Miss Jenny Tugboat,Wreck,Wrecks,Florida to California,29.96883,-87.21067
Miss Jenny Wreck,Wreck,Wrecks,Florida to California,29.97163,-87.20985
MK Wreck,Wreck,Wrecks,Florida to California,29.90270,-81.15137
Monica Lee Tugboat,Wreck,Wrecks,Florida to California,30.15522,-86.37046
MU-802 - Mustang Island Liberty Ship,Wreck,Wrecks,Florida to California,27.57000,-96.85900
Mulidhen Wreck,Wreck,Wrecks,Florida to California,27.41017,-80.00702
Multiphen Wreck,Wreck,Wrecks,Florida to California,27.40800,-80.01600
Mystery Wreck,Wreck,Wrecks,Florida to California,24.51220,-81.81120
Nail Ship,Wreck,Wrecks,Florida to California,29.95955,-88.16153
NM Site Fishing Boat,Wreck,Wrecks,Florida to California,30.40633,-81.16283
NM Site Tugboat,Wreck,Wrecks,Florida to California,30.39456,-81.17166
NO Name Wreck,Wreck,Wrecks,Florida to California,27.28750,-83.15917
Noah Smith Wreck,Wreck,Wrecks,Florida to California,28.16245,-80.20268
NOSC Tower Wreck,Wreck,Wrecks,Florida to California,32.70510,-117.27110
Ocean Venus Lead Wreck,Wreck,Wrecks,Florida to California,28.38800,-80.29417
Old Elton Grounds Ship Wreck,Wreck,Wrecks,Florida to California,30.40436,-80.43953
Old Elton Grounds Wreck,Wreck,Wrecks,Florida to California,30.42022,-80.43458
Ophelia Brian,Wreck,Wrecks,Florida to California,25.71520,-80.08510
Owens Wreck,Wreck,Wrecks,Florida to California,27.97080,-80.41283
Paddle Wheeler Wreck,Wreck,Wrecks,Florida to California,25.36995,-80.13915
Patchwreck,Wreck,Wrecks,Florida to California,24.55976,-81.62018
PC-1170 Wreck,Wreck,Wrecks,Florida to California,26.68520,-80.01150
Pegasus Tugboat,Wreck,Wrecks,Florida to California,26.55216,-82.72358
Pete Tide II Ship,Wreck,Wrecks,Florida to California,30.14600,-87.23367
Peter B. McAllister,Wreck,Wrecks,Florida to California,26.22120,-80.05310
Philip Tugboat,Wreck,Wrecks,Florida to California,30.13283,-87.22217
Pirates Lady Wreck,Wreck,Wrecks,Florida to California,29.10107,-84.35485
Pirates Lady Wreck,Wreck,Wrecks,Florida to California,29.10550,-84.35200
PM Site Banana And Pogey Boats,Wreck,Wrecks,Florida to California,30.33632,-81.18590
Power Plant Wreck,Wreck,Wrecks,Florida to California,27.35332,-80.22750
Prewitt Tugboat,Wreck,Wrecks,Florida to California,30.06145,-86.30714
Proteus Wreck,Wreck,Wrecks,Florida to California,25.70482,-80.08718
PS-1070 -Port Mansfield Liberty Ship,Wreck,Wrecks,Florida to California,26.42700,-97.02400
Rabbits Lair Wood Wreck,Wreck,Wrecks,Florida to California,30.52183,-81.17433
Rankin Wreck 550 Ship,Wreck,Wrecks,Florida to California,27.19075,-80.01465
Rankin Wreck Bow,Wreck,Wrecks,Florida to California,27.18940,-80.01422
Red Sea Tugboat,Wreck,Wrecks,Florida to California,30.01596,-85.70005
Republic Wreck,Wreck,Wrecks,Florida to California,27.01050,-80.04350
Riks Wreck,Wreck,Wrecks,Florida to California,28.28848,-94.63147
Rodeo 25,Wreck,Wrecks,Florida to California,26.24120,-80.04950
Rodeo Site Boating Magazine,Wreck,Wrecks,Florida to California,26.23426,-80.06110
Ruby E,Wreck,Wrecks,Florida to California,32.76020,-117.25750
Sailboat Wreck,Wreck,Wrecks,Florida to California,27.76615,-83.61373
SAN Pablo Ship,Wreck,Wrecks,Florida to California,30.18866,-87.21731
San Pedro,Wreck,Wrecks,Florida to California,24.86220,-80.67120
Sand Key Wreck,Wreck,Wrecks,Florida to California,24.42513,-81.89548
Sapona Wreck,Wreck,Wrecks,Florida to California,25.65125,-79.29358
Scallop Boat Wreck,Wreck,Wrecks,Florida to California,28.17500,-80.54350
Scallop King Wreck,Wreck,Wrecks,Florida to California,28.42533,-80.30200
Schooner Wreck,Wreck,Wrecks,Florida to California,25.39873,-80.16085
Sheri-Lyn,Wreck,Wrecks,Florida to California,25.71920,-80.08450
Sheridan Wreck,Wreck,Wrecks,Florida to California,27.87603,-83.18566
Sherman X Tug Boat,Wreck,Wrecks,Florida to California,29.91776,-85.67443
Ship Wreck,Wreck,Wrecks,Florida to California,28.78443,-80.00120
Ship Wreck 93 Culvert Placement,Wreck,Wrecks,Florida to California,29.77300,-80.93733
Ship Wreck Boew Of Wwii Ship,Wreck,Wrecks,Florida to California,29.77883,-80.93900
Ship Wreck Middle Box Wreckage,Wreck,Wrecks,Florida to California,29.77700,-80.93867
Ship Wreck South Pinnacle,Wreck,Wrecks,Florida to California,29.77467,-80.93717
Shipwreck,Wreck,Wrecks,Florida to California,28.78867,-80.00417
Shirley D Shrimp Boat,Wreck,Wrecks,Florida to California,26.54898,-82.41393
Shrimp Boat Wreck,Wreck,Wrecks,Florida to California,28.09350,-80.14017
Snapper Boat Wreck,Wreck,Wrecks,Florida to California,30.52123,-80.45207
Sombrero Key Deep Wreck,Wreck,Wrecks,Florida to California,24.61220,-81.11210
South Jack Wreck,Wreck,Wrecks,Florida to California,27.44167,-82.99800
Southeast Of JAX Wreck,Wreck,Wrecks,Florida to California,30.17667,-81.25209
Spirt Of Hemingway Boat,Wreck,Wrecks,Florida to California,25.70953,-80.07533
SS Ancon,Wreck,Wrecks,Florida to California,29.28110,-94.41120
SS Benwood Wreck,Wreck,Wrecks,Florida to California,25.05240,-80.33214
SS Monte Carlo,Wreck,Wrecks,Florida to California,32.67810,-117.18520
SS Olympic,Wreck,Wrecks,Florida to California,33.68110,-118.21120
ST Augustine Wreck,Wreck,Wrecks,Florida to California,29.76417,-80.93317
ST Augustne Wreck,Wreck,Wrecks,Florida to California,29.77417,-80.93633
Star of Scotland Shipwreck,Wreck,Wrecks,Florida to California,33.99200,-118.52120
Steel Dredge Boat,Wreck,Wrecks,Florida to California,29.77866,-85.83383
Steel Sailboat,Wreck,Wrecks,Florida to California,28.49897,-80.21065
Sylvia Tugboat,Wreck,Wrecks,Florida to California,30.18500,-87.23667
T S Wreck,Wreck,Wrecks,Florida to California,25.18693,-80.23987
Tarahne,Wreck,Wrecks,Florida to California,25.72520,-80.08920
Ten Fathom Wreck,Wreck,Wrecks,Florida to California,27.64940,-83.05240
Tessie Steel Boat,Wreck,Wrecks,Florida to California,30.19394,-87.24086
The Amesbury / Alexander's Wreck,Wreck,Wrecks,Florida to California,24.61110,-81.97120
The Spring Wreck,Wreck,Wrecks,Florida to California,27.57310,-83.49232
Thiorva Wreck,Wreck,Wrecks,Florida to California,25.28353,-80.20763
Thomas H Wreck Concrete Pile,Wreck,Wrecks,Florida to California,29.19549,-80.74813
Thompson Wreck,Wreck,Wrecks,Florida to California,29.99458,-87.15505
Thunderbolt Wreck,Wreck,Wrecks,Florida to California,24.66128,-80.96370
Tiger Red Wreck,Wreck,Wrecks,Florida to California,28.38467,-80.30367
Train Wheel Wreck,Wreck,Wrecks,Florida to California,25.14200,-80.25783
Tug Boat,Wreck,Wrecks,Florida to California,30.09875,-87.27505
Tug Boat Gerald Corcoran,Wreck,Wrecks,Florida to California,29.99212,-88.51017
Tug Boat Grantee,Wreck,Wrecks,Florida to California,29.62173,-88.40445
Tug Boat LEO,Wreck,Wrecks,Florida to California,30.03347,-88.69420
Tug Boat Wreck,Wreck,Wrecks,Florida to California,30.21027,-87.34013
Tug Doc DeMilly,Wreck,Wrecks,Florida to California,25.70120,-80.08320
Tug Wreck,Wreck,Wrecks,Florida to California,28.25500,-83.34322
Tug Wreck,Wreck,Wrecks,Florida to California,30.12065,-87.34467
Tugboat Kolo,Wreck,Wrecks,Florida to California,24.43210,-81.79110
Tugboat Nicole,Wreck,Wrecks,Florida to California,24.48100,-81.71200
Tugboat Wreck,Wreck,Wrecks,Florida to California,28.13083,-80.48333
Tugboat Zuess,Wreck,Wrecks,Florida to California,30.15698,-86.74137
Unknown Shipwreck,Wreck,Wrecks,Florida to California,24.54300,-81.82583
Unknown Shipwreck,Wreck,Wrecks,Florida to California,27.49873,-84.24567
Unknown Wreck,Wreck,Wrecks,Florida to California,26.76367,-82.84633
Unknown Wreck,Wreck,Wrecks,Florida to California,26.79170,-80.01509
Unknown Wreck,Wreck,Wrecks,Florida to California,26.90086,-79.09624
Unknown Wreck,Wreck,Wrecks,Florida to California,27.04123,-79.15802
USNS General Hoyt S. Vandenberg,Wreck,Wrecks,Florida to California,24.45010,-81.73330
USS Hogan,Wreck,Wrecks,Florida to California,32.57120,-117.28110
USS Oriskany,Wreck,Wrecks,Florida to California,24.32110,-81.91220
USS Oriskany (Mighty O),Wreck,Wrecks,Florida to California,30.04350,-87.00650
USS Yukon,Wreck,Wrecks,Florida to California,32.76450,-117.26250
Utopia Wreck,Wreck,Wrecks,Florida to California,27.69765,-82.61433
V.A. Fogg,Wreck,Wrecks,Florida to California,28.58310,-94.75120
Vans Wreck,Wreck,Wrecks,Florida to California,27.80822,-83.08958
Vera Cruz Wreck,Wreck,Wrecks,Florida to California,28.71850,-80.38483
Vera Cruz Wreck,Wreck,Wrecks,Florida to California,28.71920,-80.38395
Veronica Express Wreck,Wreck,Wrecks,Florida to California,29.84667,-80.95183
Visible Wreck,Wreck,Wrecks,Florida to California,24.88870,-80.54918
Vixen Wreck,Wreck,Wrecks,Florida to California,26.54730,-82.41322
West Cameron 543 Reef,Wreck,Wrecks,Florida to California,28.42120,-93.41210
West Wreck,Wreck,Wrecks,Florida to California,25.75133,-80.06700
Whiteman Tug Boat,Wreck,Wrecks,Florida to California,30.06150,-86.79750
Whiteman Tug Boat,Wreck,Wrecks,Florida to California,30.06353,-86.79540
Whiteman Tug Boat,Wreck,Wrecks,Florida to California,30.19868,-86.96713
WJ Shrimpboat,Wreck,Wrecks,Florida to California,27.69476,-83.29245
Wood Boat,Wreck,Wrecks,Florida to California,25.87500,-80.05348
Wreck,Wreck,Wrecks,Florida to California,24.21150,-81.83578
Wreck,Wreck,Wrecks,Florida to California,24.21596,-82.00338
Wreck,Wreck,Wrecks,Florida to California,24.25120,-81.78260
Wreck,Wreck,Wrecks,Florida to California,24.26525,-81.86591
Wreck,Wreck,Wrecks,Florida to California,24.30159,-81.13336
Wreck,Wreck,Wrecks,Florida to California,24.36749,-81.84093
Wreck,Wreck,Wrecks,Florida to California,24.39548,-79.20445
Wreck,Wreck,Wrecks,Florida to California,24.40777,-82.00461
Wreck,Wreck,Wrecks,Florida to California,24.41668,-81.84945
Wreck,Wreck,Wrecks,Florida to California,24.42059,-82.04240
Wreck,Wreck,Wrecks,Florida to California,24.42737,-81.58684
Wreck,Wreck,Wrecks,Florida to California,24.42942,-81.89132
Wreck,Wreck,Wrecks,Florida to California,24.43333,-81.71674
Wreck,Wreck,Wrecks,Florida to California,24.43549,-81.61219
Wreck,Wreck,Wrecks,Florida to California,24.44979,-81.58170
Wreck,Wreck,Wrecks,Florida to California,24.45373,-81.91481
Wreck,Wreck,Wrecks,Florida to California,24.45500,-82.10849
Wreck,Wreck,Wrecks,Florida to California,24.45512,-82.10660
Wreck,Wreck,Wrecks,Florida to California,24.45848,-81.80497
Wreck,Wreck,Wrecks,Florida to California,24.45856,-81.60637
Wreck,Wreck,Wrecks,Florida to California,24.45931,-81.97677
Wreck,Wreck,Wrecks,Florida to California,24.46093,-81.55535
Wreck,Wreck,Wrecks,Florida to California,24.46373,-81.55498
Wreck,Wreck,Wrecks,Florida to California,24.46937,-81.98567
Wreck,Wreck,Wrecks,Florida to California,24.47272,-81.51789
Wreck,Wreck,Wrecks,Florida to California,24.47583,-81.55183
Wreck,Wreck,Wrecks,Florida to California,24.48014,-81.40564
Wreck,Wreck,Wrecks,Florida to California,24.48350,-81.40537
Wreck,Wreck,Wrecks,Florida to California,24.48904,-81.67736
Wreck,Wreck,Wrecks,Florida to California,24.49913,-81.07678
Wreck,Wreck,Wrecks,Florida to California,24.50031,-81.48361
Wreck,Wreck,Wrecks,Florida to California,24.50401,-81.83227
Wreck,Wreck,Wrecks,Florida to California,24.50722,-81.83806
Wreck,Wreck,Wrecks,Florida to California,24.50867,-81.74005
Wreck,Wreck,Wrecks,Florida to California,24.50988,-81.84090
Wreck,Wreck,Wrecks,Florida to California,24.52033,-81.83078
Wreck,Wreck,Wrecks,Florida to California,24.53733,-82.01783
Wreck,Wreck,Wrecks,Florida to California,24.54842,-81.40831
Wreck,Wreck,Wrecks,Florida to California,24.55027,-81.46670
Wreck,Wreck,Wrecks,Florida to California,24.55869,-81.41647
Wreck,Wreck,Wrecks,Florida to California,24.55886,-81.47318
Wreck,Wreck,Wrecks,Florida to California,24.57377,-81.84565
Wreck,Wreck,Wrecks,Florida to California,24.57510,-81.10487
Wreck,Wreck,Wrecks,Florida to California,24.57823,-81.40864
Wreck,Wreck,Wrecks,Florida to California,24.58322,-82.17526
Wreck,Wreck,Wrecks,Florida to California,24.58376,-82.17386
Wreck,Wreck,Wrecks,Florida to California,24.60059,-81.38323
Wreck,Wreck,Wrecks,Florida to California,24.60883,-81.88328
Wreck,Wreck,Wrecks,Florida to California,24.61653,-80.85012
Wreck,Wreck,Wrecks,Florida to California,24.62500,-82.01024
Wreck,Wreck,Wrecks,Florida to California,24.62547,-82.01149
Wreck,Wreck,Wrecks,Florida to California,24.62549,-81.98091
Wreck,Wreck,Wrecks,Florida to California,24.62761,-81.96955
Wreck,Wreck,Wrecks,Florida to California,24.62874,-81.96986
Wreck,Wreck,Wrecks,Florida to California,24.63000,-81.10505
Wreck,Wreck,Wrecks,Florida to California,24.63333,-81.88333
Wreck,Wreck,Wrecks,Florida to California,24.63342,-82.16673
Wreck,Wreck,Wrecks,Florida to California,24.63536,-81.88526
Wreck,Wreck,Wrecks,Florida to California,24.63920,-82.10686
Wreck,Wreck,Wrecks,Florida to California,24.64407,-81.07181
Wreck,Wreck,Wrecks,Florida to California,24.65001,-81.10837
Wreck,Wreck,Wrecks,Florida to California,24.65648,-81.88422
Wreck,Wreck,Wrecks,Florida to California,24.65726,-81.89819
Wreck,Wreck,Wrecks,Florida to California,24.66660,-81.08337
Wreck,Wreck,Wrecks,Florida to California,24.66682,-80.86635
Wreck,Wreck,Wrecks,Florida to California,24.66736,-81.79965
Wreck,Wreck,Wrecks,Florida to California,24.67039,-80.96319
Wreck,Wreck,Wrecks,Florida to California,24.67345,-80.93618
Wreck,Wreck,Wrecks,Florida to California,24.68351,-81.15024
Wreck,Wreck,Wrecks,Florida to California,24.69106,-80.85648
Wreck,Wreck,Wrecks,Florida to California,24.70116,-80.86658
Wreck,Wreck,Wrecks,Florida to California,24.71166,-80.70833
Wreck,Wreck,Wrecks,Florida to California,24.75381,-80.81633
Wreck,Wreck,Wrecks,Florida to California,24.76323,-82.01994
Wreck,Wreck,Wrecks,Florida to California,24.79008,-82.05086
Wreck,Wreck,Wrecks,Florida to California,24.79167,-80.56000
Wreck,Wreck,Wrecks,Florida to California,24.81352,-82.28013
Wreck,Wreck,Wrecks,Florida to California,24.85298,-82.26363
Wreck,Wreck,Wrecks,Florida to California,24.88384,-80.57475
Wreck,Wreck,Wrecks,Florida to California,24.89095,-81.16705
Wreck,Wreck,Wrecks,Florida to California,24.91745,-81.49954
Wreck,Wreck,Wrecks,Florida to California,24.93455,-81.96031
Wreck,Wreck,Wrecks,Florida to California,24.93471,-80.55059
Wreck,Wreck,Wrecks,Florida to California,24.94220,-81.95926
Wreck,Wreck,Wrecks,Florida to California,24.94864,-81.89941
Wreck,Wreck,Wrecks,Florida to California,24.95004,-81.49965
Wreck,Wreck,Wrecks,Florida to California,24.95179,-81.77475
Wreck,Wreck,Wrecks,Florida to California,24.95193,-81.89977
Wreck,Wreck,Wrecks,Florida to California,24.95203,-81.95447
Wreck,Wreck,Wrecks,Florida to California,24.98299,-81.84574
Wreck,Wreck,Wrecks,Florida to California,24.98507,-81.91540
Wreck,Wreck,Wrecks,Florida to California,24.98538,-80.25853
Wreck,Wreck,Wrecks,Florida to California,24.98887,-80.41557
Wreck,Wreck,Wrecks,Florida to California,24.99996,-81.91615
Wreck,Wreck,Wrecks,Florida to California,25.00046,-80.45030
Wreck,Wreck,Wrecks,Florida to California,25.01644,-82.41675
Wreck,Wreck,Wrecks,Florida to California,25.05404,-81.93838
Wreck,Wreck,Wrecks,Florida to California,25.06591,-81.84836
Wreck,Wreck,Wrecks,Florida to California,25.06619,-80.31257
Wreck,Wreck,Wrecks,Florida to California,25.10825,-81.98989
Wreck,Wreck,Wrecks,Florida to California,25.16635,-80.16988
Wreck,Wreck,Wrecks,Florida to California,25.16708,-80.19982
Wreck,Wreck,Wrecks,Florida to California,25.17175,-81.49760
Wreck,Wreck,Wrecks,Florida to California,25.17197,-81.49980
Wreck,Wreck,Wrecks,Florida to California,25.20002,-80.31162
Wreck,Wreck,Wrecks,Florida to California,25.20800,-79.13597
Wreck,Wreck,Wrecks,Florida to California,25.21354,-79.12740
Wreck,Wreck,Wrecks,Florida to California,25.21524,-80.28981
Wreck,Wreck,Wrecks,Florida to California,25.21529,-78.96585
Wreck,Wreck,Wrecks,Florida to California,25.21705,-80.29653
Wreck,Wreck,Wrecks,Florida to California,25.23306,-82.44977
Wreck,Wreck,Wrecks,Florida to California,25.25117,-81.49961
Wreck,Wreck,Wrecks,Florida to California,25.28454,-82.49902
Wreck,Wreck,Wrecks,Florida to California,25.32554,-80.21610
Wreck,Wreck,Wrecks,Florida to California,25.34338,-80.16428
Wreck,Wreck,Wrecks,Florida to California,25.36198,-81.34821
Wreck,Wreck,Wrecks,Florida to California,25.40015,-80.13337
Wreck,Wreck,Wrecks,Florida to California,25.41210,-80.12874
Wreck,Wreck,Wrecks,Florida to California,25.41333,-79.22167
Wreck,Wreck,Wrecks,Florida to California,25.41587,-79.22447
Wreck,Wreck,Wrecks,Florida to California,25.41976,-79.22477
Wreck,Wreck,Wrecks,Florida to California,25.42487,-80.12567
Wreck,Wreck,Wrecks,Florida to California,25.42542,-80.12756
Wreck,Wreck,Wrecks,Florida to California,25.44403,-80.12157
Wreck,Wreck,Wrecks,Florida to California,25.44436,-80.11967
Wreck,Wreck,Wrecks,Florida to California,25.45017,-82.44748
Wreck,Wreck,Wrecks,Florida to California,25.46717,-80.11667
Wreck,Wreck,Wrecks,Florida to California,25.48452,-82.45014
Wreck,Wreck,Wrecks,Florida to California,25.50710,-80.25897
Wreck,Wreck,Wrecks,Florida to California,25.53333,-80.10000
Wreck,Wreck,Wrecks,Florida to California,25.54167,-80.14333
Wreck,Wreck,Wrecks,Florida to California,25.54697,-79.28957
Wreck,Wreck,Wrecks,Florida to California,25.57119,-80.12583
Wreck,Wreck,Wrecks,Florida to California,25.57935,-80.03287
Wreck,Wreck,Wrecks,Florida to California,25.61637,-82.64884
Wreck,Wreck,Wrecks,Florida to California,25.62461,-80.05013
Wreck,Wreck,Wrecks,Florida to California,25.62570,-80.04967
Wreck,Wreck,Wrecks,Florida to California,25.64987,-80.21681
Wreck,Wreck,Wrecks,Florida to California,25.65070,-79.29547
Wreck,Wreck,Wrecks,Florida to California,25.66670,-81.50828
Wreck,Wreck,Wrecks,Florida to California,25.66740,-81.49989
Wreck,Wreck,Wrecks,Florida to California,25.67544,-81.46327
Wreck,Wreck,Wrecks,Florida to California,25.68861,-81.64635
Wreck,Wreck,Wrecks,Florida to California,25.69822,-79.31712
Wreck,Wreck,Wrecks,Florida to California,25.70179,-80.01172
Wreck,Wreck,Wrecks,Florida to California,25.71969,-80.07656
Wreck,Wreck,Wrecks,Florida to California,25.72325,-79.30837
Wreck,Wreck,Wrecks,Florida to California,25.73229,-82.24976
Wreck,Wreck,Wrecks,Florida to California,25.74206,-79.30338
Wreck,Wreck,Wrecks,Florida to California,25.74667,-81.91833
Wreck,Wreck,Wrecks,Florida to California,25.75272,-81.59408
Wreck,Wreck,Wrecks,Florida to California,25.75282,-79.84333
Wreck,Wreck,Wrecks,Florida to California,25.75349,-79.84252
Wreck,Wreck,Wrecks,Florida to California,25.76775,-79.24021
Wreck,Wreck,Wrecks,Florida to California,25.77650,-80.08182
Wreck,Wreck,Wrecks,Florida to California,25.78325,-80.05106
Wreck,Wreck,Wrecks,Florida to California,25.78380,-80.04915
Wreck,Wreck,Wrecks,Florida to California,25.79115,-80.05247
Wreck,Wreck,Wrecks,Florida to California,25.79896,-79.11899
Wreck,Wreck,Wrecks,Florida to California,25.80099,-81.85029
Wreck,Wreck,Wrecks,Florida to California,25.80402,-79.11879
Wreck,Wreck,Wrecks,Florida to California,25.80840,-81.85191
Wreck,Wreck,Wrecks,Florida to California,25.81279,-78.85905
Wreck,Wreck,Wrecks,Florida to California,25.81691,-80.05126
Wreck,Wreck,Wrecks,Florida to California,25.82576,-80.07684
Wreck,Wreck,Wrecks,Florida to California,25.82720,-80.07798
Wreck,Wreck,Wrecks,Florida to California,25.83082,-80.07260
Wreck,Wreck,Wrecks,Florida to California,25.83409,-80.07703
Wreck,Wreck,Wrecks,Florida to California,25.83814,-80.07433
Wreck,Wreck,Wrecks,Florida to California,25.85000,-80.05000
Wreck,Wreck,Wrecks,Florida to California,25.86535,-79.33342
Wreck,Wreck,Wrecks,Florida to California,25.86603,-82.33310
Wreck,Wreck,Wrecks,Florida to California,25.88383,-80.09127
Wreck,Wreck,Wrecks,Florida to California,25.88748,-81.94465
Wreck,Wreck,Wrecks,Florida to California,25.89993,-81.87020
Wreck,Wreck,Wrecks,Florida to California,25.90000,-80.07167
Wreck,Wreck,Wrecks,Florida to California,25.90161,-79.23948
Wreck,Wreck,Wrecks,Florida to California,25.90177,-79.24183
Wreck,Wreck,Wrecks,Florida to California,25.90496,-79.93743
Wreck,Wreck,Wrecks,Florida to California,25.90505,-79.93877
Wreck,Wreck,Wrecks,Florida to California,25.90862,-81.76654
Wreck,Wreck,Wrecks,Florida to California,25.91000,-79.92500
Wreck,Wreck,Wrecks,Florida to California,25.93445,-82.10538
Wreck,Wreck,Wrecks,Florida to California,25.94755,-82.87623
Wreck,Wreck,Wrecks,Florida to California,25.95000,-81.85000
Wreck,Wreck,Wrecks,Florida to California,25.96027,-81.77497
Wreck,Wreck,Wrecks,Florida to California,25.97294,-80.02480
Wreck,Wreck,Wrecks,Florida to California,25.97666,-79.08767
Wreck,Wreck,Wrecks,Florida to California,25.97853,-79.08924
Wreck,Wreck,Wrecks,Florida to California,25.97984,-79.16742
Wreck,Wreck,Wrecks,Florida to California,25.98007,-79.16487
Wreck,Wreck,Wrecks,Florida to California,25.98838,-79.13348
Wreck,Wreck,Wrecks,Florida to California,25.99118,-80.03501
Wreck,Wreck,Wrecks,Florida to California,26.01517,-80.03588
Wreck,Wreck,Wrecks,Florida to California,26.01897,-79.66667
Wreck,Wreck,Wrecks,Florida to California,26.02850,-81.83423
Wreck,Wreck,Wrecks,Florida to California,26.03299,-79.93215
Wreck,Wreck,Wrecks,Florida to California,26.03365,-79.93370
Wreck,Wreck,Wrecks,Florida to California,26.04879,-80.03477
Wreck,Wreck,Wrecks,Florida to California,26.05584,-79.32398
Wreck,Wreck,Wrecks,Florida to California,26.05905,-79.31824
Wreck,Wreck,Wrecks,Florida to California,26.06487,-80.05490
Wreck,Wreck,Wrecks,Florida to California,26.06548,-79.74960
Wreck,Wreck,Wrecks,Florida to California,26.06625,-79.75024
Wreck,Wreck,Wrecks,Florida to California,26.07408,-80.05362
Wreck,Wreck,Wrecks,Florida to California,26.08352,-81.86617
Wreck,Wreck,Wrecks,Florida to California,26.08353,-81.93295
Wreck,Wreck,Wrecks,Florida to California,26.08391,-81.83292
Wreck,Wreck,Wrecks,Florida to California,26.08972,-81.84444
Wreck,Wreck,Wrecks,Florida to California,26.09302,-80.02379
Wreck,Wreck,Wrecks,Florida to California,26.10029,-80.01886
Wreck,Wreck,Wrecks,Florida to California,26.10081,-80.03082
Wreck,Wreck,Wrecks,Florida to California,26.10252,-82.76454
Wreck,Wreck,Wrecks,Florida to California,26.10278,-80.02083
Wreck,Wreck,Wrecks,Florida to California,26.10330,-80.02155
Wreck,Wreck,Wrecks,Florida to California,26.12298,-80.08088
Wreck,Wreck,Wrecks,Florida to California,26.13862,-79.99961
Wreck,Wreck,Wrecks,Florida to California,26.14891,-79.86622
Wreck,Wreck,Wrecks,Florida to California,26.15021,-79.86713
Wreck,Wreck,Wrecks,Florida to California,26.15500,-79.73833
Wreck,Wreck,Wrecks,Florida to California,26.16592,-79.99970
Wreck,Wreck,Wrecks,Florida to California,26.16667,-79.85833
Wreck,Wreck,Wrecks,Florida to California,26.16717,-81.89947
Wreck,Wreck,Wrecks,Florida to California,26.16812,-81.89975
Wreck,Wreck,Wrecks,Florida to California,26.17119,-82.90956
Wreck,Wreck,Wrecks,Florida to California,26.21598,-79.99403
Wreck,Wreck,Wrecks,Florida to California,26.21653,-82.14678
Wreck,Wreck,Wrecks,Florida to California,26.23000,-79.08400
Wreck,Wreck,Wrecks,Florida to California,26.24957,-80.04104
Wreck,Wreck,Wrecks,Florida to California,26.25567,-81.93641
Wreck,Wreck,Wrecks,Florida to California,26.25786,-81.93568
Wreck,Wreck,Wrecks,Florida to California,26.26357,-80.06485
Wreck,Wreck,Wrecks,Florida to California,26.28778,-82.83375
Wreck,Wreck,Wrecks,Florida to California,26.28833,-82.07950
Wreck,Wreck,Wrecks,Florida to California,26.29618,-82.83495
Wreck,Wreck,Wrecks,Florida to California,26.30070,-82.91914
Wreck,Wreck,Wrecks,Florida to California,26.31668,-80.06504
Wreck,Wreck,Wrecks,Florida to California,26.32372,-80.06793
Wreck,Wreck,Wrecks,Florida to California,26.33819,-82.67538
Wreck,Wreck,Wrecks,Florida to California,26.34535,-81.90333
Wreck,Wreck,Wrecks,Florida to California,26.36336,-80.06166
Wreck,Wreck,Wrecks,Florida to California,26.38609,-81.89597
Wreck,Wreck,Wrecks,Florida to California,26.39765,-97.01664
Wreck,Wreck,Wrecks,Florida to California,26.40057,-97.01704
Wreck,Wreck,Wrecks,Florida to California,26.41167,-82.33000
Wreck,Wreck,Wrecks,Florida to California,26.41418,-96.92263
Wreck,Wreck,Wrecks,Florida to California,26.41593,-96.92382
Wreck,Wreck,Wrecks,Florida to California,26.48333,-82.20207
Wreck,Wreck,Wrecks,Florida to California,26.48363,-82.21641
Wreck,Wreck,Wrecks,Florida to California,26.48364,-82.73250
Wreck,Wreck,Wrecks,Florida to California,26.50040,-80.03289
Wreck,Wreck,Wrecks,Florida to California,26.51665,-79.98394
Wreck,Wreck,Wrecks,Florida to California,26.51713,-80.03285
Wreck,Wreck,Wrecks,Florida to California,26.54759,-82.28947
Wreck,Wreck,Wrecks,Florida to California,26.55815,-82.60157
Wreck,Wreck,Wrecks,Florida to California,26.55872,-97.01682
Wreck,Wreck,Wrecks,Florida to California,26.55916,-82.23636
Wreck,Wreck,Wrecks,Florida to California,26.55947,-97.26615
Wreck,Wreck,Wrecks,Florida to California,26.57259,-80.02732
Wreck,Wreck,Wrecks,Florida to California,26.58000,-82.33198
Wreck,Wreck,Wrecks,Florida to California,26.58175,-79.96586
Wreck,Wreck,Wrecks,Florida to California,26.58403,-97.05014
Wreck,Wreck,Wrecks,Florida to California,26.60236,-82.40235
Wreck,Wreck,Wrecks,Florida to California,26.61701,-97.28370
Wreck,Wreck,Wrecks,Florida to California,26.61718,-97.21696
Wreck,Wreck,Wrecks,Florida to California,26.63059,-97.21582
Wreck,Wreck,Wrecks,Florida to California,26.63496,-82.29541
Wreck,Wreck,Wrecks,Florida to California,26.64079,-79.97845
Wreck,Wreck,Wrecks,Florida to California,26.67648,-82.30956
Wreck,Wreck,Wrecks,Florida to California,26.68271,-79.93179
Wreck,Wreck,Wrecks,Florida to California,26.69413,-82.30250
Wreck,Wreck,Wrecks,Florida to California,26.69593,-82.30895
Wreck,Wreck,Wrecks,Florida to California,26.70663,-97.19265
Wreck,Wreck,Wrecks,Florida to California,26.70742,-97.19128
Wreck,Wreck,Wrecks,Florida to California,26.76458,-82.84656
Wreck,Wreck,Wrecks,Florida to California,26.78222,-79.94906
Wreck,Wreck,Wrecks,Florida to California,26.78256,-80.01081
Wreck,Wreck,Wrecks,Florida to California,26.78370,-82.35829
Wreck,Wreck,Wrecks,Florida to California,26.78764,-97.15439
Wreck,Wreck,Wrecks,Florida to California,26.80045,-83.66761
Wreck,Wreck,Wrecks,Florida to California,26.80500,-97.27167
Wreck,Wreck,Wrecks,Florida to California,26.81213,-79.95134
Wreck,Wreck,Wrecks,Florida to California,26.81353,-79.95004
Wreck,Wreck,Wrecks,Florida to California,26.82363,-79.97305
Wreck,Wreck,Wrecks,Florida to California,26.82431,-79.97245
Wreck,Wreck,Wrecks,Florida to California,26.83273,-83.16383
Wreck,Wreck,Wrecks,Florida to California,26.87544,-80.01807
Wreck,Wreck,Wrecks,Florida to California,26.88153,-82.11758
Wreck,Wreck,Wrecks,Florida to California,26.90237,-82.70060
Wreck,Wreck,Wrecks,Florida to California,26.90378,-82.70022
Wreck,Wreck,Wrecks,Florida to California,26.90874,-79.09431
Wreck,Wreck,Wrecks,Florida to California,26.91060,-82.36387
Wreck,Wreck,Wrecks,Florida to California,26.91699,-80.04991
Wreck,Wreck,Wrecks,Florida to California,26.92333,-82.45192
Wreck,Wreck,Wrecks,Florida to California,26.97804,-96.94972
Wreck,Wreck,Wrecks,Florida to California,26.98206,-82.42959
Wreck,Wreck,Wrecks,Florida to California,27.00933,-80.04280
Wreck,Wreck,Wrecks,Florida to California,27.01016,-80.04440
Wreck,Wreck,Wrecks,Florida to California,27.01337,-97.13184
Wreck,Wreck,Wrecks,Florida to California,27.01368,-80.08538
Wreck,Wreck,Wrecks,Florida to California,27.01557,-82.81810
Wreck,Wreck,Wrecks,Florida to California,27.01887,-80.07944
Wreck,Wreck,Wrecks,Florida to California,27.03025,-82.55981
Wreck,Wreck,Wrecks,Florida to California,27.03347,-79.16628
Wreck,Wreck,Wrecks,Florida to California,27.05107,-80.06622
Wreck,Wreck,Wrecks,Florida to California,27.06796,-80.06186
Wreck,Wreck,Wrecks,Florida to California,27.06933,-80.06167
Wreck,Wreck,Wrecks,Florida to California,27.06960,-80.06053
Wreck,Wreck,Wrecks,Florida to California,27.08548,-82.68226
Wreck,Wreck,Wrecks,Florida to California,27.10834,-82.51660
Wreck,Wreck,Wrecks,Florida to California,27.11984,-82.49418
Wreck,Wreck,Wrecks,Florida to California,27.12569,-80.10202
Wreck,Wreck,Wrecks,Florida to California,27.12673,-80.10184
Wreck,Wreck,Wrecks,Florida to California,27.14849,-79.93311
Wreck,Wreck,Wrecks,Florida to California,27.15377,-82.88617
Wreck,Wreck,Wrecks,Florida to California,27.16694,-96.31660
Wreck,Wreck,Wrecks,Florida to California,27.21842,-83.56718
Wreck,Wreck,Wrecks,Florida to California,27.22391,-97.35011
Wreck,Wreck,Wrecks,Florida to California,27.22526,-97.35028
Wreck,Wreck,Wrecks,Florida to California,27.22631,-95.79035
Wreck,Wreck,Wrecks,Florida to California,27.27033,-97.27066
Wreck,Wreck,Wrecks,Florida to California,27.27151,-97.26852
Wreck,Wreck,Wrecks,Florida to California,27.27500,-82.59847
Wreck,Wreck,Wrecks,Florida to California,27.27846,-82.57664
Wreck,Wreck,Wrecks,Florida to California,27.28350,-96.30169
Wreck,Wreck,Wrecks,Florida to California,27.28420,-83.46657
Wreck,Wreck,Wrecks,Florida to California,27.28796,-80.12208
Wreck,Wreck,Wrecks,Florida to California,27.28895,-80.12129
Wreck,Wreck,Wrecks,Florida to California,27.30358,-80.08136
Wreck,Wreck,Wrecks,Florida to California,27.30560,-80.08815
Wreck,Wreck,Wrecks,Florida to California,27.30664,-95.97495
Wreck,Wreck,Wrecks,Florida to California,27.32035,-82.59621
Wreck,Wreck,Wrecks,Florida to California,27.33942,-96.91102
Wreck,Wreck,Wrecks,Florida to California,27.38443,-96.66596
Wreck,Wreck,Wrecks,Florida to California,27.39047,-96.92548
Wreck,Wreck,Wrecks,Florida to California,27.39053,-96.92413
Wreck,Wreck,Wrecks,Florida to California,27.39417,-80.05017
Wreck,Wreck,Wrecks,Florida to California,27.39492,-80.06077
Wreck,Wreck,Wrecks,Florida to California,27.39575,-80.03278
Wreck,Wreck,Wrecks,Florida to California,27.42145,-97.27428
Wreck,Wreck,Wrecks,Florida to California,27.42200,-97.25876
Wreck,Wreck,Wrecks,Florida to California,27.42679,-80.18899
Wreck,Wreck,Wrecks,Florida to California,27.42801,-80.18820
Wreck,Wreck,Wrecks,Florida to California,27.43864,-80.22982
Wreck,Wreck,Wrecks,Florida to California,27.44334,-96.53673
Wreck,Wreck,Wrecks,Florida to California,27.44844,-96.78225
Wreck,Wreck,Wrecks,Florida to California,27.45035,-96.42028
Wreck,Wreck,Wrecks,Florida to California,27.46298,-80.27175
Wreck,Wreck,Wrecks,Florida to California,27.46758,-80.31887
Wreck,Wreck,Wrecks,Florida to California,27.47428,-96.65015
Wreck,Wreck,Wrecks,Florida to California,27.47683,-82.76358
Wreck,Wreck,Wrecks,Florida to California,27.49410,-83.09764
Wreck,Wreck,Wrecks,Florida to California,27.51670,-97.18384
Wreck,Wreck,Wrecks,Florida to California,27.51744,-82.75218
Wreck,Wreck,Wrecks,Florida to California,27.51785,-97.18087
Wreck,Wreck,Wrecks,Florida to California,27.52493,-80.15674
Wreck,Wreck,Wrecks,Florida to California,27.52529,-80.16023
Wreck,Wreck,Wrecks,Florida to California,27.52821,-80.34060
Wreck,Wreck,Wrecks,Florida to California,27.52989,-80.33971
Wreck,Wreck,Wrecks,Florida to California,27.54960,-79.98264
Wreck,Wreck,Wrecks,Florida to California,27.55810,-83.08330
Wreck,Wreck,Wrecks,Florida to California,27.56515,-82.75765
Wreck,Wreck,Wrecks,Florida to California,27.56840,-82.76510
Wreck,Wreck,Wrecks,Florida to California,27.57095,-82.75782
Wreck,Wreck,Wrecks,Florida to California,27.58713,-84.20086
Wreck,Wreck,Wrecks,Florida to California,27.59549,-83.99482
Wreck,Wreck,Wrecks,Florida to California,27.59610,-96.63087
Wreck,Wreck,Wrecks,Florida to California,27.59774,-83.61555
Wreck,Wreck,Wrecks,Florida to California,27.59858,-82.68056
Wreck,Wreck,Wrecks,Florida to California,27.60500,-83.02000
Wreck,Wreck,Wrecks,Florida to California,27.60639,-82.78631
Wreck,Wreck,Wrecks,Florida to California,27.60653,-82.80678
Wreck,Wreck,Wrecks,Florida to California,27.61009,-97.11025
Wreck,Wreck,Wrecks,Florida to California,27.62075,-82.65953
Wreck,Wreck,Wrecks,Florida to California,27.62167,-82.75967
Wreck,Wreck,Wrecks,Florida to California,27.62463,-82.65843
Wreck,Wreck,Wrecks,Florida to California,27.64943,-83.05715
Wreck,Wreck,Wrecks,Florida to California,27.65009,-82.88345
Wreck,Wreck,Wrecks,Florida to California,27.66704,-97.08384
Wreck,Wreck,Wrecks,Florida to California,27.66867,-96.68383
Wreck,Wreck,Wrecks,Florida to California,27.66991,-82.96168
Wreck,Wreck,Wrecks,Florida to California,27.68147,-82.95187
Wreck,Wreck,Wrecks,Florida to California,27.68218,-95.66606
Wreck,Wreck,Wrecks,Florida to California,27.68239,-96.95562
Wreck,Wreck,Wrecks,Florida to California,27.68276,-96.95942
Wreck,Wreck,Wrecks,Florida to California,27.68700,-82.83990
Wreck,Wreck,Wrecks,Florida to California,27.69213,-82.88650
Wreck,Wreck,Wrecks,Florida to California,27.69667,-82.94667
Wreck,Wreck,Wrecks,Florida to California,27.70363,-97.09200
Wreck,Wreck,Wrecks,Florida to California,27.70375,-82.99833
Wreck,Wreck,Wrecks,Florida to California,27.70680,-83.88095
Wreck,Wreck,Wrecks,Florida to California,27.70827,-97.04857
Wreck,Wreck,Wrecks,Florida to California,27.70833,-82.82500
Wreck,Wreck,Wrecks,Florida to California,27.71337,-82.61125
Wreck,Wreck,Wrecks,Florida to California,27.71840,-96.97566
Wreck,Wreck,Wrecks,Florida to California,27.72258,-82.72233
Wreck,Wreck,Wrecks,Florida to California,27.72311,-82.71172
Wreck,Wreck,Wrecks,Florida to California,27.72525,-96.99305
Wreck,Wreck,Wrecks,Florida to California,27.72640,-96.99342
Wreck,Wreck,Wrecks,Florida to California,27.72836,-82.55193
Wreck,Wreck,Wrecks,Florida to California,27.73197,-82.61235
Wreck,Wreck,Wrecks,Florida to California,27.73377,-97.18326
Wreck,Wreck,Wrecks,Florida to California,27.74350,-82.61188
Wreck,Wreck,Wrecks,Florida to California,27.74572,-82.60496
Wreck,Wreck,Wrecks,Florida to California,27.75001,-97.02195
Wreck,Wreck,Wrecks,Florida to California,27.75283,-97.07866
Wreck,Wreck,Wrecks,Florida to California,27.75493,-82.51835
Wreck,Wreck,Wrecks,Florida to California,27.75508,-97.28504
Wreck,Wreck,Wrecks,Florida to California,27.76571,-83.31743
Wreck,Wreck,Wrecks,Florida to California,27.77369,-97.22193
Wreck,Wreck,Wrecks,Florida to California,27.77516,-97.08365
Wreck,Wreck,Wrecks,Florida to California,27.77710,-97.05200
Wreck,Wreck,Wrecks,Florida to California,27.78219,-82.49397
Wreck,Wreck,Wrecks,Florida to California,27.78343,-82.55942
Wreck,Wreck,Wrecks,Florida to California,27.78457,-82.59503
Wreck,Wreck,Wrecks,Florida to California,27.78683,-82.82508
Wreck,Wreck,Wrecks,Florida to California,27.78700,-95.78375
Wreck,Wreck,Wrecks,Florida to California,27.79080,-82.46789
Wreck,Wreck,Wrecks,Florida to California,27.79197,-97.22530
Wreck,Wreck,Wrecks,Florida to California,27.80000,-97.21667
Wreck,Wreck,Wrecks,Florida to California,27.80002,-96.58324
Wreck,Wreck,Wrecks,Florida to California,27.80034,-97.25865
Wreck,Wreck,Wrecks,Florida to California,27.80441,-97.38636
Wreck,Wreck,Wrecks,Florida to California,27.80813,-97.25615
Wreck,Wreck,Wrecks,Florida to California,27.80938,-97.32652
Wreck,Wreck,Wrecks,Florida to California,27.81006,-97.23864
Wreck,Wreck,Wrecks,Florida to California,27.81373,-82.43543
Wreck,Wreck,Wrecks,Florida to California,27.81444,-97.37667
Wreck,Wreck,Wrecks,Florida to California,27.81500,-96.57167
Wreck,Wreck,Wrecks,Florida to California,27.81519,-82.44577
Wreck,Wreck,Wrecks,Florida to California,27.81526,-97.28877
Wreck,Wreck,Wrecks,Florida to California,27.81533,-97.27878
Wreck,Wreck,Wrecks,Florida to California,27.81667,-97.15367
Wreck,Wreck,Wrecks,Florida to California,27.81667,-97.15000
Wreck,Wreck,Wrecks,Florida to California,27.82200,-96.00969
Wreck,Wreck,Wrecks,Florida to California,27.82863,-97.03450
Wreck,Wreck,Wrecks,Florida to California,27.82914,-97.04031
Wreck,Wreck,Wrecks,Florida to California,27.83001,-97.03500
Wreck,Wreck,Wrecks,Florida to California,27.84197,-97.02754
Wreck,Wreck,Wrecks,Florida to California,27.84990,-96.93046
Wreck,Wreck,Wrecks,Florida to California,27.86631,-96.30857
Wreck,Wreck,Wrecks,Florida to California,27.89846,-96.98701
Wreck,Wreck,Wrecks,Florida to California,27.89887,-96.81933
Wreck,Wreck,Wrecks,Florida to California,27.89978,-80.36622
Wreck,Wreck,Wrecks,Florida to California,27.89994,-94.51589
Wreck,Wreck,Wrecks,Florida to California,27.90029,-96.98460
Wreck,Wreck,Wrecks,Florida to California,27.90364,-96.47200
Wreck,Wreck,Wrecks,Florida to California,27.90900,-96.97183
Wreck,Wreck,Wrecks,Florida to California,27.93288,-82.91861
Wreck,Wreck,Wrecks,Florida to California,27.93388,-96.80003
Wreck,Wreck,Wrecks,Florida to California,27.93474,-96.79566
Wreck,Wreck,Wrecks,Florida to California,27.93667,-82.93667
Wreck,Wreck,Wrecks,Florida to California,27.94378,-83.02529
Wreck,Wreck,Wrecks,Florida to California,27.94485,-83.02630
Wreck,Wreck,Wrecks,Florida to California,27.95049,-96.80030
Wreck,Wreck,Wrecks,Florida to California,27.95409,-96.79947
Wreck,Wreck,Wrecks,Florida to California,27.95587,-83.12203
Wreck,Wreck,Wrecks,Florida to California,27.96825,-94.38364
Wreck,Wreck,Wrecks,Florida to California,27.97730,-82.94783
Wreck,Wreck,Wrecks,Florida to California,27.98038,-95.92792
Wreck,Wreck,Wrecks,Florida to California,28.00104,-96.14940
Wreck,Wreck,Wrecks,Florida to California,28.01859,-97.02289
Wreck,Wreck,Wrecks,Florida to California,28.02193,-80.45850
Wreck,Wreck,Wrecks,Florida to California,28.02584,-82.88797
Wreck,Wreck,Wrecks,Florida to California,28.02993,-95.23816
Wreck,Wreck,Wrecks,Florida to California,28.03314,-95.63414
Wreck,Wreck,Wrecks,Florida to California,28.04129,-94.40761
Wreck,Wreck,Wrecks,Florida to California,28.04981,-95.62916
Wreck,Wreck,Wrecks,Florida to California,28.05821,-80.19162
Wreck,Wreck,Wrecks,Florida to California,28.06068,-96.84427
Wreck,Wreck,Wrecks,Florida to California,28.06155,-96.84153
Wreck,Wreck,Wrecks,Florida to California,28.06308,-82.90914
Wreck,Wreck,Wrecks,Florida to California,28.06414,-95.64967
Wreck,Wreck,Wrecks,Florida to California,28.06660,-96.70002
Wreck,Wreck,Wrecks,Florida to California,28.06683,-80.11868
Wreck,Wreck,Wrecks,Florida to California,28.06724,-95.71627
Wreck,Wreck,Wrecks,Florida to California,28.08066,-96.71507
Wreck,Wreck,Wrecks,Florida to California,28.08158,-96.20662
Wreck,Wreck,Wrecks,Florida to California,28.08229,-96.38199
Wreck,Wreck,Wrecks,Florida to California,28.08419,-96.20435
Wreck,Wreck,Wrecks,Florida to California,28.08447,-96.71560
Wreck,Wreck,Wrecks,Florida to California,28.09835,-96.78926
Wreck,Wreck,Wrecks,Florida to California,28.09836,-96.78707
Wreck,Wreck,Wrecks,Florida to California,28.10822,-95.77140
Wreck,Wreck,Wrecks,Florida to California,28.10871,-91.05778
Wreck,Wreck,Wrecks,Florida to California,28.11282,-96.24626
Wreck,Wreck,Wrecks,Florida to California,28.11352,-96.74920
Wreck,Wreck,Wrecks,Florida to California,28.11545,-96.75332
Wreck,Wreck,Wrecks,Florida to California,28.11657,-83.00012
Wreck,Wreck,Wrecks,Florida to California,28.11658,-96.24734
Wreck,Wreck,Wrecks,Florida to California,28.11675,-83.72917
Wreck,Wreck,Wrecks,Florida to California,28.11692,-82.90026
Wreck,Wreck,Wrecks,Florida to California,28.11850,-94.28155
Wreck,Wreck,Wrecks,Florida to California,28.13549,-95.72226
Wreck,Wreck,Wrecks,Florida to California,28.14210,-82.86894
Wreck,Wreck,Wrecks,Florida to California,28.14890,-96.44925
Wreck,Wreck,Wrecks,Florida to California,28.15061,-96.45021
Wreck,Wreck,Wrecks,Florida to California,28.15312,-80.01152
Wreck,Wreck,Wrecks,Florida to California,28.15909,-80.20803
Wreck,Wreck,Wrecks,Florida to California,28.16105,-80.20481
Wreck,Wreck,Wrecks,Florida to California,28.16655,-89.79942
Wreck,Wreck,Wrecks,Florida to California,28.16727,-90.71599
Wreck,Wreck,Wrecks,Florida to California,28.17199,-96.66689
Wreck,Wreck,Wrecks,Florida to California,28.17233,-96.66817
Wreck,Wreck,Wrecks,Florida to California,28.18063,-96.35883
Wreck,Wreck,Wrecks,Florida to California,28.18304,-96.35851
Wreck,Wreck,Wrecks,Florida to California,28.18326,-94.34845
Wreck,Wreck,Wrecks,Florida to California,28.19144,-90.84423
Wreck,Wreck,Wrecks,Florida to California,28.20023,-80.49028
Wreck,Wreck,Wrecks,Florida to California,28.20038,-94.24982
Wreck,Wreck,Wrecks,Florida to California,28.20078,-95.14963
Wreck,Wreck,Wrecks,Florida to California,28.20150,-82.91800
Wreck,Wreck,Wrecks,Florida to California,28.20288,-80.48869
Wreck,Wreck,Wrecks,Florida to California,28.20318,-95.59977
Wreck,Wreck,Wrecks,Florida to California,28.20783,-80.48667
Wreck,Wreck,Wrecks,Florida to California,28.20963,-83.34533
Wreck,Wreck,Wrecks,Florida to California,28.21566,-91.44839
Wreck,Wreck,Wrecks,Florida to California,28.21654,-83.71647
Wreck,Wreck,Wrecks,Florida to California,28.22104,-91.35823
Wreck,Wreck,Wrecks,Florida to California,28.22776,-95.19969
Wreck,Wreck,Wrecks,Florida to California,28.23103,-90.86683
Wreck,Wreck,Wrecks,Florida to California,28.23306,-90.81649
Wreck,Wreck,Wrecks,Florida to California,28.23517,-96.30844
Wreck,Wreck,Wrecks,Florida to California,28.23618,-96.30921
Wreck,Wreck,Wrecks,Florida to California,28.23833,-83.17889
Wreck,Wreck,Wrecks,Florida to California,28.24839,-89.22156
Wreck,Wreck,Wrecks,Florida to California,28.26396,-95.38288
Wreck,Wreck,Wrecks,Florida to California,28.26899,-83.28518
Wreck,Wreck,Wrecks,Florida to California,28.27491,-83.34109
Wreck,Wreck,Wrecks,Florida to California,28.28169,-94.83718
Wreck,Wreck,Wrecks,Florida to California,28.28291,-83.88378
Wreck,Wreck,Wrecks,Florida to California,28.29936,-91.21423
Wreck,Wreck,Wrecks,Florida to California,28.30107,-95.46516
Wreck,Wreck,Wrecks,Florida to California,28.30334,-94.12461
Wreck,Wreck,Wrecks,Florida to California,28.30426,-83.30947
Wreck,Wreck,Wrecks,Florida to California,28.30569,-80.45810
Wreck,Wreck,Wrecks,Florida to California,28.30828,-80.33308
Wreck,Wreck,Wrecks,Florida to California,28.30973,-80.33519
Wreck,Wreck,Wrecks,Florida to California,28.31877,-96.29889
Wreck,Wreck,Wrecks,Florida to California,28.33259,-80.21829
Wreck,Wreck,Wrecks,Florida to California,28.33337,-91.19903
Wreck,Wreck,Wrecks,Florida to California,28.33499,-94.99011
Wreck,Wreck,Wrecks,Florida to California,28.34950,-91.30584
Wreck,Wreck,Wrecks,Florida to California,28.35812,-95.59584
Wreck,Wreck,Wrecks,Florida to California,28.36357,-94.80975
Wreck,Wreck,Wrecks,Florida to California,28.36493,-90.74341
Wreck,Wreck,Wrecks,Florida to California,28.36678,-82.88304
Wreck,Wreck,Wrecks,Florida to California,28.36708,-90.83204
Wreck,Wreck,Wrecks,Florida to California,28.37361,-94.69664
Wreck,Wreck,Wrecks,Florida to California,28.37937,-95.38320
Wreck,Wreck,Wrecks,Florida to California,28.38305,-83.10305
Wreck,Wreck,Wrecks,Florida to California,28.38488,-94.56359
Wreck,Wreck,Wrecks,Florida to California,28.38839,-80.03859
Wreck,Wreck,Wrecks,Florida to California,28.38869,-80.62568
Wreck,Wreck,Wrecks,Florida to California,28.39711,-80.53482
Wreck,Wreck,Wrecks,Florida to California,28.39732,-91.21279
Wreck,Wreck,Wrecks,Florida to California,28.39833,-95.79861
Wreck,Wreck,Wrecks,Florida to California,28.40069,-95.30059
Wreck,Wreck,Wrecks,Florida to California,28.40224,-94.90162
Wreck,Wreck,Wrecks,Florida to California,28.40962,-96.30360
Wreck,Wreck,Wrecks,Florida to California,28.41523,-96.31683
Wreck,Wreck,Wrecks,Florida to California,28.41650,-83.66622
Wreck,Wreck,Wrecks,Florida to California,28.41725,-80.39101
Wreck,Wreck,Wrecks,Florida to California,28.42270,-91.58055
Wreck,Wreck,Wrecks,Florida to California,28.42399,-95.98319
Wreck,Wreck,Wrecks,Florida to California,28.42505,-80.29393
Wreck,Wreck,Wrecks,Florida to California,28.42558,-95.98319
Wreck,Wreck,Wrecks,Florida to California,28.43011,-95.12434
Wreck,Wreck,Wrecks,Florida to California,28.44312,-91.54282
Wreck,Wreck,Wrecks,Florida to California,28.44398,-91.10115
Wreck,Wreck,Wrecks,Florida to California,28.44500,-82.88167
Wreck,Wreck,Wrecks,Florida to California,28.44667,-91.47500
Wreck,Wreck,Wrecks,Florida to California,28.45000,-91.40083
Wreck,Wreck,Wrecks,Florida to California,28.45003,-96.33351
Wreck,Wreck,Wrecks,Florida to California,28.45005,-80.13182
Wreck,Wreck,Wrecks,Florida to California,28.45060,-91.34880
Wreck,Wreck,Wrecks,Florida to California,28.45167,-83.77833
Wreck,Wreck,Wrecks,Florida to California,28.45633,-96.37133
Wreck,Wreck,Wrecks,Florida to California,28.45633,-83.00401
Wreck,Wreck,Wrecks,Florida to California,28.45776,-83.00597
Wreck,Wreck,Wrecks,Florida to California,28.46524,-82.88089
Wreck,Wreck,Wrecks,Florida to California,28.46549,-82.87958
Wreck,Wreck,Wrecks,Florida to California,28.46583,-96.30733
Wreck,Wreck,Wrecks,Florida to California,28.46749,-93.90014
Wreck,Wreck,Wrecks,Florida to California,28.47500,-80.18333
Wreck,Wreck,Wrecks,Florida to California,28.47869,-90.90915
Wreck,Wreck,Wrecks,Florida to California,28.47895,-80.36673
Wreck,Wreck,Wrecks,Florida to California,28.48012,-90.51799
Wreck,Wreck,Wrecks,Florida to California,28.48096,-80.36494
Wreck,Wreck,Wrecks,Florida to California,28.48303,-90.35966
Wreck,Wreck,Wrecks,Florida to California,28.49040,-95.72704
Wreck,Wreck,Wrecks,Florida to California,28.49273,-84.01584
Wreck,Wreck,Wrecks,Florida to California,28.49783,-96.33167
Wreck,Wreck,Wrecks,Florida to California,28.49980,-94.66685
Wreck,Wreck,Wrecks,Florida to California,28.50003,-90.21607
Wreck,Wreck,Wrecks,Florida to California,28.50013,-95.86593
Wreck,Wreck,Wrecks,Florida to California,28.50140,-94.90178
Wreck,Wreck,Wrecks,Florida to California,28.50485,-90.98731
Wreck,Wreck,Wrecks,Florida to California,28.50701,-90.17004
Wreck,Wreck,Wrecks,Florida to California,28.50889,-96.39778
Wreck,Wreck,Wrecks,Florida to California,28.51704,-95.36743
Wreck,Wreck,Wrecks,Florida to California,28.52000,-83.93167
Wreck,Wreck,Wrecks,Florida to California,28.52333,-96.31000
Wreck,Wreck,Wrecks,Florida to California,28.52637,-95.36809
Wreck,Wreck,Wrecks,Florida to California,28.53325,-94.23342
Wreck,Wreck,Wrecks,Florida to California,28.53410,-90.98731
Wreck,Wreck,Wrecks,Florida to California,28.53585,-94.43984
Wreck,Wreck,Wrecks,Florida to California,28.53636,-91.50080
Wreck,Wreck,Wrecks,Florida to California,28.53850,-96.35872
Wreck,Wreck,Wrecks,Florida to California,28.53889,-90.98250
Wreck,Wreck,Wrecks,Florida to California,28.55025,-95.93362
Wreck,Wreck,Wrecks,Florida to California,28.55175,-95.93439
Wreck,Wreck,Wrecks,Florida to California,28.55383,-96.19695
Wreck,Wreck,Wrecks,Florida to California,28.56073,-95.98278
Wreck,Wreck,Wrecks,Florida to California,28.56598,-91.52780
Wreck,Wreck,Wrecks,Florida to California,28.56604,-90.98051
Wreck,Wreck,Wrecks,Florida to California,28.57171,-80.31456
Wreck,Wreck,Wrecks,Florida to California,28.57497,-90.15807
Wreck,Wreck,Wrecks,Florida to California,28.57610,-84.48167
Wreck,Wreck,Wrecks,Florida to California,28.58069,-94.55010
Wreck,Wreck,Wrecks,Florida to California,28.58138,-95.06750
Wreck,Wreck,Wrecks,Florida to California,28.58149,-90.13483
Wreck,Wreck,Wrecks,Florida to California,28.58300,-91.51548
Wreck,Wreck,Wrecks,Florida to California,28.58336,-95.06704
Wreck,Wreck,Wrecks,Florida to California,28.58432,-95.01478
Wreck,Wreck,Wrecks,Florida to California,28.59988,-90.24955
Wreck,Wreck,Wrecks,Florida to California,28.60006,-91.15834
Wreck,Wreck,Wrecks,Florida to California,28.60041,-93.56600
Wreck,Wreck,Wrecks,Florida to California,28.60065,-95.05006
Wreck,Wreck,Wrecks,Florida to California,28.60074,-95.05118
Wreck,Wreck,Wrecks,Florida to California,28.60123,-84.32042
Wreck,Wreck,Wrecks,Florida to California,28.60202,-91.15853
Wreck,Wreck,Wrecks,Florida to California,28.60318,-80.27110
Wreck,Wreck,Wrecks,Florida to California,28.61375,-96.56612
Wreck,Wreck,Wrecks,Florida to California,28.62284,-94.89730
Wreck,Wreck,Wrecks,Florida to California,28.62351,-90.58014
Wreck,Wreck,Wrecks,Florida to California,28.62371,-90.57907
Wreck,Wreck,Wrecks,Florida to California,28.63144,-95.08169
Wreck,Wreck,Wrecks,Florida to California,28.63198,-91.49922
Wreck,Wreck,Wrecks,Florida to California,28.63229,-95.08003
Wreck,Wreck,Wrecks,Florida to California,28.63267,-89.55728
Wreck,Wreck,Wrecks,Florida to California,28.63467,-95.20144
Wreck,Wreck,Wrecks,Florida to California,28.63672,-83.00868
Wreck,Wreck,Wrecks,Florida to California,28.63728,-90.21064
Wreck,Wreck,Wrecks,Florida to California,28.63877,-90.21094
Wreck,Wreck,Wrecks,Florida to California,28.63953,-95.19324
Wreck,Wreck,Wrecks,Florida to California,28.64583,-80.11265
Wreck,Wreck,Wrecks,Florida to California,28.64662,-88.96813
Wreck,Wreck,Wrecks,Florida to California,28.64686,-94.29157
Wreck,Wreck,Wrecks,Florida to California,28.65356,-89.78669
Wreck,Wreck,Wrecks,Florida to California,28.65460,-90.49317
Wreck,Wreck,Wrecks,Florida to California,28.66210,-80.38789
Wreck,Wreck,Wrecks,Florida to California,28.66355,-80.38741
Wreck,Wreck,Wrecks,Florida to California,28.66607,-93.61675
Wreck,Wreck,Wrecks,Florida to California,28.66630,-95.43468
Wreck,Wreck,Wrecks,Florida to California,28.66638,-90.32838
Wreck,Wreck,Wrecks,Florida to California,28.66641,-89.38277
Wreck,Wreck,Wrecks,Florida to California,28.66705,-95.43333
Wreck,Wreck,Wrecks,Florida to California,28.68264,-95.40050
Wreck,Wreck,Wrecks,Florida to California,28.68299,-89.64977
Wreck,Wreck,Wrecks,Florida to California,28.68311,-93.63324
Wreck,Wreck,Wrecks,Florida to California,28.68594,-83.63649
Wreck,Wreck,Wrecks,Florida to California,28.69194,-82.99988
Wreck,Wreck,Wrecks,Florida to California,28.69234,-80.10254
Wreck,Wreck,Wrecks,Florida to California,28.69241,-90.32183
Wreck,Wreck,Wrecks,Florida to California,28.69291,-91.02651
Wreck,Wreck,Wrecks,Florida to California,28.69454,-95.42169
Wreck,Wreck,Wrecks,Florida to California,28.69546,-95.42183
Wreck,Wreck,Wrecks,Florida to California,28.69883,-95.58304
Wreck,Wreck,Wrecks,Florida to California,28.69982,-90.13289
Wreck,Wreck,Wrecks,Florida to California,28.70000,-90.30000
Wreck,Wreck,Wrecks,Florida to California,28.70002,-95.58367
Wreck,Wreck,Wrecks,Florida to California,28.70003,-95.72534
Wreck,Wreck,Wrecks,Florida to California,28.70168,-91.38362
Wreck,Wreck,Wrecks,Florida to California,28.70263,-91.23340
Wreck,Wreck,Wrecks,Florida to California,28.70344,-91.38328
Wreck,Wreck,Wrecks,Florida to California,28.70352,-95.69503
Wreck,Wreck,Wrecks,Florida to California,28.70379,-95.69376
Wreck,Wreck,Wrecks,Florida to California,28.70805,-95.56826
Wreck,Wreck,Wrecks,Florida to California,28.70840,-84.79372
Wreck,Wreck,Wrecks,Florida to California,28.70872,-95.56973
Wreck,Wreck,Wrecks,Florida to California,28.71535,-83.00649
Wreck,Wreck,Wrecks,Florida to California,28.71632,-91.24244
Wreck,Wreck,Wrecks,Florida to California,28.71637,-83.00741
Wreck,Wreck,Wrecks,Florida to California,28.72402,-94.94198
Wreck,Wreck,Wrecks,Florida to California,28.72540,-89.25388
Wreck,Wreck,Wrecks,Florida to California,28.73302,-89.39538
Wreck,Wreck,Wrecks,Florida to California,28.73353,-95.30891
Wreck,Wreck,Wrecks,Florida to California,28.73572,-82.92194
Wreck,Wreck,Wrecks,Florida to California,28.73677,-82.92154
Wreck,Wreck,Wrecks,Florida to California,28.73983,-89.81550
Wreck,Wreck,Wrecks,Florida to California,28.74267,-95.35903
Wreck,Wreck,Wrecks,Florida to California,28.74843,-90.26978
Wreck,Wreck,Wrecks,Florida to California,28.74882,-95.61605
Wreck,Wreck,Wrecks,Florida to California,28.74914,-90.27092
Wreck,Wreck,Wrecks,Florida to California,28.75333,-89.81000
Wreck,Wreck,Wrecks,Florida to California,28.75828,-90.26633
Wreck,Wreck,Wrecks,Florida to California,28.76029,-95.27181
Wreck,Wreck,Wrecks,Florida to California,28.76064,-90.26665
Wreck,Wreck,Wrecks,Florida to California,28.76376,-83.28306
Wreck,Wreck,Wrecks,Florida to California,28.76985,-90.52552
Wreck,Wreck,Wrecks,Florida to California,28.77537,-91.61242
Wreck,Wreck,Wrecks,Florida to California,28.77955,-89.43482
Wreck,Wreck,Wrecks,Florida to California,28.78363,-83.04969
Wreck,Wreck,Wrecks,Florida to California,28.78422,-83.05049
Wreck,Wreck,Wrecks,Florida to California,28.78647,-83.01656
Wreck,Wreck,Wrecks,Florida to California,28.78670,-95.37027
Wreck,Wreck,Wrecks,Florida to California,28.78759,-95.37099
Wreck,Wreck,Wrecks,Florida to California,28.78764,-91.73635
Wreck,Wreck,Wrecks,Florida to California,28.78784,-83.01683
Wreck,Wreck,Wrecks,Florida to California,28.79026,-91.58324
Wreck,Wreck,Wrecks,Florida to California,28.79161,-95.42064
Wreck,Wreck,Wrecks,Florida to California,28.79486,-85.20463
Wreck,Wreck,Wrecks,Florida to California,28.79490,-90.75993
Wreck,Wreck,Wrecks,Florida to California,28.79741,-95.32785
Wreck,Wreck,Wrecks,Florida to California,28.79834,-89.42474
Wreck,Wreck,Wrecks,Florida to California,28.80024,-95.48396
Wreck,Wreck,Wrecks,Florida to California,28.80029,-90.30827
Wreck,Wreck,Wrecks,Florida to California,28.80224,-90.31090
Wreck,Wreck,Wrecks,Florida to California,28.80395,-91.68386
Wreck,Wreck,Wrecks,Florida to California,28.80920,-95.30913
Wreck,Wreck,Wrecks,Florida to California,28.80933,-89.44500
Wreck,Wreck,Wrecks,Florida to California,28.81012,-90.31509
Wreck,Wreck,Wrecks,Florida to California,28.81344,-90.31340
Wreck,Wreck,Wrecks,Florida to California,28.81356,-90.18408
Wreck,Wreck,Wrecks,Florida to California,28.82142,-89.42574
Wreck,Wreck,Wrecks,Florida to California,28.82330,-90.18358
Wreck,Wreck,Wrecks,Florida to California,28.82583,-90.09917
Wreck,Wreck,Wrecks,Florida to California,28.82768,-89.66498
Wreck,Wreck,Wrecks,Florida to California,28.83345,-95.45087
Wreck,Wreck,Wrecks,Florida to California,28.83347,-89.78256
Wreck,Wreck,Wrecks,Florida to California,28.83365,-95.42797
Wreck,Wreck,Wrecks,Florida to California,28.83415,-95.45146
Wreck,Wreck,Wrecks,Florida to California,28.83721,-93.73157
Wreck,Wreck,Wrecks,Florida to California,28.84644,-91.68328
Wreck,Wreck,Wrecks,Florida to California,28.84993,-95.38320
Wreck,Wreck,Wrecks,Florida to California,28.85014,-89.10007
Wreck,Wreck,Wrecks,Florida to California,28.85037,-95.43354
Wreck,Wreck,Wrecks,Florida to California,28.85152,-95.39697
Wreck,Wreck,Wrecks,Florida to California,28.86415,-89.60850
Wreck,Wreck,Wrecks,Florida to California,28.86498,-79.96485
Wreck,Wreck,Wrecks,Florida to California,28.86622,-90.83061
Wreck,Wreck,Wrecks,Florida to California,28.86635,-89.58250
Wreck,Wreck,Wrecks,Florida to California,28.86653,-80.76184
Wreck,Wreck,Wrecks,Florida to California,28.86703,-90.82863
Wreck,Wreck,Wrecks,Florida to California,28.86713,-95.36697
Wreck,Wreck,Wrecks,Florida to California,28.86861,-89.58974
Wreck,Wreck,Wrecks,Florida to California,28.86982,-89.68147
Wreck,Wreck,Wrecks,Florida to California,28.87039,-93.26613
Wreck,Wreck,Wrecks,Florida to California,28.88000,-94.45333
Wreck,Wreck,Wrecks,Florida to California,28.88060,-80.07482
Wreck,Wreck,Wrecks,Florida to California,28.88873,-89.43725
Wreck,Wreck,Wrecks,Florida to California,28.89150,-89.39422
Wreck,Wreck,Wrecks,Florida to California,28.90092,-90.49170
Wreck,Wreck,Wrecks,Florida to California,28.90481,-89.43026
Wreck,Wreck,Wrecks,Florida to California,28.90828,-80.76172
Wreck,Wreck,Wrecks,Florida to California,28.91469,-95.27750
Wreck,Wreck,Wrecks,Florida to California,28.91667,-89.68333
Wreck,Wreck,Wrecks,Florida to California,28.91692,-95.25021
Wreck,Wreck,Wrecks,Florida to California,28.91694,-91.48339
Wreck,Wreck,Wrecks,Florida to California,28.91717,-90.17742
Wreck,Wreck,Wrecks,Florida to California,28.91739,-93.30820
Wreck,Wreck,Wrecks,Florida to California,28.91791,-85.21576
Wreck,Wreck,Wrecks,Florida to California,28.92172,-90.65791
Wreck,Wreck,Wrecks,Florida to California,28.92196,-82.92852
Wreck,Wreck,Wrecks,Florida to California,28.92199,-89.40332
Wreck,Wreck,Wrecks,Florida to California,28.92357,-82.92822
Wreck,Wreck,Wrecks,Florida to California,28.92500,-95.29000
Wreck,Wreck,Wrecks,Florida to California,28.92535,-87.40193
Wreck,Wreck,Wrecks,Florida to California,28.92560,-94.31209
Wreck,Wreck,Wrecks,Florida to California,28.92678,-90.69253
Wreck,Wreck,Wrecks,Florida to California,28.92882,-90.69245
Wreck,Wreck,Wrecks,Florida to California,28.93139,-95.27917
Wreck,Wreck,Wrecks,Florida to California,28.93300,-95.27133
Wreck,Wreck,Wrecks,Florida to California,28.93332,-89.71654
Wreck,Wreck,Wrecks,Florida to California,28.93364,-89.44150
Wreck,Wreck,Wrecks,Florida to California,28.93522,-95.23855
Wreck,Wreck,Wrecks,Florida to California,28.93903,-95.08077
Wreck,Wreck,Wrecks,Florida to California,28.93928,-95.08234
Wreck,Wreck,Wrecks,Florida to California,28.94370,-89.44369
Wreck,Wreck,Wrecks,Florida to California,28.94592,-89.23055
Wreck,Wreck,Wrecks,Florida to California,28.94664,-89.23106
Wreck,Wreck,Wrecks,Florida to California,28.94869,-85.03285
Wreck,Wreck,Wrecks,Florida to California,28.94875,-95.21517
Wreck,Wreck,Wrecks,Florida to California,28.95018,-93.34886
Wreck,Wreck,Wrecks,Florida to California,28.95832,-89.06675
Wreck,Wreck,Wrecks,Florida to California,28.96087,-89.06536
Wreck,Wreck,Wrecks,Florida to California,28.96147,-83.08988
Wreck,Wreck,Wrecks,Florida to California,28.96398,-89.14441
Wreck,Wreck,Wrecks,Florida to California,28.96409,-89.46687
Wreck,Wreck,Wrecks,Florida to California,28.96539,-90.03306
Wreck,Wreck,Wrecks,Florida to California,28.96608,-80.20387
Wreck,Wreck,Wrecks,Florida to California,28.96655,-95.06661
Wreck,Wreck,Wrecks,Florida to California,28.96780,-95.06717
Wreck,Wreck,Wrecks,Florida to California,28.96961,-94.66056
Wreck,Wreck,Wrecks,Florida to California,28.97122,-90.24086
Wreck,Wreck,Wrecks,Florida to California,28.97619,-91.48383
Wreck,Wreck,Wrecks,Florida to California,28.97654,-91.49090
Wreck,Wreck,Wrecks,Florida to California,28.97813,-91.48883
Wreck,Wreck,Wrecks,Florida to California,28.97950,-83.20988
Wreck,Wreck,Wrecks,Florida to California,28.98061,-91.65419
Wreck,Wreck,Wrecks,Florida to California,28.98261,-95.20096
Wreck,Wreck,Wrecks,Florida to California,28.98332,-89.23340
Wreck,Wreck,Wrecks,Florida to California,28.98336,-89.13324
Wreck,Wreck,Wrecks,Florida to California,28.98384,-95.20053
Wreck,Wreck,Wrecks,Florida to California,28.98410,-89.13695
Wreck,Wreck,Wrecks,Florida to California,28.98870,-93.78481
Wreck,Wreck,Wrecks,Florida to California,28.98903,-93.74777
Wreck,Wreck,Wrecks,Florida to California,28.99215,-93.78336
Wreck,Wreck,Wrecks,Florida to California,28.99748,-90.30260
Wreck,Wreck,Wrecks,Florida to California,28.99951,-89.95881
Wreck,Wreck,Wrecks,Florida to California,28.99978,-89.05033
Wreck,Wreck,Wrecks,Florida to California,29.00023,-83.39989
Wreck,Wreck,Wrecks,Florida to California,29.00528,-90.27025
Wreck,Wreck,Wrecks,Florida to California,29.00600,-90.33856
Wreck,Wreck,Wrecks,Florida to California,29.00611,-90.83808
Wreck,Wreck,Wrecks,Florida to California,29.01668,-93.41656
Wreck,Wreck,Wrecks,Florida to California,29.01844,-90.28111
Wreck,Wreck,Wrecks,Florida to California,29.01989,-90.44816
Wreck,Wreck,Wrecks,Florida to California,29.02158,-90.13994
Wreck,Wreck,Wrecks,Florida to California,29.02192,-90.21621
Wreck,Wreck,Wrecks,Florida to California,29.02669,-91.05004
Wreck,Wreck,Wrecks,Florida to California,29.03293,-91.81496
Wreck,Wreck,Wrecks,Florida to California,29.03356,-91.81679
Wreck,Wreck,Wrecks,Florida to California,29.04172,-94.69214
Wreck,Wreck,Wrecks,Florida to California,29.04375,-94.69661
Wreck,Wreck,Wrecks,Florida to California,29.04551,-84.41901
Wreck,Wreck,Wrecks,Florida to California,29.04935,-95.13115
Wreck,Wreck,Wrecks,Florida to California,29.05078,-95.13355
Wreck,Wreck,Wrecks,Florida to California,29.05167,-86.69167
Wreck,Wreck,Wrecks,Florida to California,29.05932,-90.52291
Wreck,Wreck,Wrecks,Florida to California,29.06025,-88.96183
Wreck,Wreck,Wrecks,Florida to California,29.06583,-90.59207
Wreck,Wreck,Wrecks,Florida to California,29.06655,-95.11624
Wreck,Wreck,Wrecks,Florida to California,29.06665,-95.10022
Wreck,Wreck,Wrecks,Florida to California,29.06697,-95.01618
Wreck,Wreck,Wrecks,Florida to California,29.06765,-95.01729
Wreck,Wreck,Wrecks,Florida to California,29.06768,-83.10234
Wreck,Wreck,Wrecks,Florida to California,29.06813,-83.10103
Wreck,Wreck,Wrecks,Florida to California,29.07135,-94.77003
Wreck,Wreck,Wrecks,Florida to California,29.07452,-94.71908
Wreck,Wreck,Wrecks,Florida to California,29.07683,-88.96373
Wreck,Wreck,Wrecks,Florida to California,29.07699,-80.90424
Wreck,Wreck,Wrecks,Florida to California,29.07950,-80.90913
Wreck,Wreck,Wrecks,Florida to California,29.08346,-91.29990
Wreck,Wreck,Wrecks,Florida to California,29.08349,-90.59978
Wreck,Wreck,Wrecks,Florida to California,29.08508,-91.70481
Wreck,Wreck,Wrecks,Florida to California,29.08568,-91.29781
Wreck,Wreck,Wrecks,Florida to California,29.08911,-90.30907
Wreck,Wreck,Wrecks,Florida to California,29.08986,-91.70331
Wreck,Wreck,Wrecks,Florida to California,29.09338,-89.56656
Wreck,Wreck,Wrecks,Florida to California,29.09441,-91.61570
Wreck,Wreck,Wrecks,Florida to California,29.09499,-91.61713
Wreck,Wreck,Wrecks,Florida to California,29.09550,-91.71325
Wreck,Wreck,Wrecks,Florida to California,29.09650,-90.58322
Wreck,Wreck,Wrecks,Florida to California,29.10006,-91.66664
Wreck,Wreck,Wrecks,Florida to California,29.10023,-90.55223
Wreck,Wreck,Wrecks,Florida to California,29.10243,-91.66515
Wreck,Wreck,Wrecks,Florida to California,29.10432,-91.69747
Wreck,Wreck,Wrecks,Florida to California,29.10491,-93.77364
Wreck,Wreck,Wrecks,Florida to California,29.10499,-94.43994
Wreck,Wreck,Wrecks,Florida to California,29.11212,-94.40184
Wreck,Wreck,Wrecks,Florida to California,29.11228,-91.71707
Wreck,Wreck,Wrecks,Florida to California,29.11664,-91.83336
Wreck,Wreck,Wrecks,Florida to California,29.11675,-91.73340
Wreck,Wreck,Wrecks,Florida to California,29.11681,-91.72322
Wreck,Wreck,Wrecks,Florida to California,29.11689,-91.68345
Wreck,Wreck,Wrecks,Florida to California,29.11767,-91.29060
Wreck,Wreck,Wrecks,Florida to California,29.11847,-91.73134
Wreck,Wreck,Wrecks,Florida to California,29.12001,-91.83353
Wreck,Wreck,Wrecks,Florida to California,29.12135,-91.28974
Wreck,Wreck,Wrecks,Florida to California,29.12217,-89.48535
Wreck,Wreck,Wrecks,Florida to California,29.12552,-89.79996
Wreck,Wreck,Wrecks,Florida to California,29.12601,-95.02683
Wreck,Wreck,Wrecks,Florida to California,29.12869,-89.57070
Wreck,Wreck,Wrecks,Florida to California,29.13336,-88.83340
Wreck,Wreck,Wrecks,Florida to California,29.13395,-89.60018
Wreck,Wreck,Wrecks,Florida to California,29.13583,-93.30167
Wreck,Wreck,Wrecks,Florida to California,29.14672,-90.00756
Wreck,Wreck,Wrecks,Florida to California,29.14672,-94.76692
Wreck,Wreck,Wrecks,Florida to California,29.15002,-88.45016
Wreck,Wreck,Wrecks,Florida to California,29.15688,-80.89229
Wreck,Wreck,Wrecks,Florida to California,29.15691,-94.41986
Wreck,Wreck,Wrecks,Florida to California,29.15808,-80.89211
Wreck,Wreck,Wrecks,Florida to California,29.16504,-94.09882
Wreck,Wreck,Wrecks,Florida to California,29.16703,-94.09961
Wreck,Wreck,Wrecks,Florida to California,29.17003,-91.75189
Wreck,Wreck,Wrecks,Florida to California,29.17028,-91.74673
Wreck,Wreck,Wrecks,Florida to California,29.17205,-80.76307
Wreck,Wreck,Wrecks,Florida to California,29.17312,-88.98871
Wreck,Wreck,Wrecks,Florida to California,29.17571,-89.51880
Wreck,Wreck,Wrecks,Florida to California,29.17635,-93.90106
Wreck,Wreck,Wrecks,Florida to California,29.17636,-89.52013
Wreck,Wreck,Wrecks,Florida to California,29.17847,-88.98673
Wreck,Wreck,Wrecks,Florida to California,29.18050,-89.67000
Wreck,Wreck,Wrecks,Florida to California,29.18839,-90.02829
Wreck,Wreck,Wrecks,Florida to California,29.19004,-91.27539
Wreck,Wreck,Wrecks,Florida to California,29.19139,-91.34750
Wreck,Wreck,Wrecks,Florida to California,29.19324,-88.63638
Wreck,Wreck,Wrecks,Florida to California,29.19362,-90.03839
Wreck,Wreck,Wrecks,Florida to California,29.19755,-89.51083
Wreck,Wreck,Wrecks,Florida to California,29.20013,-83.86720
Wreck,Wreck,Wrecks,Florida to California,29.20036,-89.53349
Wreck,Wreck,Wrecks,Florida to California,29.20167,-83.88167
Wreck,Wreck,Wrecks,Florida to California,29.20330,-88.48512
Wreck,Wreck,Wrecks,Florida to California,29.21164,-94.09990
Wreck,Wreck,Wrecks,Florida to California,29.21692,-93.44158
Wreck,Wreck,Wrecks,Florida to California,29.22216,-88.96774
Wreck,Wreck,Wrecks,Florida to California,29.22504,-94.78315
Wreck,Wreck,Wrecks,Florida to California,29.22545,-94.78476
Wreck,Wreck,Wrecks,Florida to California,29.23328,-94.76607
Wreck,Wreck,Wrecks,Florida to California,29.23333,-85.98333
Wreck,Wreck,Wrecks,Florida to California,29.23354,-80.17029
Wreck,Wreck,Wrecks,Florida to California,29.23357,-91.60861
Wreck,Wreck,Wrecks,Florida to California,29.23410,-89.05250
Wreck,Wreck,Wrecks,Florida to California,29.23508,-85.98423
Wreck,Wreck,Wrecks,Florida to California,29.23604,-94.42046
Wreck,Wreck,Wrecks,Florida to California,29.23668,-91.60731
Wreck,Wreck,Wrecks,Florida to California,29.24102,-80.02814
Wreck,Wreck,Wrecks,Florida to California,29.24164,-89.05000
Wreck,Wreck,Wrecks,Florida to California,29.24672,-93.53147
Wreck,Wreck,Wrecks,Florida to California,29.24694,-89.72083
Wreck,Wreck,Wrecks,Florida to California,29.24979,-88.58364
Wreck,Wreck,Wrecks,Florida to California,29.24982,-85.30310
Wreck,Wreck,Wrecks,Florida to California,29.25636,-94.76687
Wreck,Wreck,Wrecks,Florida to California,29.25723,-94.76753
Wreck,Wreck,Wrecks,Florida to California,29.25872,-94.69501
Wreck,Wreck,Wrecks,Florida to California,29.25877,-91.70012
Wreck,Wreck,Wrecks,Florida to California,29.25909,-84.69115
Wreck,Wreck,Wrecks,Florida to California,29.25967,-91.70040
Wreck,Wreck,Wrecks,Florida to California,29.26360,-93.65658
Wreck,Wreck,Wrecks,Florida to California,29.26450,-88.75564
Wreck,Wreck,Wrecks,Florida to California,29.26573,-88.75582
Wreck,Wreck,Wrecks,Florida to California,29.26658,-91.58339
Wreck,Wreck,Wrecks,Florida to California,29.26778,-91.40000
Wreck,Wreck,Wrecks,Florida to California,29.26878,-94.49096
Wreck,Wreck,Wrecks,Florida to California,29.27053,-94.49688
Wreck,Wreck,Wrecks,Florida to California,29.27413,-94.73554
Wreck,Wreck,Wrecks,Florida to California,29.27478,-93.34342
Wreck,Wreck,Wrecks,Florida to California,29.27493,-94.69432
Wreck,Wreck,Wrecks,Florida to California,29.27497,-94.69329
Wreck,Wreck,Wrecks,Florida to California,29.27520,-94.72489
Wreck,Wreck,Wrecks,Florida to California,29.27917,-88.77944
Wreck,Wreck,Wrecks,Florida to California,29.27999,-88.77957
Wreck,Wreck,Wrecks,Florida to California,29.28168,-94.90665
Wreck,Wreck,Wrecks,Florida to California,29.28333,-94.68326
Wreck,Wreck,Wrecks,Florida to California,29.28350,-94.69992
Wreck,Wreck,Wrecks,Florida to California,29.29352,-94.88023
Wreck,Wreck,Wrecks,Florida to California,29.29384,-94.89308
Wreck,Wreck,Wrecks,Florida to California,29.29995,-93.95023
Wreck,Wreck,Wrecks,Florida to California,29.30084,-94.89137
Wreck,Wreck,Wrecks,Florida to California,29.30112,-89.80947
Wreck,Wreck,Wrecks,Florida to California,29.30833,-94.61000
Wreck,Wreck,Wrecks,Florida to California,29.30833,-93.24000
Wreck,Wreck,Wrecks,Florida to California,29.31014,-94.88524
Wreck,Wreck,Wrecks,Florida to California,29.31069,-94.71366
Wreck,Wreck,Wrecks,Florida to California,29.31269,-85.35147
Wreck,Wreck,Wrecks,Florida to California,29.31281,-85.35393
Wreck,Wreck,Wrecks,Florida to California,29.31651,-88.66645
Wreck,Wreck,Wrecks,Florida to California,29.31667,-94.85733
Wreck,Wreck,Wrecks,Florida to California,29.31681,-85.24659
Wreck,Wreck,Wrecks,Florida to California,29.31682,-94.70026
Wreck,Wreck,Wrecks,Florida to California,29.31689,-88.83336
Wreck,Wreck,Wrecks,Florida to California,29.32177,-94.73599
Wreck,Wreck,Wrecks,Florida to California,29.32446,-94.69446
Wreck,Wreck,Wrecks,Florida to California,29.32530,-94.69494
Wreck,Wreck,Wrecks,Florida to California,29.32856,-94.70525
Wreck,Wreck,Wrecks,Florida to California,29.33112,-88.80096
Wreck,Wreck,Wrecks,Florida to California,29.33333,-91.80000
Wreck,Wreck,Wrecks,Florida to California,29.33336,-94.70001
Wreck,Wreck,Wrecks,Florida to California,29.33673,-88.83857
Wreck,Wreck,Wrecks,Florida to California,29.33830,-94.64975
Wreck,Wreck,Wrecks,Florida to California,29.34000,-94.67500
Wreck,Wreck,Wrecks,Florida to California,29.34140,-94.67922
Wreck,Wreck,Wrecks,Florida to California,29.34477,-94.67831
Wreck,Wreck,Wrecks,Florida to California,29.34553,-91.74063
Wreck,Wreck,Wrecks,Florida to California,29.34834,-94.68522
Wreck,Wreck,Wrecks,Florida to California,29.34847,-94.64354
Wreck,Wreck,Wrecks,Florida to California,29.34997,-93.17497
Wreck,Wreck,Wrecks,Florida to California,29.35000,-93.63333
Wreck,Wreck,Wrecks,Florida to California,29.35023,-94.68355
Wreck,Wreck,Wrecks,Florida to California,29.35184,-85.20499
Wreck,Wreck,Wrecks,Florida to California,29.35186,-85.20835
Wreck,Wreck,Wrecks,Florida to California,29.35840,-94.70675
Wreck,Wreck,Wrecks,Florida to California,29.35901,-94.70524
Wreck,Wreck,Wrecks,Florida to California,29.36510,-94.47034
Wreck,Wreck,Wrecks,Florida to California,29.36696,-94.66697
Wreck,Wreck,Wrecks,Florida to California,29.36733,-93.79771
Wreck,Wreck,Wrecks,Florida to California,29.36820,-86.39839
Wreck,Wreck,Wrecks,Florida to California,29.36846,-89.10963
Wreck,Wreck,Wrecks,Florida to California,29.36910,-94.37657
Wreck,Wreck,Wrecks,Florida to California,29.37187,-94.60359
Wreck,Wreck,Wrecks,Florida to California,29.38393,-93.44887
Wreck,Wreck,Wrecks,Florida to California,29.38452,-93.45045
Wreck,Wreck,Wrecks,Florida to California,29.39167,-88.99170
Wreck,Wreck,Wrecks,Florida to California,29.39196,-89.06031
Wreck,Wreck,Wrecks,Florida to California,29.39198,-84.97166
Wreck,Wreck,Wrecks,Florida to California,29.39612,-89.10670
Wreck,Wreck,Wrecks,Florida to California,29.40166,-94.86167
Wreck,Wreck,Wrecks,Florida to California,29.40326,-85.01341
Wreck,Wreck,Wrecks,Florida to California,29.41490,-94.68026
Wreck,Wreck,Wrecks,Florida to California,29.41625,-94.45099
Wreck,Wreck,Wrecks,Florida to California,29.41666,-94.80000
Wreck,Wreck,Wrecks,Florida to California,29.41667,-93.29999
Wreck,Wreck,Wrecks,Florida to California,29.41672,-94.45225
Wreck,Wreck,Wrecks,Florida to California,29.41927,-93.35188
Wreck,Wreck,Wrecks,Florida to California,29.41947,-94.83861
Wreck,Wreck,Wrecks,Florida to California,29.42263,-94.83446
Wreck,Wreck,Wrecks,Florida to California,29.42336,-89.16698
Wreck,Wreck,Wrecks,Florida to California,29.42445,-94.58327
Wreck,Wreck,Wrecks,Florida to California,29.42694,-94.83868
Wreck,Wreck,Wrecks,Florida to California,29.42784,-88.81628
Wreck,Wreck,Wrecks,Florida to California,29.42872,-88.81741
Wreck,Wreck,Wrecks,Florida to California,29.43236,-88.09452
Wreck,Wreck,Wrecks,Florida to California,29.43295,-93.78197
Wreck,Wreck,Wrecks,Florida to California,29.43349,-93.78381
Wreck,Wreck,Wrecks,Florida to California,29.43791,-94.41944
Wreck,Wreck,Wrecks,Florida to California,29.43931,-93.58681
Wreck,Wreck,Wrecks,Florida to California,29.44996,-94.89995
Wreck,Wreck,Wrecks,Florida to California,29.44997,-94.90330
Wreck,Wreck,Wrecks,Florida to California,29.45002,-94.81680
Wreck,Wreck,Wrecks,Florida to California,29.45007,-85.72026
Wreck,Wreck,Wrecks,Florida to California,29.45012,-94.89180
Wreck,Wreck,Wrecks,Florida to California,29.45025,-94.83524
Wreck,Wreck,Wrecks,Florida to California,29.45300,-80.87848
Wreck,Wreck,Wrecks,Florida to California,29.45336,-80.87942
Wreck,Wreck,Wrecks,Florida to California,29.45479,-94.91479
Wreck,Wreck,Wrecks,Florida to California,29.46165,-94.89001
Wreck,Wreck,Wrecks,Florida to California,29.46308,-88.02631
Wreck,Wreck,Wrecks,Florida to California,29.46685,-94.91685
Wreck,Wreck,Wrecks,Florida to California,29.46702,-93.76673
Wreck,Wreck,Wrecks,Florida to California,29.46710,-94.55430
Wreck,Wreck,Wrecks,Florida to California,29.46805,-94.43268
Wreck,Wreck,Wrecks,Florida to California,29.46829,-94.55469
Wreck,Wreck,Wrecks,Florida to California,29.46847,-94.88128
Wreck,Wreck,Wrecks,Florida to California,29.46984,-94.89335
Wreck,Wreck,Wrecks,Florida to California,29.47164,-89.35161
Wreck,Wreck,Wrecks,Florida to California,29.47278,-89.34722
Wreck,Wreck,Wrecks,Florida to California,29.47549,-89.14994
Wreck,Wreck,Wrecks,Florida to California,29.47664,-94.85494
Wreck,Wreck,Wrecks,Florida to California,29.47668,-89.31670
Wreck,Wreck,Wrecks,Florida to California,29.48000,-89.23694
Wreck,Wreck,Wrecks,Florida to California,29.48165,-94.87496
Wreck,Wreck,Wrecks,Florida to California,29.48333,-89.15007
Wreck,Wreck,Wrecks,Florida to California,29.48344,-89.50838
Wreck,Wreck,Wrecks,Florida to California,29.48347,-93.73474
Wreck,Wreck,Wrecks,Florida to California,29.48388,-89.41671
Wreck,Wreck,Wrecks,Florida to California,29.48715,-94.89317
Wreck,Wreck,Wrecks,Florida to California,29.48900,-89.12337
Wreck,Wreck,Wrecks,Florida to California,29.49160,-94.79305
Wreck,Wreck,Wrecks,Florida to California,29.49169,-88.92516
Wreck,Wreck,Wrecks,Florida to California,29.49184,-94.89505
Wreck,Wreck,Wrecks,Florida to California,29.49280,-89.12755
Wreck,Wreck,Wrecks,Florida to California,29.49354,-89.13073
Wreck,Wreck,Wrecks,Florida to California,29.49412,-94.89802
Wreck,Wreck,Wrecks,Florida to California,29.49480,-94.89349
Wreck,Wreck,Wrecks,Florida to California,29.49656,-94.90004
Wreck,Wreck,Wrecks,Florida to California,29.49826,-88.48646
Wreck,Wreck,Wrecks,Florida to California,29.49829,-94.81827
Wreck,Wreck,Wrecks,Florida to California,29.49834,-94.80837
Wreck,Wreck,Wrecks,Florida to California,29.49952,-84.68199
Wreck,Wreck,Wrecks,Florida to California,29.49999,-89.11669
Wreck,Wreck,Wrecks,Florida to California,29.50005,-84.68316
Wreck,Wreck,Wrecks,Florida to California,29.50026,-85.08326
Wreck,Wreck,Wrecks,Florida to California,29.50031,-89.57519
Wreck,Wreck,Wrecks,Florida to California,29.50040,-94.24986
Wreck,Wreck,Wrecks,Florida to California,29.50133,-94.89506
Wreck,Wreck,Wrecks,Florida to California,29.50219,-94.25011
Wreck,Wreck,Wrecks,Florida to California,29.50500,-85.12000
Wreck,Wreck,Wrecks,Florida to California,29.50745,-89.36608
Wreck,Wreck,Wrecks,Florida to California,29.51229,-93.46259
Wreck,Wreck,Wrecks,Florida to California,29.51239,-94.86587
Wreck,Wreck,Wrecks,Florida to California,29.51618,-94.32158
Wreck,Wreck,Wrecks,Florida to California,29.52331,-94.92469
Wreck,Wreck,Wrecks,Florida to California,29.52456,-86.55660
Wreck,Wreck,Wrecks,Florida to California,29.52497,-89.05506
Wreck,Wreck,Wrecks,Florida to California,29.52498,-94.89329
Wreck,Wreck,Wrecks,Florida to California,29.52498,-94.85161
Wreck,Wreck,Wrecks,Florida to California,29.52512,-94.90350
Wreck,Wreck,Wrecks,Florida to California,29.52649,-89.22872
Wreck,Wreck,Wrecks,Florida to California,29.52692,-94.07395
Wreck,Wreck,Wrecks,Florida to California,29.52880,-94.07504
Wreck,Wreck,Wrecks,Florida to California,29.52967,-94.98357
Wreck,Wreck,Wrecks,Florida to California,29.52985,-89.19159
Wreck,Wreck,Wrecks,Florida to California,29.53020,-94.86348
Wreck,Wreck,Wrecks,Florida to California,29.53286,-87.56664
Wreck,Wreck,Wrecks,Florida to California,29.53292,-84.57416
Wreck,Wreck,Wrecks,Florida to California,29.53309,-80.42517
Wreck,Wreck,Wrecks,Florida to California,29.53326,-88.61705
Wreck,Wreck,Wrecks,Florida to California,29.53329,-94.88329
Wreck,Wreck,Wrecks,Florida to California,29.53333,-87.93322
Wreck,Wreck,Wrecks,Florida to California,29.53340,-89.23310
Wreck,Wreck,Wrecks,Florida to California,29.53341,-88.74161
Wreck,Wreck,Wrecks,Florida to California,29.53349,-94.83346
Wreck,Wreck,Wrecks,Florida to California,29.53350,-94.85891
Wreck,Wreck,Wrecks,Florida to California,29.53400,-94.20019
Wreck,Wreck,Wrecks,Florida to California,29.53413,-94.88009
Wreck,Wreck,Wrecks,Florida to California,29.53500,-85.66083
Wreck,Wreck,Wrecks,Florida to California,29.54001,-84.95980
Wreck,Wreck,Wrecks,Florida to California,29.54167,-85.09833
Wreck,Wreck,Wrecks,Florida to California,29.54297,-84.44740
Wreck,Wreck,Wrecks,Florida to California,29.54306,-85.10556
Wreck,Wreck,Wrecks,Florida to California,29.54616,-94.97517
Wreck,Wreck,Wrecks,Florida to California,29.54691,-94.98346
Wreck,Wreck,Wrecks,Florida to California,29.55010,-94.91680
Wreck,Wreck,Wrecks,Florida to California,29.55024,-89.05004
Wreck,Wreck,Wrecks,Florida to California,29.55028,-89.23967
Wreck,Wreck,Wrecks,Florida to California,29.55085,-89.20916
Wreck,Wreck,Wrecks,Florida to California,29.55313,-94.94443
Wreck,Wreck,Wrecks,Florida to California,29.55491,-94.93133
Wreck,Wreck,Wrecks,Florida to California,29.55619,-94.86095
Wreck,Wreck,Wrecks,Florida to California,29.55675,-88.61223
Wreck,Wreck,Wrecks,Florida to California,29.55702,-93.89438
Wreck,Wreck,Wrecks,Florida to California,29.55829,-94.89940
Wreck,Wreck,Wrecks,Florida to California,29.55835,-89.30835
Wreck,Wreck,Wrecks,Florida to California,29.55888,-93.89678
Wreck,Wreck,Wrecks,Florida to California,29.56212,-94.98129
Wreck,Wreck,Wrecks,Florida to California,29.56339,-93.95504
Wreck,Wreck,Wrecks,Florida to California,29.56351,-84.96214
Wreck,Wreck,Wrecks,Florida to California,29.56392,-89.17333
Wreck,Wreck,Wrecks,Florida to California,29.56487,-89.47636
Wreck,Wreck,Wrecks,Florida to California,29.56582,-94.31615
Wreck,Wreck,Wrecks,Florida to California,29.56601,-85.01099
Wreck,Wreck,Wrecks,Florida to California,29.56678,-94.31662
Wreck,Wreck,Wrecks,Florida to California,29.56701,-81.14966
Wreck,Wreck,Wrecks,Florida to California,29.56720,-85.01032
Wreck,Wreck,Wrecks,Florida to California,29.56736,-94.99047
Wreck,Wreck,Wrecks,Florida to California,29.57163,-94.90607
Wreck,Wreck,Wrecks,Florida to California,29.57333,-94.90667
Wreck,Wreck,Wrecks,Florida to California,29.57461,-93.81809
Wreck,Wreck,Wrecks,Florida to California,29.57469,-94.98857
Wreck,Wreck,Wrecks,Florida to California,29.57629,-89.26490
Wreck,Wreck,Wrecks,Florida to California,29.57834,-89.11663
Wreck,Wreck,Wrecks,Florida to California,29.57882,-89.26503
Wreck,Wreck,Wrecks,Florida to California,29.58001,-89.25672
Wreck,Wreck,Wrecks,Florida to California,29.58361,-89.01655
Wreck,Wreck,Wrecks,Florida to California,29.58433,-80.57050
Wreck,Wreck,Wrecks,Florida to California,29.58470,-94.86884
Wreck,Wreck,Wrecks,Florida to California,29.58494,-89.49217
Wreck,Wreck,Wrecks,Florida to California,29.58676,-84.94655
Wreck,Wreck,Wrecks,Florida to California,29.58722,-84.94526
Wreck,Wreck,Wrecks,Florida to California,29.58744,-85.00557
Wreck,Wreck,Wrecks,Florida to California,29.58835,-89.23701
Wreck,Wreck,Wrecks,Florida to California,29.59006,-93.96823
Wreck,Wreck,Wrecks,Florida to California,29.59353,-94.91401
Wreck,Wreck,Wrecks,Florida to California,29.59435,-89.32321
Wreck,Wreck,Wrecks,Florida to California,29.59986,-94.01632
Wreck,Wreck,Wrecks,Florida to California,29.60002,-85.13338
Wreck,Wreck,Wrecks,Florida to California,29.60003,-93.88337
Wreck,Wreck,Wrecks,Florida to California,29.60027,-84.73333
Wreck,Wreck,Wrecks,Florida to California,29.60029,-94.88338
Wreck,Wreck,Wrecks,Florida to California,29.60088,-93.88365
Wreck,Wreck,Wrecks,Florida to California,29.60452,-89.28665
Wreck,Wreck,Wrecks,Florida to California,29.60528,-89.22065
Wreck,Wreck,Wrecks,Florida to California,29.61192,-85.11337
Wreck,Wreck,Wrecks,Florida to California,29.61196,-85.13004
Wreck,Wreck,Wrecks,Florida to California,29.61611,-94.04957
Wreck,Wreck,Wrecks,Florida to California,29.61695,-85.11670
Wreck,Wreck,Wrecks,Florida to California,29.61707,-84.61682
Wreck,Wreck,Wrecks,Florida to California,29.62362,-85.15672
Wreck,Wreck,Wrecks,Florida to California,29.62455,-88.39358
Wreck,Wreck,Wrecks,Florida to California,29.62833,-89.09667
Wreck,Wreck,Wrecks,Florida to California,29.62845,-89.10842
Wreck,Wreck,Wrecks,Florida to California,29.63329,-93.41657
Wreck,Wreck,Wrecks,Florida to California,29.63333,-88.86695
Wreck,Wreck,Wrecks,Florida to California,29.63347,-93.88373
Wreck,Wreck,Wrecks,Florida to California,29.63362,-85.36665
Wreck,Wreck,Wrecks,Florida to California,29.63410,-85.95087
Wreck,Wreck,Wrecks,Florida to California,29.63417,-85.30000
Wreck,Wreck,Wrecks,Florida to California,29.63437,-85.81672
Wreck,Wreck,Wrecks,Florida to California,29.63524,-88.88935
Wreck,Wreck,Wrecks,Florida to California,29.63598,-93.37804
Wreck,Wreck,Wrecks,Florida to California,29.63748,-93.93204
Wreck,Wreck,Wrecks,Florida to California,29.63823,-87.48018
Wreck,Wreck,Wrecks,Florida to California,29.63911,-88.89009
Wreck,Wreck,Wrecks,Florida to California,29.63938,-88.89129
Wreck,Wreck,Wrecks,Florida to California,29.63964,-93.85651
Wreck,Wreck,Wrecks,Florida to California,29.64028,-88.89957
Wreck,Wreck,Wrecks,Florida to California,29.64141,-88.89860
Wreck,Wreck,Wrecks,Florida to California,29.64150,-93.81208
Wreck,Wreck,Wrecks,Florida to California,29.64198,-85.36672
Wreck,Wreck,Wrecks,Florida to California,29.64210,-88.84737
Wreck,Wreck,Wrecks,Florida to California,29.64213,-89.26674
Wreck,Wreck,Wrecks,Florida to California,29.64329,-88.84733
Wreck,Wreck,Wrecks,Florida to California,29.64333,-88.89335
Wreck,Wreck,Wrecks,Florida to California,29.64339,-85.76946
Wreck,Wreck,Wrecks,Florida to California,29.64393,-88.53400
Wreck,Wreck,Wrecks,Florida to California,29.64575,-93.83197
Wreck,Wreck,Wrecks,Florida to California,29.64658,-93.83461
Wreck,Wreck,Wrecks,Florida to California,29.64684,-93.83676
Wreck,Wreck,Wrecks,Florida to California,29.64831,-93.82125
Wreck,Wreck,Wrecks,Florida to California,29.64833,-85.33833
Wreck,Wreck,Wrecks,Florida to California,29.64839,-93.84664
Wreck,Wreck,Wrecks,Florida to California,29.64858,-93.81853
Wreck,Wreck,Wrecks,Florida to California,29.64958,-89.21565
Wreck,Wreck,Wrecks,Florida to California,29.64991,-93.42516
Wreck,Wreck,Wrecks,Florida to California,29.65038,-94.02244
Wreck,Wreck,Wrecks,Florida to California,29.65077,-93.83529
Wreck,Wreck,Wrecks,Florida to California,29.65136,-89.00692
Wreck,Wreck,Wrecks,Florida to California,29.65139,-93.84465
Wreck,Wreck,Wrecks,Florida to California,29.65433,-93.82450
Wreck,Wreck,Wrecks,Florida to California,29.65559,-93.84118
Wreck,Wreck,Wrecks,Florida to California,29.65639,-93.82417
Wreck,Wreck,Wrecks,Florida to California,29.65700,-89.36200
Wreck,Wreck,Wrecks,Florida to California,29.65858,-88.88310
Wreck,Wreck,Wrecks,Florida to California,29.66122,-93.82497
Wreck,Wreck,Wrecks,Florida to California,29.66577,-93.43932
Wreck,Wreck,Wrecks,Florida to California,29.66597,-93.82703
Wreck,Wreck,Wrecks,Florida to California,29.66757,-93.99654
Wreck,Wreck,Wrecks,Florida to California,29.66827,-93.84027
Wreck,Wreck,Wrecks,Florida to California,29.67075,-93.82658
Wreck,Wreck,Wrecks,Florida to California,29.67125,-89.28808
Wreck,Wreck,Wrecks,Florida to California,29.67149,-84.33313
Wreck,Wreck,Wrecks,Florida to California,29.67166,-93.82798
Wreck,Wreck,Wrecks,Florida to California,29.67237,-93.42751
Wreck,Wreck,Wrecks,Florida to California,29.67239,-93.42613
Wreck,Wreck,Wrecks,Florida to California,29.67404,-93.95759
Wreck,Wreck,Wrecks,Florida to California,29.67479,-93.73976
Wreck,Wreck,Wrecks,Florida to California,29.67480,-93.73675
Wreck,Wreck,Wrecks,Florida to California,29.67500,-85.69167
Wreck,Wreck,Wrecks,Florida to California,29.67888,-93.82981
Wreck,Wreck,Wrecks,Florida to California,29.67995,-93.83014
Wreck,Wreck,Wrecks,Florida to California,29.68167,-88.90000
Wreck,Wreck,Wrecks,Florida to California,29.68332,-93.33995
Wreck,Wreck,Wrecks,Florida to California,29.68342,-93.47446
Wreck,Wreck,Wrecks,Florida to California,29.68345,-88.78315
Wreck,Wreck,Wrecks,Florida to California,29.68447,-93.47418
Wreck,Wreck,Wrecks,Florida to California,29.68652,-93.82656
Wreck,Wreck,Wrecks,Florida to California,29.69000,-84.60056
Wreck,Wreck,Wrecks,Florida to California,29.69191,-93.81696
Wreck,Wreck,Wrecks,Florida to California,29.69281,-89.36478
Wreck,Wreck,Wrecks,Florida to California,29.69318,-93.58385
Wreck,Wreck,Wrecks,Florida to California,29.69351,-93.81946
Wreck,Wreck,Wrecks,Florida to California,29.69801,-93.34193
Wreck,Wreck,Wrecks,Florida to California,29.70063,-93.81339
Wreck,Wreck,Wrecks,Florida to California,29.70075,-93.60817
Wreck,Wreck,Wrecks,Florida to California,29.70793,-89.05011
Wreck,Wreck,Wrecks,Florida to California,29.71602,-88.03301
Wreck,Wreck,Wrecks,Florida to California,29.71606,-84.62547
Wreck,Wreck,Wrecks,Florida to California,29.71689,-93.76683
Wreck,Wreck,Wrecks,Florida to California,29.71833,-93.36629
Wreck,Wreck,Wrecks,Florida to California,29.72417,-84.27588
Wreck,Wreck,Wrecks,Florida to California,29.72500,-86.36500
Wreck,Wreck,Wrecks,Florida to California,29.72513,-84.27517
Wreck,Wreck,Wrecks,Florida to California,29.72649,-84.19678
Wreck,Wreck,Wrecks,Florida to California,29.72720,-86.36452
Wreck,Wreck,Wrecks,Florida to California,29.72978,-88.83881
Wreck,Wreck,Wrecks,Florida to California,29.73333,-85.68333
Wreck,Wreck,Wrecks,Florida to California,29.73385,-85.76243
Wreck,Wreck,Wrecks,Florida to California,29.73680,-89.30838
Wreck,Wreck,Wrecks,Florida to California,29.74598,-93.34464
Wreck,Wreck,Wrecks,Florida to California,29.74975,-88.60894
Wreck,Wreck,Wrecks,Florida to California,29.75000,-87.00000
Wreck,Wreck,Wrecks,Florida to California,29.75021,-93.29476
Wreck,Wreck,Wrecks,Florida to California,29.75025,-93.35000
Wreck,Wreck,Wrecks,Florida to California,29.75028,-93.35110
Wreck,Wreck,Wrecks,Florida to California,29.75072,-85.42678
Wreck,Wreck,Wrecks,Florida to California,29.76167,-84.65833
Wreck,Wreck,Wrecks,Florida to California,29.76667,-88.16667
Wreck,Wreck,Wrecks,Florida to California,29.77282,-84.47963
Wreck,Wreck,Wrecks,Florida to California,29.77642,-88.78106
Wreck,Wreck,Wrecks,Florida to California,29.77903,-84.50278
Wreck,Wreck,Wrecks,Florida to California,29.77999,-93.90362
Wreck,Wreck,Wrecks,Florida to California,29.78328,-93.91545
Wreck,Wreck,Wrecks,Florida to California,29.78333,-85.39333
Wreck,Wreck,Wrecks,Florida to California,29.78359,-93.92784
Wreck,Wreck,Wrecks,Florida to California,29.78563,-93.91680
Wreck,Wreck,Wrecks,Florida to California,29.78590,-93.91892
Wreck,Wreck,Wrecks,Florida to California,29.78700,-93.91299
Wreck,Wreck,Wrecks,Florida to California,29.78829,-80.62410
Wreck,Wreck,Wrecks,Florida to California,29.78853,-87.16292
Wreck,Wreck,Wrecks,Florida to California,29.78900,-84.66300
Wreck,Wreck,Wrecks,Florida to California,29.78960,-88.99526
Wreck,Wreck,Wrecks,Florida to California,29.79321,-84.66583
Wreck,Wreck,Wrecks,Florida to California,29.80667,-84.64500
Wreck,Wreck,Wrecks,Florida to California,29.80694,-84.66271
Wreck,Wreck,Wrecks,Florida to California,29.80823,-84.44676
Wreck,Wreck,Wrecks,Florida to California,29.80989,-84.44656
Wreck,Wreck,Wrecks,Florida to California,29.81283,-88.77297
Wreck,Wreck,Wrecks,Florida to California,29.81642,-88.54996
Wreck,Wreck,Wrecks,Florida to California,29.82000,-86.27333
Wreck,Wreck,Wrecks,Florida to California,29.82002,-84.37054
Wreck,Wreck,Wrecks,Florida to California,29.82161,-83.76347
Wreck,Wreck,Wrecks,Florida to California,29.82209,-86.27214
Wreck,Wreck,Wrecks,Florida to California,29.82949,-88.99179
Wreck,Wreck,Wrecks,Florida to California,29.83435,-87.25617
Wreck,Wreck,Wrecks,Florida to California,29.83750,-85.69333
Wreck,Wreck,Wrecks,Florida to California,29.84345,-84.15191
Wreck,Wreck,Wrecks,Florida to California,29.85197,-84.19961
Wreck,Wreck,Wrecks,Florida to California,29.86187,-84.39690
Wreck,Wreck,Wrecks,Florida to California,29.86571,-81.24834
Wreck,Wreck,Wrecks,Florida to California,29.86591,-83.99367
Wreck,Wreck,Wrecks,Florida to California,29.87167,-88.99500
Wreck,Wreck,Wrecks,Florida to California,29.87993,-88.33467
Wreck,Wreck,Wrecks,Florida to California,29.90238,-88.85172
Wreck,Wreck,Wrecks,Florida to California,29.90319,-88.80820
Wreck,Wreck,Wrecks,Florida to California,29.90333,-86.76833
Wreck,Wreck,Wrecks,Florida to California,29.90410,-88.77352
Wreck,Wreck,Wrecks,Florida to California,29.90482,-86.76689
Wreck,Wreck,Wrecks,Florida to California,29.90520,-85.86680
Wreck,Wreck,Wrecks,Florida to California,29.90576,-89.02404
Wreck,Wreck,Wrecks,Florida to California,29.90774,-88.13353
Wreck,Wreck,Wrecks,Florida to California,29.91005,-88.94832
Wreck,Wreck,Wrecks,Florida to California,29.91667,-86.58333
Wreck,Wreck,Wrecks,Florida to California,29.91680,-86.59161
Wreck,Wreck,Wrecks,Florida to California,29.91879,-86.58341
Wreck,Wreck,Wrecks,Florida to California,29.91957,-88.40938
Wreck,Wreck,Wrecks,Florida to California,29.92374,-85.43182
Wreck,Wreck,Wrecks,Florida to California,29.94694,-88.04500
Wreck,Wreck,Wrecks,Florida to California,29.94833,-87.55833
Wreck,Wreck,Wrecks,Florida to California,29.94985,-88.61508
Wreck,Wreck,Wrecks,Florida to California,29.95045,-88.91677
Wreck,Wreck,Wrecks,Florida to California,29.95057,-88.08288
Wreck,Wreck,Wrecks,Florida to California,29.95517,-88.95526
Wreck,Wreck,Wrecks,Florida to California,29.95851,-80.44175
Wreck,Wreck,Wrecks,Florida to California,29.96012,-93.84900
Wreck,Wreck,Wrecks,Florida to California,29.96167,-81.01333
Wreck,Wreck,Wrecks,Florida to California,29.96370,-81.01300
Wreck,Wreck,Wrecks,Florida to California,29.96667,-86.58917
Wreck,Wreck,Wrecks,Florida to California,29.98373,-85.66657
Wreck,Wreck,Wrecks,Florida to California,29.98660,-87.89938
Wreck,Wreck,Wrecks,Florida to California,29.98667,-87.30333
Wreck,Wreck,Wrecks,Florida to California,29.98711,-87.90037
Wreck,Wreck,Wrecks,Florida to California,29.99833,-85.89000
Wreck,Wreck,Wrecks,Florida to California,29.99878,-87.35068
Wreck,Wreck,Wrecks,Florida to California,30.00270,-80.55795
Wreck,Wreck,Wrecks,Florida to California,30.00398,-86.86017
Wreck,Wreck,Wrecks,Florida to California,30.01406,-86.71607
Wreck,Wreck,Wrecks,Florida to California,30.01947,-88.12325
Wreck,Wreck,Wrecks,Florida to California,30.03023,-90.14481
Wreck,Wreck,Wrecks,Florida to California,30.03238,-87.29083
Wreck,Wreck,Wrecks,Florida to California,30.03334,-90.13332
Wreck,Wreck,Wrecks,Florida to California,30.03469,-88.51536
Wreck,Wreck,Wrecks,Florida to California,30.03505,-89.76462
Wreck,Wreck,Wrecks,Florida to California,30.03514,-87.18489
Wreck,Wreck,Wrecks,Florida to California,30.03657,-90.14764
Wreck,Wreck,Wrecks,Florida to California,30.03980,-90.11675
Wreck,Wreck,Wrecks,Florida to California,30.04428,-87.53818
Wreck,Wreck,Wrecks,Florida to California,30.04500,-90.21667
Wreck,Wreck,Wrecks,Florida to California,30.04611,-86.09419
Wreck,Wreck,Wrecks,Florida to California,30.04659,-86.09333
Wreck,Wreck,Wrecks,Florida to California,30.04819,-88.32926
Wreck,Wreck,Wrecks,Florida to California,30.04847,-88.52033
Wreck,Wreck,Wrecks,Florida to California,30.05000,-87.13500
Wreck,Wreck,Wrecks,Florida to California,30.05149,-88.89354
Wreck,Wreck,Wrecks,Florida to California,30.05178,-88.89225
Wreck,Wreck,Wrecks,Florida to California,30.05225,-88.89756
Wreck,Wreck,Wrecks,Florida to California,30.05622,-87.70665
Wreck,Wreck,Wrecks,Florida to California,30.05667,-88.51833
Wreck,Wreck,Wrecks,Florida to California,30.05808,-87.81374
Wreck,Wreck,Wrecks,Florida to California,30.05840,-88.88720
Wreck,Wreck,Wrecks,Florida to California,30.05849,-87.70689
Wreck,Wreck,Wrecks,Florida to California,30.05863,-87.81227
Wreck,Wreck,Wrecks,Florida to California,30.05946,-88.88680
Wreck,Wreck,Wrecks,Florida to California,30.06061,-85.82483
Wreck,Wreck,Wrecks,Florida to California,30.06544,-87.70858
Wreck,Wreck,Wrecks,Florida to California,30.06635,-90.11338
Wreck,Wreck,Wrecks,Florida to California,30.06668,-90.31029
Wreck,Wreck,Wrecks,Florida to California,30.06750,-85.78333
Wreck,Wreck,Wrecks,Florida to California,30.07322,-90.15200
Wreck,Wreck,Wrecks,Florida to California,30.08167,-90.19833
Wreck,Wreck,Wrecks,Florida to California,30.08311,-90.15368
Wreck,Wreck,Wrecks,Florida to California,30.08330,-85.70407
Wreck,Wreck,Wrecks,Florida to California,30.08365,-85.76655
Wreck,Wreck,Wrecks,Florida to California,30.08384,-90.26710
Wreck,Wreck,Wrecks,Florida to California,30.08385,-87.68105
Wreck,Wreck,Wrecks,Florida to California,30.08974,-87.38513
Wreck,Wreck,Wrecks,Florida to California,30.09023,-85.76542
Wreck,Wreck,Wrecks,Florida to California,30.09392,-85.94256
Wreck,Wreck,Wrecks,Florida to California,30.09452,-86.94260
Wreck,Wreck,Wrecks,Florida to California,30.09537,-87.76843
Wreck,Wreck,Wrecks,Florida to California,30.09605,-87.76948
Wreck,Wreck,Wrecks,Florida to California,30.09863,-86.73557
Wreck,Wreck,Wrecks,Florida to California,30.09878,-89.09957
Wreck,Wreck,Wrecks,Florida to California,30.09927,-89.10192
Wreck,Wreck,Wrecks,Florida to California,30.09981,-86.08334
Wreck,Wreck,Wrecks,Florida to California,30.09993,-86.72617
Wreck,Wreck,Wrecks,Florida to California,30.10096,-86.08191
Wreck,Wreck,Wrecks,Florida to California,30.10104,-87.39167
Wreck,Wreck,Wrecks,Florida to California,30.10833,-80.39833
Wreck,Wreck,Wrecks,Florida to California,30.11037,-89.51246
Wreck,Wreck,Wrecks,Florida to California,30.11046,-88.63216
Wreck,Wreck,Wrecks,Florida to California,30.11051,-85.70221
Wreck,Wreck,Wrecks,Florida to California,30.11534,-89.81284
Wreck,Wreck,Wrecks,Florida to California,30.11553,-85.70287
Wreck,Wreck,Wrecks,Florida to California,30.11677,-85.70002
Wreck,Wreck,Wrecks,Florida to California,30.11941,-87.18678
Wreck,Wreck,Wrecks,Florida to California,30.11982,-90.15740
Wreck,Wreck,Wrecks,Florida to California,30.12000,-87.18774
Wreck,Wreck,Wrecks,Florida to California,30.12080,-85.69898
Wreck,Wreck,Wrecks,Florida to California,30.12499,-85.69870
Wreck,Wreck,Wrecks,Florida to California,30.12784,-88.63291
Wreck,Wreck,Wrecks,Florida to California,30.12834,-88.63378
Wreck,Wreck,Wrecks,Florida to California,30.12899,-87.52839
Wreck,Wreck,Wrecks,Florida to California,30.13329,-87.20004
Wreck,Wreck,Wrecks,Florida to California,30.13333,-87.76667
Wreck,Wreck,Wrecks,Florida to California,30.13503,-89.01083
Wreck,Wreck,Wrecks,Florida to California,30.13739,-85.70811
Wreck,Wreck,Wrecks,Florida to California,30.13794,-90.14431
Wreck,Wreck,Wrecks,Florida to California,30.14174,-89.80853
Wreck,Wreck,Wrecks,Florida to California,30.14278,-90.04639
Wreck,Wreck,Wrecks,Florida to California,30.14417,-88.33944
Wreck,Wreck,Wrecks,Florida to California,30.14699,-89.78673
Wreck,Wreck,Wrecks,Florida to California,30.14833,-85.68500
Wreck,Wreck,Wrecks,Florida to California,30.15003,-85.69999
Wreck,Wreck,Wrecks,Florida to California,30.15176,-89.34743
Wreck,Wreck,Wrecks,Florida to California,30.15362,-88.47488
Wreck,Wreck,Wrecks,Florida to California,30.15483,-89.07900
Wreck,Wreck,Wrecks,Florida to California,30.15590,-90.06530
Wreck,Wreck,Wrecks,Florida to California,30.15611,-89.07639
Wreck,Wreck,Wrecks,Florida to California,30.15643,-87.15016
Wreck,Wreck,Wrecks,Florida to California,30.15655,-87.15324
Wreck,Wreck,Wrecks,Florida to California,30.15667,-87.69083
Wreck,Wreck,Wrecks,Florida to California,30.16112,-88.17119
Wreck,Wreck,Wrecks,Florida to California,30.16833,-89.27000
Wreck,Wreck,Wrecks,Florida to California,30.16897,-87.51133
Wreck,Wreck,Wrecks,Florida to California,30.17164,-90.32155
Wreck,Wreck,Wrecks,Florida to California,30.17208,-88.03687
Wreck,Wreck,Wrecks,Florida to California,30.17416,-88.90026
Wreck,Wreck,Wrecks,Florida to California,30.17492,-88.88235
Wreck,Wreck,Wrecks,Florida to California,30.17508,-88.88413
Wreck,Wreck,Wrecks,Florida to California,30.17518,-89.11687
Wreck,Wreck,Wrecks,Florida to California,30.17865,-89.23840
Wreck,Wreck,Wrecks,Florida to California,30.18001,-89.23472
Wreck,Wreck,Wrecks,Florida to California,30.18181,-88.05727
Wreck,Wreck,Wrecks,Florida to California,30.18217,-88.91783
Wreck,Wreck,Wrecks,Florida to California,30.18253,-88.92136
Wreck,Wreck,Wrecks,Florida to California,30.18280,-88.20702
Wreck,Wreck,Wrecks,Florida to California,30.18327,-88.91788
Wreck,Wreck,Wrecks,Florida to California,30.18339,-87.23365
Wreck,Wreck,Wrecks,Florida to California,30.18415,-88.91928
Wreck,Wreck,Wrecks,Florida to California,30.18952,-89.23847
Wreck,Wreck,Wrecks,Florida to California,30.19166,-87.21378
Wreck,Wreck,Wrecks,Florida to California,30.19345,-89.06178
Wreck,Wreck,Wrecks,Florida to California,30.19583,-87.93583
Wreck,Wreck,Wrecks,Florida to California,30.20013,-89.30013
Wreck,Wreck,Wrecks,Florida to California,30.20026,-89.04993
Wreck,Wreck,Wrecks,Florida to California,30.20129,-85.97326
Wreck,Wreck,Wrecks,Florida to California,30.20210,-87.60441
Wreck,Wreck,Wrecks,Florida to California,30.20338,-87.22445
Wreck,Wreck,Wrecks,Florida to California,30.20512,-88.51635
Wreck,Wreck,Wrecks,Florida to California,30.20667,-89.03833
Wreck,Wreck,Wrecks,Florida to California,30.21370,-88.03562
Wreck,Wreck,Wrecks,Florida to California,30.21469,-88.78005
Wreck,Wreck,Wrecks,Florida to California,30.21592,-88.91110
Wreck,Wreck,Wrecks,Florida to California,30.21881,-88.04164
Wreck,Wreck,Wrecks,Florida to California,30.21908,-87.32293
Wreck,Wreck,Wrecks,Florida to California,30.21926,-89.23979
Wreck,Wreck,Wrecks,Florida to California,30.21968,-88.98374
Wreck,Wreck,Wrecks,Florida to California,30.22083,-86.70333
Wreck,Wreck,Wrecks,Florida to California,30.22333,-88.79175
Wreck,Wreck,Wrecks,Florida to California,30.22334,-88.72835
Wreck,Wreck,Wrecks,Florida to California,30.22410,-85.93671
Wreck,Wreck,Wrecks,Florida to California,30.22472,-90.04861
Wreck,Wreck,Wrecks,Florida to California,30.22521,-88.88177
Wreck,Wreck,Wrecks,Florida to California,30.22550,-90.34360
Wreck,Wreck,Wrecks,Florida to California,30.22886,-88.82903
Wreck,Wreck,Wrecks,Florida to California,30.23036,-88.77343
Wreck,Wreck,Wrecks,Florida to California,30.23419,-88.75667
Wreck,Wreck,Wrecks,Florida to California,30.23489,-86.03834
Wreck,Wreck,Wrecks,Florida to California,30.23692,-88.77831
Wreck,Wreck,Wrecks,Florida to California,30.23821,-90.26337
Wreck,Wreck,Wrecks,Florida to California,30.23950,-88.82008
Wreck,Wreck,Wrecks,Florida to California,30.24000,-88.95167
Wreck,Wreck,Wrecks,Florida to California,30.24035,-88.43495
Wreck,Wreck,Wrecks,Florida to California,30.24038,-88.40989
Wreck,Wreck,Wrecks,Florida to California,30.24240,-89.25610
Wreck,Wreck,Wrecks,Florida to California,30.24500,-88.82841
Wreck,Wreck,Wrecks,Florida to California,30.24576,-90.11689
Wreck,Wreck,Wrecks,Florida to California,30.24684,-88.90989
Wreck,Wreck,Wrecks,Florida to California,30.24833,-89.10833
Wreck,Wreck,Wrecks,Florida to California,30.24913,-88.43590
Wreck,Wreck,Wrecks,Florida to California,30.24944,-88.86211
Wreck,Wreck,Wrecks,Florida to California,30.24967,-88.43334
Wreck,Wreck,Wrecks,Florida to California,30.25000,-88.45167
Wreck,Wreck,Wrecks,Florida to California,30.25000,-88.61667
Wreck,Wreck,Wrecks,Florida to California,30.25010,-85.98363
Wreck,Wreck,Wrecks,Florida to California,30.25011,-90.32532
Wreck,Wreck,Wrecks,Florida to California,30.25044,-89.18364
Wreck,Wreck,Wrecks,Florida to California,30.25313,-90.27832
Wreck,Wreck,Wrecks,Florida to California,30.26518,-86.81555
Wreck,Wreck,Wrecks,Florida to California,30.26650,-86.81643
Wreck,Wreck,Wrecks,Florida to California,30.27306,-89.24444
Wreck,Wreck,Wrecks,Florida to California,30.28189,-90.15848
Wreck,Wreck,Wrecks,Florida to California,30.28701,-90.16715
Wreck,Wreck,Wrecks,Florida to California,30.28706,-80.66946
Wreck,Wreck,Wrecks,Florida to California,30.29482,-86.81723
Wreck,Wreck,Wrecks,Florida to California,30.29798,-86.45630
Wreck,Wreck,Wrecks,Florida to California,30.30598,-90.15137
Wreck,Wreck,Wrecks,Florida to California,30.31655,-90.06676
Wreck,Wreck,Wrecks,Florida to California,30.32373,-80.94425
Wreck,Wreck,Wrecks,Florida to California,30.32833,-90.16337
Wreck,Wreck,Wrecks,Florida to California,30.33327,-90.23337
Wreck,Wreck,Wrecks,Florida to California,30.33346,-90.13295
Wreck,Wreck,Wrecks,Florida to California,30.34069,-86.71656
Wreck,Wreck,Wrecks,Florida to California,30.34557,-86.49082
Wreck,Wreck,Wrecks,Florida to California,30.34693,-81.21461
Wreck,Wreck,Wrecks,Florida to California,30.35671,-86.42810
Wreck,Wreck,Wrecks,Florida to California,30.35733,-86.42908
Wreck,Wreck,Wrecks,Florida to California,30.36165,-86.52671
Wreck,Wreck,Wrecks,Florida to California,30.36781,-86.51671
Wreck,Wreck,Wrecks,Florida to California,30.37275,-86.50507
Wreck,Wreck,Wrecks,Florida to California,30.37342,-86.50665
Wreck,Wreck,Wrecks,Florida to California,30.38767,-80.58978
Wreck,Wreck,Wrecks,Florida to California,30.38848,-81.17015
Wreck,Wreck,Wrecks,Florida to California,30.38921,-81.34732
Wreck,Wreck,Wrecks,Florida to California,30.39809,-81.38034
Wreck,Wreck,Wrecks,Florida to California,30.40132,-81.37905
Wreck,Wreck,Wrecks,Florida to California,30.40153,-81.38083
Wreck,Wreck,Wrecks,Florida to California,30.40731,-81.26131
Wreck,Wreck,Wrecks,Florida to California,30.40854,-81.39651
Wreck,Wreck,Wrecks,Florida to California,30.41308,-81.25988
Wreck,Wreck,Wrecks,Florida to California,30.42264,-81.22480
Wreck,Wreck,Wrecks,Florida to California,30.42761,-81.24047
Wreck,Wreck,Wrecks,Florida to California,30.42892,-81.22375
Wreck,Wreck,Wrecks,Florida to California,30.43317,-81.17050
Wreck,Wreck,Wrecks,Florida to California,30.46181,-81.23755
Wreck 2170,Wreck,Wrecks,Florida to California,27.18674,-82.87247
Wreck 4319,Wreck,Wrecks,Florida to California,24.47994,-81.54963
Wreck 500,Wreck,Wrecks,Florida to California,30.48423,-81.22008
Wreck 6,Wreck,Wrecks,Florida to California,30.45322,-80.48488
Wreck 7,Wreck,Wrecks,Florida to California,30.45132,-80.41427
Wreck 8,Wreck,Wrecks,Florida to California,30.42082,-80.43472
Wreck B 1,Wreck,Wrecks,Florida to California,27.27631,-82.59933
Wreck Groupertrigger,Wreck,Wrecks,Florida to California,30.11616,-80.48829
Wreck HOT,Wreck,Wrecks,Florida to California,29.98515,-80.58035
Wreck John Smith,Wreck,Wrecks,Florida to California,27.85338,-83.61952
Wreck LSM,Wreck,Wrecks,Florida to California,27.85117,-83.02963
Wreck N Of Freighter,Wreck,Wrecks,Florida to California,30.20828,-87.22350
Wreck Of The Sufix I Concrete Sailboat,Wreck,Wrecks,Florida to California,28.33411,-80.20277
Wreck Palm,Wreck,Wrecks,Florida to California,26.82167,-82.53366
Wreck-1590,Wreck,Wrecks,Florida to California,30.38625,-81.15817
Wreckboy Watson Island SMZ,Wreck,Wrecks,Florida to California,25.69090,-80.08230
Wreckbr,Wreck,Wrecks,Florida to California,26.76613,-82.84656
Wrecks,Wreck,Wrecks,Florida to California,25.54667,-80.10200
Accomac Canyon,Canyon,Canyons,Maine to Georgia,37.81049,-74.06088
Baltimore Canyon Tip,Canyon,Canyons,Maine to Georgia,38.24633,-73.84255
Canychicken Canyon,Canyon,Canyons,Maine to Georgia,39.72952,-72.88177
Canyon,Canyon,Canyons,Maine to Georgia,39.87992,-73.05900
Canyon Finger,Canyon,Canyons,Maine to Georgia,34.83332,-75.38839
Canyon Pocket,Canyon,Canyons,Maine to Georgia,38.44010,-73.58183
Canyon Tip,Canyon,Canyons,Maine to Georgia,34.83340,-75.38942
Chicken Canyon,Canyon,Canyons,Maine to Georgia,39.87333,-73.05833
Duffie Canyon,Canyon,Canyons,Maine to Georgia,35.39163,-74.88805
E Elbow/Hudson Canyon,Canyon,Canyons,Maine to Georgia,39.55063,-72.38182
Frenzy Canyon,Canyon,Canyons,Maine to Georgia,35.14469,-75.17192
Hatteras Canyon Tip South,Canyon,Canyons,Maine to Georgia,34.98313,-75.23550
Hudson Canyon,Canyon,Canyons,Maine to Georgia,39.66350,-72.46717
Hudson Canyon Letters,Canyon,Canyons,Maine to Georgia,39.50355,-72.41873
Hudson Canyon Tip,Canyon,Canyons,Maine to Georgia,39.66873,-72.47645
Hull Canyon,Canyon,Canyons,Maine to Georgia,37.24999,-74.30000
Lindenkohl Canyon,Canyon,Canyons,Maine to Georgia,38.83067,-72.97967
Little Canyon,Canyon,Canyons,Maine to Georgia,35.45757,-74.83350
Masseys Canyon,Canyon,Canyons,Maine to Georgia,38.37500,-74.39167
Norfolk Canyon Tip,Canyon,Canyons,Maine to Georgia,37.09276,-74.77637
North Heyes Canyon,Canyon,Canyons,Maine to Georgia,38.24999,-73.53333
Pamlico Canyon,Canyon,Canyons,Maine to Georgia,34.82683,-75.41833
Poormans Canyon,Canyon,Canyons,Maine to Georgia,37.87007,-74.08700
South Heyes Canyon,Canyon,Canyons,Maine to Georgia,38.21666,-73.56667
South Vries Canyon,Canyon,Canyons,Maine to Georgia,38.08333,-73.66667
Southern Canyon Tip,Canyon,Canyons,Maine to Georgia,34.65400,-75.48800
W Elbow/Hudson Canyon,Canyon,Canyons,Maine to Georgia,39.54898,-72.43545
Washington Canyon,Canyon,Canyons,Maine to Georgia,37.45000,-74.48333
Wilmington Canyon,Canyon,Canyons,Maine to Georgia,38.37611,-73.48755
13 Mile-Bottom,Hole,Holes,Maine to Georgia,33.94456,-77.63790
14 Fathom Hole,Hole,Holes,Maine to Georgia,40.91399,-72.11230
140 Foot Hole,Hole,Holes,Maine to Georgia,31.07129,-80.11103
160 Hole,Hole,Holes,Maine to Georgia,32.51000,-78.40901
21 Fathom Hole,Hole,Holes,Maine to Georgia,39.79633,-73.60800
228 Fathom Hole,Hole,Holes,Maine to Georgia,34.66170,-75.55733
27 Fathom Hole,Hole,Holes,Maine to Georgia,39.08218,-73.76397
285 Manhole,Hole,Holes,Maine to Georgia,34.55629,-76.43672
30 Fathom Hole,Hole,Holes,Maine to Georgia,37.56283,-74.74933
31 Hole West Of N 16,Hole,Holes,Maine to Georgia,37.12720,-76.07140
380 Hole,Hole,Holes,Maine to Georgia,32.12683,-78.94500
41 A Hole IN Wall,Hole,Holes,Maine to Georgia,37.49390,-76.18652
65 Hole South,Hole,Holes,Maine to Georgia,33.59770,-78.46112
65' Hole East,Hole,Holes,Maine to Georgia,33.62533,-78.41813
65' Hole North,Hole,Holes,Maine to Georgia,33.64880,-78.44092
65' Hole South,Hole,Holes,Maine to Georgia,33.59367,-78.25178
65' Hole West,Hole,Holes,Maine to Georgia,33.61283,-78.48140
70 Hole,Hole,Holes,Maine to Georgia,33.58620,-78.41733
710 Hole,Hole,Holes,Maine to Georgia,33.97499,-76.26467
American Red Hole,Hole,Holes,Maine to Georgia,33.90000,-76.60167
Assateague Hole,Hole,Holes,Maine to Georgia,38.17928,-74.81637
Baldins Hole,Hole,Holes,Maine to Georgia,41.19791,-72.06722
Big Hole,Hole,Holes,Maine to Georgia,34.00911,-76.26836
Blueline Tile Hole,Hole,Holes,Maine to Georgia,34.82410,-75.43310
Brickmans Hole,Hole,Holes,Maine to Georgia,41.10620,-72.43707
BSB Hole,Hole,Holes,Maine to Georgia,34.23460,-77.59875
Butterfish Hole,Hole,Holes,Maine to Georgia,40.76782,-71.88180
Butterfish Hole,Hole,Holes,Maine to Georgia,40.92950,-71.71900
Captain Cavemans Hole,Hole,Holes,Maine to Georgia,40.98762,-73.15224
Cholera Bank,Hole,Holes,Maine to Georgia,40.44407,-73.54470
Cholera Bank E L,Hole,Holes,Maine to Georgia,40.46350,-73.46317
Cholera Bank L,Hole,Holes,Maine to Georgia,40.44117,-73.53917
Cholerabks,Hole,Holes,Maine to Georgia,40.43486,-73.53450
Crusty ALS Hole,Hole,Holes,Maine to Georgia,38.93790,-73.48873
Deep Hole,Hole,Holes,Maine to Georgia,33.67500,-76.77968
Deep Hole,Hole,Holes,Maine to Georgia,33.96830,-76.35008
Deep Hole NW,Hole,Holes,Maine to Georgia,33.98300,-76.35083
Deep Hole SW,Hole,Holes,Maine to Georgia,33.96666,-76.33334
Devils A Hole,Hole,Holes,Maine to Georgia,33.67527,-76.78087
Dusky Hole,Hole,Holes,Maine to Georgia,39.68433,-73.53450
Dusky Hole,Hole,Holes,Maine to Georgia,39.75217,-73.50683
FM Hole,Hole,Holes,Maine to Georgia,38.88980,-73.22575
FM Hole,Hole,Holes,Maine to Georgia,38.89710,-73.11615
FM Hole,Hole,Holes,Maine to Georgia,39.07500,-73.72500
Frank Seniors Hole,Hole,Holes,Maine to Georgia,32.27031,-79.14684
G 9 Butler Hole,Hole,Holes,Maine to Georgia,41.53576,-69.99110
Georgetown Hole,Hole,Holes,Maine to Georgia,32.54383,-78.58083
Glory Hole,Hole,Holes,Maine to Georgia,39.93333,-73.13650
Glory Hole,Hole,Holes,Maine to Georgia,39.93583,-73.23717
Glory Hole,Hole,Holes,Maine to Georgia,39.93630,-73.20045
Glory Hole,Hole,Holes,Maine to Georgia,39.94167,-73.23167
Glory Hole,Hole,Holes,Maine to Georgia,39.94800,-73.31767
Glory Hole,Hole,Holes,Maine to Georgia,39.95120,-73.30149
Great Bottom,Hole,Holes,Maine to Georgia,32.36865,-79.57050
Grouper Hole,Hole,Holes,Maine to Georgia,33.90833,-76.42084
Hard Bottom,Hole,Holes,Maine to Georgia,32.46883,-78.91904
Hatteras Hole,Hole,Holes,Maine to Georgia,35.09069,-75.22912
Hole,Hole,Holes,Maine to Georgia,34.51048,-76.80873
Hole,Hole,Holes,Maine to Georgia,40.55833,-71.60833
Hole,Hole,Holes,Maine to Georgia,40.83717,-71.67583
Holed UP,Hole,Holes,Maine to Georgia,39.81770,-72.01117
Honey Hole,Hole,Holes,Maine to Georgia,34.10653,-77.74992
Honey Hole,Hole,Holes,Maine to Georgia,34.42712,-77.01165
Hunters Hole,Hole,Holes,Maine to Georgia,33.79583,-77.42500
Jams Hole,Hole,Holes,Maine to Georgia,42.83560,-70.67970
King Hole,Hole,Holes,Maine to Georgia,33.81358,-77.84915
Kmack Hole,Hole,Holes,Maine to Georgia,34.11875,-77.71848
Live Bottom,Hole,Holes,Maine to Georgia,32.74522,-78.77280
Live Bottom - 80 Foot,Hole,Holes,Maine to Georgia,33.88783,-77.53283
Live Bottom In Close,Hole,Holes,Maine to Georgia,32.93000,-79.23416
Lobster Hole,Hole,Holes,Maine to Georgia,39.26767,-74.19583
MTK Hole 1,Hole,Holes,Maine to Georgia,41.04925,-71.78751
Mud Hole,Hole,Holes,Maine to Georgia,39.97550,-73.56600
Mud Hole,Hole,Holes,Maine to Georgia,40.05250,-73.57000
Mud Hole,Hole,Holes,Maine to Georgia,40.06667,-73.47083
Mud Hole,Hole,Holes,Maine to Georgia,40.11650,-73.59467
Mud Hole L,Hole,Holes,Maine to Georgia,40.07550,-73.62833
Mud Hole West,Hole,Holes,Maine to Georgia,40.02952,-73.41100
Mudholewes,Hole,Holes,Maine to Georgia,40.16670,-73.69999
Neigeux Hole,Hole,Holes,Maine to Georgia,33.95904,-76.16078
Nichols Hole,Hole,Holes,Maine to Georgia,32.49481,-79.07982
Not So Secret Hole,Hole,Holes,Maine to Georgia,32.76589,-79.23166
Old Neck Hole,Hole,Holes,Maine to Georgia,40.91335,-73.58917
Puppy Hole,Hole,Holes,Maine to Georgia,37.95723,-75.93265
R 8 Butler Hole E,Hole,Holes,Maine to Georgia,41.54455,-69.98132
Ralphs Black Hole,Hole,Holes,Maine to Georgia,40.54248,-71.99091
Red Hole,Hole,Holes,Maine to Georgia,33.66950,-77.51050
Ruff-Bottom 1,Hole,Holes,Maine to Georgia,33.75580,-77.61891
Ruff-Bottom 2,Hole,Holes,Maine to Georgia,33.83798,-77.60299
Same OLE Hole,Hole,Holes,Maine to Georgia,33.41650,-77.06667
Snapr Hole,Hole,Holes,Maine to Georgia,34.00980,-77.38442
South Hole Area,Hole,Holes,Maine to Georgia,31.88300,-80.01600
Stebbins Hole,Hole,Holes,Maine to Georgia,39.01532,-74.34100
SW Hole,Hole,Holes,Maine to Georgia,33.86368,-76.42943
Swansboro Hole,Hole,Holes,Maine to Georgia,33.83003,-76.55037
Swansboro Hole,Hole,Holes,Maine to Georgia,33.95750,-76.38883
Terrys Hole,Hole,Holes,Maine to Georgia,37.44711,-76.08249
The Hole,Hole,Holes,Maine to Georgia,39.01445,-74.34238
The Hole,Hole,Holes,Maine to Georgia,39.01483,-74.34007
The Hole,Hole,Holes,Maine to Georgia,39.61663,-74.02403
Trigger Hole,Hole,Holes,Maine to Georgia,33.85210,-76.71713
Tubbys Hole,Hole,Holes,Maine to Georgia,34.09437,-77.67776
Tuna Hole,Hole,Holes,Maine to Georgia,35.62233,-74.84417
West Mud Hole,Hole,Holes,Maine to Georgia,40.11958,-73.60048
Winhole Shoal,Hole,Holes,Maine to Georgia,40.63260,-73.81685
Yellowfin Hole,Hole,Holes,Maine to Georgia,33.88166,-76.44600
Yellowfin Hole,Hole,Holes,Maine to Georgia,34.75808,-75.61770
Youngs Hole Bay,Hole,Holes,Maine to Georgia,37.90670,-75.79607
21 Mile Hill,Hump,Humps,Maine to Georgia,37.43868,-75.19968
26 Mile Hill,Hump,Humps,Maine to Georgia,37.24100,-75.17517
Allegheny - Barge,Hump,Humps,Maine to Georgia,37.53687,-75.41135
Augies Hump,Hump,Humps,Maine to Georgia,40.19720,-73.87595
Avon Hump,Hump,Humps,Maine to Georgia,35.29119,-75.24372
Barnegat - Barge,Hump,Humps,Maine to Georgia,37.55850,-75.40410
Big Hump,Hump,Humps,Maine to Georgia,34.14778,-76.05437
Big Jims Hump,Hump,Humps,Maine to Georgia,34.23128,-77.63170
Canyon Hump,Hump,Humps,Maine to Georgia,38.42758,-73.50938
Capt Leroys Hump,Hump,Humps,Maine to Georgia,37.35144,-75.30234
Captain Tonys Hump,Hump,Humps,Maine to Georgia,40.08882,-72.45646
Caseys Hump,Hump,Humps,Maine to Georgia,41.13623,-71.68419
Cliffords Hump,Hump,Humps,Maine to Georgia,38.07180,-73.91394
Dales Hump,Hump,Humps,Maine to Georgia,41.07617,-72.74617
Deep Hump,Hump,Humps,Maine to Georgia,34.63293,-75.55917
Deep Hump,Hump,Humps,Maine to Georgia,38.18517,-73.66750
Eastern Humps,Hump,Humps,Maine to Georgia,40.01620,-73.88338
Eddys Hump,Hump,Humps,Maine to Georgia,41.01277,-71.87213
Egg Hump,Hump,Humps,Maine to Georgia,39.43193,-73.28246
Eleven Fathom Humps,Hump,Humps,Maine to Georgia,39.59183,-73.79772
Gaskins Bank Wreck,Hump,Humps,Maine to Georgia,32.10017,-80.70308
Good Hump,Hump,Humps,Maine to Georgia,42.79410,-70.55990
Hatteras Hump,Hump,Humps,Maine to Georgia,34.88143,-75.40923
Hump,Hump,Humps,Maine to Georgia,34.52629,-75.63743
Hump,Hump,Humps,Maine to Georgia,34.87260,-75.76730
Hump,Hump,Humps,Maine to Georgia,35.02599,-75.18794
Hump,Hump,Humps,Maine to Georgia,39.25941,-75.34698
Hump,Hump,Humps,Maine to Georgia,42.50577,-70.35953
Hump,Hump,Humps,Maine to Georgia,42.67400,-70.58060
Hump,Hump,Humps,Maine to Georgia,42.75512,-70.13715
Hump,Hump,Humps,Maine to Georgia,42.79313,-70.06645
Hump,Hump,Humps,Maine to Georgia,43.07560,-70.43420
Hump,Hump,Humps,Maine to Georgia,43.09710,-70.51570
Hump,Hump,Humps,Maine to Georgia,43.11240,-70.61190
Humps,Hump,Humps,Maine to Georgia,39.28245,-73.69958
Humpty Dumpty,Hump,Humps,Maine to Georgia,40.01967,-73.76850
Humpty Dumpty,Hump,Humps,Maine to Georgia,40.02632,-73.71678
Humpty Dumpty F,Hump,Humps,Maine to Georgia,40.02333,-73.71083
Jimbo Hump Concrete,Hump,Humps,Maine to Georgia,40.38267,-73.93733
Latimer Shoal,Hump,Humps,Maine to Georgia,37.12627,-75.99777
Long Hump,Hump,Humps,Maine to Georgia,35.03106,-75.13279
Middle Grounds,Hump,Humps,Maine to Georgia,37.07247,-76.02418
Nice Hump,Hump,Humps,Maine to Georgia,43.05540,-70.61550
Nine Foot Shoal,Hump,Humps,Maine to Georgia,37.08295,-76.00840
Norfolk Hump,Hump,Humps,Maine to Georgia,37.10193,-74.74135
Oleys Humps,Hump,Humps,Maine to Georgia,39.76617,-73.65793
Plum Hump,Hump,Humps,Maine to Georgia,41.18255,-72.24045
Poormans Hump,Hump,Humps,Maine to Georgia,37.85218,-74.09700
Portsmouth Hump,Hump,Humps,Maine to Georgia,34.80693,-75.55006
Red Church Hump,Hump,Humps,Maine to Georgia,40.27830,-73.96725
SE Lumps Aka Horseshoe Lumps,Hump,Humps,Maine to Georgia,36.68275,-75.41362
Sea Isle Hump,Hump,Humps,Maine to Georgia,39.12397,-74.63607
Southeastern Humps,Hump,Humps,Maine to Georgia,39.92380,-73.90598
The Rise Hump,Hump,Humps,Maine to Georgia,34.01347,-76.37879
Thumper,Hump,Humps,Maine to Georgia,41.29822,-71.96872
Unknown Barge,Hump,Humps,Maine to Georgia,36.99578,-75.36868
West Hump,Hump,Humps,Maine to Georgia,38.40205,-73.59162
10 Fathom Ledge,Ledge,Ledges,Maine to Georgia,34.32500,-76.55000
10 Fathom Ledge North,Ledge,Ledges,Maine to Georgia,35.13907,-75.34227
10 Grouper Ledge,Ledge,Ledges,Maine to Georgia,30.84041,-80.04880
10 Ledge,Ledge,Ledges,Maine to Georgia,34.06533,-77.00833
10 Pound Ledge,Ledge,Ledges,Maine to Georgia,42.59758,-70.67033
100 Fathom Ledge,Ledge,Ledges,Maine to Georgia,34.21482,-76.07982
151 Ledges,Ledge,Ledges,Maine to Georgia,33.84313,-77.67788
151 Ledges,Ledge,Ledges,Maine to Georgia,33.89093,-77.66225
160 Fathom Hole,Ledge,Ledges,Maine to Georgia,32.51050,-78.41023
2 GH Howland Ledge,Ledge,Ledges,Maine to Georgia,42.07620,-70.61280
210 Ledge,Ledge,Ledges,Maine to Georgia,34.24200,-76.59200
230 Fathom Ledge,Ledge,Ledges,Maine to Georgia,34.71127,-75.49567
270 Ledge NE,Ledge,Ledges,Maine to Georgia,35.11708,-75.24116
270 Ledge SW,Ledge,Ledges,Maine to Georgia,35.11160,-75.24970
290 Ledge,Ledge,Ledges,Maine to Georgia,35.12007,-75.19539
3 Ledge,Ledge,Ledges,Maine to Georgia,34.02500,-76.87501
3. 5 Fathom Ledge,Ledge,Ledges,Maine to Georgia,42.35358,-70.84477
4 5 Ftledge,Ledge,Ledges,Maine to Georgia,33.69378,-76.98955
50 Fathom Ledge,Ledge,Ledges,Maine to Georgia,42.57065,-70.33222
8 Ledge,Ledge,Ledges,Maine to Georgia,33.93330,-76.99722
90 Foot Drop Ledge,Ledge,Ledges,Maine to Georgia,34.21094,-76.25455
996 28 Ledge,Ledge,Ledges,Maine to Georgia,34.15710,-77.77233
Airy Ledge,Ledge,Ledges,Maine to Georgia,44.08535,-68.58672
Alberts Ledge,Ledge,Ledges,Maine to Georgia,40.26434,-73.94610
Aldridge Ledge,Ledge,Ledges,Maine to Georgia,42.34617,-70.91380
Allen Ledge NO,Ledge,Ledges,Maine to Georgia,43.91307,-69.26713
Anchor Ledge,Ledge,Ledges,Maine to Georgia,32.68617,-79.15467
Anderson Ledge,Ledge,Ledges,Maine to Georgia,42.96230,-70.60270
Andys Ledge,Ledge,Ledges,Maine to Georgia,41.23305,-72.35120
Angle Ledge,Ledge,Ledges,Maine to Georgia,33.73750,-77.62384
ASH Island Ledge,Ledge,Ledges,Maine to Georgia,44.02972,-69.07153
Atlantic Ledge,Ledge,Ledges,Maine to Georgia,33.46343,-78.36828
Avery Ledge,Ledge,Ledges,Maine to Georgia,42.66895,-70.58627
Avery Ledge,Ledge,Ledges,Maine to Georgia,42.67053,-70.58097
Bald Head Ledge NO 2 A,Ledge,Ledges,Maine to Georgia,43.69528,-69.85490
Bantam Ledge BL,Ledge,Ledges,Maine to Georgia,43.82762,-68.95025
Bay Ledge,Ledge,Ledges,Maine to Georgia,43.96518,-68.86143
Bay Ledge WP,Ledge,Ledges,Maine to Georgia,43.94385,-68.86460
Benny Ledge WPT,Ledge,Ledges,Maine to Georgia,44.10093,-68.78799
Bents Ledge,Ledge,Ledges,Maine to Georgia,41.56757,-70.91392
Bibbidge Island Ledge,Ledge,Ledges,Maine to Georgia,44.13007,-68.77680
Big Johns Ledge,Ledge,Ledges,Maine to Georgia,39.96050,-73.14123
Black Ledge,Ledge,Ledges,Maine to Georgia,41.29662,-72.06185
Black Ledge,Ledge,Ledges,Maine to Georgia,41.29790,-72.06615
Black Ledge,Ledge,Ledges,Maine to Georgia,41.30537,-72.06532
Black Ledge,Ledge,Ledges,Maine to Georgia,41.30739,-72.06937
Black Ledge,Ledge,Ledges,Maine to Georgia,44.12937,-68.79988
Black Ledge NO 2 BL,Ledge,Ledges,Maine to Georgia,42.26487,-70.79287
Black Ledges,Ledge,Ledges,Maine to Georgia,44.00382,-68.67457
Blacks Ledge,Ledge,Ledges,Maine to Georgia,41.11703,-71.71170
Bnmonfiddler Ledge,Ledge,Ledges,Maine to Georgia,44.10058,-68.93950
Boohoo Ledge,Ledge,Ledges,Maine to Georgia,42.56347,-70.74628
Boon Island Ledge,Ledge,Ledges,Maine to Georgia,43.12520,-70.41080
BR 0 WNS Ledge,Ledge,Ledges,Maine to Georgia,34.52715,-77.22281
Brewster Point Ledge,Ledge,Ledges,Maine to Georgia,44.12990,-69.06747
Bridgeport Ledge,Ledge,Ledges,Maine to Georgia,41.08958,-73.11571
Brown Ledge,Ledge,Ledges,Maine to Georgia,34.54218,-77.15332
Brown Ledge,Ledge,Ledges,Maine to Georgia,34.54785,-77.15083
Browns Ledge WPT,Ledge,Ledges,Maine to Georgia,44.08359,-68.77016
Brun Ledge,Ledge,Ledges,Maine to Georgia,30.92378,-80.13970
Bunker Ledge,Ledge,Ledges,Maine to Georgia,44.02438,-68.81293
Buzz Ledge,Ledge,Ledges,Maine to Georgia,34.44118,-77.12637
Buzz Ledge,Ledge,Ledges,Maine to Georgia,34.46380,-77.17303
Cane Ledge,Ledge,Ledges,Maine to Georgia,32.97732,-78.86799
Captain Kleggs Ledge,Ledge,Ledges,Maine to Georgia,41.10142,-71.72864
Captain Rons Ledge,Ledge,Ledges,Maine to Georgia,33.45345,-77.60648
Captain Sals Ledge,Ledge,Ledges,Maine to Georgia,36.62581,-75.35655
Captain Sanders Ledge,Ledge,Ledges,Maine to Georgia,40.97621,-73.01934
Captain Williams Ledge,Ledge,Ledges,Maine to Georgia,41.09048,-73.09049
Cashes Ledge,Ledge,Ledges,Maine to Georgia,42.90000,-68.93333
Cat Ledges NO 4 CL,Ledge,Ledges,Maine to Georgia,43.79510,-69.68863
CB Ledge,Ledge,Ledges,Maine to Georgia,33.72500,-76.78300
Celtic Ledge,Ledge,Ledges,Maine to Georgia,41.02871,-73.40995
Chicken Ledge,Ledge,Ledges,Maine to Georgia,40.90223,-73.73311
Cleveland East Ledge,Ledge,Ledges,Maine to Georgia,41.63400,-70.69810
Cleveland Ledge,Ledge,Ledges,Maine to Georgia,41.62232,-70.70473
Cleveland Ledge,Ledge,Ledges,Maine to Georgia,41.62565,-70.69948
Cleveland Ledge,Ledge,Ledges,Maine to Georgia,41.62993,-70.69783
Cleveland Ledge,Ledge,Ledges,Maine to Georgia,41.63400,-70.70308
Cleveland Ledge Range,Ledge,Ledges,Maine to Georgia,41.69563,-70.67813
Collier Ledge G,Ledge,Ledges,Maine to Georgia,41.59512,-70.35150
Collins Ledge,Ledge,Ledges,Maine to Georgia,41.22790,-71.90652
Colt Ledge,Ledge,Ledges,Maine to Georgia,44.01187,-68.83603
Columbia Ledge,Ledge,Ledges,Maine to Georgia,43.94999,-68.13333
Commisioners Ledge,Ledge,Ledges,Maine to Georgia,42.35698,-70.90270
Core Ledge,Ledge,Ledges,Maine to Georgia,34.75944,-75.60173
Cowand Calf Ledge,Ledge,Ledges,Maine to Georgia,44.28820,-68.49597
COX Ledge,Ledge,Ledges,Maine to Georgia,41.05000,-71.15833
Crab Meadow Ledge,Ledge,Ledges,Maine to Georgia,40.94229,-73.34239
Crosby Ledge NO 2 A,Ledge,Ledges,Maine to Georgia,44.03722,-68.78222
Cross Ledge,Ledge,Ledges,Maine to Georgia,39.16193,-75.23723
Cross Ledge WR,Ledge,Ledges,Maine to Georgia,39.21028,-75.25503
Crwo Island Ledges 2 CI,Ledge,Ledges,Maine to Georgia,43.95533,-69.09972
Curts Ledge,Ledge,Ledges,Maine to Georgia,36.60569,-74.96644
Cutlers Ledge,Ledge,Ledges,Maine to Georgia,42.45113,-70.85252
Dallas Ledge,Ledge,Ledges,Maine to Georgia,34.23145,-77.62117
Davis Ledge,Ledge,Ledges,Maine to Georgia,42.51700,-70.78240
Davis Ledge 1 DL,Ledge,Ledges,Maine to Georgia,42.27530,-70.75150
Davis Ledge NO 1 DL,Ledge,Ledges,Maine to Georgia,42.27465,-70.74388
Deadhead Ledge,Ledge,Ledges,Maine to Georgia,42.45575,-70.84237
Deep Ledge,Ledge,Ledges,Maine to Georgia,38.42258,-73.39960
Deep Ledge,Ledge,Ledges,Maine to Georgia,42.62548,-70.28808
Deep Ledge South,Ledge,Ledges,Maine to Georgia,42.62288,-70.28358
Diamond Ledge,Ledge,Ledges,Maine to Georgia,35.15326,-75.15465
Diamond Rock Ledge,Ledge,Ledges,Maine to Georgia,44.02592,-68.76528
Dicks Ledge,Ledge,Ledges,Maine to Georgia,41.10917,-71.72691
Diggs Ledge,Ledge,Ledges,Maine to Georgia,40.29231,-73.93884
Dillingham Ledge,Ledge,Ledges,Maine to Georgia,44.22693,-69.02930
Dons Ledge,Ledge,Ledges,Maine to Georgia,41.20403,-72.48320
Doorstop Ledge High Step,Ledge,Ledges,Maine to Georgia,34.19833,-76.95833
Double Ledge,Ledge,Ledges,Maine to Georgia,35.09461,-75.65182
Drakes Ledge,Ledge,Ledges,Maine to Georgia,40.38169,-73.88925
Dread Ledge,Ledge,Ledges,Maine to Georgia,42.45702,-70.89477
Drunkers Ledge,Ledge,Ledges,Maine to Georgia,43.68385,-70.02310
Egg Rock Ledge,Ledge,Ledges,Maine to Georgia,43.86480,-69.38117
Egg Rock Ledge,Ledge,Ledges,Maine to Georgia,44.18533,-68.88502
Eledge,Ledge,Ledges,Maine to Georgia,40.76342,-72.70886
Emerald Ledge,Ledge,Ledges,Maine to Georgia,33.86752,-76.48525
Emery Ledge,Ledge,Ledges,Maine to Georgia,44.04572,-69.05128
Enos Ledge NO 2 EL,Ledge,Ledges,Maine to Georgia,42.26533,-70.76082
Fenwick Ledge,Ledge,Ledges,Maine to Georgia,38.44413,-74.94196
Fiddler Ledge,Ledge,Ledges,Maine to Georgia,44.09965,-68.92517
Finger Ledge,Ledge,Ledges,Maine to Georgia,43.11502,-70.11175
Finns Ledge,Ledge,Ledges,Maine to Georgia,42.37182,-70.91947
Fippennies South Ledge,Ledge,Ledges,Maine to Georgia,42.74620,-69.31602
Fishing Ledge,Ledge,Ledges,Maine to Georgia,41.93836,-70.30938
Floyds Ledge,Ledge,Ledges,Maine to Georgia,41.00076,-73.43164
Foss Ledges NO 1 A,Ledge,Ledges,Maine to Georgia,43.00833,-70.72307
Foster Ledges,Ledge,Ledges,Maine to Georgia,43.86828,-68.94830
Fosters Ledge,Ledge,Ledges,Maine to Georgia,41.02352,-73.42496
Frank Ledge,Ledge,Ledges,Maine to Georgia,41.31102,-72.07574
Franks Ledge BRC,Ledge,Ledges,Maine to Georgia,41.30973,-72.07170
Funnel Ledge,Ledge,Ledges,Maine to Georgia,41.02362,-73.41233
G 1 Jackknife Ledge,Ledge,Ledges,Maine to Georgia,43.72022,-69.77809
G 1 Jmswilliesledge,Ledge,Ledges,Maine to Georgia,44.01748,-68.87925
G 1 Mcintosh Ledge,Ledge,Ledges,Maine to Georgia,44.15580,-68.96068
G 1 Newcomb Ledge,Ledge,Ledges,Maine to Georgia,42.50707,-70.73989
G 1 NYE Ledge,Ledge,Ledges,Maine to Georgia,41.61762,-70.76872
G 1 PIG I Ledge,Ledge,Ledges,Maine to Georgia,43.82404,-69.64398
G 13 Bold Ledges,Ledge,Ledges,Maine to Georgia,44.16165,-68.61948
G 13 Ledge Shpsct R,Ledge,Ledges,Maine to Georgia,43.85481,-69.69599
G 3 Chappel Ledge,Ledge,Ledges,Maine to Georgia,42.51872,-70.82420
G 3 GRI HD Ledge,Ledge,Ledges,Maine to Georgia,43.78189,-69.70657
G 3 Newcomb Ledge,Ledge,Ledges,Maine to Georgia,42.51931,-70.75091
G 31 Merriman Ledge,Ledge,Ledges,Maine to Georgia,44.30816,-68.76238
G 5 Coney Ledge,Ledge,Ledges,Maine to Georgia,42.52787,-70.82938
G 5 Sheep I Ledge,Ledge,Ledges,Maine to Georgia,43.80063,-69.87818
G 5 Triangle Ledge,Ledge,Ledges,Maine to Georgia,44.05352,-68.76360
G 7 Jamison Ledge,Ledge,Ledges,Maine to Georgia,43.74501,-69.87942
G 7 Owls Head Ledge,Ledge,Ledges,Maine to Georgia,44.09018,-69.04153
Gales Ledge,Ledge,Ledges,Maine to Georgia,42.55003,-70.76477
Gibbs Ledge,Ledge,Ledges,Maine to Georgia,41.21541,-72.00019
Godfreys Ledge NO 1 C,Ledge,Ledges,Maine to Georgia,42.94860,-70.75737
Goldsmith Ledge,Ledge,Ledges,Maine to Georgia,41.06712,-72.49161
Good Ledge And Hole,Ledge,Ledges,Maine to Georgia,34.62550,-75.61486
Goose Rock Ledge,Ledge,Ledges,Maine to Georgia,43.93470,-69.30987
Gooseberry Ledge,Ledge,Ledges,Maine to Georgia,42.51268,-70.79838
Goshen Ledge,Ledge,Ledges,Maine to Georgia,41.28288,-72.10082
Goshen Ledge,Ledge,Ledges,Maine to Georgia,41.29356,-72.10637
Grants Ledge,Ledge,Ledges,Maine to Georgia,41.12825,-71.94578
Great Jersey Ledge,Ledge,Ledges,Maine to Georgia,39.44927,-73.19071
Green Island Seal Ledges,Ledge,Ledges,Maine to Georgia,43.89093,-68.97540
Green Ledge,Ledge,Ledges,Maine to Georgia,41.03807,-73.44128
Green Ledge,Ledge,Ledges,Maine to Georgia,44.18085,-68.53213
Green Ledge NO LA,Ledge,Ledges,Maine to Georgia,44.19220,-68.53330
Greens Ledge,Ledge,Ledges,Maine to Georgia,41.04445,-73.43521
Greens Ledge Light,Ledge,Ledges,Maine to Georgia,41.04168,-73.44317
Grindstone Ledge,Ledge,Ledges,Maine to Georgia,44.03305,-69.05907
Grindstone Ledge,Ledge,Ledges,Maine to Georgia,44.04657,-69.04230
Gull Ledge NOL,Ledge,Ledges,Maine to Georgia,44.23242,-68.72233
Gull Rock Ledge,Ledge,Ledges,Maine to Georgia,43.74900,-69.30258
Halibut Ledge,Ledge,Ledges,Maine to Georgia,44.04390,-68.77177
Hanus Ledge,Ledge,Ledges,Maine to Georgia,44.16422,-68.50637
Hashamomuck Ledge,Ledge,Ledges,Maine to Georgia,41.11730,-72.44087
HAT Island Ledge,Ledge,Ledges,Maine to Georgia,44.13938,-68.51365
Hatteras Ledge,Ledge,Ledges,Maine to Georgia,34.96003,-75.37352
Helmet Ledge,Ledge,Ledges,Maine to Georgia,34.48010,-76.88549
Heron Neck Ledge,Ledge,Ledges,Maine to Georgia,44.01702,-68.85682
Heron Neck Ledge,Ledge,Ledges,Maine to Georgia,44.02267,-68.85365
Herriman Ledge,Ledge,Ledges,Maine to Georgia,44.30033,-68.52138
Hicks Ledge,Ledge,Ledges,Maine to Georgia,40.90370,-73.75237
High Ledge Greys,Ledge,Ledges,Maine to Georgia,31.26825,-80.42313
High Pine Ledge,Ledge,Ledges,Maine to Georgia,42.03555,-70.60345
Hilton Head Ledge,Ledge,Ledges,Maine to Georgia,32.07128,-80.62628
Holland Island Ledge,Ledge,Ledges,Maine to Georgia,38.06519,-76.09184
Hominey Ledge,Ledge,Ledges,Maine to Georgia,38.30542,-76.46115
Horsepen Ledge,Ledge,Ledges,Maine to Georgia,34.70110,-76.37446
Horton Neck Ledge,Ledge,Ledges,Maine to Georgia,41.09943,-72.45337
House Ledge,Ledge,Ledges,Maine to Georgia,42.53967,-70.80387
Howland Ledge,Ledge,Ledges,Maine to Georgia,42.07927,-70.61213
Hurricane Ledge,Ledge,Ledges,Maine to Georgia,43.99335,-69.10112
Inner Bay Ledges,Ledge,Ledges,Maine to Georgia,44.07110,-68.95340
Inner Bay Ledges,Ledge,Ledges,Maine to Georgia,44.07912,-68.95738
Inner Bay Ledges,Ledge,Ledges,Maine to Georgia,44.08113,-68.94410
Inner Bay Ledges,Ledge,Ledges,Maine to Georgia,44.08678,-68.94643
Inner Bay Ledges,Ledge,Ledges,Maine to Georgia,44.08680,-68.95225
Inner Ledge,Ledge,Ledges,Maine to Georgia,42.89120,-70.79740
Inner Ledge,Ledge,Ledges,Maine to Georgia,43.02097,-70.06295
Inshore Ledge,Ledge,Ledges,Maine to Georgia,30.73249,-80.09237
Jack Spot Ledge,Ledge,Ledges,Maine to Georgia,38.06836,-74.77787
Jefferys Ledge,Ledge,Ledges,Maine to Georgia,40.12165,-73.68499
Jeffreys Ledge,Ledge,Ledges,Maine to Georgia,42.99000,-70.04500
Jeffreys Ledge,Ledge,Ledges,Maine to Georgia,42.99999,-70.05000
Jeffreys Ledge,Ledge,Ledges,Maine to Georgia,43.18720,-70.02940
Jenks Ledge,Ledge,Ledges,Maine to Georgia,43.92087,-69.31170
Jenks Ledge,Ledge,Ledges,Maine to Georgia,43.92387,-69.31285
Jenks Ledge 2 JL,Ledge,Ledges,Maine to Georgia,43.92287,-69.32200
Jimmies Ledge,Ledge,Ledges,Maine to Georgia,43.00760,-70.60030
Joe Bench Ledge,Ledge,Ledges,Maine to Georgia,42.40113,-70.91183
John Island Ledge,Ledge,Ledges,Maine to Georgia,44.09548,-68.40688
Jules Ledge,Ledge,Ledges,Maine to Georgia,41.14031,-72.36979
Jumbo Ledge,Ledge,Ledges,Maine to Georgia,42.63215,-70.45418
Junken Ledge,Ledge,Ledges,Maine to Georgia,43.98977,-68.98975
Kelsos Ledge,Ledge,Ledges,Maine to Georgia,39.49278,-73.99930
Kettle Island Ledge,Ledge,Ledges,Maine to Georgia,42.54550,-70.69917
Kfish Ledge,Ledge,Ledges,Maine to Georgia,33.75516,-77.40320
King Ledge,Ledge,Ledges,Maine to Georgia,33.76885,-77.31707
Kure Ledge,Ledge,Ledges,Maine to Georgia,33.47059,-76.96895
Laireys Ledge,Ledge,Ledges,Maine to Georgia,44.04668,-68.88575
Lasque Ledge,Ledge,Ledges,Maine to Georgia,42.50603,-70.83042
Lazygut Ledge,Ledge,Ledges,Maine to Georgia,44.17587,-68.56250
Ledge 144,Ledge,Ledges,Maine to Georgia,30.91348,-80.63768
Ledge At 23 A,Ledge,Ledges,Maine to Georgia,33.90153,-77.19362
Ledge At 23 B,Ledge,Ledges,Maine to Georgia,33.89928,-77.19162
Ledge At Tower,Ledge,Ledges,Maine to Georgia,33.98220,-77.52267
Ledge E Dall,Ledge,Ledges,Maine to Georgia,34.22817,-77.55934
Ledge NE,Ledge,Ledges,Maine to Georgia,33.94710,-77.36147
Ledge North Of Anchor Wreck,Ledge,Ledges,Maine to Georgia,32.81030,-79.19155
Ledge North Of Georgetown Hole,Ledge,Ledges,Maine to Georgia,32.66260,-78.58098
Ledge OUT D,Ledge,Ledges,Maine to Georgia,33.75881,-77.52279
Ledge SE IN,Ledge,Ledges,Maine to Georgia,34.18887,-76.84212
Ledge SE IN,Ledge,Ledges,Maine to Georgia,34.22802,-76.83475
Ledge South,Ledge,Ledges,Maine to Georgia,34.47849,-76.87334
Ledge South Of Santee Banks,Ledge,Ledges,Maine to Georgia,32.66333,-78.73673
Ledge STH,Ledge,Ledges,Maine to Georgia,33.92018,-77.71878
Ledge SYS,Ledge,Ledges,Maine to Georgia,33.88666,-76.53933
Ledge Uncut,Ledge,Ledges,Maine to Georgia,31.26047,-80.42443
Ledge WR 2 A,Ledge,Ledges,Maine to Georgia,33.91910,-77.16607
Ledge WR 2 B,Ledge,Ledges,Maine to Georgia,33.84957,-77.11072
Ledge WR 2 B,Ledge,Ledges,Maine to Georgia,33.89538,-77.08087
Ledge WR 4 B,Ledge,Ledges,Maine to Georgia,34.20828,-77.02322
Ledge-126,Ledge,Ledges,Maine to Georgia,33.80288,-77.68517
Ledge-217,Ledge,Ledges,Maine to Georgia,34.10205,-77.75083
Ledge-82,Ledge,Ledges,Maine to Georgia,33.81162,-77.59300
Ledge-88,Ledge,Ledges,Maine to Georgia,33.84200,-77.56753
Lexington Ledge,Ledge,Ledges,Maine to Georgia,41.03109,-73.11749
Lighthouse Ledge,Ledge,Ledges,Maine to Georgia,33.73685,-78.13249
Links Lunker Ledge,Ledge,Ledges,Maine to Georgia,31.50975,-79.88082
Little Gull Ledge,Ledge,Ledges,Maine to Georgia,41.21442,-72.10511
Long Ledge,Ledge,Ledges,Maine to Georgia,33.85020,-76.92718
Long Ledge,Ledge,Ledges,Maine to Georgia,33.94433,-77.35367
Long Ledge,Ledge,Ledges,Maine to Georgia,44.17703,-68.54607
Longbranch Ledge,Ledge,Ledges,Maine to Georgia,40.29478,-73.91485
Lookout Ledge,Ledge,Ledges,Maine to Georgia,34.43362,-76.39990
Lower Gateway Ledge,Ledge,Ledges,Maine to Georgia,43.98635,-69.11225
Lumbo Ledges,Ledge,Ledges,Maine to Georgia,43.67923,-69.93210
Lunchmeat Ledge,Ledge,Ledges,Maine to Georgia,32.46004,-78.92976
LUS Ledge,Ledge,Ledges,Maine to Georgia,33.78033,-77.51283
Mackerel Ledge,Ledge,Ledges,Maine to Georgia,43.86802,-68.86155
Maffit Ledge,Ledge,Ledges,Maine to Georgia,42.35658,-70.89585
Mahoney Ledge,Ledge,Ledges,Maine to Georgia,44.21002,-68.52068
Mattapoisett Ledge,Ledge,Ledges,Maine to Georgia,41.62600,-70.77937
Mcmarlen Ledge,Ledge,Ledges,Maine to Georgia,32.91500,-78.21600
Mega Ledge,Ledge,Ledges,Maine to Georgia,41.23007,-72.06039
Metinic Island Ledge BRC,Ledge,Ledges,Maine to Georgia,43.89397,-69.16788
Mile Ledge NO 20 ML,Ledge,Ledges,Maine to Georgia,43.68985,-69.75542
Minot Ledge,Ledge,Ledges,Maine to Georgia,44.24597,-68.94038
Minots Ledge Light,Ledge,Ledges,Maine to Georgia,42.27197,-70.76315
Misery Ledge,Ledge,Ledges,Maine to Georgia,42.54442,-70.81125
Monster Ledge,Ledge,Ledges,Maine to Georgia,39.80117,-73.72800
Monster Ledge,Ledge,Ledges,Maine to Georgia,40.10002,-73.56827
Monster Ledge,Ledge,Ledges,Maine to Georgia,40.11433,-73.55533
Monster Ledge,Ledge,Ledges,Maine to Georgia,40.11672,-73.56043
Monster Ledge,Ledge,Ledges,Maine to Georgia,40.13167,-73.57500
Moser Ledge,Ledge,Ledges,Maine to Georgia,43.80992,-69.42668
Mosher Ledge NO N 4 A,Ledge,Ledges,Maine to Georgia,41.56320,-70.85465
Mosquito Ledge,Ledge,Ledges,Maine to Georgia,43.91742,-69.24087
Mt Misery Eastern Ledge,Ledge,Ledges,Maine to Georgia,40.98665,-73.07522
Mt Misery Western Ledge,Ledge,Ledges,Maine to Georgia,40.98438,-73.08719
Mud Ledge,Ledge,Ledges,Maine to Georgia,42.39657,-70.08758
Murray Ledge,Ledge,Ledges,Maine to Georgia,43.06870,-70.61140
Neverfail Ledge,Ledge,Ledges,Maine to Georgia,42.56728,-70.73352
New London Ledge,Ledge,Ledges,Maine to Georgia,41.30556,-72.07778
Newcomb Ledge,Ledge,Ledges,Maine to Georgia,42.50852,-70.74488
Normans WOE Ledge,Ledge,Ledges,Maine to Georgia,42.57810,-70.69042
North Fork Ledge,Ledge,Ledges,Maine to Georgia,41.00022,-72.64217
Northwest Ledge,Ledge,Ledges,Maine to Georgia,44.04705,-69.04628
Northwest Ledges,Ledge,Ledges,Maine to Georgia,43.00340,-70.60750
Norton Island Ledges,Ledge,Ledges,Maine to Georgia,43.96982,-69.15595
NTH Ledge,Ledge,Ledges,Maine to Georgia,34.03050,-77.34567
NYE Ledge NO 9 A,Ledge,Ledges,Maine to Georgia,41.61900,-70.77300
O'cilley Ledge,Ledge,Ledges,Maine to Georgia,43.88592,-69.24135
OC Ledge,Ledge,Ledges,Maine to Georgia,38.31810,-74.84410
OC Ledge,Ledge,Ledges,Maine to Georgia,38.32720,-74.83460
Ohio Ledge Bell,Ledge,Ledges,Maine to Georgia,41.68625,-71.32617
Okatie Ledge,Ledge,Ledges,Maine to Georgia,32.37427,-80.78399
Old Duke Ledges NO 2 B,Ledge,Ledges,Maine to Georgia,44.03088,-68.79600
Old Field Ledge,Ledge,Ledges,Maine to Georgia,40.98664,-73.13224
Old Horse Ledge NO 2 A,Ledge,Ledges,Maine to Georgia,43.99835,-68.83303
Old MAN Ledge NO 20 M,Ledge,Ledges,Maine to Georgia,43.83635,-69.31463
Outer Heron Island Ledge,Ledge,Ledges,Maine to Georgia,43.76915,-69.56302
Outer Ledge,Ledge,Ledges,Maine to Georgia,42.84765,-70.17557
Outer Ledge,Ledge,Ledges,Maine to Georgia,42.89690,-70.79370
Peck Ledge,Ledge,Ledges,Maine to Georgia,41.07507,-73.36357
Peck Ledge,Ledge,Ledges,Maine to Georgia,41.07509,-73.37380
Peck Ledge Light,Ledge,Ledges,Maine to Georgia,41.07835,-73.36817
Pemaquid Ledge BRC,Ledge,Ledges,Maine to Georgia,43.81572,-69.51965
Perry Ledge NO 2 A,Ledge,Ledges,Maine to Georgia,43.99412,-68.94140
Perrys Ledge,Ledge,Ledges,Maine to Georgia,31.87947,-80.01051
Phillips Ledge,Ledge,Ledges,Maine to Georgia,43.05740,-70.67470
Pickett Ledge,Ledge,Ledges,Maine to Georgia,42.55822,-70.76028
Pilgrim Ledge,Ledge,Ledges,Maine to Georgia,42.54800,-70.77287
Pine Tree Ledge,Ledge,Ledges,Maine to Georgia,43.60955,-70.18247
Portsmouth Ledge,Ledge,Ledges,Maine to Georgia,34.57942,-75.77315
Portsmouth Ledge,Ledge,Ledges,Maine to Georgia,34.60210,-75.74817
Portsmouth Ledge,Ledge,Ledges,Maine to Georgia,34.62131,-75.72800
Potato Ledge NOL,Ledge,Ledges,Maine to Georgia,44.17605,-68.55057
R 10 Green I Ledge,Ledge,Ledges,Maine to Georgia,43.76683,-70.08798
R 12 Haskell Ledge,Ledge,Ledges,Maine to Georgia,44.16572,-68.60771
R 2 Ledge,Ledge,Ledges,Maine to Georgia,31.39770,-80.58848
R 2 Newcomb Ledge,Ledge,Ledges,Maine to Georgia,42.50773,-70.76009
R 6 Boston Ledge,Ledge,Ledges,Maine to Georgia,42.33458,-70.86341
R 6 Gales Ledge,Ledge,Ledges,Maine to Georgia,42.54680,-70.76465
R 8 Mayflower Ledge,Ledge,Ledges,Maine to Georgia,42.60083,-70.66869
R 8 Stave I Ledge,Ledge,Ledges,Maine to Georgia,43.72501,-70.07913
Ragged Ledge,Ledge,Ledges,Maine to Georgia,42.56767,-70.70895
RAM Island Ledge,Ledge,Ledges,Maine to Georgia,43.46572,-70.34493
RAM Island Ledge LT,Ledge,Ledges,Maine to Georgia,43.62906,-70.18701
Ramseys Ledge,Ledge,Ledges,Maine to Georgia,34.48007,-75.71827
Rehoboth Ledge,Ledge,Ledges,Maine to Georgia,38.74521,-74.91773
Richs Ledge,Ledge,Ledges,Maine to Georgia,44.08187,-68.57692
Rickys Ledge,Ledge,Ledges,Maine to Georgia,42.88055,-70.38000
Rising States Ledge,Ledge,Ledges,Maine to Georgia,42.53398,-70.80347
Rock Ledge,Ledge,Ledges,Maine to Georgia,35.05943,-75.30615
Rocky Ledge,Ledge,Ledges,Maine to Georgia,38.67760,-74.74495
RYE Ledge,Ledge,Ledges,Maine to Georgia,42.97080,-70.75680
S WR 4 Ledge,Ledge,Ledges,Maine to Georgia,33.75430,-77.44247
Saddleback Ledge,Ledge,Ledges,Maine to Georgia,44.01297,-68.72479
Saddleback Ledge Shoal,Ledge,Ledges,Maine to Georgia,44.02277,-68.73885
Saddleback Ledge SL,Ledge,Ledges,Maine to Georgia,44.01278,-68.71477
Sampsons Ledge,Ledge,Ledges,Maine to Georgia,34.69410,-76.36255
Sanders Ledge,Ledge,Ledges,Maine to Georgia,43.10170,-70.47810
Santee Ledge,Ledge,Ledges,Maine to Georgia,33.09159,-79.13377
Saturday Night Ledge,Ledge,Ledges,Maine to Georgia,42.53282,-70.68915
Scantum Ledge,Ledge,Ledges,Maine to Georgia,42.90433,-70.45322
Scott Ledge,Ledge,Ledges,Maine to Georgia,33.86784,-77.22907
Scottys Ledge,Ledge,Ledges,Maine to Georgia,31.96357,-80.48260
Scuba Steves Ledge,Ledge,Ledges,Maine to Georgia,37.44313,-75.34630
Sculpin Ledge,Ledge,Ledges,Maine to Georgia,42.31692,-70.98458
Seal Ledge,Ledge,Ledges,Maine to Georgia,44.07713,-68.93578
Seal Ledge NOL,Ledge,Ledges,Maine to Georgia,44.08427,-68.47443
Seal Ledges,Ledge,Ledges,Maine to Georgia,43.87600,-69.34025
Seavey Ledges,Ledge,Ledges,Maine to Georgia,43.97847,-69.16377
Shal-Ledge,Ledge,Ledges,Maine to Georgia,33.86465,-78.37038
Shalloteledge 40,Ledge,Ledges,Maine to Georgia,33.88250,-78.22284
Shallotte Ledge,Ledge,Ledges,Maine to Georgia,33.85817,-78.34683
Sheep Island Ledge,Ledge,Ledges,Maine to Georgia,44.02673,-68.78920
Shiftys Ledge,Ledge,Ledges,Maine to Georgia,40.95720,-69.83680
Sloop Ledge,Ledge,Ledges,Maine to Georgia,43.76455,-69.72737
SM Ledge,Ledge,Ledges,Maine to Georgia,33.88655,-76.91107
SM Ledge,Ledge,Ledges,Maine to Georgia,34.79082,-76.36541
South Ledges,Ledge,Ledges,Maine to Georgia,34.45867,-76.42501
Southwest Ledge,Ledge,Ledges,Maine to Georgia,41.11081,-71.66460
Southwest Ledge,Ledge,Ledges,Maine to Georgia,41.65732,-70.67312
Sprague Ledge WPT,Ledge,Ledges,Maine to Georgia,44.34858,-68.93457
STH Ledge,Ledge,Ledges,Maine to Georgia,34.45866,-77.42500
Stone Ledge,Ledge,Ledges,Maine to Georgia,42.56288,-70.72918
Sunken Ledge Quincy Bay,Ledge,Ledges,Maine to Georgia,42.29265,-70.98208
Sunken Meadow Ledge,Ledge,Ledges,Maine to Georgia,40.92395,-73.24347
SW Bank Drop,Ledge,Ledges,Maine to Georgia,32.49505,-78.79777
SW Ledge,Ledge,Ledges,Maine to Georgia,41.11183,-71.67200
Swordfish Ledge,Ledge,Ledges,Maine to Georgia,34.22616,-75.84749
Swordfish Ledge Center,Ledge,Ledges,Maine to Georgia,34.87539,-75.31449
Swordfish Ledge NE,Ledge,Ledges,Maine to Georgia,34.88412,-75.30024
Swordfish Ledge SW,Ledge,Ledges,Maine to Georgia,34.86173,-75.34110
Tangier Ledge,Ledge,Ledges,Maine to Georgia,37.78216,-76.09097
Taylors Ledge,Ledge,Ledges,Maine to Georgia,38.48164,-76.36748
TD Ledge,Ledge,Ledges,Maine to Georgia,33.70946,-76.79845
Teds Ledge,Ledge,Ledges,Maine to Georgia,34.17497,-77.70700
The Point,Ledge,Ledges,Maine to Georgia,35.55000,-74.84167
The South Ledge,Ledge,Ledges,Maine to Georgia,31.09950,-79.92317
The Triple Ledge,Ledge,Ledges,Maine to Georgia,31.27948,-79.86781
Thirteen Fathom NW,Ledge,Ledges,Maine to Georgia,33.76667,-77.60000
Tillies Ledge,Ledge,Ledges,Maine to Georgia,42.53505,-70.38135
Tillies North Ledge,Ledge,Ledges,Maine to Georgia,42.55397,-70.40972
Tinkers Ledge,Ledge,Ledges,Maine to Georgia,42.48733,-70.80275
Townshead Ledge,Ledge,Ledges,Maine to Georgia,41.20655,-72.85765
Triple Ledge,Ledge,Ledges,Maine to Georgia,31.11513,-79.92126
Triple Ledge,Ledge,Ledges,Maine to Georgia,31.22113,-79.83342
Triple Ledge,Ledge,Ledges,Maine to Georgia,31.23556,-79.90483
Triple Ledge,Ledge,Ledges,Maine to Georgia,31.24022,-79.88776
Triple Ledge,Ledge,Ledges,Maine to Georgia,31.25692,-79.87758
Triple Ledge,Ledge,Ledges,Maine to Georgia,31.25775,-79.87858
Triple Ledge,Ledge,Ledges,Maine to Georgia,31.26682,-79.87548
Triple Ledge,Ledge,Ledges,Maine to Georgia,31.27544,-79.87060
Triple Ledge,Ledge,Ledges,Maine to Georgia,31.27689,-79.86890
Triple Ledge,Ledge,Ledges,Maine to Georgia,31.28444,-79.85533
Triple Ledge,Ledge,Ledges,Maine to Georgia,31.29623,-79.86339
Triple Ledge Beliner,Ledge,Ledges,Maine to Georgia,31.12422,-80.05451
Triple Ledge Beliner,Ledge,Ledges,Maine to Georgia,31.22777,-79.88666
Triple Ledge Beliner,Ledge,Ledges,Maine to Georgia,31.28715,-79.86477
Triple Ledge Beliner,Ledge,Ledges,Maine to Georgia,31.29561,-79.86045
Triple Ledge Big Beliners 1-2 S,Ledge,Ledges,Maine to Georgia,31.24402,-79.89417
Triple Ledge Footballs,Ledge,Ledges,Maine to Georgia,31.21460,-79.89307
Triple Ledge Footballs,Ledge,Ledges,Maine to Georgia,31.22562,-79.88790
Triple Ledge Good,Ledge,Ledges,Maine to Georgia,31.25310,-79.87681
Triple Ledge Grays,Ledge,Ledges,Maine to Georgia,31.22409,-79.88642
Triple Ledge Grays,Ledge,Ledges,Maine to Georgia,31.28868,-79.86396
Triple Ledge Grouper,Ledge,Ledges,Maine to Georgia,31.22587,-79.88892
Triple Ledge Grouper Beliners,Ledge,Ledges,Maine to Georgia,31.21835,-79.89126
Triple Ledge Grouper Mutton,Ledge,Ledges,Maine to Georgia,31.25269,-79.87862
Triple Ledge Grouper Snapper,Ledge,Ledges,Maine to Georgia,31.22981,-79.88557
Triple Ledge Grouper Snapper,Ledge,Ledges,Maine to Georgia,31.23121,-79.88654
Triple Ledge Kings Grouper,Ledge,Ledges,Maine to Georgia,31.28912,-79.86678
Triple Ledge Kings Grouper,Ledge,Ledges,Maine to Georgia,31.29281,-79.86308
Triple Ledge Mutton,Ledge,Ledges,Maine to Georgia,31.23724,-79.88402
Triple Ledge Scamp Good,Ledge,Ledges,Maine to Georgia,31.21547,-79.89073
Triple Ledge Snapper,Ledge,Ledges,Maine to Georgia,31.24757,-79.88071
Triple Ledge Snapper,Ledge,Ledges,Maine to Georgia,31.29203,-79.86400
Tybee Ledge,Ledge,Ledges,Maine to Georgia,31.82384,-80.49382
Tybee Ledge,Ledge,Ledges,Maine to Georgia,31.94014,-80.76431
Vixen Ledge,Ledge,Ledges,Maine to Georgia,41.30671,-72.04829
West Island Ledges N 2 A,Ledge,Ledges,Maine to Georgia,41.55778,-70.88000
West Ledge,Ledge,Ledges,Maine to Georgia,41.60042,-70.29920
West Ledge Wsil,Ledge,Ledges,Maine to Georgia,41.58997,-70.30420
West Southwest Ledge,Ledge,Ledges,Maine to Georgia,41.59242,-70.30685
Westbrook Ledge,Ledge,Ledges,Maine to Georgia,41.22473,-72.41223
Wilmington Ledge,Ledge,Ledges,Maine to Georgia,34.03543,-77.53403
Winyah Ledge,Ledge,Ledges,Maine to Georgia,32.79109,-78.10481
Winyah Scrap Ledge,Ledge,Ledges,Maine to Georgia,32.84147,-78.26012
Wledge,Ledge,Ledges,Maine to Georgia,40.75754,-72.72191
Xmas Ledge,Ledge,Ledges,Maine to Georgia,34.38866,-77.15583
Yakira Ledge,Ledge,Ledges,Maine to Georgia,41.18966,-72.12982
York Ledge,Ledge,Ledges,Maine to Georgia,43.09400,-70.58970
Platform,Platform,Platforms,Maine to Georgia,41.00072,-72.64543
100 Square,Reef,Reefs,Maine to Georgia,39.54350,-72.42658
210 Reef,Reef,Reefs,Maine to Georgia,34.23817,-76.59134
210 Reef,Reef,Reefs,Maine to Georgia,34.24708,-76.58862
3 Quarters Rock,Reef,Reefs,Maine to Georgia,41.20894,-72.66567
360-Balls,Reef,Reefs,Maine to Georgia,34.34818,-77.60353
372-Balls 3,Reef,Reefs,Maine to Georgia,34.10432,-77.74790
378-Balls 11,Reef,Reefs,Maine to Georgia,34.02960,-77.87083
50 Reef,Reef,Reefs,Maine to Georgia,33.74865,-78.46670
50 Reef 1,Reef,Reefs,Maine to Georgia,33.73737,-78.49666
50 Reef 2,Reef,Reefs,Maine to Georgia,33.76718,-78.48149
6 Mile Reef,Reef,Reefs,Maine to Georgia,41.20902,-72.47874
6 Mile Reef NO 8 C,Reef,Reefs,Maine to Georgia,41.17657,-72.48578
9 Reef,Reef,Reefs,Maine to Georgia,39.75211,-74.02160
90/90 Reef,Reef,Reefs,Maine to Georgia,33.73775,-78.42362
A Reef,Reef,Reefs,Maine to Georgia,30.93367,-81.26667
AB Reef NE,Reef,Reefs,Maine to Georgia,40.53560,-73.70666
AB Reef NW,Reef,Reefs,Maine to Georgia,40.53577,-73.72821
AB Reef SW,Reef,Reefs,Maine to Georgia,40.52550,-73.72833
AB Reefctr,Reef,Reefs,Maine to Georgia,40.53024,-73.71810
Acid Barge,Reef,Reefs,Maine to Georgia,41.04163,-71.49498
African Queen Reef,Reef,Reefs,Maine to Georgia,38.15130,-74.95325
AH Dumont Reef,Reef,Reefs,Maine to Georgia,39.62877,-74.01797
ALT Reef,Reef,Reefs,Maine to Georgia,31.30350,-81.13533
ALT Reef,Reef,Reefs,Maine to Georgia,31.30703,-81.15300
ALT Reef,Reef,Reefs,Maine to Georgia,31.30778,-81.12705
ALT Reef,Reef,Reefs,Maine to Georgia,31.30810,-81.15265
ALT Reef,Reef,Reefs,Maine to Georgia,31.31082,-81.15642
Angelos Reef,Reef,Reefs,Maine to Georgia,40.04375,-73.98673
Anglerreef,Reef,Reefs,Maine to Georgia,37.73164,-75.87815
Anglers Reef,Reef,Reefs,Maine to Georgia,37.73861,-75.88417
Anglers Reef - Bridge Sections,Bridge Sections,Reefs,Maine to Georgia,37.73132,-75.88284
Anglers Reef - Pipe,Pipe,Reefs,Maine to Georgia,37.73412,-75.88653
Anglers Reef - Pipe,Pipe,Reefs,Maine to Georgia,37.73412,-75.88514
Anglers Reef - Pipe,Pipe,Reefs,Maine to Georgia,37.73300,-75.88517
Anglers Reef - Pipe,Pipe,Reefs,Maine to Georgia,37.73299,-75.88656
Anglers Reef - Tetrahedrons,Tetrahedrons,Reefs,Maine to Georgia,37.73591,-75.88635
Anglers Reef - Tetrahedrons,Tetrahedrons,Reefs,Maine to Georgia,37.73547,-75.88670
Anglers Reef - Tetrahedrons,Tetrahedrons,Reefs,Maine to Georgia,37.73545,-75.88596
Anglers Reef - Tetrahedrons,Tetrahedrons,Reefs,Maine to Georgia,37.73501,-75.88637
Anglers Reef - Tetrahedrons,Tetrahedrons,Reefs,Maine to Georgia,37.73501,-75.88561
Anglers Reef - Tetrahedrons,Tetrahedrons,Reefs,Maine to Georgia,37.73501,-75.88711
Anglers Reef - Tetrahedrons,Tetrahedrons,Reefs,Maine to Georgia,37.73462,-75.88676
Anglers Reef - Tetrahedrons,Tetrahedrons,Reefs,Maine to Georgia,37.73457,-75.88599
Applejack Reef,Reef,Reefs,Maine to Georgia,39.27048,-74.24582
AR,Reef,Reefs,Maine to Georgia,33.49583,-77.59445
AR,Reef,Reefs,Maine to Georgia,34.10362,-77.74917
AR,Reef,Reefs,Maine to Georgia,34.15944,-77.43054
AR,Reef,Reefs,Maine to Georgia,35.11249,-75.65388
AR,Reef,Reefs,Maine to Georgia,35.13528,-75.67721
AR,Reef,Reefs,Maine to Georgia,35.69453,-75.43855
AR 130 (Train Cars),Reef,Reefs,Maine to Georgia,36.00300,-75.53050
AR 140 (Train Cars/130 ft Barge),Reef,Reefs,Maine to Georgia,35.94583,-75.52967
AR 145 (115 ft LCU),Reef,Reefs,Maine to Georgia,35.90033,-75.39783
AR 160 Dionysus (Liberty Ship),Reef,Reefs,Maine to Georgia,35.73383,-75.44550
AR 160 Zane Grey (Liberty Ship),Reef,Reefs,Maine to Georgia,35.73033,-75.44617
AR 220 (Train Cars/Rubble),Reef,Reefs,Maine to Georgia,35.13450,-75.67717
AR 225 (Train Cars/Rubble),Reef,Reefs,Maine to Georgia,35.11333,-75.65500
AR 230 Mr. J.C. (Tugboat),Reef,Reefs,Maine to Georgia,35.13283,-75.71617
AR 250 (Train Cars/Rubble),Reef,Reefs,Maine to Georgia,34.94833,-75.90883
AR 255 (Train Cars/Rubble/Pipes),Reef,Reefs,Maine to Georgia,34.92467,-75.96533
AR 296 (Tires),Reef,Reefs,Maine to Georgia,35.28883,-75.62500
AR 298 (104 ft Barge),Reef,Reefs,Maine to Georgia,35.17833,-75.99967
AR 300 Hardees Reef,Reef,Reefs,Maine to Georgia,34.30417,-76.40600
AR 300 Hardees Reef,Reef,Reefs,Maine to Georgia,34.30517,-76.40133
AR 302 Yancey Reef,Reef,Reefs,Maine to Georgia,34.16838,-76.22723
AR 330 Chapin Reef,Reef,Reefs,Maine to Georgia,34.55500,-76.85267
AR 340 Tyndall Reef,Reef,Reefs,Maine to Georgia,34.56983,-76.97017
AR 345 Reefballs,Reef,Reefs,Maine to Georgia,34.53753,-76.97113
AR 350 Reef,Reef,Reefs,Maine to Georgia,34.49833,-77.35500
AR 425 Yaupon Reef,Reef,Reefs,Maine to Georgia,33.88367,-78.10567
AR-382:DREDGE Wreck Reef,Reef,Reefs,Maine to Georgia,33.97638,-77.68805
Areaatlantic City Reef,Reef,Reefs,Maine to Georgia,39.23960,-74.22513
Areabutterfish Hole,Reef,Reefs,Maine to Georgia,40.84752,-71.71547
Areacholera Banks,Reef,Reefs,Maine to Georgia,40.44332,-73.54410
Areafire Island Reef,Reef,Reefs,Maine to Georgia,40.59495,-73.21560
Areaglory Hole,Reef,Reefs,Maine to Georgia,39.96417,-73.31990
Arealittle Egg Reef,Reef,Reefs,Maine to Georgia,39.47315,-74.19992
Areamoriches Reef,Reef,Reefs,Maine to Georgia,40.50257,-72.76592
Areamud Hole,Reef,Reefs,Maine to Georgia,40.16943,-73.70655
Areaocean City Reef,Reef,Reefs,Maine to Georgia,39.16958,-74.56318
Areashewbury Rocks,Reef,Reefs,Maine to Georgia,40.34212,-73.95743
Areastorks Reef,Reef,Reefs,Maine to Georgia,39.26773,-74.41568
Areatexas Tower,Reef,Reefs,Maine to Georgia,39.79907,-72.66900
Areawildwood Reef,Reef,Reefs,Maine to Georgia,38.96105,-74.68407
Arey Ledges,Reef,Reefs,Maine to Georgia,44.01787,-68.83753
Ariowreck,Reef,Reefs,Maine to Georgia,34.31344,-76.45317
Artificial Reef,Reef,Reefs,Maine to Georgia,37.96656,-75.15466
Artificial Reef,Reef,Reefs,Maine to Georgia,38.52497,-74.50831
Artificial Reef,Reef,Reefs,Maine to Georgia,38.52666,-74.50332
Artificial Reef,Reef,Reefs,Maine to Georgia,38.56583,-76.40694
Artificial Reef,Reef,Reefs,Maine to Georgia,38.61229,-74.93274
Artificial Reef,Reef,Reefs,Maine to Georgia,38.61667,-76.49167
Artificial Reef,Reef,Reefs,Maine to Georgia,38.67268,-74.72786
Artificial Reef,Reef,Reefs,Maine to Georgia,38.67482,-74.73260
Artificial Reef,Reef,Reefs,Maine to Georgia,38.67555,-74.73785
Artificial Reef,Reef,Reefs,Maine to Georgia,38.67696,-74.72288
Artificial Reef,Reef,Reefs,Maine to Georgia,38.67776,-74.73282
Artificial Reef,Reef,Reefs,Maine to Georgia,38.85726,-74.70695
Artificial Reef,Reef,Reefs,Maine to Georgia,38.86248,-75.13649
Artificial Reef,Reef,Reefs,Maine to Georgia,38.86479,-74.70020
Artificial Reef,Reef,Reefs,Maine to Georgia,38.86833,-75.14664
Artificial Reef,Reef,Reefs,Maine to Georgia,38.86927,-75.13998
Artificial Reef,Reef,Reefs,Maine to Georgia,38.87314,-75.15839
Artificial Reef,Reef,Reefs,Maine to Georgia,38.87584,-74.67764
Artificial Reef,Reef,Reefs,Maine to Georgia,38.87965,-74.67832
Artificial Reef,Reef,Reefs,Maine to Georgia,38.90363,-75.19918
Artificial Reef,Reef,Reefs,Maine to Georgia,38.90793,-75.20371
Artificial Reef,Reef,Reefs,Maine to Georgia,38.91638,-75.21092
Artificial Reef,Reef,Reefs,Maine to Georgia,38.94099,-75.14178
Artificial Reef,Reef,Reefs,Maine to Georgia,38.94413,-75.14730
Artificial Reef,Reef,Reefs,Maine to Georgia,38.96544,-75.16021
Artificial Reef,Reef,Reefs,Maine to Georgia,38.96842,-75.16197
Artificial Reef,Reef,Reefs,Maine to Georgia,39.01756,-75.28134
Artificial Reef,Reef,Reefs,Maine to Georgia,39.02905,-75.29525
Artificial Reef,Reef,Reefs,Maine to Georgia,39.05107,-75.26204
Artificial Reef,Reef,Reefs,Maine to Georgia,39.17608,-75.29620
Artificial Reef,Reef,Reefs,Maine to Georgia,39.18774,-75.30159
Artificial Reef,Reef,Reefs,Maine to Georgia,39.19043,-75.30293
Artificial Reef,Reef,Reefs,Maine to Georgia,39.22222,-76.27361
Artificial Reef,Reef,Reefs,Maine to Georgia,39.23889,-76.26389
Artificial Reef,Reef,Reefs,Maine to Georgia,39.25932,-75.34479
Artificial Reef,Reef,Reefs,Maine to Georgia,39.26313,-75.35292
Arundo Area,Reef,Reefs,Maine to Georgia,40.17295,-73.68308
Arundo Wreck,Reef,Reefs,Maine to Georgia,40.16200,-73.66417
Arundo Wreck,Reef,Reefs,Maine to Georgia,40.17090,-73.67592
Arundo Wreck L,Reef,Reefs,Maine to Georgia,40.19517,-73.66417
AS Westcoat Reef,Reef,Reefs,Maine to Georgia,39.16365,-74.57181
Asphalt Pile Reef,Reef,Reefs,Maine to Georgia,37.75283,-76.22350
Asphalt Pile Reef,Reef,Reefs,Maine to Georgia,37.75472,-76.22806
Asphalt Pile Reef - Pipe,Pipe,Reefs,Maine to Georgia,37.74963,-76.22111
Asphalt Pile Reef - Pipe,Pipe,Reefs,Maine to Georgia,37.74909,-76.22102
Asphalt Pile Reef - Pipe,Pipe,Reefs,Maine to Georgia,37.74737,-76.22292
Asphalt Pile Reef - Pipe,Pipe,Reefs,Maine to Georgia,37.74656,-76.22288
Asphalt Pile Reef - Pipe,Pipe,Reefs,Maine to Georgia,37.74572,-76.22318
Asphalt Pile Reef - Pipe,Pipe,Reefs,Maine to Georgia,37.74478,-76.22288
Atlantic City Reef,Reef,Reefs,Maine to Georgia,39.22583,-74.19550
Atlantic City Reef,Reef,Reefs,Maine to Georgia,39.22717,-74.19950
Atlantic City Reef,Reef,Reefs,Maine to Georgia,39.23367,-74.19950
Atlantic City Reef,Reef,Reefs,Maine to Georgia,39.23433,-74.19583
Atlantic City Reef,Reef,Reefs,Maine to Georgia,39.25217,-74.24033
Atlantic City Reef,Reef,Reefs,Maine to Georgia,39.25533,-74.22717
Atlantic City Reef,Reef,Reefs,Maine to Georgia,39.25700,-74.23850
Back River Reef,Reef,Reefs,Maine to Georgia,37.13627,-76.22557
Back River Reef - Bridge Sections,Bridge Sections,Reefs,Maine to Georgia,37.13764,-76.22861
Back River Reef - Bridge Sections,Bridge Sections,Reefs,Maine to Georgia,37.13708,-76.22894
Back River Reef - Bridge Sections,Bridge Sections,Reefs,Maine to Georgia,37.13693,-76.22915
Back River Reef - Bridge Sections,Bridge Sections,Reefs,Maine to Georgia,37.13649,-76.22897
Back River Reef - Bridge Sections,Bridge Sections,Reefs,Maine to Georgia,37.13574,-76.23227
Back River Reef - Bridge Sections,Bridge Sections,Reefs,Maine to Georgia,37.13529,-76.23274
Back River Reef - Igloos and Tetrahedrons,Igloos and Tetrahedrons,Reefs,Maine to Georgia,37.13813,-76.23079
Back River Reef - Igloos and Tetrahedrons,Igloos and Tetrahedrons,Reefs,Maine to Georgia,37.13755,-76.23088
Back River Reef - Igloos and Tetrahedrons,Igloos and Tetrahedrons,Reefs,Maine to Georgia,37.13113,-76.23534
Back River Reef - Piles,Piles,Reefs,Maine to Georgia,37.13987,-76.22673
Back River Reef - Piles,Piles,Reefs,Maine to Georgia,37.13920,-76.22693
Back River Reef - Pipe,Pipe,Reefs,Maine to Georgia,37.13638,-76.23080
Back River Reef - Pipe,Pipe,Reefs,Maine to Georgia,37.13625,-76.23029
Back River Reef - Pipe,Pipe,Reefs,Maine to Georgia,37.13621,-76.22991
Back River Reef - Pipe,Pipe,Reefs,Maine to Georgia,37.13575,-76.23010
Back River Reef - Pipe,Pipe,Reefs,Maine to Georgia,37.13524,-76.22965
Back River Reef - Pipe,Pipe,Reefs,Maine to Georgia,37.13514,-76.22927
Back River Reef - Rubble,Rubble,Reefs,Maine to Georgia,37.13812,-76.23592
Back River Reef - Rubble,Rubble,Reefs,Maine to Georgia,37.13776,-76.23144
Back River Reef - Rubble,Rubble,Reefs,Maine to Georgia,37.13755,-76.23168
Back River Reef - Rubble,Rubble,Reefs,Maine to Georgia,37.13726,-76.23150
Back River Reef - Rubble,Rubble,Reefs,Maine to Georgia,37.13726,-76.23205
Back River Reef - Rubble,Rubble,Reefs,Maine to Georgia,37.13670,-76.23216
Back River Reef - Rubble,Rubble,Reefs,Maine to Georgia,37.13667,-76.23175
Back River Reef - Rubble,Rubble,Reefs,Maine to Georgia,37.13666,-76.23131
Back River Reef - Rubble,Rubble,Reefs,Maine to Georgia,37.13666,-76.23094
Back River Reef - Rubble,Rubble,Reefs,Maine to Georgia,37.13666,-76.23253
Back River Reef - Rubble,Rubble,Reefs,Maine to Georgia,37.13650,-76.23278
Back River Reef - Rubble,Rubble,Reefs,Maine to Georgia,37.13648,-76.23208
Back River Reef - Rubble,Rubble,Reefs,Maine to Georgia,37.13640,-76.23185
Back River Reef - Rubble,Rubble,Reefs,Maine to Georgia,37.13639,-76.23393
Back River Reef - Rubble,Rubble,Reefs,Maine to Georgia,37.13635,-76.23251
Back River Reef - Rubble,Rubble,Reefs,Maine to Georgia,37.13630,-76.23353
Back River Reef - Rubble,Rubble,Reefs,Maine to Georgia,37.13626,-76.23227
Back River Reef - Rubble,Rubble,Reefs,Maine to Georgia,37.13621,-76.23204
Back River Reef - Rubble,Rubble,Reefs,Maine to Georgia,37.13599,-76.23116
Back River Reef - Rubble,Rubble,Reefs,Maine to Georgia,37.13598,-76.23183
Back River Reef - Rubble,Rubble,Reefs,Maine to Georgia,37.13586,-76.23135
Back River Reef - Rubble,Rubble,Reefs,Maine to Georgia,37.13584,-76.23164
Ballinger Liss Reef,Reef,Reefs,Maine to Georgia,39.48169,-74.17498
BAR Ledge,Reef,Reefs,Maine to Georgia,43.52008,-70.34383
Barge,Reef,Reefs,Maine to Georgia,40.45872,-73.44949
Barge Wreck,Reef,Reefs,Maine to Georgia,34.59783,-76.60913
Bargesteel,Reef,Reefs,Maine to Georgia,36.89568,-75.71380
Barn Rocks,Reef,Reefs,Maine to Georgia,42.65290,-70.68590
Barnaget Light Reef,Reef,Reefs,Maine to Georgia,39.75613,-74.02202
Barnegat Hole,Reef,Reefs,Maine to Georgia,39.71280,-73.53257
Bartlett Reef,Reef,Reefs,Maine to Georgia,41.28565,-72.13578
Bartlett Reef NO LA,Reef,Reefs,Maine to Georgia,41.08847,-71.92153
Bartlett Rock,Reef,Reefs,Maine to Georgia,42.07542,-70.63158
Bartlett Rock,Reef,Reefs,Maine to Georgia,42.07817,-70.62288
Bayhead Fish Reef Ball,Reef,Reefs,Maine to Georgia,40.04050,-73.99300
Bear Ledge,Reef,Reefs,Maine to Georgia,34.56713,-77.15292
Bear Ledge,Reef,Reefs,Maine to Georgia,34.58077,-77.14970
Bear Rock,Reef,Reefs,Maine to Georgia,34.54868,-77.15713
Bear Rock,Reef,Reefs,Maine to Georgia,34.56983,-77.15000
Bears Reef,Reef,Reefs,Maine to Georgia,39.62208,-74.02832
Bearse Rock,Reef,Reefs,Maine to Georgia,41.60250,-70.33077
Beaufort 45' Reef,Reef,Reefs,Maine to Georgia,32.11847,-80.48803
Beaufort 45' Reef,Reef,Reefs,Maine to Georgia,32.11948,-80.48872
Beaufort 45' Reef,Reef,Reefs,Maine to Georgia,32.11992,-80.48800
Beaufort 45' Reef,Reef,Reefs,Maine to Georgia,32.12050,-80.48813
Beaufort 45' Reef - Concrete Reef Balls,Reef,Reefs,Maine to Georgia,32.11998,-80.48890
Beaufort 45' Reef - Tanks And/Or Apcs,Reef,Reefs,Maine to Georgia,32.11845,-80.48667
Beaufort 45' Reef - Tanks And/Or Apcs,Reef,Reefs,Maine to Georgia,32.11913,-80.48813
Beaufort 45' Reef - Tanks And/Or Apcs,Reef,Reefs,Maine to Georgia,32.11947,-80.48548
Beaufort 45' Reef - Tanks And/Or Apcs,Reef,Reefs,Maine to Georgia,32.12003,-80.48655
Beliner Footballs,Reef,Reefs,Maine to Georgia,32.17283,-79.25781
Betsy Ross Reef,Reef,Reefs,Maine to Georgia,32.05712,-80.41418
Betsy Ross Reef - 175' Ship (YO-224),Reef,Reefs,Maine to Georgia,32.05237,-80.41887
Betsy Ross Reef - 430' Liberty Ship,Reef,Reefs,Maine to Georgia,32.05475,-80.41660
Betsy Ross Reef - Bridge,Reef,Reefs,Maine to Georgia,32.05605,-80.41437
Betsy Ross Reef - Bridge,Reef,Reefs,Maine to Georgia,32.05645,-80.41410
Betsy Ross Reef - Bridge,Reef,Reefs,Maine to Georgia,32.05652,-80.41467
BH Reef,Reef,Reefs,Maine to Georgia,31.50638,-81.10457
BH Reef,Reef,Reefs,Maine to Georgia,31.50688,-81.10555
BH Reef,Reef,Reefs,Maine to Georgia,31.50702,-81.10425
BH Reef,Reef,Reefs,Maine to Georgia,31.50743,-81.10483
Bhmtc Reef,Reef,Reefs,Maine to Georgia,39.55983,-74.10649
Bhmtc Reef VI,Reef,Reefs,Maine to Georgia,39.56014,-74.11815
Big Jim Ryan Reef,Reef,Reefs,Maine to Georgia,39.48000,-74.17998
Bill DA Butch Reef,Reef,Reefs,Maine to Georgia,39.56258,-74.11500
Bill Hornidge Reefballs,Reef,Reefs,Maine to Georgia,39.75060,-74.02992
Bill Messler Reef,Reef,Reefs,Maine to Georgia,39.46965,-74.18664
Bill Perry Jr Reef,Reef,Reefs,Maine to Georgia,33.42883,-78.55258
Bill Perry Reef,Reef,Reefs,Maine to Georgia,33.42833,-78.55333
Bill Perry Reef - Landing Craft,Reef,Reefs,Maine to Georgia,33.42362,-78.55785
Bill Perry Reef - Landing Craft,Reef,Reefs,Maine to Georgia,33.42437,-78.55458
Bill Perry Reef - Landing Craft,Reef,Reefs,Maine to Georgia,33.42583,-78.55635
Bill Perry Reef - Landing Craft,Reef,Reefs,Maine to Georgia,33.42752,-78.55923
Bill Perry Reef - Shrimp Boat,Reef,Reefs,Maine to Georgia,33.42788,-78.55962
Bill Perry Reef - Tugboat,Reef,Reefs,Maine to Georgia,33.42753,-78.55488
Bill VAN Schoick Reef,Reef,Reefs,Maine to Georgia,39.76165,-74.01998
Billy Murrell Reef,Reef,Reefs,Maine to Georgia,34.24612,-77.71500
Billy Sidney Reef,Reef,Reefs,Maine to Georgia,40.02317,-73.98981
Billy Smith Reef,Reef,Reefs,Maine to Georgia,34.83445,-76.28362
BL Reef,Reef,Reefs,Maine to Georgia,31.64118,-81.07915
BL Reef,Reef,Reefs,Maine to Georgia,31.64120,-81.08047
BL Reef,Reef,Reefs,Maine to Georgia,31.64172,-81.07887
BL Reef,Reef,Reefs,Maine to Georgia,31.64202,-81.07987
Black Rock Harbor NO 2 A,Reef,Reefs,Maine to Georgia,41.13668,-73.21818
Black Rock Harnor,Reef,Reefs,Maine to Georgia,41.13500,-73.21433
Blackfish Bank Reef,Reef,Reefs,Maine to Georgia,37.83750,-75.24517
Blackfish Bank Reef,Reef,Reefs,Maine to Georgia,37.84028,-75.25306
Blackfish Bank Reef - Military vehicles,Military vehicles,Reefs,Maine to Georgia,37.83602,-75.25304
Blackfish Bank Reef - Military vehicles,Military vehicles,Reefs,Maine to Georgia,37.83536,-75.25339
Blackfish Bank Reef - Subway cars,Subway cars,Reefs,Maine to Georgia,37.84210,-75.24891
Blackfish Bank Reef - Subway cars,Subway cars,Reefs,Maine to Georgia,37.84186,-75.25097
Blackfish Bank Reef - Subway cars,Subway cars,Reefs,Maine to Georgia,37.84183,-75.24874
Blackfish Bank Reef - Subway cars,Subway cars,Reefs,Maine to Georgia,37.84178,-75.24639
Blackfish Bank Reef - Subway cars,Subway cars,Reefs,Maine to Georgia,37.84170,-75.24466
Blackfish Bank Reef - Subway cars,Subway cars,Reefs,Maine to Georgia,37.84162,-75.24845
Blackfish Bank Reef - Subway cars,Subway cars,Reefs,Maine to Georgia,37.84152,-75.24632
Blackfish Bank Reef - Subway cars,Subway cars,Reefs,Maine to Georgia,37.84147,-75.24483
Blackfish Bank Reef - Subway cars,Subway cars,Reefs,Maine to Georgia,37.84146,-75.24685
Blackfish Bank Reef - Subway cars,Subway cars,Reefs,Maine to Georgia,37.84128,-75.24583
Blackfish Bank Reef - Subway cars,Subway cars,Reefs,Maine to Georgia,37.84123,-75.25004
Blackfish Bank Reef - Subway cars,Subway cars,Reefs,Maine to Georgia,37.84120,-75.25114
Blackfish Bank Reef - Subway cars,Subway cars,Reefs,Maine to Georgia,37.84115,-75.24755
Blackfish Bank Reef - Subway cars,Subway cars,Reefs,Maine to Georgia,37.84096,-75.24672
Blackfish Bank Reef - Subway cars,Subway cars,Reefs,Maine to Georgia,37.84094,-75.24596
Blackfish Bank Reef - Subway cars,Subway cars,Reefs,Maine to Georgia,37.84089,-75.24815
Blackfish Bank Reef - Subway cars,Subway cars,Reefs,Maine to Georgia,37.84086,-75.25051
Blackfish Bank Reef - Subway cars,Subway cars,Reefs,Maine to Georgia,37.84086,-75.24954
Blackfish Bank Reef - Subway cars,Subway cars,Reefs,Maine to Georgia,37.84039,-75.24587
Blackfish Bank Reef - Subway cars,Subway cars,Reefs,Maine to Georgia,37.84031,-75.24851
Blackfish Bank Reef - Subway cars,Subway cars,Reefs,Maine to Georgia,37.84026,-75.25051
Blackfish Bank Reef - Subway cars,Subway cars,Reefs,Maine to Georgia,37.84009,-75.25098
Blackfish Bank Reef - Subway cars,Subway cars,Reefs,Maine to Georgia,37.84007,-75.24844
Blackfish Bank Reef - Subway cars,Subway cars,Reefs,Maine to Georgia,37.84007,-75.24577
Blackfish Bank Reef - Subway cars,Subway cars,Reefs,Maine to Georgia,37.83985,-75.24656
Blackfish Bank Reef - Subway cars,Subway cars,Reefs,Maine to Georgia,37.83981,-75.24577
Blackfish Bank Reef - Subway cars,Subway cars,Reefs,Maine to Georgia,37.83980,-75.25074
Blackfish Bank Reef - Subway cars,Subway cars,Reefs,Maine to Georgia,37.83980,-75.24868
Blackfish Bank Reef - Subway cars,Subway cars,Reefs,Maine to Georgia,37.83954,-75.25250
Blackfish Bank Reef - Subway cars,Subway cars,Reefs,Maine to Georgia,37.83954,-75.25031
Blackfish Bank Reef - Subway cars,Subway cars,Reefs,Maine to Georgia,37.83947,-75.24785
Blackfish Bank Reef - Subway cars,Subway cars,Reefs,Maine to Georgia,37.83937,-75.24935
Blackfish Bank Reef - Subway cars,Subway cars,Reefs,Maine to Georgia,37.83928,-75.25011
Blackfish Bank Reef - Subway cars,Subway cars,Reefs,Maine to Georgia,37.83920,-75.24798
Blackfish Bank Reef - Subway cars,Subway cars,Reefs,Maine to Georgia,37.83918,-75.24888
Blackfish Bank Reef - Subway cars,Subway cars,Reefs,Maine to Georgia,37.83915,-75.24726
Blackfish Bank Reef - Subway cars,Subway cars,Reefs,Maine to Georgia,37.83901,-75.25031
Blackfish Bank Reef - Subway cars,Subway cars,Reefs,Maine to Georgia,37.83875,-75.25018
Blackfish Bank Reef - Subway cars,Subway cars,Reefs,Maine to Georgia,37.83874,-75.25154
Blackfish Bank Reef - Subway cars,Subway cars,Reefs,Maine to Georgia,37.83867,-75.24620
Blackfish Bank Reef - Subway cars,Subway cars,Reefs,Maine to Georgia,37.83855,-75.25003
Blackfish Bank Reef - Subway cars,Subway cars,Reefs,Maine to Georgia,37.83843,-75.24951
Blackfish Bank Reef - Subway cars,Subway cars,Reefs,Maine to Georgia,37.83843,-75.24615
Blackfish Bank Reef - Subway cars,Subway cars,Reefs,Maine to Georgia,37.83836,-75.25071
Blackfish Bank Reef - Subway cars,Subway cars,Reefs,Maine to Georgia,37.83835,-75.25167
Blackfish Bank Reef - Subway cars,Subway cars,Reefs,Maine to Georgia,37.83833,-75.24895
Blackfish Bank Reef - Subway cars,Subway cars,Reefs,Maine to Georgia,37.83819,-75.24632
Blackfish Bank Reef - Subway cars,Subway cars,Reefs,Maine to Georgia,37.83809,-75.25247
Blackfish Bank Reef - Subway cars,Subway cars,Reefs,Maine to Georgia,37.83797,-75.24615
Blackfish Bank Reef - Subway cars,Subway cars,Reefs,Maine to Georgia,37.83790,-75.24842
Blackfish Bank Reef - Subway cars,Subway cars,Reefs,Maine to Georgia,37.83781,-75.25171
Blackfish Bank Reef - Subway cars,Subway cars,Reefs,Maine to Georgia,37.83780,-75.24645
Blackfish Bank Reef - Subway cars,Subway cars,Reefs,Maine to Georgia,37.83770,-75.24463
Blackfish Bank Reef - Subway cars,Subway cars,Reefs,Maine to Georgia,37.83764,-75.24988
Blackfish Bank Reef - Subway cars,Subway cars,Reefs,Maine to Georgia,37.83762,-75.24542
Blackfish Bank Reef - Subway cars,Subway cars,Reefs,Maine to Georgia,37.83756,-75.24632
Blackfish Bank Reef - Subway cars,Subway cars,Reefs,Maine to Georgia,37.83730,-75.25018
Blackfish Bank Reef - Subway cars,Subway cars,Reefs,Maine to Georgia,37.83712,-75.24719
Blackfish Bank Reef - Subway cars,Subway cars,Reefs,Maine to Georgia,37.83701,-75.24519
Blackfish Bank Reef - Subway cars,Subway cars,Reefs,Maine to Georgia,37.83680,-75.24579
Blackfish Bank Reef - Subway cars,Subway cars,Reefs,Maine to Georgia,37.83675,-75.24772
Blackfish Bank Reef - Subway cars,Subway cars,Reefs,Maine to Georgia,37.83669,-75.24699
Blackfish Bank Reef - Subway cars,Subway cars,Reefs,Maine to Georgia,37.83661,-75.25190
Blackfish Bank Reef - Subway cars,Subway cars,Reefs,Maine to Georgia,37.83646,-75.24835
Blackfish Bank Reef - Subway cars,Subway cars,Reefs,Maine to Georgia,37.83638,-75.24577
Blackfish Bank Reef - Subway cars,Subway cars,Reefs,Maine to Georgia,37.83619,-75.24859
Blackfish Bank Reef - Subway cars,Subway cars,Reefs,Maine to Georgia,37.83616,-75.24668
Blackfish Bank Reef - Subway cars,Subway cars,Reefs,Maine to Georgia,37.83614,-75.24620
Blackfish Bank Reef - Subway cars,Subway cars,Reefs,Maine to Georgia,37.83606,-75.25213
Blackfish Bank Reef - Subway cars,Subway cars,Reefs,Maine to Georgia,37.83595,-75.24849
Blackfish Bank Reef - Subway cars,Subway cars,Reefs,Maine to Georgia,37.83572,-75.24844
Blackfish Bank Reef - Subway cars,Subway cars,Reefs,Maine to Georgia,37.83543,-75.24738
Blackfish Bank Reef - Subway cars,Subway cars,Reefs,Maine to Georgia,37.83539,-75.25240
Blackfish Bank Reef - Subway cars,Subway cars,Reefs,Maine to Georgia,37.83538,-75.24742
Blackfish Bank Reef - Subway cars,Subway cars,Reefs,Maine to Georgia,37.83529,-75.24791
Blackfish Bank Reef - Subway cars,Subway cars,Reefs,Maine to Georgia,37.83515,-75.24748
Blackfish Bank Reef - Subway cars,Subway cars,Reefs,Maine to Georgia,37.83508,-75.24801
Blackfish Bank Reef - Subway cars,Subway cars,Reefs,Maine to Georgia,37.83487,-75.25264
Blackfish Bank Reef - Subway cars,Subway cars,Reefs,Maine to Georgia,37.83476,-75.25060
Blackfish Bank Reef - Subway cars,Subway cars,Reefs,Maine to Georgia,37.83464,-75.24798
Blackfish Bank Reef - Subway cars,Subway cars,Reefs,Maine to Georgia,37.83464,-75.25117
Blackfish Bank Reef - Subway cars,Subway cars,Reefs,Maine to Georgia,37.83433,-75.24855
Blackfish Bank Reef - Subway cars,Subway cars,Reefs,Maine to Georgia,37.83427,-75.25164
Blackfish Bank Reef - Subway cars,Subway cars,Reefs,Maine to Georgia,37.83408,-75.25270
Blackfish Bank Reef - Subway cars,Subway cars,Reefs,Maine to Georgia,37.83408,-75.25343
Blackfish Bank Reef - Subway cars,Subway cars,Reefs,Maine to Georgia,37.83385,-75.24842
Blackfish Bank Reef - Subway cars,Subway cars,Reefs,Maine to Georgia,37.83379,-75.25257
Blackfish Bank Reef - Subway cars,Subway cars,Reefs,Maine to Georgia,37.83372,-75.24796
Blackwood Reef,Reef,Reefs,Maine to Georgia,38.94633,-74.68832
Bluefish Rock Reef,Reef,Reefs,Maine to Georgia,37.05117,-76.18733
Bluefish Rock Reef - Pipe,Pipe,Reefs,Maine to Georgia,37.05537,-76.18352
Bluefish Rock Reef - Pipe,Pipe,Reefs,Maine to Georgia,37.05509,-76.18274
Bluefish Rock Reef - Pipe,Pipe,Reefs,Maine to Georgia,37.05349,-76.19043
Bluefish Rock Reef - Pipe,Pipe,Reefs,Maine to Georgia,37.05306,-76.18725
Bluefish Rock Reef - Pipe,Pipe,Reefs,Maine to Georgia,37.05195,-76.18821
Bluefish Rock Reef - Pipe,Pipe,Reefs,Maine to Georgia,37.05158,-76.18860
Bluefish Rock Reef - Pipe,Pipe,Reefs,Maine to Georgia,37.05138,-76.18707
Bluefish Rock Reef - Pipe,Pipe,Reefs,Maine to Georgia,37.05124,-76.18622
Bluefish Rock Reef - Pipe,Pipe,Reefs,Maine to Georgia,37.05096,-76.18690
BOB Koch Reef,Reef,Reefs,Maine to Georgia,40.06033,-73.99316
Bolger Reef,Reef,Reefs,Maine to Georgia,40.02583,-73.99981
BP-25 Reef - 160' Ship,Reef,Reefs,Maine to Georgia,33.35333,-78.42000
Brenton Reef Tower,Reef,Reefs,Maine to Georgia,41.29665,-71.85948
Bridge Rubble Reef,Reef,Reefs,Maine to Georgia,40.13708,-73.93237
Browns Reef,Reef,Reefs,Maine to Georgia,41.22743,-72.76553
Browns Reef,Reef,Reefs,Maine to Georgia,41.23227,-72.77188
Bruce Alan Ballinger Reef,Reef,Reefs,Maine to Georgia,39.23659,-74.35516
Brunswick County Fishing Club Reef,Reef,Reefs,Maine to Georgia,33.83000,-78.21805
Budd Reef,Reef,Reefs,Maine to Georgia,41.02866,-73.43386
Budweiser Reef,Reef,Reefs,Maine to Georgia,40.04657,-73.98915
Burlington County Reefbal,Reef,Reefs,Maine to Georgia,39.74750,-74.02601
Butch Karpowicz Reef,Reef,Reefs,Maine to Georgia,40.03333,-74.00164
C J Davidson Jr Reef,Reef,Reefs,Maine to Georgia,33.09955,-79.01257
C J Davidson Jr Reef - Barge,Reef,Reefs,Maine to Georgia,33.09885,-79.01252
C J Davidson Jr Reef - Concrete Reef Balls,Reef,Reefs,Maine to Georgia,33.10010,-79.01342
C J Davidson Jr Reef - Steel & Tire Units,Reef,Reefs,Maine to Georgia,33.09867,-79.01220
C J Davidson Jr Reef - Steel & Tire Units,Reef,Reefs,Maine to Georgia,33.09918,-79.01253
Cabbage Patch Reef - Concrete Slabs,Concrete Slabs,Reefs,Maine to Georgia,37.17349,-76.04729
Cabbage Patch Reef - Concrete Slabs,Concrete Slabs,Reefs,Maine to Georgia,37.17214,-76.04729
Cabbage Patch Reef - Concrete Slabs,Concrete Slabs,Reefs,Maine to Georgia,37.17022,-76.04905
Cabbage Patch Reef - Dbl. T Sections,Dbl. T Sections,Reefs,Maine to Georgia,37.17563,-76.05673
Cabbage Patch Reef - Dbl. T Sections,Dbl. T Sections,Reefs,Maine to Georgia,37.17553,-76.05645
Cabbage Patch Reef - Dbl. T Sections,Dbl. T Sections,Reefs,Maine to Georgia,37.17241,-76.05010
Cabbage Patch Reef - Dbl. T Sections,Dbl. T Sections,Reefs,Maine to Georgia,37.17239,-76.04939
Cabbage Patch Reef - Dbl. T Sections,Dbl. T Sections,Reefs,Maine to Georgia,37.17239,-76.04869
Cabbage Patch Reef - Dbl. T Sections,Dbl. T Sections,Reefs,Maine to Georgia,37.17188,-76.04867
Cabbage Patch Reef - Dbl. T Sections,Dbl. T Sections,Reefs,Maine to Georgia,37.17188,-76.05010
Cabbage Patch Reef - Dbl. T Sections,Dbl. T Sections,Reefs,Maine to Georgia,37.17188,-76.04936
Cabbage Patch Reef - Dbl. T Sections,Dbl. T Sections,Reefs,Maine to Georgia,37.17132,-76.04942
Cabbage Patch Reef - Dbl. T Sections,Dbl. T Sections,Reefs,Maine to Georgia,37.17131,-76.05010
Cabbage Patch Reef - Dbl. T Sections,Dbl. T Sections,Reefs,Maine to Georgia,37.17131,-76.04872
Cabbage Patch Reef - Dbl. T Sections,Dbl. T Sections,Reefs,Maine to Georgia,37.17065,-76.05011
Cabbage Patch Reef - Reef Balls,Reef Balls,Reefs,Maine to Georgia,37.17570,-76.05645
Cabbage Patch Reef - Reef Balls,Reef Balls,Reefs,Maine to Georgia,37.17077,-76.05012
Cable And Anchor Reef,Reef,Reefs,Maine to Georgia,41.01228,-73.41982
Cape Fear Ledge,Reef,Reefs,Maine to Georgia,33.83600,-78.07433
Cape May Reef,Reef,Reefs,Maine to Georgia,38.84133,-74.70750
Cape May Reef,Reef,Reefs,Maine to Georgia,38.84467,-74.69817
Cape May Reef,Reef,Reefs,Maine to Georgia,38.85150,-74.69033
Cape May Reef,Reef,Reefs,Maine to Georgia,38.87300,-74.66817
Cape May Reef,Reef,Reefs,Maine to Georgia,38.87750,-74.67433
Cape May Reef,Reef,Reefs,Maine to Georgia,38.88017,-74.66233
Cape May Reef,Reef,Reefs,Maine to Georgia,38.88250,-74.67067
Cape May Reef,Reef,Reefs,Maine to Georgia,38.88350,-74.66483
Cape Romain Reef,Reef,Reefs,Maine to Georgia,32.99763,-79.03887
Cape Romain Reef - Barge,Reef,Reefs,Maine to Georgia,32.99695,-79.03853
Capers Reef (R-8),Reef,Reefs,Maine to Georgia,32.74983,-79.57528
Capers Reef (R-8) - 120' Deck Barge,Reef,Reefs,Maine to Georgia,32.75145,-79.57477
Capers Reef (R-8) - 150' Deck Barge,Reef,Reefs,Maine to Georgia,32.74942,-79.57473
Capers Reef (R-8) - 56' Landing Craft,Reef,Reefs,Maine to Georgia,32.74212,-79.57568
Capers Reef (R-8) - 56' Landing Craft,Reef,Reefs,Maine to Georgia,32.74213,-79.57598
Capers Reef (R-8) - 90' Tug,Reef,Reefs,Maine to Georgia,32.74232,-79.57242
Capers Reef (R-8) - Caisson,Reef,Reefs,Maine to Georgia,32.74037,-79.57575
Capers Reef (R-8) - Concrete Reef Balls,Reef,Reefs,Maine to Georgia,32.73967,-79.57560
Capers Reef (R-8) - Concrete Reef Balls,Reef,Reefs,Maine to Georgia,32.73968,-79.57557
Capers Reef (R-8) - Pipes And Cubes,Reef,Reefs,Maine to Georgia,32.74892,-79.57595
Capers Reef (R-8) - Unknown Barge,Reef,Reefs,Maine to Georgia,32.74008,-79.57512
Capers Reef CG,Reef,Reefs,Maine to Georgia,32.75215,-79.57460
Captain Earls Hump,Reef,Reefs,Maine to Georgia,34.87387,-75.98628
Captain ED Schmidiger Reef,Reef,Reefs,Maine to Georgia,40.03053,-73.99460
Captain KEN Keller Reef,Reef,Reefs,Maine to Georgia,40.00408,-73.99290
Cat Reef,Reef,Reefs,Maine to Georgia,31.65453,-80.96258
Cat Reef,Reef,Reefs,Maine to Georgia,31.65708,-80.94672
Cat Reef,Reef,Reefs,Maine to Georgia,31.65817,-80.96783
Cat Reef,Reef,Reefs,Maine to Georgia,31.66118,-80.96772
Cat Reef,Reef,Reefs,Maine to Georgia,31.66167,-80.94880
Cat Reef,Reef,Reefs,Maine to Georgia,31.66515,-80.95093
Cat Reef,Reef,Reefs,Maine to Georgia,31.66585,-80.97208
Cat Reef,Reef,Reefs,Maine to Georgia,31.66800,-80.97592
CCA Reef,Reef,Reefs,Maine to Georgia,31.69977,-80.69883
CCA Reef,Reef,Reefs,Maine to Georgia,31.70065,-80.68735
CCA Reef,Reef,Reefs,Maine to Georgia,31.70640,-80.68778
CCA Reef,Reef,Reefs,Maine to Georgia,31.70848,-80.68517
CCA Reef,Reef,Reefs,Maine to Georgia,31.71015,-80.68782
CCA Reef,Reef,Reefs,Maine to Georgia,31.71187,-80.68482
CCA Reef,Reef,Reefs,Maine to Georgia,31.71377,-80.68743
CCA Reef,Reef,Reefs,Maine to Georgia,31.71627,-80.68520
CCA Reef,Reef,Reefs,Maine to Georgia,31.71967,-80.68610
CCA Reef,Reef,Reefs,Maine to Georgia,31.72000,-80.66950
CCA Reef,Reef,Reefs,Maine to Georgia,31.72168,-80.67642
CCA Reef,Reef,Reefs,Maine to Georgia,31.72508,-80.68573
CCA-Mcclellanville Reef,Reef,Reefs,Maine to Georgia,32.86345,-79.37473
Cedar Hole,Reef,Reefs,Maine to Georgia,40.97005,-73.03865
Cedar Island Ledge,Reef,Reefs,Maine to Georgia,42.97530,-70.59957
Cederhurst Reef,Reef,Reefs,Maine to Georgia,38.74642,-76.48692
Charity Ledges,Reef,Reefs,Maine to Georgia,43.71272,-69.98985
Charles B Durborow Reef,Reef,Reefs,Maine to Georgia,39.75963,-74.02856
Charles Reef,Reef,Reefs,Maine to Georgia,41.24343,-72.61957
Charleston Nearshore Reef,Reef,Reefs,Maine to Georgia,32.71042,-79.76102
Charleston Nearshore Reef - 105' Barge,Reef,Reefs,Maine to Georgia,32.70952,-79.76013
Charleston Nearshore Reef - Ballast Cans,Reef,Reefs,Maine to Georgia,32.71062,-79.75960
Charleston Nearshore Reef - Barge,Reef,Reefs,Maine to Georgia,32.70945,-79.76005
Charleston Nearshore Reef - Barge,Reef,Reefs,Maine to Georgia,32.71050,-79.76225
Charleston Nearshore Reef - Barge,Reef,Reefs,Maine to Georgia,32.71092,-79.76043
Charleston Nearshore Reef - Concrete,Reef,Reefs,Maine to Georgia,32.70893,-79.76017
Charleston Nearshore Reef - Missile Motor Cradles,Reef,Reefs,Maine to Georgia,32.70983,-79.76167
Charleston Sixty Reef,Reef,Reefs,Maine to Georgia,32.55245,-79.67082
Charleston Sixty Reef - 240' Barge,Reef,Reefs,Maine to Georgia,32.55590,-79.67165
Charleston Sixty Reef - Army Apcs,Reef,Reefs,Maine to Georgia,32.55238,-79.66810
Charleston Sixty Reef - Army Apcs,Reef,Reefs,Maine to Georgia,32.55275,-79.66758
Charleston Sixty Reef - Ballast Cans,Reef,Reefs,Maine to Georgia,32.55250,-79.67125
Charleston Sixty Reef - Concrete Reef Balls,Reef,Reefs,Maine to Georgia,32.55418,-79.67418
Charleston Sixty Reef - Missile Sleeve,Reef,Reefs,Maine to Georgia,32.55528,-79.67332
Charleston Sixty Reef - Missiles/Equip Sects,Reef,Reefs,Maine to Georgia,32.55132,-79.67055
Charleston Sixty Reef - Steel Pup Tents,Reef,Reefs,Maine to Georgia,32.55167,-79.67358
Charleston Sixty Reef - Steel Pup Tents,Reef,Reefs,Maine to Georgia,32.55195,-79.67338
Charleston Sixty Reef - Steel Pup Tents,Reef,Reefs,Maine to Georgia,32.55247,-79.67327
Cherrystone Reef,Reef,Reefs,Maine to Georgia,37.31750,-76.04611
Cherrystone Reef - Concrete Slabs,Concrete Slabs,Reefs,Maine to Georgia,37.31858,-76.04196
Cherrystone Reef - Concrete Slabs,Concrete Slabs,Reefs,Maine to Georgia,37.31835,-76.04326
Cherrystone Reef - Concrete Slabs,Concrete Slabs,Reefs,Maine to Georgia,37.31726,-76.04125
Cherrystone Reef - Concrete Slabs,Concrete Slabs,Reefs,Maine to Georgia,37.31723,-76.04312
Cherrystone Reef - Concrete Slabs,Concrete Slabs,Reefs,Maine to Georgia,37.31664,-76.04169
Cherrystone Reef - Concrete Slabs,Concrete Slabs,Reefs,Maine to Georgia,37.31615,-76.04296
Cherrystone Reef - Concrete Slabs,Concrete Slabs,Reefs,Maine to Georgia,37.31582,-76.04093
Cherrystone Reef - Concrete Slabs,Concrete Slabs,Reefs,Maine to Georgia,37.31528,-76.04290
Cherrystone Reef - Tetrahedrons,Tetrahedrons,Reefs,Maine to Georgia,37.32078,-76.04682
Cherrystone Reef - Tetrahedrons,Tetrahedrons,Reefs,Maine to Georgia,37.32060,-76.04575
Cherrystone Reef - Tetrahedrons,Tetrahedrons,Reefs,Maine to Georgia,37.32010,-76.04577
Cherrystone Reef - Tetrahedrons,Tetrahedrons,Reefs,Maine to Georgia,37.31977,-76.04673
Cherrystone Reef - Tetrahedrons,Tetrahedrons,Reefs,Maine to Georgia,37.31961,-76.04577
Cherrystone Reef - Tetrahedrons,Tetrahedrons,Reefs,Maine to Georgia,37.31952,-76.04758
Cherrystone Reef - Tetrahedrons,Tetrahedrons,Reefs,Maine to Georgia,37.31912,-76.04572
Cherrystone Reef - Tetrahedrons,Tetrahedrons,Reefs,Maine to Georgia,37.31863,-76.04575
Cherrystone Reef - Tetrahedrons,Tetrahedrons,Reefs,Maine to Georgia,37.31842,-76.04800
Cherrystone Reef - Tetrahedrons,Tetrahedrons,Reefs,Maine to Georgia,37.31816,-76.04575
Cherrystone Reef - Tetrahedrons,Tetrahedrons,Reefs,Maine to Georgia,37.31809,-76.04665
Chesapeake Light Tower Reef,Reef,Reefs,Maine to Georgia,36.89790,-75.71212
Chesapeake Light Tower Reef,Reef,Reefs,Maine to Georgia,36.89857,-75.71263
Chesapeake Light Tower Reef,Reef,Reefs,Maine to Georgia,36.89898,-75.71167
Chimney Corner Reef,Reef,Reefs,Maine to Georgia,41.23932,-72.70535
Choctaw LBI Scuba Reef,Reef,Reefs,Maine to Georgia,39.63156,-74.02139
Clifton Moss Reef,Reef,Reefs,Maine to Georgia,34.65805,-76.80750
Coast Guard Barge (Parramore Reef),Reef,Reefs,Maine to Georgia,37.54057,-75.42958
Comanche Reef - 165' CG Cutter,Reef,Reefs,Maine to Georgia,32.45658,-79.31788
Concrete Reef,Reef,Reefs,Maine to Georgia,38.41925,-76.38600
Coral Reef,Reef,Reefs,Maine to Georgia,37.25170,-76.08257
Crane Reef,Reef,Reefs,Maine to Georgia,41.25115,-72.42283
Crisfield Reef,Reef,Reefs,Maine to Georgia,37.92647,-75.94310
Dale Mcdowell Reef,Reef,Reefs,Maine to Georgia,33.74638,-78.23500
Dale Ward Reef,Reef,Reefs,Maine to Georgia,33.78388,-78.29805
David Atwater Reef,Reef,Reefs,Maine to Georgia,37.95387,-75.10538
Dead Tree Hole Area,Reef,Reefs,Maine to Georgia,34.64580,-76.59265
Debra Herrick Reef,Reef,Reefs,Maine to Georgia,39.48099,-74.16915
Deepwater Reef,Reef,Reefs,Maine to Georgia,38.97183,-74.18217
Delaware,Reef,Reefs,Maine to Georgia,39.23453,-73.45613
Delaware Canyon,Reef,Reefs,Maine to Georgia,38.34999,-73.51667
Delaware Wreck,Reef,Reefs,Maine to Georgia,40.06050,-74.00150
Delmarva Triple Wrecks,Reef,Reefs,Maine to Georgia,38.51867,-74.50583
Delmarva Twin Wrecks Approx,Reef,Reefs,Maine to Georgia,38.21433,-74.76150
Dive Council Reef,Reef,Reefs,Maine to Georgia,40.00383,-74.00198
Dominion Reef,Reef,Reefs,Maine to Georgia,38.55916,-76.41564
Doug Mellichamp Jr Reef,Reef,Reefs,Maine to Georgia,32.45165,-79.32323
Doug Mellichamp Jr Reef,Reef,Reefs,Maine to Georgia,32.45168,-79.32168
DR James Bonner Reef,Reef,Reefs,Maine to Georgia,39.10999,-74.61498
Dredge Wreck Reef,Reef,Reefs,Maine to Georgia,33.97445,-77.68972
DRH Reef,Reef,Reefs,Maine to Georgia,31.27235,-80.95023
DRH Reef,Reef,Reefs,Maine to Georgia,31.27283,-80.95097
DRH Reef,Reef,Reefs,Maine to Georgia,31.28298,-80.96672
DRH Reef,Reef,Reefs,Maine to Georgia,31.28595,-80.96730
DRH Reef,Reef,Reefs,Maine to Georgia,31.28720,-80.97942
DRH Reef,Reef,Reefs,Maine to Georgia,31.29037,-80.96738
DRH Reef,Reef,Reefs,Maine to Georgia,31.29145,-80.96668
DRH Reef,Reef,Reefs,Maine to Georgia,31.29203,-80.97888
DRH Reef,Reef,Reefs,Maine to Georgia,31.29703,-80.96748
DRH Reef,Reef,Reefs,Maine to Georgia,31.29827,-80.98148
Drunkard Ledge,Reef,Reefs,Maine to Georgia,44.09578,-68.94508
Drunkard Ledge NOL,Reef,Reefs,Maine to Georgia,44.07740,-68.54122
Dual Barges Wreck,Reef,Reefs,Maine to Georgia,39.37073,-74.10375
Dual Barges Wreck,Reef,Reefs,Maine to Georgia,39.37345,-74.10624
DVD Feyti Reef,Reef,Reefs,Maine to Georgia,40.01999,-73.98664
Dywer Walton Reef,Reef,Reefs,Maine to Georgia,40.02299,-73.99965
Eagle's Nest Reef,Reef,Reefs,Maine to Georgia,32.01933,-80.50500
Eagle's Nest Reef,Reef,Reefs,Maine to Georgia,32.02092,-80.50492
Eagle's Nest Reef,Reef,Reefs,Maine to Georgia,32.02097,-80.50407
Eagle's Nest Reef,Reef,Reefs,Maine to Georgia,32.02122,-80.50548
Eagle's Nest Reef,Reef,Reefs,Maine to Georgia,32.02265,-80.50682
Eagle's Nest Reef,Reef,Reefs,Maine to Georgia,32.02373,-80.50800
Eagle's Nest Reef,Reef,Reefs,Maine to Georgia,32.02420,-80.50875
Eagle's Nest Reef,Reef,Reefs,Maine to Georgia,32.02432,-80.50788
Eagle's Nest Reef - Landing Craft,Reef,Reefs,Maine to Georgia,32.01957,-80.50823
Eagle's Nest Reef - Landing Craft,Reef,Reefs,Maine to Georgia,32.02373,-80.50963
Eagle's Nest Reef - Tanks And/Or Apcs,Reef,Reefs,Maine to Georgia,32.01788,-80.50288
Eagle's Nest Reef - Tanks And/Or Apcs,Reef,Reefs,Maine to Georgia,32.01817,-80.50287
Eagle's Nest Reef - Tanks And/Or Apcs,Reef,Reefs,Maine to Georgia,32.02083,-80.50250
Eagle's Nest Reef - TIC Units,Reef,Reefs,Maine to Georgia,32.01880,-80.50457
Eagle's Nest Reef - Tugboat,Reef,Reefs,Maine to Georgia,32.02163,-80.50702
Earls Family Reef,Reef,Reefs,Maine to Georgia,40.10416,-73.95249
East Ocean View Reef,Reef,Reefs,Maine to Georgia,36.95000,-76.20417
East Ocean View Reef - Igloos,Igloos,Reefs,Maine to Georgia,36.94197,-76.20251
East Ocean View Reef - Igloos,Igloos,Reefs,Maine to Georgia,36.94194,-76.20349
East Ocean View Reef - Rubble,Rubble,Reefs,Maine to Georgia,36.94305,-76.20339
East Ocean View Reef - Rubble,Rubble,Reefs,Maine to Georgia,36.94295,-76.20431
East Ocean View Reef - Rubble,Rubble,Reefs,Maine to Georgia,36.94290,-76.20272
East Ocean View Reef - Rubble,Rubble,Reefs,Maine to Georgia,36.94289,-76.20206
East Ocean View Reef - Rubble,Rubble,Reefs,Maine to Georgia,36.94273,-76.20354
East Ocean View Reef - Rubble,Rubble,Reefs,Maine to Georgia,36.94257,-76.20454
East Ocean View Reef - Rubble,Rubble,Reefs,Maine to Georgia,36.94247,-76.20374
East Ocean View Reef - Rubble,Rubble,Reefs,Maine to Georgia,36.94234,-76.20315
East Ocean View Reef - Rubble,Rubble,Reefs,Maine to Georgia,36.94159,-76.20374
East Ocean View Reef - Tetrahedrons,Tetrahedrons,Reefs,Maine to Georgia,36.94319,-76.20244
East Ocean View Reef - Tetrahedrons,Tetrahedrons,Reefs,Maine to Georgia,36.94247,-76.20316
East Ocean View Reef - Tetrahedrons,Tetrahedrons,Reefs,Maine to Georgia,36.94245,-76.20228
East Ocean View Reef - Tetrahedrons,Tetrahedrons,Reefs,Maine to Georgia,36.94156,-76.20246
East Ocean View Reef - Tetrahedrons,Tetrahedrons,Reefs,Maine to Georgia,36.93837,-76.20515
East Reef,Reef,Reefs,Maine to Georgia,41.23002,-72.75813
East Reef,Reef,Reefs,Maine to Georgia,41.23190,-72.76676
Eastern EAR Ledge,Reef,Reefs,Maine to Georgia,44.00270,-68.59465
Edisto Forty Reef,Reef,Reefs,Maine to Georgia,32.42197,-80.19557
Edisto Forty Reef - Army Apcs,Reef,Reefs,Maine to Georgia,32.42280,-80.19980
Edisto Forty Reef - Army Apcs,Reef,Reefs,Maine to Georgia,32.42293,-80.19938
Edisto Forty Reef - Concrete Rubble,Reef,Reefs,Maine to Georgia,32.42165,-80.19477
Edisto Offshore Reef - 100' Ship(Researcher),Reef,Reefs,Maine to Georgia,32.24930,-79.84242
Edisto Offshore Reef - Deckhouse,Reef,Reefs,Maine to Georgia,32.24875,-79.83925
Edisto Sixty Reef,Reef,Reefs,Maine to Georgia,32.35685,-80.08592
Edisto Sixty Reef - 264' Ship (YDT-16),Reef,Reefs,Maine to Georgia,32.35702,-80.08847
Edisto Sixty Reef - 330' Ship (Page),Reef,Reefs,Maine to Georgia,32.35903,-80.08807
Edisto Sixty Reef - Bridge Section,Reef,Reefs,Maine to Georgia,32.35480,-80.08810
Edisto Sixty Reef - Bridge Section,Reef,Reefs,Maine to Georgia,32.35557,-80.08917
Edisto Sixty Reef - Bridge Section,Reef,Reefs,Maine to Georgia,32.35593,-80.08678
Edisto Sixty Reef - Yarn Racks,Reef,Reefs,Maine to Georgia,32.35713,-80.08578
Edna B Reefballs,Reef,Reefs,Maine to Georgia,39.76300,-74.02434
Edward Headley Reef,Reef,Reefs,Maine to Georgia,39.63067,-74.02949
Edwards Hump,Reef,Reefs,Maine to Georgia,40.99395,-72.92866
EJ Lejeune Reef,Reef,Reefs,Maine to Georgia,40.03033,-73.98999
Ellis Reef,Reef,Reefs,Maine to Georgia,41.31669,-71.95521
Ertle Memorial Reef,Reef,Reefs,Maine to Georgia,40.01666,-74.00665
Estuarine Reefs,Reef,Reefs,Maine to Georgia,35.63386,-75.61478
F Reef,Reef,Reefs,Maine to Georgia,31.09075,-81.21412
F Reef,Reef,Reefs,Maine to Georgia,31.09105,-81.20477
F Reef,Reef,Reefs,Maine to Georgia,31.09895,-81.21347
F Reef,Reef,Reefs,Maine to Georgia,31.09898,-81.20425
F Reef,Reef,Reefs,Maine to Georgia,31.09983,-81.19932
Farnham Rock,Reef,Reefs,Maine to Georgia,42.09460,-70.60480
Fathead Reef,Reef,Reefs,Maine to Georgia,39.23532,-74.35166
FI Reef,Reef,Reefs,Maine to Georgia,40.59669,-73.20846
FI Reef CB,Reef,Reefs,Maine to Georgia,40.59231,-73.19232
Fire Island Reef,Reef,Reefs,Maine to Georgia,40.59217,-73.21033
Fire Island Reef,Reef,Reefs,Maine to Georgia,40.60167,-73.22500
Fish America Reef,Reef,Reefs,Maine to Georgia,32.14082,-80.69065
Fish America Reef - Concrete Reef Balls,Reef,Reefs,Maine to Georgia,32.13928,-80.69040
Fish America Reef - Concrete Reef Balls,Reef,Reefs,Maine to Georgia,32.13967,-80.69023
Fishermans Reef,Reef,Reefs,Maine to Georgia,33.83695,-78.36722
Fishermans Reef,Reef,Reefs,Maine to Georgia,39.23934,-74.35349
Fishing Reef At Towe,Reef,Reefs,Maine to Georgia,36.90009,-75.72531
Fourmile Island Fishing Reef,Reef,Reefs,Maine to Georgia,31.53945,-81.28694
Frank Burt Smoot Conservation Reef,Reef,Reefs,Maine to Georgia,39.23573,-74.36399
Frank Frasco Reefballs,Reef,Reefs,Maine to Georgia,39.74917,-74.02250
Fred Eckardt Reef,Reef,Reefs,Maine to Georgia,39.17916,-74.54788
Fripp Island Reef,Reef,Reefs,Maine to Georgia,32.25702,-80.37442
Fripp Island Reef - Barge,Reef,Reefs,Maine to Georgia,32.25680,-80.37345
Fripp Island Reef - Barge,Reef,Reefs,Maine to Georgia,32.26000,-80.37400
Fripp Island Reef - Concrete Reef Balls,Reef,Reefs,Maine to Georgia,32.25740,-80.37170
Frtc Reef,Reef,Reefs,Maine to Georgia,39.74480,-74.03023
G 1 Charity Ledge,Reef,Reefs,Maine to Georgia,43.71518,-69.98720
G 1 Hart Ledge,Reef,Reefs,Maine to Georgia,43.94915,-69.18945
G 3 Taylor Reef,Reef,Reefs,Maine to Georgia,43.55613,-70.18734
G 7 E Mark I Ledge,Reef,Reefs,Maine to Georgia,44.17310,-68.58300
G Reef,Reef,Reefs,Maine to Georgia,30.97695,-80.96723
G Reef,Reef,Reefs,Maine to Georgia,30.97840,-80.97603
G Reef,Reef,Reefs,Maine to Georgia,30.98782,-80.95255
G Reef,Reef,Reefs,Maine to Georgia,30.98935,-80.97672
Gales Lump Oyster Sanctuary,Reef,Reefs,Maine to Georgia,39.20767,-76.30700
Garden North Reef,Reef,Reefs,Maine to Georgia,39.61867,-74.01667
Garden North Reef,Reef,Reefs,Maine to Georgia,39.62217,-74.01417
Garden North Reef,Reef,Reefs,Maine to Georgia,39.62250,-74.02017
Garden North Reef,Reef,Reefs,Maine to Georgia,39.62483,-74.01717
Garden North Reef,Reef,Reefs,Maine to Georgia,39.62667,-74.01150
Garden North Reef,Reef,Reefs,Maine to Georgia,39.62928,-74.01380
Garden North Reef,Reef,Reefs,Maine to Georgia,39.62933,-74.00967
Garden South Reef,Reef,Reefs,Maine to Georgia,39.55517,-74.10450
Garden South Reef,Reef,Reefs,Maine to Georgia,39.55600,-74.09367
Garden South Reef,Reef,Reefs,Maine to Georgia,39.55600,-74.11117
Garden South Reef,Reef,Reefs,Maine to Georgia,39.55650,-74.09867
Garden South Reef,Reef,Reefs,Maine to Georgia,39.55833,-74.10250
Garden South Reef,Reef,Reefs,Maine to Georgia,39.55900,-74.11033
Garden South Reef,Reef,Reefs,Maine to Georgia,39.55917,-74.09583
Garden South Reef,Reef,Reefs,Maine to Georgia,39.56033,-74.09167
Garden State N Reef,Reef,Reefs,Maine to Georgia,39.62565,-74.02657
Garden State N Reef,Reef,Reefs,Maine to Georgia,39.64132,-74.00845
Gardiners Rock,Reef,Reefs,Maine to Georgia,41.61543,-70.28942
Garretts Rock,Reef,Reefs,Maine to Georgia,41.25927,-72.16659
Gary Ennis Reef,Reef,Reefs,Maine to Georgia,33.39028,-78.18417
Gaskin Banks Reef,Reef,Reefs,Maine to Georgia,32.13520,-80.68735
Gehmtc Reef,Reef,Reefs,Maine to Georgia,39.18171,-74.54991
General Gordon Reef,Reef,Reefs,Maine to Georgia,32.16750,-80.54888
General Gordon Reef,Reef,Reefs,Maine to Georgia,32.16792,-80.55358
General Gordon Reef,Reef,Reefs,Maine to Georgia,32.16820,-80.55422
General Gordon Reef,Reef,Reefs,Maine to Georgia,32.16832,-80.55312
General Gordon Reef,Reef,Reefs,Maine to Georgia,32.16832,-80.55195
General Gordon Reef,Reef,Reefs,Maine to Georgia,32.16933,-80.55255
George Summerlin Reef,Reef,Reefs,Maine to Georgia,34.55778,-76.43833
Georgetown 85 Reef,Reef,Reefs,Maine to Georgia,32.94696,-78.90969
Georgetown Nearshore Reef,Reef,Reefs,Maine to Georgia,33.20333,-79.08700
Georgetown Reef,Reef,Reefs,Maine to Georgia,33.23887,-79.00253
Georgetown Reef - 100' Ship,Reef,Reefs,Maine to Georgia,33.23728,-79.00042
Georgetown Reef - Barge,Reef,Reefs,Maine to Georgia,33.24245,-79.00227
Georgetown Reef - Landing Craft,Reef,Reefs,Maine to Georgia,33.23902,-79.00362
Georgetown Reef - Structures,Reef,Reefs,Maine to Georgia,33.23730,-79.00052
Georgetown Reef - Structures,Reef,Reefs,Maine to Georgia,33.23863,-79.00197
Gppcba Reef,Reef,Reefs,Maine to Georgia,40.03932,-73.98365
Gppcba Reef,Reef,Reefs,Maine to Georgia,40.04930,-73.98581
Grady White Reef,Reef,Reefs,Maine to Georgia,40.01249,-73.98981
Grays Reef,Reef,Reefs,Maine to Georgia,31.36283,-80.87467
Grays Reef,Reef,Reefs,Maine to Georgia,31.36917,-80.86900
Grays Reef,Reef,Reefs,Maine to Georgia,31.37217,-80.84217
Grays Reef,Reef,Reefs,Maine to Georgia,31.37217,-80.90450
Grays Reef,Reef,Reefs,Maine to Georgia,31.37583,-80.89117
Grays Reef,Reef,Reefs,Maine to Georgia,31.37600,-80.88943
Grays Reef,Reef,Reefs,Maine to Georgia,31.37683,-80.88967
Grays Reef,Reef,Reefs,Maine to Georgia,31.37813,-80.84617
Grays Reef,Reef,Reefs,Maine to Georgia,31.38333,-80.86667
Grays Reef,Reef,Reefs,Maine to Georgia,31.38400,-80.89283
Grays Reef,Reef,Reefs,Maine to Georgia,31.38652,-80.88883
Grays Reef,Reef,Reefs,Maine to Georgia,31.38733,-80.88917
Grays Reef,Reef,Reefs,Maine to Georgia,31.38733,-80.89933
Grays Reef,Reef,Reefs,Maine to Georgia,31.39000,-80.83967
Grays Reef,Reef,Reefs,Maine to Georgia,31.39037,-80.90458
Grays Reef,Reef,Reefs,Maine to Georgia,31.39192,-80.83718
Grays Reef,Reef,Reefs,Maine to Georgia,31.39200,-80.85450
Grays Reef,Reef,Reefs,Maine to Georgia,31.39267,-80.83733
Grays Reef,Reef,Reefs,Maine to Georgia,31.39333,-80.89833
Grays Reef,Reef,Reefs,Maine to Georgia,31.39350,-80.90400
Grays Reef,Reef,Reefs,Maine to Georgia,31.39370,-80.88978
Grays Reef,Reef,Reefs,Maine to Georgia,31.39420,-80.88705
Grays Reef,Reef,Reefs,Maine to Georgia,31.39502,-80.88463
Grays Reef,Reef,Reefs,Maine to Georgia,31.39667,-80.88733
Grays Reef,Reef,Reefs,Maine to Georgia,31.39717,-80.88400
Grays Reef,Reef,Reefs,Maine to Georgia,31.39758,-80.90422
Grays Reef,Reef,Reefs,Maine to Georgia,31.39777,-80.89078
Grays Reef,Reef,Reefs,Maine to Georgia,31.39783,-80.87797
Grays Reef,Reef,Reefs,Maine to Georgia,31.39800,-80.89933
Grays Reef,Reef,Reefs,Maine to Georgia,31.39850,-80.87817
Grays Reef,Reef,Reefs,Maine to Georgia,31.39850,-80.89100
Grays Reef,Reef,Reefs,Maine to Georgia,31.40123,-80.84533
Grays Reef,Reef,Reefs,Maine to Georgia,31.40183,-80.84550
Grays Reef,Reef,Reefs,Maine to Georgia,31.40500,-80.86183
Grays Reef,Reef,Reefs,Maine to Georgia,31.40573,-80.86360
Grays Reef,Reef,Reefs,Maine to Georgia,31.41917,-80.83983
Grays Reef,Reef,Reefs,Maine to Georgia,31.43467,-80.83417
Grays Reef,Reef,Reefs,Maine to Georgia,31.43533,-80.78983
Grays Reef,Reef,Reefs,Maine to Georgia,31.43550,-80.76417
Grays Reef National Marine Sanctuary,Reef,Reefs,Maine to Georgia,31.39167,-80.87486
Grays Sanctuary Reef,Reef,Reefs,Maine to Georgia,31.40155,-80.87373
Great Eastern Reef,Reef,Reefs,Maine to Georgia,38.20667,-74.73333
Great Egg Reef,Reef,Reefs,Maine to Georgia,39.24217,-74.35200
Great Reef,Reef,Reefs,Maine to Georgia,41.04342,-73.42210
Greenville Reef - 140' Barge,Reef,Reefs,Maine to Georgia,32.94697,-78.91072
Greenville Reef - 175' Ship (YOG-78),Reef,Reefs,Maine to Georgia,32.94843,-78.91415
Greenville Reef - Drydock Units,Reef,Reefs,Maine to Georgia,32.94648,-78.91387
Greenville Reef - Drydock Units,Reef,Reefs,Maine to Georgia,32.94662,-78.91295
Greenville Reef - Drydock Units,Reef,Reefs,Maine to Georgia,32.94748,-78.90985
Greenville Reef - Sonar Domes,Reef,Reefs,Maine to Georgia,32.94695,-78.91072
Gsreef,Reef,Reefs,Maine to Georgia,40.49755,-73.14974
GUS Grafus Memorial Reef,Reef,Reefs,Maine to Georgia,40.04950,-73.98952
GUS Picone Reef,Reef,Reefs,Maine to Georgia,39.25966,-74.25199
Gwynn Island Reef,Reef,Reefs,Maine to Georgia,37.48083,-76.23833
Gwynn Island Reef,Reef,Reefs,Maine to Georgia,37.49028,-76.24167
Gwynn Island Reef - Concrete Slabs,Concrete Slabs,Reefs,Maine to Georgia,37.48170,-76.23588
Gwynn Island Reef - Igloos,Igloos,Reefs,Maine to Georgia,37.48241,-76.23882
Gwynn Island Reef - Igloos,Igloos,Reefs,Maine to Georgia,37.48149,-76.23879
Gwynn Island Reef - Igloos,Igloos,Reefs,Maine to Georgia,37.48051,-76.23882
Gwynn Island Reef - Pipe,Pipe,Reefs,Maine to Georgia,37.48189,-76.23713
Gwynn Island Reef - Pipe,Pipe,Reefs,Maine to Georgia,37.48130,-76.23647
Gwynn Island Reef - Pipe,Pipe,Reefs,Maine to Georgia,37.48077,-76.23713
Gwynn Island Reef - Pipe,Pipe,Reefs,Maine to Georgia,37.47893,-76.23526
Gwynn Island Reef - Tetrahedrons,Tetrahedrons,Reefs,Maine to Georgia,37.48461,-76.23476
Gwynns Island Reef,Reef,Reefs,Maine to Georgia,37.47907,-76.22870
H P Springs Jr Reef,Reef,Reefs,Maine to Georgia,33.51792,-78.96817
Harbor Rock,Reef,Reefs,Maine to Georgia,42.67490,-70.61540
Hardies Reef,Reef,Reefs,Maine to Georgia,34.30862,-76.40222
Harding Ledge 1 HL,Reef,Reefs,Maine to Georgia,42.31193,-70.84807
Hardy Rocks,Reef,Reefs,Maine to Georgia,42.53592,-70.79950
Harrison Group Wreck,Reef,Reefs,Maine to Georgia,38.30623,-74.89162
Harry Michels Reefballs,Reef,Reefs,Maine to Georgia,39.75667,-74.03000
Harry's Rock Light,Reef,Reefs,Maine to Georgia,42.28862,-70.93465
Harvey Cedars Humps,Reef,Reefs,Maine to Georgia,39.66872,-74.09083
Hatchett Reef,Reef,Reefs,Maine to Georgia,41.26075,-72.26185
Hatchett Reef,Reef,Reefs,Maine to Georgia,41.26572,-72.25782
Hector Reef - 300' Ship,Reef,Reefs,Maine to Georgia,33.00167,-79.10167
Hempstead Reef,Reef,Reefs,Maine to Georgia,40.52083,-73.55583
HEN And Chickens Reef,Reef,Reefs,Maine to Georgia,41.25342,-72.40469
Hilton Head Reef,Reef,Reefs,Maine to Georgia,31.99913,-80.59880
Hilton Head Reef - 100' Barge + Tires,Reef,Reefs,Maine to Georgia,32.00298,-80.60025
Hilton Head Reef - 200' Barge,Reef,Reefs,Maine to Georgia,31.99872,-80.59820
Hilton Head Reef - 50' Barge,Reef,Reefs,Maine to Georgia,31.99557,-80.59365
Hilton Head Reef - Boat,Reef,Reefs,Maine to Georgia,32.00253,-80.60010
Hilton Head Reef - Concrete Reef Balls,Reef,Reefs,Maine to Georgia,31.99623,-80.59848
Hilton Head Reef - Concrete Reef Balls,Reef,Reefs,Maine to Georgia,31.99940,-80.60033
Hilton Head Reef - Tanks And/Or Apcs,Reef,Reefs,Maine to Georgia,31.99982,-80.59898
Hilton Head Reef - Tanks And/Or Apcs,Reef,Reefs,Maine to Georgia,32.00013,-80.59718
Hilton Head Reef - Tanks And/Or Apcs,Reef,Reefs,Maine to Georgia,32.00053,-80.59843
Hollicut Noose Reef,Reef,Reefs,Maine to Georgia,38.84295,-76.34692
Homeport Reef,Reef,Reefs,Maine to Georgia,38.95166,-74.69332
Horseshoe Reef,Reef,Reefs,Maine to Georgia,41.30705,-72.02506
Horseshoe Reef #2,Reef,Reefs,Maine to Georgia,33.49600,-77.90200
Horseshoe Reef 1,Reef,Reefs,Maine to Georgia,33.48933,-77.87835
Howard Chapin Reef,Reef,Reefs,Maine to Georgia,34.55717,-76.85667
Howard Chapin Reef,Reef,Reefs,Maine to Georgia,34.55972,-76.85333
Howard Chapin Reef,Reef,Reefs,Maine to Georgia,34.56187,-76.85590
Humarock,Reef,Reefs,Maine to Georgia,42.16538,-70.52338
Humarock BWH,Reef,Reefs,Maine to Georgia,42.16033,-70.52125
Hunting Island Reef,Reef,Reefs,Maine to Georgia,32.21758,-80.34157
Hunting Island Reef - Barge,Reef,Reefs,Maine to Georgia,32.21533,-80.33933
Hunting Island Reef - Landing Craft,Reef,Reefs,Maine to Georgia,32.21867,-80.34162
Hunting Island Reef - Structure,Reef,Reefs,Maine to Georgia,32.21867,-80.34165
Ighlman Island Reef,Reef,Reefs,Maine to Georgia,38.69333,-76.37861
Indian Reef,Reef,Reefs,Maine to Georgia,41.24097,-72.67030
Inner Reef,Reef,Reefs,Maine to Georgia,41.23770,-72.76355
Inner Reef,Reef,Reefs,Maine to Georgia,41.24103,-72.76913
Inside Reef,Reef,Reefs,Maine to Georgia,34.62695,-75.66933
IRV Hurd Reef,Reef,Reefs,Maine to Georgia,39.17066,-74.55932
Isle Of Wight Reef,Reef,Reefs,Maine to Georgia,38.38180,-74.97844
J Drew Messler Reef,Reef,Reefs,Maine to Georgia,39.47891,-74.17267
J Paul Tyndall Reef,Reef,Reefs,Maine to Georgia,34.57305,-76.97167
J Paul Tyndall Reef,Reef,Reefs,Maine to Georgia,34.57417,-76.97500
J Reef,Reef,Reefs,Maine to Georgia,31.59433,-80.79333
J Reef,Reef,Reefs,Maine to Georgia,31.59533,-80.80067
J Reef,Reef,Reefs,Maine to Georgia,31.59600,-80.79750
J Reef,Reef,Reefs,Maine to Georgia,31.59667,-80.79217
J Reef,Reef,Reefs,Maine to Georgia,31.59783,-80.79200
J Reef,Reef,Reefs,Maine to Georgia,31.59873,-80.81295
J Reef,Reef,Reefs,Maine to Georgia,31.59963,-80.81710
J Reef,Reef,Reefs,Maine to Georgia,31.59978,-80.81213
J Reef,Reef,Reefs,Maine to Georgia,31.59982,-80.81637
J Reef,Reef,Reefs,Maine to Georgia,31.59983,-80.80500
J Reef,Reef,Reefs,Maine to Georgia,31.59988,-80.80587
J Reef,Reef,Reefs,Maine to Georgia,31.60060,-80.80492
J Reef,Reef,Reefs,Maine to Georgia,31.60067,-80.79083
J Reef,Reef,Reefs,Maine to Georgia,31.60300,-80.82273
J Reef,Reef,Reefs,Maine to Georgia,31.60433,-80.79467
Jack Clements Reef,Reef,Reefs,Maine to Georgia,39.17683,-74.55682
Jack Clements Reef,Reef,Reefs,Maine to Georgia,39.17832,-74.55332
Jack Spot Reef,Reef,Reefs,Maine to Georgia,38.09044,-74.81212
Jacks Reef,Reef,Reefs,Maine to Georgia,38.09153,-74.74990
Janes Island Reef,Reef,Reefs,Maine to Georgia,37.94992,-75.91660
Jcaa Redbird Reef,Reef,Reefs,Maine to Georgia,39.63011,-74.02521
Jcsa Rbbc Reef,Reef,Reefs,Maine to Georgia,40.02599,-73.98631
Jerrys Reef,Reef,Reefs,Maine to Georgia,34.48281,-76.88593
Jersey Fresh Reef,Reef,Reefs,Maine to Georgia,39.26982,-74.26316
Jim Caudle Artificial Reef 1,Reef,Reefs,Maine to Georgia,33.81495,-78.51077
Jim Ivns Reef,Reef,Reefs,Maine to Georgia,39.24009,-74.36495
Jim Knight Reef,Reef,Reefs,Maine to Georgia,33.86983,-78.16670
Jimmy Leland Reef,Reef,Reefs,Maine to Georgia,32.86407,-79.37467
John Fergone Reef,Reef,Reefs,Maine to Georgia,38.97503,-74.68174
John Knowles Memorial Reef,Reef,Reefs,Maine to Georgia,39.10667,-74.61665
John Sofield Memorial Reef,Reef,Reefs,Maine to Georgia,40.02700,-74.00331
Joseph Doherty Reef,Reef,Reefs,Maine to Georgia,40.05450,-73.99264
Joseph Ertle Reef,Reef,Reefs,Maine to Georgia,40.00717,-74.00664
Joseph J Palladino Reef,Reef,Reefs,Maine to Georgia,39.26205,-74.25558
Josephine Marie Shipwreck,Reef,Reefs,Maine to Georgia,42.18196,-70.22443
Karpowicz Brothers Reef,Reef,Reefs,Maine to Georgia,40.02249,-74.00331
Kayleighs Reef,Reef,Reefs,Maine to Georgia,39.47133,-74.17980
KBY Reef,Reef,Reefs,Maine to Georgia,30.77650,-81.28848
KBY Reef,Reef,Reefs,Maine to Georgia,30.77980,-81.28175
KBY Reef,Reef,Reefs,Maine to Georgia,30.78048,-81.28567
KBY Reef,Reef,Reefs,Maine to Georgia,30.78073,-81.28123
KBY Reef,Reef,Reefs,Maine to Georgia,30.78278,-81.27582
KBY Reef,Reef,Reefs,Maine to Georgia,30.78360,-81.28178
KBY Reef,Reef,Reefs,Maine to Georgia,30.78402,-81.28443
KBY Reef,Reef,Reefs,Maine to Georgia,30.78443,-81.28552
KBY Reef,Reef,Reefs,Maine to Georgia,30.78487,-81.27745
KBY Reef,Reef,Reefs,Maine to Georgia,30.78533,-81.28403
KBY Reef,Reef,Reefs,Maine to Georgia,30.78605,-81.27727
KBY Reef,Reef,Reefs,Maine to Georgia,30.78610,-81.28077
KBY Reef,Reef,Reefs,Maine to Georgia,30.78662,-81.27810
KBY Reef,Reef,Reefs,Maine to Georgia,30.78788,-81.28108
KBY Reef,Reef,Reefs,Maine to Georgia,30.79008,-81.27287
KBY Reef,Reef,Reefs,Maine to Georgia,30.79108,-81.27435
KC Reef,Reef,Reefs,Maine to Georgia,31.83173,-80.77100
KC Reef,Reef,Reefs,Maine to Georgia,31.83618,-80.77162
KC Reef,Reef,Reefs,Maine to Georgia,31.83685,-80.77238
KC Reef,Reef,Reefs,Maine to Georgia,31.84498,-80.77555
KC Reef,Reef,Reefs,Maine to Georgia,31.84683,-80.77583
KC Reef,Reef,Reefs,Maine to Georgia,31.84867,-80.76295
Kellys Reef,Reef,Reefs,Maine to Georgia,38.27681,-75.07532
KEN Hall Memorial Reef,Reef,Reefs,Maine to Georgia,40.03016,-73.98597
Kenneth Truesdale Reef,Reef,Reefs,Maine to Georgia,40.10810,-73.95372
Kiawah Reef,Reef,Reefs,Maine to Georgia,32.48725,-79.99733
Kiawah Reef (4 KI),Reef,Reefs,Maine to Georgia,32.49085,-80.00097
Kiawah Reef (4 KI) - 100' Deck Barge,Reef,Reefs,Maine to Georgia,32.47983,-80.00670
Kiawah Reef (4 KI) - 100' Pusher Tug,Reef,Reefs,Maine to Georgia,32.47952,-80.00622
Kiawah Reef (4 KI) - 110' And 120' Barges,Reef,Reefs,Maine to Georgia,32.47963,-80.00927
Kiawah Reef (4 KI) - 200' Deck Barge,Reef,Reefs,Maine to Georgia,32.47915,-80.00173
Kiawah Reef (4 KI) - 260' Deck Barge,Reef,Reefs,Maine to Georgia,32.49060,-80.00405
Kiawah Reef (4 KI) - 300' Hopper Barge,Reef,Reefs,Maine to Georgia,32.49218,-80.00405
Kiawah Reef (4 KI) - 437' Ship (Robison),Reef,Reefs,Maine to Georgia,32.48785,-80.00123
Kiawah Reef (4 KI) - 62' Lash Barge,Reef,Reefs,Maine to Georgia,32.48598,-80.00437
Kiawah Reef (4 KI) - 90' Tug (Coppedge),Reef,Reefs,Maine to Georgia,32.48097,-80.00502
Kiawah Reef (4 KI) - Automobiles,Reef,Reefs,Maine to Georgia,32.48547,-80.00357
Kiawah Reef (4 KI) - Drydock,Reef,Reefs,Maine to Georgia,32.48097,-80.00670
Kiawah Reef Pontoon,Reef,Reefs,Maine to Georgia,32.48920,-80.00670
Kimberler Reef,Reef,Reefs,Maine to Georgia,41.21067,-72.61923
KTK Reef,Reef,Reefs,Maine to Georgia,31.49192,-80.98918
KTK Reef,Reef,Reefs,Maine to Georgia,31.49270,-81.01070
KTK Reef,Reef,Reefs,Maine to Georgia,31.49307,-81.01990
KTK Reef,Reef,Reefs,Maine to Georgia,31.49730,-80.99357
KTK Reef,Reef,Reefs,Maine to Georgia,31.50182,-81.01893
KTK Reef,Reef,Reefs,Maine to Georgia,31.50733,-81.00517
KTK Reef,Reef,Reefs,Maine to Georgia,31.51147,-81.01958
KTK Reef,Reef,Reefs,Maine to Georgia,31.51197,-81.00883
KTK Reef,Reef,Reefs,Maine to Georgia,31.51320,-81.01958
KTK Reef,Reef,Reefs,Maine to Georgia,31.51385,-80.99357
KTK Reef,Reef,Reefs,Maine to Georgia,31.51768,-81.00220
KTK Reef,Reef,Reefs,Maine to Georgia,31.51910,-81.01438
KTK Reef,Reef,Reefs,Maine to Georgia,31.51940,-81.02270
KTK Reef,Reef,Reefs,Maine to Georgia,31.51978,-81.01920
L Reef,Reef,Reefs,Maine to Georgia,31.74880,-80.59243
L Reef,Reef,Reefs,Maine to Georgia,31.74913,-80.60675
L Reef,Reef,Reefs,Maine to Georgia,31.75050,-80.61202
L Reef,Reef,Reefs,Maine to Georgia,31.75222,-80.59288
L Reef,Reef,Reefs,Maine to Georgia,31.75333,-80.60993
L Reef,Reef,Reefs,Maine to Georgia,31.75532,-80.59310
L Reef,Reef,Reefs,Maine to Georgia,31.75632,-80.61167
L Reef,Reef,Reefs,Maine to Georgia,31.75820,-80.58097
L Reef,Reef,Reefs,Maine to Georgia,31.75820,-80.59325
L Reef,Reef,Reefs,Maine to Georgia,31.75830,-80.60792
L Reef,Reef,Reefs,Maine to Georgia,31.75840,-80.58237
L Reef,Reef,Reefs,Maine to Georgia,31.75858,-80.59232
L Reef,Reef,Reefs,Maine to Georgia,31.76202,-80.58267
Larchmont Wreck,Reef,Reefs,Maine to Georgia,41.26548,-71.82083
Latimer Reef,Reef,Reefs,Maine to Georgia,41.30367,-71.93301
Ledge Of Radar Domes,Reef,Reefs,Maine to Georgia,33.88833,-77.65833
Lennon / Hyde Reef,Reef,Reefs,Maine to Georgia,33.95862,-77.55750
"Liberty Ship, Mona Isle (Parramore Reef)",Reef,Reefs,Maine to Georgia,37.53050,-75.44033
Lighthouse Reef,Reef,Reefs,Maine to Georgia,33.76999,-78.09448
Lighthouse Reef 4,Reef,Reefs,Maine to Georgia,33.73065,-78.12935
Lighthousereef 7,Reef,Reefs,Maine to Georgia,33.76918,-78.09787
Little Goshen Reef,Reef,Reefs,Maine to Georgia,41.29252,-72.11403
Little Joe Shuford Memorial Reef,Reef,Reefs,Maine to Georgia,32.55417,-79.66833
Little River Offshore Reef,Reef,Reefs,Maine to Georgia,33.69938,-78.44395
Little River Offshore Reef - Concrete,Reef,Reefs,Maine to Georgia,33.69590,-78.44925
Little River Offshore Reef - Landing Craft,Reef,Reefs,Maine to Georgia,33.69978,-78.44367
Little River Reef,Reef,Reefs,Maine to Georgia,33.81353,-78.50870
Little River Reef - Material,Reef,Reefs,Maine to Georgia,33.81382,-78.50963
Little River Reef - Steel Pup Tents,Reef,Reefs,Maine to Georgia,33.80858,-78.50115
Lowcountry Anglers' Reef,Reef,Reefs,Maine to Georgia,32.57167,-79.91833
Lucille Kirkenir Reef,Reef,Reefs,Maine to Georgia,39.47333,-74.16898
Madison Reef,Reef,Reefs,Maine to Georgia,41.25506,-72.61441
Mako Area,Reef,Reefs,Maine to Georgia,39.52083,-73.88750
Mako Mania Reef,Reef,Reefs,Maine to Georgia,40.00342,-73.99645
Mako Mania Reef,Reef,Reefs,Maine to Georgia,40.00651,-73.99991
Mako Mania Reef,Reef,Reefs,Maine to Georgia,40.00675,-73.99135
Mako Mania Reef,Reef,Reefs,Maine to Georgia,40.00696,-73.99636
Mako Mania Reef VI,Reef,Reefs,Maine to Georgia,40.00028,-73.99679
Marblehead Rock,Reef,Reefs,Maine to Georgia,42.50342,-70.82515
Margaret Delanoy Reef,Reef,Reefs,Maine to Georgia,40.01249,-73.99664
Margret Wreck,Reef,Reefs,Maine to Georgia,40.55703,-73.77197
Margret Wreck,Reef,Reefs,Maine to Georgia,40.56000,-73.77033
Marine Electric Wreck,Reef,Reefs,Maine to Georgia,37.88160,-74.77597
Marsh Cove Ledge NOL,Reef,Reefs,Maine to Georgia,44.06698,-68.67443
Marshall Ledge,Reef,Reefs,Maine to Georgia,43.91555,-69.26363
Martin Ledge,Reef,Reefs,Maine to Georgia,42.34625,-70.85513
Martin Ledge,Reef,Reefs,Maine to Georgia,42.34882,-70.85047
Mary ANN Rocks,Reef,Reefs,Maine to Georgia,41.91898,-70.50480
Mary ANN Rocks,Reef,Reefs,Maine to Georgia,41.92053,-70.51003
Mason Reef,Reef,Reefs,Maine to Georgia,41.32381,-71.95807
Matinecock Reef,Reef,Reefs,Maine to Georgia,40.90965,-73.62902
Meares Harris Reef,Reef,Reefs,Maine to Georgia,34.17445,-77.74667
Meares Harris Reef,Reef,Reefs,Maine to Georgia,34.17445,-77.75112
Michael Capizola Reef,Reef,Reefs,Maine to Georgia,39.24796,-74.36487
Michael Depalma Reef,Reef,Reefs,Maine to Georgia,38.95814,-74.69550
Michael Sendecki Reef,Reef,Reefs,Maine to Georgia,40.01299,-74.00665
Mobjack Bay Reef,Reef,Reefs,Maine to Georgia,37.29850,-76.32783
Mobjack Bay Reef,Reef,Reefs,Maine to Georgia,37.30861,-76.33528
Mobjack Bay Reef - Bridge Sections,Bridge Sections,Reefs,Maine to Georgia,37.29895,-76.32893
Mobjack Bay Reef - Bridge Sections,Bridge Sections,Reefs,Maine to Georgia,37.29879,-76.32684
Mobjack Bay Reef - Bridge Sections,Bridge Sections,Reefs,Maine to Georgia,37.29738,-76.32594
Mobjack Bay Reef - Bridge Sections,Bridge Sections,Reefs,Maine to Georgia,37.29506,-76.32373
Mobjack Bay Reef - Bridge Sections,Bridge Sections,Reefs,Maine to Georgia,37.29416,-76.32216
Mobjack Bay Reef - Bridge Sections,Bridge Sections,Reefs,Maine to Georgia,37.29404,-76.32311
Mobjack Bay Reef - Bridge Sections,Bridge Sections,Reefs,Maine to Georgia,37.29354,-76.32126
Mobjack Bay Reef - Bridge Sections,Bridge Sections,Reefs,Maine to Georgia,37.29342,-76.32311
Mobjack Bay Reef - Bridge Sections,Bridge Sections,Reefs,Maine to Georgia,37.29334,-76.32219
Mobjack Bay Reef - Bridge Sections,Bridge Sections,Reefs,Maine to Georgia,37.29245,-76.32269
Mobjack Bay Reef - Bridge Sections,Bridge Sections,Reefs,Maine to Georgia,37.29230,-76.32118
Mobjack Bay Reef - Pipe,Pipe,Reefs,Maine to Georgia,37.29930,-76.32744
Mobjack Bay Reef - Pipe,Pipe,Reefs,Maine to Georgia,37.29928,-76.32872
Mobjack Bay Reef - Pipe,Pipe,Reefs,Maine to Georgia,37.29783,-76.32772
Modliszewski Reef,Reef,Reefs,Maine to Georgia,40.03067,-74.00331
Moriches Reef,Reef,Reefs,Maine to Georgia,40.72450,-72.77733
MR J C Reef,Reef,Reefs,Maine to Georgia,35.10195,-75.71612
MR J C Reef AR,Reef,Reefs,Maine to Georgia,35.06133,-75.42933
Mrmtc Members Memorial Reef,Reef,Reefs,Maine to Georgia,40.05311,-73.98802
Mrmtc Reef,Reef,Reefs,Maine to Georgia,40.05283,-73.98031
MRY Reef,Reef,Reefs,Maine to Georgia,30.76953,-81.09728
MRY Reef,Reef,Reefs,Maine to Georgia,30.77092,-81.11818
MRY Reef,Reef,Reefs,Maine to Georgia,30.77158,-81.11262
MRY Reef,Reef,Reefs,Maine to Georgia,30.77518,-81.09598
MRY Reef,Reef,Reefs,Maine to Georgia,30.77652,-81.10413
MRY Reef,Reef,Reefs,Maine to Georgia,30.78118,-81.09743
MRY Reef,Reef,Reefs,Maine to Georgia,30.78445,-81.09745
MRY Reef,Reef,Reefs,Maine to Georgia,30.78507,-81.09663
Mt Fosters Reef,Reef,Reefs,Maine to Georgia,39.46833,-74.17497
NAN And LOU Fuller Reef,Reef,Reefs,Maine to Georgia,39.46999,-74.16997
Nandua Pungoteague Reef,Reef,Reefs,Maine to Georgia,37.67028,-75.96694
Nandua-Pungoteague Reef - Bridge Sections,Bridge Sections,Reefs,Maine to Georgia,37.66644,-75.96754
Nandua-Pungoteague Reef - Pipe,Pipe,Reefs,Maine to Georgia,37.66967,-75.96583
Nandua-Pungoteague Reef - Pipe,Pipe,Reefs,Maine to Georgia,37.66967,-75.96857
Nandua-Pungoteague Reef - Pipe,Pipe,Reefs,Maine to Georgia,37.66967,-75.96652
Nandua-Pungoteague Reef - Pipe,Pipe,Reefs,Maine to Georgia,37.66967,-75.96926
Nandua-Pungoteague Reef - Pipe,Pipe,Reefs,Maine to Georgia,37.66913,-75.96926
Nandua-Pungoteague Reef - Pipe,Pipe,Reefs,Maine to Georgia,37.66913,-75.96857
Nandua-Pungoteague Reef - Pipe,Pipe,Reefs,Maine to Georgia,37.66913,-75.96652
Nandua-Pungoteague Reef - Pipe,Pipe,Reefs,Maine to Georgia,37.66913,-75.96583
Nandua-Pungoteague Reef - Reef Balls,Reef Balls,Reefs,Maine to Georgia,37.66941,-75.97064
Nandua-Pungoteague Reef - Reef Balls,Reef Balls,Reefs,Maine to Georgia,37.66941,-75.96995
Nandua-Pungoteague Reef - Reef Balls,Reef Balls,Reefs,Maine to Georgia,37.66940,-75.96444
Nandua-Pungoteague Reef - Reef Balls,Reef Balls,Reefs,Maine to Georgia,37.66940,-75.96511
Nassawadox Reef,Reef,Reefs,Maine to Georgia,37.31717,-76.04100
Nassawadox Reef,Reef,Reefs,Maine to Georgia,37.49283,-76.01583
Nassawadox Reef,Reef,Reefs,Maine to Georgia,37.49917,-76.02639
Nassawadox Reef - Concrete Slabs,Concrete Slabs,Reefs,Maine to Georgia,37.49324,-76.01738
Nassawadox Reef - Dbl. T Sections,Dbl. T Sections,Reefs,Maine to Georgia,37.49408,-76.01599
Nassawadox Reef - Dbl. T Sections,Dbl. T Sections,Reefs,Maine to Georgia,37.49408,-76.01524
Nassawadox Reef - Dbl. T Sections,Dbl. T Sections,Reefs,Maine to Georgia,37.49406,-76.01454
Nassawadox Reef - Dbl. T Sections,Dbl. T Sections,Reefs,Maine to Georgia,37.49406,-76.01386
Nassawadox Reef - Dbl. T Sections,Dbl. T Sections,Reefs,Maine to Georgia,37.49355,-76.01524
Nassawadox Reef - Dbl. T Sections,Dbl. T Sections,Reefs,Maine to Georgia,37.49355,-76.01456
Nassawadox Reef - Dbl. T Sections,Dbl. T Sections,Reefs,Maine to Georgia,37.49355,-76.01379
Nassawadox Reef - Dbl. T Sections,Dbl. T Sections,Reefs,Maine to Georgia,37.49353,-76.01596
Nassawadox Reef - Dbl. T Sections,Dbl. T Sections,Reefs,Maine to Georgia,37.49300,-76.01594
Nassawadox Reef - Dbl. T Sections,Dbl. T Sections,Reefs,Maine to Georgia,37.49300,-76.01456
Nassawadox Reef - Dbl. T Sections,Dbl. T Sections,Reefs,Maine to Georgia,37.49298,-76.01386
Nassawadox Reef - Dbl. T Sections,Dbl. T Sections,Reefs,Maine to Georgia,37.49298,-76.01522
Nassawadox Reef - Dbl. T Sections,Dbl. T Sections,Reefs,Maine to Georgia,37.49245,-76.01596
Nassawadox Reef - Dbl. T Sections,Dbl. T Sections,Reefs,Maine to Georgia,37.49243,-76.01383
Nassawadox Reef - Dbl. T Sections,Dbl. T Sections,Reefs,Maine to Georgia,37.49243,-76.01526
Nassawadox Reef - Dbl. T Sections,Dbl. T Sections,Reefs,Maine to Georgia,37.49241,-76.01454
Nassawadox Reef - Dbl. T Sections,Dbl. T Sections,Reefs,Maine to Georgia,37.49192,-76.01599
Nassawadox Reef - Dbl. T Sections,Dbl. T Sections,Reefs,Maine to Georgia,37.49190,-76.01526
Nassawadox Reef - Dbl. T Sections,Dbl. T Sections,Reefs,Maine to Georgia,37.49188,-76.01454
Newport News Middle Ground - Pier Sections,Pier Sections,Reefs,Maine to Georgia,36.94405,-76.39246
Newport News Middle Ground - Pier Sections,Pier Sections,Reefs,Maine to Georgia,36.94395,-76.39236
Newport News Middle Ground - Pier Sections,Pier Sections,Reefs,Maine to Georgia,36.94393,-76.39243
Newport News Middle Ground - Pier Sections,Pier Sections,Reefs,Maine to Georgia,36.94391,-76.39103
Newport News Middle Ground - Pier Sections,Pier Sections,Reefs,Maine to Georgia,36.94389,-76.39153
Newport News Middle Ground - Pier Sections,Pier Sections,Reefs,Maine to Georgia,36.94387,-76.39358
Newport News Middle Ground - Pier Sections,Pier Sections,Reefs,Maine to Georgia,36.94383,-76.39183
Newport News Middle Ground - Pier Sections,Pier Sections,Reefs,Maine to Georgia,36.94381,-76.39237
Newport News Middle Ground - Pier Sections,Pier Sections,Reefs,Maine to Georgia,36.94378,-76.39302
Newport News Middle Ground - Pier Sections,Pier Sections,Reefs,Maine to Georgia,36.94377,-76.39018
Newport News Middle Ground - Pier Sections,Pier Sections,Reefs,Maine to Georgia,36.94374,-76.38896
Newport News Middle Ground - Pier Sections,Pier Sections,Reefs,Maine to Georgia,36.94373,-76.38912
Newport News Middle Ground - Pier Sections,Pier Sections,Reefs,Maine to Georgia,36.94372,-76.39103
Newport News Middle Ground - Pier Sections,Pier Sections,Reefs,Maine to Georgia,36.94361,-76.39306
Newport News Middle Ground - Pier Sections,Pier Sections,Reefs,Maine to Georgia,36.94361,-76.38898
Newport News Middle Ground - Pier Sections,Pier Sections,Reefs,Maine to Georgia,36.94359,-76.38967
Newport News Middle Ground - Pier Sections,Pier Sections,Reefs,Maine to Georgia,36.94347,-76.39345
Newport News Middle Ground - Pier Sections,Pier Sections,Reefs,Maine to Georgia,36.94334,-76.39324
Newport News Middle Ground - Pier Sections,Pier Sections,Reefs,Maine to Georgia,36.94333,-76.39356
Newport News Middle Ground - Pier Sections,Pier Sections,Reefs,Maine to Georgia,36.94332,-76.39306
Newport News Middle Ground - Pier Sections,Pier Sections,Reefs,Maine to Georgia,36.94332,-76.39290
Newport News Middle Ground - Pier Sections,Pier Sections,Reefs,Maine to Georgia,36.94332,-76.39272
Newport News Middle Ground - Pier Sections,Pier Sections,Reefs,Maine to Georgia,36.94332,-76.39253
Newport News Middle Ground - Pier Sections,Pier Sections,Reefs,Maine to Georgia,36.94331,-76.39219
Newport News Middle Ground - Pier Sections,Pier Sections,Reefs,Maine to Georgia,36.94326,-76.38993
Newport News Middle Ground - Pier Sections,Pier Sections,Reefs,Maine to Georgia,36.94321,-76.39212
Newport News Middle Ground - Pier Sections,Pier Sections,Reefs,Maine to Georgia,36.94318,-76.39107
Newport News Middle Ground - Pier Sections,Pier Sections,Reefs,Maine to Georgia,36.94306,-76.39340
Newport News Middle Ground - Pier Sections,Pier Sections,Reefs,Maine to Georgia,36.94306,-76.39186
Newport News Middle Ground - Pier Sections,Pier Sections,Reefs,Maine to Georgia,36.94306,-76.39306
Newport News Middle Ground - Pier Sections,Pier Sections,Reefs,Maine to Georgia,36.94306,-76.39272
Newport News Middle Ground - Pier Sections,Pier Sections,Reefs,Maine to Georgia,36.94306,-76.39237
Newport News Middle Ground - Pier Sections,Pier Sections,Reefs,Maine to Georgia,36.94306,-76.39073
Newport News Middle Ground - Pier Sections,Pier Sections,Reefs,Maine to Georgia,36.94304,-76.39085
Newport News Middle Ground - Pier Sections,Pier Sections,Reefs,Maine to Georgia,36.94304,-76.39032
Newport News Middle Ground - Pier Sections,Pier Sections,Reefs,Maine to Georgia,36.94291,-76.39290
Newport News Middle Ground - Pier Sections,Pier Sections,Reefs,Maine to Georgia,36.94291,-76.39253
Newport News Middle Ground - Pier Sections,Pier Sections,Reefs,Maine to Georgia,36.94291,-76.39306
Newport News Middle Ground - Pier Sections,Pier Sections,Reefs,Maine to Georgia,36.94291,-76.39272
Newport News Middle Ground - Pier Sections,Pier Sections,Reefs,Maine to Georgia,36.94278,-76.39237
Newport News Middle Ground - Pier Sections,Pier Sections,Reefs,Maine to Georgia,36.94277,-76.39219
Newport News Middle Ground - Pier Sections,Pier Sections,Reefs,Maine to Georgia,36.94265,-76.39253
Newport News Middle Ground - Piling,Piling,Reefs,Maine to Georgia,36.94770,-76.39272
Newport News Middle Ground - Piling,Piling,Reefs,Maine to Georgia,36.94770,-76.39237
Newport News Middle Ground - Piling,Piling,Reefs,Maine to Georgia,36.94770,-76.39203
Newport News Middle Ground - Piling,Piling,Reefs,Maine to Georgia,36.94770,-76.39058
Newport News Middle Ground - Piling,Piling,Reefs,Maine to Georgia,36.94757,-76.39253
Newport News Middle Ground - Piling,Piling,Reefs,Maine to Georgia,36.94757,-76.39186
Newport News Middle Ground - Piling,Piling,Reefs,Maine to Georgia,36.94757,-76.39092
Newport News Middle Ground - Piling,Piling,Reefs,Maine to Georgia,36.94744,-76.39219
Newport News Middle Ground - Piling,Piling,Reefs,Maine to Georgia,36.94742,-76.38961
Newport News Middle Ground - Piling,Piling,Reefs,Maine to Georgia,36.94730,-76.39290
Newport News Middle Ground - Piling,Piling,Reefs,Maine to Georgia,36.94730,-76.39272
Newport News Middle Ground - Piling,Piling,Reefs,Maine to Georgia,36.94730,-76.39253
Newport News Middle Ground - Piling,Piling,Reefs,Maine to Georgia,36.94730,-76.39237
Newport News Middle Ground - Piling,Piling,Reefs,Maine to Georgia,36.94725,-76.39079
Newport News Middle Ground - Piling,Piling,Reefs,Maine to Georgia,36.94720,-76.38949
Newport News Middle Ground - Piling,Piling,Reefs,Maine to Georgia,36.94716,-76.39340
Newport News Middle Ground - Piling,Piling,Reefs,Maine to Georgia,36.94716,-76.39324
Newport News Middle Ground - Piling,Piling,Reefs,Maine to Georgia,36.94716,-76.39306
Newport News Middle Ground - Piling,Piling,Reefs,Maine to Georgia,36.94702,-76.38930
Newport News Middle Ground - Piling,Piling,Reefs,Maine to Georgia,36.94702,-76.39290
Newport News Middle Ground - Piling,Piling,Reefs,Maine to Georgia,36.94702,-76.39253
Newport News Middle Ground - Piling,Piling,Reefs,Maine to Georgia,36.94690,-76.39340
Newport News Middle Ground - Piling,Piling,Reefs,Maine to Georgia,36.94690,-76.39306
Newport News Middle Ground - Piling,Piling,Reefs,Maine to Georgia,36.94690,-76.39272
Newport News Middle Ground - Piling,Piling,Reefs,Maine to Georgia,36.94690,-76.39237
Newport News Middle Ground - Piling,Piling,Reefs,Maine to Georgia,36.94690,-76.39050
Newport News Middle Ground - Piling,Piling,Reefs,Maine to Georgia,36.94690,-76.38930
Newport News Middle Ground - Piling,Piling,Reefs,Maine to Georgia,36.94661,-76.39358
Newport News Middle Ground - Piling,Piling,Reefs,Maine to Georgia,36.94661,-76.39340
Newport News Middle Ground - Piling,Piling,Reefs,Maine to Georgia,36.94661,-76.39324
Newport News Middle Ground - Piling,Piling,Reefs,Maine to Georgia,36.94661,-76.39306
Newport News Middle Ground - Piling,Piling,Reefs,Maine to Georgia,36.94661,-76.39272
Newport News Middle Ground - Piling,Piling,Reefs,Maine to Georgia,36.94661,-76.39253
Newport News Middle Ground - Piling,Piling,Reefs,Maine to Georgia,36.94661,-76.39237
Newport News Middle Ground - Piling,Piling,Reefs,Maine to Georgia,36.94661,-76.39219
Newport News Middle Ground - Piling,Piling,Reefs,Maine to Georgia,36.94661,-76.38949
Newport News Middle Ground - Piling,Piling,Reefs,Maine to Georgia,36.94661,-76.38930
Newport News Middle Ground - Piling,Piling,Reefs,Maine to Georgia,36.94661,-76.38914
Newport News Middle Ground - Piling,Piling,Reefs,Maine to Georgia,36.94661,-76.39084
Newport News Middle Ground - Piling,Piling,Reefs,Maine to Georgia,36.94661,-76.39290
Newport News Middle Ground - Piling,Piling,Reefs,Maine to Georgia,36.94661,-76.38896
Newport News Middle Ground - Piling,Piling,Reefs,Maine to Georgia,36.94658,-76.39401
Newport News Middle Ground - Piling,Piling,Reefs,Maine to Georgia,36.94634,-76.38896
Newport News Middle Ground - Piling,Piling,Reefs,Maine to Georgia,36.94634,-76.39306
Newport News Middle Ground - Piling,Piling,Reefs,Maine to Georgia,36.94634,-76.39272
Newport News Middle Ground - Piling,Piling,Reefs,Maine to Georgia,36.94634,-76.39237
Newport News Middle Ground - Piling,Piling,Reefs,Maine to Georgia,36.94634,-76.38930
Newport News Middle Ground - Piling,Piling,Reefs,Maine to Georgia,36.94634,-76.39185
Newport News Middle Ground - Piling,Piling,Reefs,Maine to Georgia,36.94634,-76.39409
Newport News Middle Ground - Piling,Piling,Reefs,Maine to Georgia,36.94634,-76.39050
Newport News Middle Ground - Piling,Piling,Reefs,Maine to Georgia,36.94634,-76.39339
Newport News Middle Ground - Piling,Piling,Reefs,Maine to Georgia,36.94633,-76.39441
Newport News Middle Ground - Piling,Piling,Reefs,Maine to Georgia,36.94633,-76.39407
Newport News Middle Ground - Piling,Piling,Reefs,Maine to Georgia,36.94633,-76.39102
Newport News Middle Ground - Piling,Piling,Reefs,Maine to Georgia,36.94633,-76.39067
Newport News Middle Ground - Piling,Piling,Reefs,Maine to Georgia,36.94633,-76.39032
Newport News Middle Ground - Piling,Piling,Reefs,Maine to Georgia,36.94633,-76.38997
Newport News Middle Ground - Piling,Piling,Reefs,Maine to Georgia,36.94629,-76.38853
Newport News Middle Ground - Piling,Piling,Reefs,Maine to Georgia,36.94620,-76.39290
Newport News Middle Ground - Piling,Piling,Reefs,Maine to Georgia,36.94620,-76.39253
Newport News Middle Ground - Piling,Piling,Reefs,Maine to Georgia,36.94610,-76.39106
Newport News Middle Ground - Piling,Piling,Reefs,Maine to Georgia,36.94606,-76.39358
Newport News Middle Ground - Piling,Piling,Reefs,Maine to Georgia,36.94606,-76.39340
Newport News Middle Ground - Piling,Piling,Reefs,Maine to Georgia,36.94606,-76.39306
Newport News Middle Ground - Piling,Piling,Reefs,Maine to Georgia,36.94606,-76.39272
Newport News Middle Ground - Piling,Piling,Reefs,Maine to Georgia,36.94606,-76.39237
Newport News Middle Ground - Piling,Piling,Reefs,Maine to Georgia,36.94606,-76.39219
Newport News Middle Ground - Piling,Piling,Reefs,Maine to Georgia,36.94604,-76.39418
Newport News Middle Ground - Piling,Piling,Reefs,Maine to Georgia,36.94600,-76.39070
Newport News Middle Ground - Piling,Piling,Reefs,Maine to Georgia,36.94598,-76.38876
Newport News Middle Ground - Piling,Piling,Reefs,Maine to Georgia,36.94598,-76.39486
Newport News Middle Ground - Piling,Piling,Reefs,Maine to Georgia,36.94593,-76.38949
Newport News Middle Ground - Piling,Piling,Reefs,Maine to Georgia,36.94593,-76.38930
Newport News Middle Ground - Piling,Piling,Reefs,Maine to Georgia,36.94593,-76.38914
Newport News Middle Ground - Piling,Piling,Reefs,Maine to Georgia,36.94588,-76.39296
Newport News Middle Ground - Piling,Piling,Reefs,Maine to Georgia,36.94588,-76.39487
Newport News Middle Ground - Piling,Piling,Reefs,Maine to Georgia,36.94587,-76.39486
Newport News Middle Ground - Piling,Piling,Reefs,Maine to Georgia,36.94569,-76.39294
Newport News Middle Ground - Piling,Piling,Reefs,Maine to Georgia,36.94557,-76.38896
Newport News Middle Ground - Piling,Piling,Reefs,Maine to Georgia,36.94553,-76.38999
Newport News Middle Ground - Piling,Piling,Reefs,Maine to Georgia,36.94553,-76.38930
Newport News Middle Ground - Piling,Piling,Reefs,Maine to Georgia,36.94553,-76.38862
Newport News Middle Ground - Piling,Piling,Reefs,Maine to Georgia,36.94551,-76.38998
Newport News Middle Ground - Piling,Piling,Reefs,Maine to Georgia,36.94529,-76.39307
Newport News Middle Ground - Piling,Piling,Reefs,Maine to Georgia,36.94524,-76.38930
Newport News Middle Ground - Piling,Piling,Reefs,Maine to Georgia,36.94524,-76.38914
Newport News Middle Ground - Piling,Piling,Reefs,Maine to Georgia,36.94524,-76.38879
Newport News Middle Ground - Piling,Piling,Reefs,Maine to Georgia,36.94521,-76.39305
Newport News Middle Ground - Piling,Piling,Reefs,Maine to Georgia,36.94520,-76.39022
Newport News Middle Ground - Piling,Piling,Reefs,Maine to Georgia,36.94511,-76.38949
Newport News Middle Ground - Piling,Piling,Reefs,Maine to Georgia,36.94496,-76.39016
Newport News Middle Ground - Piling,Piling,Reefs,Maine to Georgia,36.94496,-76.38930
Newport News Middle Ground - Piling,Piling,Reefs,Maine to Georgia,36.94496,-76.38879
Newport News Middle Ground - Piling,Piling,Reefs,Maine to Georgia,36.94493,-76.39329
Newport News Middle Ground - Piling,Piling,Reefs,Maine to Georgia,36.94492,-76.39315
Newport News Middle Ground - Piling,Piling,Reefs,Maine to Georgia,36.94475,-76.39342
Newport News Middle Ground - Piling,Piling,Reefs,Maine to Georgia,36.94469,-76.39016
Newport News Middle Ground - Piling,Piling,Reefs,Maine to Georgia,36.94469,-76.38949
Newport News Middle Ground - Piling,Piling,Reefs,Maine to Georgia,36.94469,-76.38930
Newport News Middle Ground - Piling,Piling,Reefs,Maine to Georgia,36.94469,-76.38879
Newport News Middle Ground - Piling,Piling,Reefs,Maine to Georgia,36.94464,-76.39343
Newport News Middle Ground - Piling,Piling,Reefs,Maine to Georgia,36.94454,-76.39343
Newport News Middle Ground - Piling,Piling,Reefs,Maine to Georgia,36.94448,-76.38905
Newport News Middle Ground - Piling,Piling,Reefs,Maine to Georgia,36.94441,-76.39050
Newport News Middle Ground - Piling,Piling,Reefs,Maine to Georgia,36.94428,-76.39050
Newport News Middle Ground - Piling,Piling,Reefs,Maine to Georgia,36.94428,-76.38949
Newport News Middle Ground - Piling,Piling,Reefs,Maine to Georgia,36.94428,-76.38930
Newport News Middle Ground - Piling,Piling,Reefs,Maine to Georgia,36.94428,-76.38879
Newport News Middle Ground - Piling,Piling,Reefs,Maine to Georgia,36.94416,-76.39050
Newport News Middle Ground - Piling,Piling,Reefs,Maine to Georgia,36.94416,-76.38930
Newport News Middle Ground - Piling,Piling,Reefs,Maine to Georgia,36.94416,-76.38880
Newport News Middle Ground - Piling,Piling,Reefs,Maine to Georgia,36.94405,-76.39015
Newport News Middle Ground - Piling,Piling,Reefs,Maine to Georgia,36.94401,-76.38965
Newport News Middle Ground - Piling,Piling,Reefs,Maine to Georgia,36.94401,-76.38949
Newport News Middle Ground - Piling,Piling,Reefs,Maine to Georgia,36.94401,-76.38930
Newport News Middle Ground - Piling,Piling,Reefs,Maine to Georgia,36.94401,-76.38914
Newport News Middle Ground - Piling,Piling,Reefs,Maine to Georgia,36.94397,-76.39015
Newport News Middleground Reef #1,Reef,Reefs,Maine to Georgia,36.94362,-76.39098
Newport News Middleground Reef #2,Reef,Reefs,Maine to Georgia,36.94380,-76.39227
Newport News Middleground Reef #3,Reef,Reefs,Maine to Georgia,36.94600,-76.39328
Newport News Middleground Reef #4,Reef,Reefs,Maine to Georgia,36.94532,-76.39277
NJ State Aquarium Reef,Reef,Reefs,Maine to Georgia,39.26545,-74.25604
North Inlet Reef - Concrete Reef Balls,Reef,Reefs,Maine to Georgia,33.34365,-79.01490
North Inlet Reef - Steel Pup Tents,Reef,Reefs,Maine to Georgia,33.34347,-79.01537
Northern Neck Reef,Reef,Reefs,Maine to Georgia,37.80167,-76.15806
Northern Neck Reef - Pipe,Pipe,Reefs,Maine to Georgia,37.80490,-76.14841
Northern Neck Reef - Pipe,Pipe,Reefs,Maine to Georgia,37.80490,-76.14755
Northern Neck Reef - Pipe,Pipe,Reefs,Maine to Georgia,37.80449,-76.14835
Northern Neck Reef - Pipe,Pipe,Reefs,Maine to Georgia,37.80449,-76.14772
Northern Neck Reef - Pipe,Pipe,Reefs,Maine to Georgia,37.80415,-76.14769
Northern Neck Reef - Pipe,Pipe,Reefs,Maine to Georgia,37.80408,-76.14835
Northern Neck Reef - Pipe,Pipe,Reefs,Maine to Georgia,37.80359,-76.15036
Northern Neck Reef - Reef Balls,Reef Balls,Reefs,Maine to Georgia,37.80203,-76.15188
Northern Neck Reef - Reef Balls,Reef Balls,Reefs,Maine to Georgia,37.80145,-76.15273
Northern Neck Reef - Tetrahedrons,Tetrahedrons,Reefs,Maine to Georgia,37.80201,-76.15541
Northern Neck Reef - Tetrahedrons,Tetrahedrons,Reefs,Maine to Georgia,37.80130,-76.15472
Northern Neck Reef - Tetrahedrons,Tetrahedrons,Reefs,Maine to Georgia,37.80127,-76.15569
Northern Neck Reef - Tetrahedrons,Tetrahedrons,Reefs,Maine to Georgia,37.80075,-76.15558
Northern Neck Reef - Tetrahedrons,Tetrahedrons,Reefs,Maine to Georgia,37.80068,-76.15449
Northern Neck Reef - Tetrahedrons,Tetrahedrons,Reefs,Maine to Georgia,37.80027,-76.15515
Northern Neck Reef - Tetrahedrons,Tetrahedrons,Reefs,Maine to Georgia,37.80020,-76.15612
Northwest Reef,Reef,Reefs,Maine to Georgia,41.23506,-72.77644
Nwreef,Reef,Reefs,Maine to Georgia,34.43800,-76.62467
Occohannock Reef,Reef,Reefs,Maine to Georgia,37.57250,-76.01583
Occohannock Reef,Reef,Reefs,Maine to Georgia,37.57639,-76.01917
Occohannock Reef - Concrete Block,Concrete Block,Reefs,Maine to Georgia,37.57360,-76.01488
Occohannock Reef - Reef Balls,Reef Balls,Reefs,Maine to Georgia,37.57529,-76.01411
Occohannock Reef - Reef Balls,Reef Balls,Reefs,Maine to Georgia,37.57488,-76.01465
Occohannock Reef - Tetrahedrons,Tetrahedrons,Reefs,Maine to Georgia,37.57435,-76.01155
Occohannock Reef - Tetrahedrons,Tetrahedrons,Reefs,Maine to Georgia,37.57390,-76.01201
Occohannock Reef - Tetrahedrons,Tetrahedrons,Reefs,Maine to Georgia,37.57388,-76.01109
Occohannock Reef - Tetrahedrons,Tetrahedrons,Reefs,Maine to Georgia,37.57364,-76.01038
Occohannock Reef - Tetrahedrons,Tetrahedrons,Reefs,Maine to Georgia,37.57364,-76.01269
Occohannock Reef - Tetrahedrons,Tetrahedrons,Reefs,Maine to Georgia,37.57298,-76.01035
Occohannock Reef - Tetrahedrons,Tetrahedrons,Reefs,Maine to Georgia,37.57296,-76.01269
Occohannock Reef - Tetrahedrons,Tetrahedrons,Reefs,Maine to Georgia,37.57241,-76.01189
Occohannock Reef - Tetrahedrons,Tetrahedrons,Reefs,Maine to Georgia,37.57241,-76.01095
Ocean City Reef,Reef,Reefs,Maine to Georgia,39.16417,-74.56133
Ocean City Reef,Reef,Reefs,Maine to Georgia,39.16817,-74.55267
Ocean City Reef,Reef,Reefs,Maine to Georgia,39.17417,-74.54300
Ocean City Reef,Reef,Reefs,Maine to Georgia,39.17583,-74.54767
Ocean City Reef,Reef,Reefs,Maine to Georgia,40.54168,-73.83563
ODU (East Oceanview Reef),Reef,Reefs,Maine to Georgia,36.94215,-76.19090
Old Cellar Rock,Reef,Reefs,Maine to Georgia,42.89880,-70.80120
Onslow Bay Sport Fishing Club Reef,Reef,Reefs,Maine to Georgia,34.60920,-77.03648
Orford Reef,Reef,Reefs,Maine to Georgia,41.27427,-72.13378
Oyster Reef,Reef,Reefs,Maine to Georgia,38.04114,-75.90506
Oyster Reef,Reef,Reefs,Maine to Georgia,39.02144,-76.28394
Packard Ledge,Reef,Reefs,Maine to Georgia,41.00868,-73.39537
Paradise Reef,Reef,Reefs,Maine to Georgia,33.51785,-78.96900
Paradise Reef - Concrete Reef Balls,Reef,Reefs,Maine to Georgia,33.51598,-78.96752
Paradise Reef - Small Object,Reef,Reefs,Maine to Georgia,33.51550,-78.96665
Parramore Reef,Reef,Reefs,Maine to Georgia,37.53333,-75.43783
Parramore Reef - Military vehicles,Military vehicles,Reefs,Maine to Georgia,37.53937,-75.43230
Parramore Reef - Military vehicles,Military vehicles,Reefs,Maine to Georgia,37.53878,-75.43078
Parramore Reef - Military vehicles,Military vehicles,Reefs,Maine to Georgia,37.53839,-75.43213
Parramore Reef - Military vehicles,Military vehicles,Reefs,Maine to Georgia,37.53797,-75.43094
Parramore Reef - Military vehicles,Military vehicles,Reefs,Maine to Georgia,37.53740,-75.43580
Parramore Reef - Subway cars,Subway cars,Reefs,Maine to Georgia,37.55000,-75.44061
Parramore Reef - Subway cars,Subway cars,Reefs,Maine to Georgia,37.54965,-75.44107
Parramore Reef - Subway cars,Subway cars,Reefs,Maine to Georgia,37.54893,-75.43942
Parramore Reef - Subway cars,Subway cars,Reefs,Maine to Georgia,37.54840,-75.44077
Parramore Reef - Subway cars,Subway cars,Reefs,Maine to Georgia,37.54792,-75.44049
Parramore Reef - Subway cars,Subway cars,Reefs,Maine to Georgia,37.54750,-75.44077
Parramore Reef - Subway cars,Subway cars,Reefs,Maine to Georgia,37.54749,-75.44158
Parramore Reef - Subway cars,Subway cars,Reefs,Maine to Georgia,37.54730,-75.43882
Parramore Reef - Subway cars,Subway cars,Reefs,Maine to Georgia,37.54718,-75.44136
Parramore Reef - Subway cars,Subway cars,Reefs,Maine to Georgia,37.54701,-75.43901
Parramore Reef - Subway cars,Subway cars,Reefs,Maine to Georgia,37.54659,-75.44017
Parramore Reef - Subway cars,Subway cars,Reefs,Maine to Georgia,37.54632,-75.43909
Parramore Reef - Subway cars,Subway cars,Reefs,Maine to Georgia,37.54619,-75.44220
Parramore Reef - Subway cars,Subway cars,Reefs,Maine to Georgia,37.54569,-75.44306
Parramore Reef - Subway cars,Subway cars,Reefs,Maine to Georgia,37.54523,-75.44299
Parramore Reef - Subway cars,Subway cars,Reefs,Maine to Georgia,37.54486,-75.44387
Parramore Reef - Subway cars,Subway cars,Reefs,Maine to Georgia,37.54480,-75.43988
Parramore Reef - Subway cars,Subway cars,Reefs,Maine to Georgia,37.54473,-75.44087
Parramore Reef - Subway cars,Subway cars,Reefs,Maine to Georgia,37.54453,-75.44431
Parramore Reef - Subway cars,Subway cars,Reefs,Maine to Georgia,37.54449,-75.44046
Parramore Reef - Subway cars,Subway cars,Reefs,Maine to Georgia,37.54421,-75.44095
Parramore Reef - Subway cars,Subway cars,Reefs,Maine to Georgia,37.54251,-75.44107
Parris Island Reef,Reef,Reefs,Maine to Georgia,32.31442,-80.70867
Parris Island Reef - 40 Foot Barge,Reef,Reefs,Maine to Georgia,32.31447,-80.70895
Party Reef,Reef,Reefs,Maine to Georgia,38.96867,-74.67502
Pawley's Island Reef,Reef,Reefs,Maine to Georgia,33.43322,-79.01197
Pawley's Island Reef - Landing Craft,Reef,Reefs,Maine to Georgia,33.43470,-79.01143
Pawley's Island Reef - Landing Craft,Reef,Reefs,Maine to Georgia,33.43500,-79.01248
Penfield Reef,Reef,Reefs,Maine to Georgia,41.11726,-73.21853
Penn Reels Reef,Reef,Reefs,Maine to Georgia,39.61983,-74.02233
Penn Reels Reef,Reef,Reefs,Maine to Georgia,39.62500,-74.03019
Phil Weintraub Memorial Reef,Reef,Reefs,Maine to Georgia,39.27405,-74.25601
Philip Cameron JR Reef,Reef,Reefs,Maine to Georgia,38.96318,-74.68972
Phillip Wolfe Reef,Reef,Reefs,Maine to Georgia,34.01055,-77.84472
Phillip Wolfe Reef,Reef,Reefs,Maine to Georgia,34.03033,-77.86883
Piece Reef,Reef,Reefs,Maine to Georgia,39.58211,-74.13460
Pop Nash Reef,Reef,Reefs,Maine to Georgia,33.57483,-78.85017
Poquoson Reef,Reef,Reefs,Maine to Georgia,37.21833,-76.34389
Poquoson Reef - Pipe,Pipe,Reefs,Maine to Georgia,37.21739,-76.33820
Poquoson Reef - Reef Balls,Reef Balls,Reefs,Maine to Georgia,37.21678,-76.33916
Poquoson Reef - Reef Balls,Reef Balls,Reefs,Maine to Georgia,37.21663,-76.33834
Poquoson Reef - Reef Balls,Reef Balls,Reefs,Maine to Georgia,37.21646,-76.33887
Poquoson Reef - Reef Balls,Reef Balls,Reefs,Maine to Georgia,37.21607,-76.33938
Poquoson Reef - Reef Balls,Reef Balls,Reefs,Maine to Georgia,37.21606,-76.33875
Poquoson Reef - Reef Balls,Reef Balls,Reefs,Maine to Georgia,37.21564,-76.33879
Purnells Reef,Reef,Reefs,Maine to Georgia,38.35000,-75.05832
Quarantine Rocks,Reef,Reefs,Maine to Georgia,42.30862,-70.96462
R 10 Harding Ledge,Reef,Reefs,Maine to Georgia,43.84773,-69.68741
RAM Reef,Reef,Reefs,Maine to Georgia,41.30568,-71.97498
Red And White Reef,Reef,Reefs,Maine to Georgia,33.40000,-77.25000
Red Reef,Reef,Reefs,Maine to Georgia,41.32611,-71.93902
Red Reef Scamps,Reef,Reefs,Maine to Georgia,30.74801,-80.19270
Redbird Reef,Reef,Reefs,Maine to Georgia,38.85534,-74.69182
Redbird Reef,Reef,Reefs,Maine to Georgia,38.88667,-74.66482
Redbird Reef,Reef,Reefs,Maine to Georgia,38.89265,-74.67115
Redbird Reef,Reef,Reefs,Maine to Georgia,38.97600,-74.17749
Redbird Reef,Reef,Reefs,Maine to Georgia,39.24267,-74.21716
Redbird Reef,Reef,Reefs,Maine to Georgia,39.25016,-74.22248
Redbird Reef,Reef,Reefs,Maine to Georgia,39.62220,-74.03306
Redbird Reef,Reef,Reefs,Maine to Georgia,39.62555,-74.02069
Redbird Reef VII,Reef,Reefs,Maine to Georgia,38.98217,-74.18731
Redbird Reef Viii,Reef,Reefs,Maine to Georgia,38.97231,-74.17715
Redbird Reef X,Reef,Reefs,Maine to Georgia,38.96900,-74.17848
Redhook Reef,Reef,Reefs,Maine to Georgia,39.17336,-74.55661
Reef,Reef,Reefs,Maine to Georgia,34.17032,-76.23015
Reef,Reef,Reefs,Maine to Georgia,34.27665,-76.64215
Reef,Reef,Reefs,Maine to Georgia,34.30882,-76.41032
Reef,Reef,Reefs,Maine to Georgia,40.79833,-72.47500
Reef 11 KC 11 Tires,Reef,Reefs,Maine to Georgia,31.85020,-80.77737
Reef At C 12,Reef,Reefs,Maine to Georgia,37.32119,-76.04746
Reef Barge,Reef,Reefs,Maine to Georgia,40.11517,-73.94383
Reef Barge CF,Reef,Reefs,Maine to Georgia,40.03267,-73.97033
Reef DUA Bu,Reef,Reefs,Maine to Georgia,31.77948,-80.90312
Reef DW - Dump Scow,Reef,Reefs,Maine to Georgia,31.35875,-79.84005
Reef G - Tug _tampa_,Reef,Reefs,Maine to Georgia,30.97496,-80.98125
Reef L Concrete Culverts,Reef,Reefs,Maine to Georgia,31.75523,-80.60477
Reef Raider,Reef,Reefs,Maine to Georgia,31.10282,-79.92468
Reef SAV Bu,Reef,Reefs,Maine to Georgia,31.92101,-80.78681
Reef Scorpionfish,Reef,Reefs,Maine to Georgia,31.14170,-80.37500
Reef SFC Bu,Reef,Reefs,Maine to Georgia,31.00643,-81.04007
Reef WW - Hopper Barge,Reef,Reefs,Maine to Georgia,31.71463,-79.97628
Reef WW - Tug Semarca 40,Reef,Reefs,Maine to Georgia,31.70723,-79.97135
Reefex 98,Reef,Reefs,Maine to Georgia,40.80204,-72.47793
Reefv L Keegan,Reef,Reefs,Maine to Georgia,40.36072,-73.93548
Research Ledge,Reef,Reefs,Maine to Georgia,38.32241,-74.94220
RFA Redbird Reef,Reef,Reefs,Maine to Georgia,39.26300,-74.24116
Robbins Reef Light,Reef,Reefs,Maine to Georgia,40.54320,-73.84312
Robert Almeda Reef,Reef,Reefs,Maine to Georgia,39.24828,-74.35112
Rock South Of AR,Reef,Reefs,Maine to Georgia,33.95833,-77.70833
Rogers Reef,Reef,Reefs,Maine to Georgia,41.06792,-73.40366
Rothenbach Reef,Reef,Reefs,Maine to Georgia,38.88946,-74.66332
Russells Reef,Reef,Reefs,Maine to Georgia,38.26833,-75.03002
Ryon Reefballs,Reef,Reefs,Maine to Georgia,39.74583,-74.02300
Sally Sheeran Reef,Reef,Reefs,Maine to Georgia,40.03299,-73.98665
SAM Haines Reefballs,Reef,Reefs,Maine to Georgia,39.76367,-74.02867
Sandy Hook Reef,Reef,Reefs,Maine to Georgia,40.34733,-73.93650
Sandy Hook Reef,Reef,Reefs,Maine to Georgia,40.34983,-73.92683
Sandy Hook Reef,Reef,Reefs,Maine to Georgia,40.35183,-73.93033
Sandy Hook Reef,Reef,Reefs,Maine to Georgia,40.35950,-73.93000
Sandy Hook Reef,Reef,Reefs,Maine to Georgia,40.36300,-73.92883
Sandy Hook Reef,Reef,Reefs,Maine to Georgia,40.36600,-73.93200
Sandy Hook Reefs,Reef,Reefs,Maine to Georgia,40.36840,-73.93609
Sargents Reef,Reef,Reefs,Maine to Georgia,39.47832,-74.18665
SC Memorial Reef - Barge 1,Reef,Reefs,Maine to Georgia,32.12400,-79.12538
Sea Girt Reef,Reef,Reefs,Maine to Georgia,40.10200,-73.94750
Sea Girt Reef,Reef,Reefs,Maine to Georgia,40.11567,-73.95333
Sea Girt Reef,Reef,Reefs,Maine to Georgia,40.12017,-73.94200
Sea Girt Reef,Reef,Reefs,Maine to Georgia,40.12317,-73.93950
Sea Girt Reef,Reef,Reefs,Maine to Georgia,40.13067,-73.93017
Sea Girt Reefs,Reef,Reefs,Maine to Georgia,40.12379,-73.94842
Seaflower Reef,Reef,Reefs,Maine to Georgia,41.29611,-72.03389
Sears Island Ledge,Reef,Reefs,Maine to Georgia,44.41787,-68.87320
SFC Reef,Reef,Reefs,Maine to Georgia,31.00000,-81.03900
Shagwong Reef,Reef,Reefs,Maine to Georgia,41.11345,-71.91846
Shagwong Reef,Reef,Reefs,Maine to Georgia,41.11667,-71.91500
Shamrock Towing Reef,Reef,Reefs,Maine to Georgia,39.16559,-74.56566
Shark Ledge,Reef,Reefs,Maine to Georgia,40.03092,-73.67033
Shark Ledge,Reef,Reefs,Maine to Georgia,40.14327,-73.91321
Shark Ledge,Reef,Reefs,Maine to Georgia,40.14852,-73.90270
Sharks Ledge,Reef,Reefs,Maine to Georgia,40.03633,-73.66200
Sharks Ledge,Reef,Reefs,Maine to Georgia,41.06667,-71.47308
Sharps Island Ledge,Reef,Reefs,Maine to Georgia,38.61323,-76.35024
Shinnecock Reef,Reef,Reefs,Maine to Georgia,40.80241,-72.47312
Ship And Barges Ledge,Reef,Reefs,Maine to Georgia,44.22592,-68.42802
Smithown Reef,Reef,Reefs,Maine to Georgia,40.93390,-73.18313
South Reef,Reef,Reefs,Maine to Georgia,40.99899,-73.56853
Square Rock,Reef,Reefs,Maine to Georgia,42.97600,-70.62950
Stefanie B Reef,Reef,Reefs,Maine to Georgia,39.47666,-74.17664
Stone Harbor Humps,Reef,Reefs,Maine to Georgia,39.15378,-74.51240
Stone Island Reef,Reef,Reefs,Maine to Georgia,41.25289,-72.51348
Sugar Reef,Reef,Reefs,Maine to Georgia,41.29465,-71.87904
Sugar Reef Passage,Reef,Reefs,Maine to Georgia,41.29190,-71.86973
Swansboro Rotary Club Reef,Reef,Reefs,Maine to Georgia,34.53568,-76.97455
Swansboro Rotary Club Reef,Reef,Reefs,Maine to Georgia,34.53833,-76.97555
Tangier Sound Reef,Reef,Reefs,Maine to Georgia,37.92023,-75.94436
Tarantula Wreck,Reef,Reefs,Maine to Georgia,40.30012,-73.26598
Target Rock,Reef,Reefs,Maine to Georgia,40.93046,-73.42790
Taylors Island Reef,Reef,Reefs,Maine to Georgia,38.46833,-76.36167
Taylors Island Reef South,Reef,Reefs,Maine to Georgia,38.45916,-76.35547
Ten Mile Reef,Reef,Reefs,Maine to Georgia,33.42172,-78.85828
Ten Mile Reef - 200' Ship,Reef,Reefs,Maine to Georgia,33.44012,-78.88012
Ten Mile Reef - Concrete Reef Balls,Reef,Reefs,Maine to Georgia,33.43468,-78.87065
Ten Mile Reef - Tugboat & Barge,Reef,Reefs,Maine to Georgia,33.42315,-78.86015
Ten Mile Reef 6,Reef,Reefs,Maine to Georgia,33.43769,-78.87844
Ten Reef E Live Bott,Reef,Reefs,Maine to Georgia,34.39333,-76.57850
The Cell Reef,Reef,Reefs,Maine to Georgia,37.40417,-76.06139
The Cell Reef - Concrete Block,Concrete Block,Reefs,Maine to Georgia,37.40135,-76.05612
The Cell Reef - Pipe,Pipe,Reefs,Maine to Georgia,37.40191,-76.05478
The Cell Reef - Pipe,Pipe,Reefs,Maine to Georgia,37.40189,-76.05342
The Cell Reef - Pipe,Pipe,Reefs,Maine to Georgia,37.40078,-76.05478
The Cell Reef - Pipe,Pipe,Reefs,Maine to Georgia,37.40078,-76.05342
The Cell Reef - Tetrahedrons,Tetrahedrons,Reefs,Maine to Georgia,37.40253,-76.05688
The Cigar,Reef,Reefs,Maine to Georgia,38.90450,-74.13888
The Farms,Reef,Reefs,Maine to Georgia,40.28333,-73.84000
The Star,Reef,Reefs,Maine to Georgia,39.56192,-73.55717
Tire Reef,Reef,Reefs,Maine to Georgia,37.32018,-76.05105
Tire Reef,Reef,Reefs,Maine to Georgia,39.16603,-74.57515
Tire Reef,Reef,Reefs,Maine to Georgia,39.17585,-74.53352
TNT Reef,Reef,Reefs,Maine to Georgia,40.06567,-73.99332
Tolechester Reef,Reef,Reefs,Maine to Georgia,39.24268,-76.27027
Tom Boyette Reef,Reef,Reefs,Maine to Georgia,34.26250,-77.50933
Tom Mcglammery Reef,Reef,Reefs,Maine to Georgia,33.85000,-78.11028
Tom Russinelli Reef,Reef,Reefs,Maine to Georgia,39.47499,-74.18981
Topsail Reef,Reef,Reefs,Maine to Georgia,34.34972,-77.60305
Tower Reef,Reef,Reefs,Maine to Georgia,36.90361,-75.72639
Tower Reef,Reef,Reefs,Maine to Georgia,36.90590,-75.71503
Tower Reef,Reef,Reefs,Maine to Georgia,39.18133,-74.54513
Tower Reef - Military vehicles,Military vehicles,Reefs,Maine to Georgia,36.90294,-75.72588
Tower Reef - Military vehicles,Military vehicles,Reefs,Maine to Georgia,36.90260,-75.72002
Tower Reef - Military vehicles,Military vehicles,Reefs,Maine to Georgia,36.90177,-75.72089
Tower Reef - Military vehicles,Military vehicles,Reefs,Maine to Georgia,36.90075,-75.72683
Tower Reef - Reef Balls,Reef Balls,Reefs,Maine to Georgia,36.90330,-75.72015
Tower Reef - Subway cars,Subway cars,Reefs,Maine to Georgia,36.90400,-75.72184
Tower Reef - Subway cars,Subway cars,Reefs,Maine to Georgia,36.90398,-75.72340
Tower Reef - Subway cars,Subway cars,Reefs,Maine to Georgia,36.90334,-75.72473
Tower Reef - Subway cars,Subway cars,Reefs,Maine to Georgia,36.90293,-75.72151
Tower Reef - Subway cars,Subway cars,Reefs,Maine to Georgia,36.90270,-75.72378
Tower Reef - Subway cars,Subway cars,Reefs,Maine to Georgia,36.90238,-75.72609
Tower Reef - Subway cars,Subway cars,Reefs,Maine to Georgia,36.90166,-75.72680
Tower Reef - Subway cars,Subway cars,Reefs,Maine to Georgia,36.90166,-75.72417
Tower Reef - Subway cars,Subway cars,Reefs,Maine to Georgia,36.90166,-75.72244
Tower Reef - Subway cars,Subway cars,Reefs,Maine to Georgia,36.90166,-75.72609
Tower Reef - Subway cars,Subway cars,Reefs,Maine to Georgia,36.90161,-75.72487
Tower Reef - Subway cars,Subway cars,Reefs,Maine to Georgia,36.90148,-75.72066
Tower Reef - Subway cars,Subway cars,Reefs,Maine to Georgia,36.90145,-75.72482
Tower Reef - Subway cars,Subway cars,Reefs,Maine to Georgia,36.90131,-75.72252
Tower Reef - Subway cars,Subway cars,Reefs,Maine to Georgia,36.90129,-75.72451
Tower Reef - Subway cars,Subway cars,Reefs,Maine to Georgia,36.90102,-75.72686
Tower Reef - Subway cars,Subway cars,Reefs,Maine to Georgia,36.90093,-75.72456
Tower Reef - Subway cars,Subway cars,Reefs,Maine to Georgia,36.90082,-75.72584
Tower Reef - Subway cars,Subway cars,Reefs,Maine to Georgia,36.90056,-75.72531
Tower Reef - Subway cars,Subway cars,Reefs,Maine to Georgia,36.90042,-75.72558
Tower Reef - Subway cars,Subway cars,Reefs,Maine to Georgia,36.90029,-75.72581
Tower Reef - Subway cars,Subway cars,Reefs,Maine to Georgia,36.89994,-75.72281
Tower Reef - Subway cars,Subway cars,Reefs,Maine to Georgia,36.89982,-75.72777
Tower Reef - Subway cars,Subway cars,Reefs,Maine to Georgia,36.89982,-75.72096
Tower Reef - Subway cars,Subway cars,Reefs,Maine to Georgia,36.89979,-75.72686
Tower Reef - Subway cars,Subway cars,Reefs,Maine to Georgia,36.89968,-75.72120
Tower Reef - Subway cars,Subway cars,Reefs,Maine to Georgia,36.89961,-75.72870
Tower Reef - Subway cars,Subway cars,Reefs,Maine to Georgia,36.89957,-75.72678
Tower Reef - Subway cars,Subway cars,Reefs,Maine to Georgia,36.89936,-75.72726
Tower Reef - Subway cars,Subway cars,Reefs,Maine to Georgia,36.89934,-75.72633
Tower Reef - Subway cars,Subway cars,Reefs,Maine to Georgia,36.89934,-75.72275
Tower Reef - Subway cars,Subway cars,Reefs,Maine to Georgia,36.89930,-75.72877
Tower Reef - Subway cars,Subway cars,Reefs,Maine to Georgia,36.89923,-75.72418
Tower Reef - Subway cars,Subway cars,Reefs,Maine to Georgia,36.89919,-75.72732
Tower Reef - Subway cars,Subway cars,Reefs,Maine to Georgia,36.89895,-75.72567
Tower Reef - Subway cars,Subway cars,Reefs,Maine to Georgia,36.89888,-75.72735
Tower Reef - Subway cars,Subway cars,Reefs,Maine to Georgia,36.89865,-75.72652
Tower Reef - Subway cars,Subway cars,Reefs,Maine to Georgia,36.89849,-75.72934
Tower Reef - Subway cars,Subway cars,Reefs,Maine to Georgia,36.89774,-75.72641
Triple Wreck Area,Reef,Reefs,Maine to Georgia,39.51033,-72.78783
Triple Wreck Area,Reef,Reefs,Maine to Georgia,39.57433,-72.96117
Ursinus College Reef,Reef,Reefs,Maine to Georgia,38.96149,-74.69865
Varanger,Reef,Reefs,Maine to Georgia,39.00333,-74.07550
Varanger,Reef,Reefs,Maine to Georgia,39.00972,-74.08973
Vermilion Reef - 460' Ship,Reef,Reefs,Maine to Georgia,32.95913,-78.66752
Vermillian Reef,Reef,Reefs,Maine to Georgia,32.99823,-79.03888
W K Popp Russells Reef,Reef,Reefs,Maine to Georgia,38.26267,-75.04400
Wachapreague Reef,Reef,Reefs,Maine to Georgia,37.55050,-75.54017
Wachapreague Reef,Reef,Reefs,Maine to Georgia,37.55083,-75.54472
Wachapreague Reef - Igloos,Igloos,Reefs,Maine to Georgia,37.54094,-75.54417
Wachapreague Reef - Pipe,Pipe,Reefs,Maine to Georgia,37.54928,-75.53857
Warrens Hole,Reef,Reefs,Maine to Georgia,34.34455,-77.50639
Wasabi Reef,Reef,Reefs,Maine to Georgia,40.01808,-74.00075
Watch Hill Reef,Reef,Reefs,Maine to Georgia,41.29510,-71.86415
Wayne Upchurch Reef,Reef,Reefs,Maine to Georgia,33.14167,-78.84500
Wayne Upchurch Reef - Concrete Structures,Reef,Reefs,Maine to Georgia,33.14133,-78.84583
Wellfleet Harbor,Reef,Reefs,Maine to Georgia,41.90164,-70.03737
Whaleback Reef,Reef,Reefs,Maine to Georgia,43.05870,-70.69600
Wheaton Reef,Reef,Reefs,Maine to Georgia,41.23568,-72.77024
White Island Reef,Reef,Reefs,Maine to Georgia,43.05920,-70.68550
Whitewater Reef,Reef,Reefs,Maine to Georgia,32.05148,-80.75005
Whitewater Reef - 60' Lash Barge,Reef,Reefs,Maine to Georgia,32.05100,-80.75033
Whitewater Reef - Tanks And/Or Apcs,Reef,Reefs,Maine to Georgia,32.05123,-80.75160
Whitewater Reef - Tanks And/Or Apcs,Reef,Reefs,Maine to Georgia,32.05140,-80.75180
Wildwood Reef,Reef,Reefs,Maine to Georgia,38.95783,-74.67900
Will Goldfinch Reef,Reef,Reefs,Maine to Georgia,33.28433,-78.75530
Will Goldfinch Reef - 175' Ship(YO-225),Reef,Reefs,Maine to Georgia,33.28342,-78.75620
William Berndt Memorial Reef,Reef,Reefs,Maine to Georgia,39.75351,-74.03080
Windmill Point Reef - Pipe,Pipe,Reefs,Maine to Georgia,37.62131,-76.23875
Windmill Point Reef - Pipe,Pipe,Reefs,Maine to Georgia,37.62131,-76.23225
Windmill Point Reef - Reef Balls,Reef Balls,Reefs,Maine to Georgia,37.62135,-76.23397
Windmill Point Reef - Reef Balls,Reef Balls,Reefs,Maine to Georgia,37.62135,-76.23696
Winifred Martin,Reef,Reefs,Maine to Georgia,41.53234,-69.99779
Winter Quarters Ltship,Reef,Reefs,Maine to Georgia,37.92953,-74.93633
Wreck Arundo,Reef,Reefs,Maine to Georgia,40.19713,-73.66922
Wreck Margret,Reef,Reefs,Maine to Georgia,40.56112,-73.77552
Wreck Near Ships HA,Reef,Reefs,Maine to Georgia,37.16963,-76.00896
Y-73 Reef - 180' Tanker (Y-73),Reef,Reefs,Maine to Georgia,32.54098,-79.31655
Y-73 Reef - 90' Tug (Helen),Reef,Reefs,Maine to Georgia,32.54315,-79.32073
Y-73 Reef - 90' Tug (Kimberly),Reef,Reefs,Maine to Georgia,32.54393,-79.32507
Y-73 Reef - 90' Tug (Tanda 9),Reef,Reefs,Maine to Georgia,32.54325,-79.32238
Y-73 Reef - Steel Pup Tents,Reef,Reefs,Maine to Georgia,32.54513,-79.32243
Y-73 Reef - Steel Pup Tents,Reef,Reefs,Maine to Georgia,32.54525,-79.32218
Yarmouth Ledge,Reef,Reefs,Maine to Georgia,43.77099,-69.93604
York Spit Reef,Reef,Reefs,Maine to Georgia,37.24000,-76.24583
York Spit Reef,Reef,Reefs,Maine to Georgia,37.24444,-76.25417
York Spit Reef - Bridge Sections,Bridge Sections,Reefs,Maine to Georgia,37.24173,-76.22932
York Spit Reef - Bridge Sections,Bridge Sections,Reefs,Maine to Georgia,37.24138,-76.22777
York Spit Reef - Bridge Sections,Bridge Sections,Reefs,Maine to Georgia,37.24128,-76.22921
York Spit Reef - Bridge Sections,Bridge Sections,Reefs,Maine to Georgia,37.24123,-76.23042
York Spit Reef - Bridge Sections,Bridge Sections,Reefs,Maine to Georgia,37.24109,-76.23146
York Spit Reef - Bridge Sections,Bridge Sections,Reefs,Maine to Georgia,37.24056,-76.22709
York Spit Reef - Bridge Sections,Bridge Sections,Reefs,Maine to Georgia,37.24034,-76.23043
York Spit Reef - Bridge Sections,Bridge Sections,Reefs,Maine to Georgia,37.23996,-76.23115
York Spit Reef - Bridge Sections,Bridge Sections,Reefs,Maine to Georgia,37.23991,-76.22706
York Spit Reef - Bridge Sections,Bridge Sections,Reefs,Maine to Georgia,37.23917,-76.22984
York Spit Reef - Bridge Sections,Bridge Sections,Reefs,Maine to Georgia,37.23887,-76.22831
York Spit Reef - Bridge Sections,Bridge Sections,Reefs,Maine to Georgia,37.23865,-76.22985
York Spit Reef - Bridge Sections,Bridge Sections,Reefs,Maine to Georgia,37.23860,-76.22763
York Spit Reef - Bridge Sections,Bridge Sections,Reefs,Maine to Georgia,37.23828,-76.23082
York Spit Reef - Bridge Sections,Bridge Sections,Reefs,Maine to Georgia,37.23808,-76.22924
York Spit Reef - Bridge Sections,Bridge Sections,Reefs,Maine to Georgia,37.23790,-76.23014
York Spit Reef - Bridge Sections,Bridge Sections,Reefs,Maine to Georgia,37.23695,-76.23071
York Spit Reef - Pipe,Pipe,Reefs,Maine to Georgia,37.24065,-76.22993
York Spit Reef - Pipe,Pipe,Reefs,Maine to Georgia,37.24056,-76.22925
York Spit Reef - Pipe,Pipe,Reefs,Maine to Georgia,37.24052,-76.22831
York Spit Reef - Pipe,Pipe,Reefs,Maine to Georgia,37.23955,-76.22989
York Spit Reef - Pipe,Pipe,Reefs,Maine to Georgia,37.23954,-76.22850
York Spit Reef - Reef Balls,Reef Balls,Reefs,Maine to Georgia,37.24011,-76.22847
York Spit Reef - Reef Balls,Reef Balls,Reefs,Maine to Georgia,37.24007,-76.22984
Trigger,Rig,Rigs,Maine to Georgia,32.51518,-78.72618
100 Fathom Slab Rock,Rock,Rocks,Maine to Georgia,36.19756,-74.75623
12 Fathom Rock,Rock,Rocks,Maine to Georgia,33.91667,-77.55000
12 Mile-Wreck,Rock,Rocks,Maine to Georgia,33.95557,-77.65087
1250 Rocks,Rock,Rocks,Maine to Georgia,35.27333,-74.98333
16 Fathom Rock,Rock,Rocks,Maine to Georgia,33.89999,-77.09167
1700 Rock,Rock,Rocks,Maine to Georgia,34.54266,-76.34316
1700 Rock,Rock,Rocks,Maine to Georgia,34.54862,-76.33580
1700 Rock,Rock,Rocks,Maine to Georgia,34.55537,-76.33342
1700 Rocks,Rock,Rocks,Maine to Georgia,34.58849,-76.38833
195 Rock,Rock,Rocks,Maine to Georgia,34.48081,-76.74396
210 Rock,Rock,Rocks,Maine to Georgia,34.24900,-76.59083
210 Rocks,Rock,Rocks,Maine to Georgia,35.03555,-75.32382
230 Rocks,Rock,Rocks,Maine to Georgia,35.04591,-75.27078
240 Rock,Rock,Rocks,Maine to Georgia,34.26948,-76.63583
240 Rock,Rock,Rocks,Maine to Georgia,34.27835,-76.62707
240 Rocks,Rock,Rocks,Maine to Georgia,35.06040,-75.24930
250 Rocks,Rock,Rocks,Maine to Georgia,35.06964,-75.22423
26 1 Rock,Rock,Rocks,Maine to Georgia,34.29033,-76.37066
26 Rock,Rock,Rocks,Maine to Georgia,34.40496,-76.97550
26 Rock,Rock,Rocks,Maine to Georgia,34.44844,-77.03649
260 Rocks,Rock,Rocks,Maine to Georgia,35.08340,-75.20895
280 Rocks,Rock,Rocks,Maine to Georgia,35.10333,-75.18417
295 Rocks,Rock,Rocks,Maine to Georgia,35.11549,-75.15502
3. 5 Fathom Rock,Rock,Rocks,Maine to Georgia,42.35423,-70.83827
300 Rocks,Rock,Rocks,Maine to Georgia,35.13440,-75.17745
350 Rocks,Rock,Rocks,Maine to Georgia,35.20322,-75.10260
4 Milerock,Rock,Rocks,Maine to Georgia,34.78619,-76.26414
51 51 Rocks,Rock,Rocks,Maine to Georgia,34.35067,-76.99158
70 Fathom Rock,Rock,Rocks,Maine to Georgia,34.93206,-75.35733
75' Stones,Rock,Rocks,Maine to Georgia,37.76537,-75.24552
Academy Rock,Rock,Rocks,Maine to Georgia,41.32667,-71.90485
Aces Rock,Rock,Rocks,Maine to Georgia,34.17755,-77.57816
Alberts Rocks,Rock,Rocks,Maine to Georgia,34.38830,-76.88900
Alden Rock,Rock,Rocks,Maine to Georgia,43.55087,-70.15993
Alden Rocks,Rock,Rocks,Maine to Georgia,43.92337,-69.06600
Alleghany Rock,Rock,Rocks,Maine to Georgia,41.48672,-70.60087
Ammen Rock,Rock,Rocks,Maine to Georgia,42.88332,-68.91667
Anchor Rock,Rock,Rocks,Maine to Georgia,34.42269,-77.19093
Angels Rock,Rock,Rocks,Maine to Georgia,33.59318,-78.25001
Avon Rock,Rock,Rocks,Maine to Georgia,35.33268,-75.36295
Bantam Rock,Rock,Rocks,Maine to Georgia,43.72693,-69.62570
Beers Rock,Rock,Rocks,Maine to Georgia,41.06360,-73.37780
Big 10 Rock,Rock,Rocks,Maine to Georgia,34.38365,-76.58808
Big Rock,Rock,Rocks,Maine to Georgia,34.14517,-76.13217
Big Rock,Rock,Rocks,Maine to Georgia,34.16167,-76.15617
Big Rock,Rock,Rocks,Maine to Georgia,34.16467,-76.17917
Big Rock,Rock,Rocks,Maine to Georgia,34.16983,-76.14983
Big Rock,Rock,Rocks,Maine to Georgia,34.17667,-76.14717
Big Rock N,Rock,Rocks,Maine to Georgia,34.17656,-76.15782
Big Rock S,Rock,Rocks,Maine to Georgia,34.07031,-76.20782
Big Rock S,Rock,Rocks,Maine to Georgia,34.13483,-76.21032
Big Tom Rock BT,Rock,Rocks,Maine to Georgia,40.83758,-73.79333
Black Bess Rocks,Rock,Rocks,Maine to Georgia,42.58822,-70.66528
Black Rock,Rock,Rocks,Maine to Georgia,41.12000,-73.20152
Black Rock,Rock,Rocks,Maine to Georgia,41.12033,-73.21749
Black Rock,Rock,Rocks,Maine to Georgia,41.30598,-72.17447
Black Rocks,Rock,Rocks,Maine to Georgia,42.43520,-70.95133
Blackboys Rock,Rock,Rocks,Maine to Georgia,41.28665,-72.22493
Blue Hill Rock NO LA,Rock,Rocks,Maine to Georgia,44.09140,-68.53540
Bluefish Rock,Rock,Rocks,Maine to Georgia,37.07705,-76.21970
Blyn Rock,Rock,Rocks,Maine to Georgia,41.24443,-72.82642
BOB Illes Rock,Rock,Rocks,Maine to Georgia,40.12967,-73.94025
Breaking Rocks,Rock,Rocks,Maine to Georgia,42.86668,-70.79993
Breaking Rocks,Rock,Rocks,Maine to Georgia,42.86797,-70.79198
Broad Cove Rock,Rock,Rocks,Maine to Georgia,43.58387,-70.18743
Bubble Rock,Rock,Rocks,Maine to Georgia,32.39232,-78.52782
Burnham Rocks,Rock,Rocks,Maine to Georgia,42.54020,-70.67967
Cabbage Patch Rocks,Rock,Rocks,Maine to Georgia,34.37458,-77.52508
Capt Leroys Rock,Rock,Rocks,Maine to Georgia,37.11288,-75.24834
Captain Jims Rock,Rock,Rocks,Maine to Georgia,41.11491,-72.46108
Captain Steves Rock,Rock,Rocks,Maine to Georgia,40.98498,-73.46517
Catacomb Rocks,Rock,Rocks,Maine to Georgia,41.29225,-71.88535
Catumb Rocks,Rock,Rocks,Maine to Georgia,41.29482,-71.88967
Catumb Rocks NO 3 C,Rock,Rocks,Maine to Georgia,41.29647,-71.88632
Channel Rock,Rock,Rocks,Maine to Georgia,41.07543,-73.35760
Chicken Rock,Rock,Rocks,Maine to Georgia,34.62003,-76.16684
Chimon Rock,Rock,Rocks,Maine to Georgia,41.06714,-73.38158
Christmas Rock,Rock,Rocks,Maine to Georgia,34.38033,-77.15300
Christmas Rock,Rock,Rocks,Maine to Georgia,34.40168,-77.16337
Church Rock,Rock,Rocks,Maine to Georgia,41.55950,-70.88893
Circle Rock,Rock,Rocks,Maine to Georgia,40.99512,-73.54352
Constellation Rock,Rock,Rocks,Maine to Georgia,41.17363,-72.10910
Continental Rocks,Rock,Rocks,Maine to Georgia,34.44251,-77.02780
Copps Rocks,Rock,Rocks,Maine to Georgia,41.05938,-73.38061
Cormorant Rock,Rock,Rocks,Maine to Georgia,41.29482,-72.09145
Corner Rocks,Rock,Rocks,Maine to Georgia,34.21585,-76.38970
Corner Rocks,Rock,Rocks,Maine to Georgia,34.35785,-76.55688
Corolla Rock,Rock,Rocks,Maine to Georgia,36.35101,-74.79717
Corwin Rock,Rock,Rocks,Maine to Georgia,43.55837,-70.14315
Cove Rocks,Rock,Rocks,Maine to Georgia,41.01066,-73.50288
Cripple Rock,Rock,Rocks,Maine to Georgia,34.05637,-77.18163
Cucumber Rock,Rock,Rocks,Maine to Georgia,33.72975,-77.79487
Cucumber Rock,Rock,Rocks,Maine to Georgia,33.74862,-77.80842
Dallas Rock,Rock,Rocks,Maine to Georgia,34.23213,-77.62960
Dallas Rock,Rock,Rocks,Maine to Georgia,34.23683,-77.63190
Deal Rocks,Rock,Rocks,Maine to Georgia,40.24683,-73.97650
Decatur Rock,Rock,Rocks,Maine to Georgia,41.56523,-70.89148
Divers Rock,Rock,Rocks,Maine to Georgia,34.49032,-77.27283
Dodges Rock,Rock,Rocks,Maine to Georgia,41.58862,-70.31600
Dolphin Rock,Rock,Rocks,Maine to Georgia,42.46655,-70.86607
Duckys Rock,Rock,Rocks,Maine to Georgia,41.05492,-72.94824
Dunder Rock,Rock,Rocks,Maine to Georgia,41.07802,-73.35010
East Rock,Rock,Rocks,Maine to Georgia,34.27360,-76.40650
East Rock,Rock,Rocks,Maine to Georgia,34.45600,-76.40000
East Rock,Rock,Rocks,Maine to Georgia,34.58702,-76.94479
East Sister Rock,Rock,Rocks,Maine to Georgia,43.06880,-70.66600
Eastern Duck Rocks,Rock,Rocks,Maine to Georgia,43.78033,-69.31160
Eastern Egg Rock,Rock,Rocks,Maine to Georgia,43.86197,-69.38367
Eastern Rocks,Rock,Rocks,Maine to Georgia,43.00440,-70.60020
Egg Rock,Rock,Rocks,Maine to Georgia,44.18340,-68.50838
Emerson Rocks,Rock,Rocks,Maine to Georgia,42.71020,-70.76780
EN Rocks,Rock,Rocks,Maine to Georgia,40.02493,-74.01338
Enrocks C,Rock,Rocks,Maine to Georgia,40.04017,-74.01833
Execusion Rocks Light,Rock,Rocks,Maine to Georgia,40.87835,-73.73818
Execution Rock RBN,Rock,Rocks,Maine to Georgia,40.85885,-73.74842
Fast Eddies Rock,Rock,Rocks,Maine to Georgia,40.99282,-71.98125
FI Rock,Rock,Rocks,Maine to Georgia,34.42600,-76.49633
Finger Shoal Rock,Rock,Rocks,Maine to Georgia,39.45928,-75.57270
Five Foot Rock,Rock,Rocks,Maine to Georgia,41.23865,-72.82668
Flat Rock,Rock,Rocks,Maine to Georgia,41.28812,-72.14880
Flip Rock RG,Rock,Rocks,Maine to Georgia,42.40530,-70.92198
Fluke Rock,Rock,Rocks,Maine to Georgia,41.11676,-72.45478
Forbes Rock,Rock,Rocks,Maine to Georgia,40.95412,-73.67133
Forbes Rock NO 38 A,Rock,Rocks,Maine to Georgia,40.95658,-73.66320
Four Foot Rocks,Rock,Rocks,Maine to Georgia,40.97940,-73.64241
Four Mile Rock,Rock,Rocks,Maine to Georgia,34.46855,-76.15770
Fullbox Rock,Rock,Rocks,Maine to Georgia,42.77540,-70.24065
FUN Rock,Rock,Rocks,Maine to Georgia,34.98905,-75.80119
G 1 HR Hussey Rock,Rock,Rocks,Maine to Georgia,43.42432,-70.33891
G 5 Seal Rocks,Rock,Rocks,Maine to Georgia,41.68061,-70.73912
Gag Rock,Rock,Rocks,Maine to Georgia,33.94383,-77.62290
Gallatin Rock,Rock,Rocks,Maine to Georgia,41.63207,-70.78633
Gangway Rock,Rock,Rocks,Maine to Georgia,41.23570,-72.78460
Gangway Rock,Rock,Rocks,Maine to Georgia,41.23917,-72.79019
Gazzele Rock,Rock,Rocks,Maine to Georgia,41.60128,-70.26378
Georges Rock,Rock,Rocks,Maine to Georgia,41.08405,-73.32864
Georgetown Rock,Rock,Rocks,Maine to Georgia,32.55347,-78.56285
Gibbs Rock,Rock,Rocks,Maine to Georgia,40.25017,-72.69330
GIG Rock,Rock,Rocks,Maine to Georgia,43.89720,-69.29372
Glovers Rock,Rock,Rocks,Maine to Georgia,38.09823,-73.88502
Godfreys Rock,Rock,Rocks,Maine to Georgia,43.11660,-70.63270
Good Rock,Rock,Rocks,Maine to Georgia,42.78570,-70.74210
Good Rock,Rock,Rocks,Maine to Georgia,43.05310,-70.66830
Goose Rock Shoal,Rock,Rocks,Maine to Georgia,41.23630,-72.72065
Graing Rock,Rock,Rocks,Maine to Georgia,33.92265,-77.22875
Grainger Rock,Rock,Rocks,Maine to Georgia,33.91667,-77.17508
Grassy Hammock Rocks,Rock,Rocks,Maine to Georgia,41.07698,-73.38403
Great Eastern Rock,Rock,Rocks,Maine to Georgia,41.07662,-71.82223
Great Eastern Rock,Rock,Rocks,Maine to Georgia,41.07765,-71.82603
Great Egg Rock,Rock,Rocks,Maine to Georgia,42.56396,-70.73699
Great Gull Rock,Rock,Rocks,Maine to Georgia,41.19272,-72.11264
Great PIG Rocks,Rock,Rocks,Maine to Georgia,42.46187,-70.83980
Great Sippewisset Rock,Rock,Rocks,Maine to Georgia,41.59070,-70.65812
Greenwich Rocks,Rock,Rocks,Maine to Georgia,40.98680,-73.53957
Gunning Rocks,Rock,Rocks,Maine to Georgia,43.91425,-69.24517
Halfacre Rock,Rock,Rocks,Maine to Georgia,41.24863,-72.64800
Halftide Rock,Rock,Rocks,Maine to Georgia,42.34725,-70.90073
Halftide Rocks,Rock,Rocks,Maine to Georgia,42.34858,-70.90470
Halfway Rock,Rock,Rocks,Maine to Georgia,42.50247,-70.77498
Halfway Rock Light,Rock,Rocks,Maine to Georgia,43.66098,-70.04438
Halfway Rock NO 201 IR,Rock,Rocks,Maine to Georgia,43.63215,-70.00823
Halfway Rocks,Rock,Rocks,Maine to Georgia,42.97820,-70.62070
Halibut Rock NO 2 B,Rock,Rocks,Maine to Georgia,43.98388,-69.04923
Halibut Rocks NOL,Rock,Rocks,Maine to Georgia,44.13588,-68.52495
Hallots Rock RBN,Rock,Rocks,Maine to Georgia,41.59243,-70.26172
Hanford Rock,Rock,Rocks,Maine to Georgia,41.09114,-73.35596
Hang Rock,Rock,Rocks,Maine to Georgia,33.85767,-77.60293
Hatteras Rocks,Rock,Rocks,Maine to Georgia,34.92775,-75.46313
HEN Rock,Rock,Rocks,Maine to Georgia,40.90705,-73.73195
Hiding Rocks,Rock,Rocks,Maine to Georgia,41.04337,-73.42602
High Rock,Rock,Rocks,Maine to Georgia,33.97940,-77.60358
High Rock CH,Rock,Rocks,Maine to Georgia,41.30022,-72.15262
Hogshead Rock,Rock,Rocks,Maine to Georgia,42.27030,-70.77645
Honeymoon Rock,Rock,Rocks,Maine to Georgia,34.45799,-77.14866
Hookers Rock,Rock,Rocks,Maine to Georgia,41.24112,-72.77650
Hookers Rock,Rock,Rocks,Maine to Georgia,41.24356,-72.78379
Hookers Rock NO 4 A,Rock,Rocks,Maine to Georgia,41.23965,-72.77278
Horn Island Rocks,Rock,Rocks,Maine to Georgia,43.06450,-70.68050
Hurl Rock,Rock,Rocks,Maine to Georgia,33.66745,-78.90258
Hydes Rock,Rock,Rocks,Maine to Georgia,39.82215,-73.67767
Inbetween Rocks,Rock,Rocks,Maine to Georgia,42.58362,-70.64128
Inez Rock,Rock,Rocks,Maine to Georgia,41.56262,-70.90695
Inner Hurl Rocks,Rock,Rocks,Maine to Georgia,33.64406,-78.92536
Inner Seal Rock,Rock,Rocks,Maine to Georgia,42.30028,-70.91302
Inner Tappen Rock,Rock,Rocks,Maine to Georgia,42.88080,-70.80880
Intrepid Rock,Rock,Rocks,Maine to Georgia,41.29899,-72.00443
Jacks Rock,Rock,Rocks,Maine to Georgia,34.14619,-77.60806
Jammies Rock,Rock,Rocks,Maine to Georgia,42.38747,-70.08333
Kirk Rock,Rock,Rocks,Maine to Georgia,41.00775,-71.93599
Kitts Rock,Rock,Rocks,Maine to Georgia,43.05410,-70.69170
Kure Rock,Rock,Rocks,Maine to Georgia,33.99249,-77.74165
Lighthouse Rock,Rock,Rocks,Maine to Georgia,33.73696,-78.12268
Lighthouse Rocks 1,Rock,Rocks,Maine to Georgia,33.77072,-78.10697
Lighthouse Rocks 2,Rock,Rocks,Maine to Georgia,33.76202,-78.09199
Little 10 Rocks,Rock,Rocks,Maine to Georgia,34.37722,-76.58178
Little PIG Rocks,Rock,Rocks,Maine to Georgia,42.48210,-70.85747
Little Rock,Rock,Rocks,Maine to Georgia,34.40001,-76.59452
Little Rock,Rock,Rocks,Maine to Georgia,41.30283,-72.17466
Lobster Rocks,Rock,Rocks,Maine to Georgia,42.42500,-70.94535
Lone Rock BN,Rock,Rocks,Maine to Georgia,41.58810,-70.40527
Lone Rock NO N 4 LR,Rock,Rocks,Maine to Georgia,41.56085,-70.91450
Long Branch Rock Piles,Rock,Rocks,Maine to Georgia,40.30995,-73.94327
Lost Rock,Rock,Rocks,Maine to Georgia,34.04293,-77.30825
Lost Rock,Rock,Rocks,Maine to Georgia,34.33334,-77.10102
Lost Rock,Rock,Rocks,Maine to Georgia,34.45910,-77.13150
Lost Rock,Rock,Rocks,Maine to Georgia,34.53130,-77.09927
Lthse-Rock,Rock,Rocks,Maine to Georgia,33.76925,-78.09450
Masonboro Rock,Rock,Rocks,Maine to Georgia,34.04133,-77.36333
Matincock Rocks,Rock,Rocks,Maine to Georgia,40.90970,-73.63363
Matinicus Rock 12 MR,Rock,Rocks,Maine to Georgia,43.75190,-68.84640
Matinicus Rock Light,Rock,Rocks,Maine to Georgia,43.78853,-68.86552
Matts Rock,Rock,Rocks,Maine to Georgia,43.05490,-70.63870
MB Rocks,Rock,Rocks,Maine to Georgia,34.14291,-77.79849
Memorial Rocks,Rock,Rocks,Maine to Georgia,36.01059,-75.11871
Middle Shoal Rock,Rock,Rocks,Maine to Georgia,41.19305,-72.14026
Millers Rock,Rock,Rocks,Maine to Georgia,40.97206,-73.00104
Moon Rock,Rock,Rocks,Maine to Georgia,41.24326,-72.80950
Moores Rock,Rock,Rocks,Maine to Georgia,43.09890,-70.64470
Morris Rock,Rock,Rocks,Maine to Georgia,40.95098,-73.48157
Morris Rocks,Rock,Rocks,Maine to Georgia,40.94542,-73.47037
Murray Rock,Rock,Rocks,Maine to Georgia,43.07190,-70.60830
N-River-Wreck,Rock,Rocks,Maine to Georgia,34.34683,-77.61833
Nacho Rocks,Rock,Rocks,Maine to Georgia,33.35664,-77.17327
Nahant Rock GRC,Rock,Rocks,Maine to Georgia,42.40773,-70.94473
NE Bigrock,Rock,Rocks,Maine to Georgia,34.20690,-76.07455
North Diamond Rocks,Rock,Rocks,Maine to Georgia,35.14581,-75.18852
North Rocks,Rock,Rocks,Maine to Georgia,41.21216,-72.66770
Northeast Rock,Rock,Rocks,Maine to Georgia,34.33972,-76.37785
Noyes Rock,Rock,Rocks,Maine to Georgia,41.32126,-71.92320
NTH Rock,Rock,Rocks,Maine to Georgia,34.03438,-77.34690
NTH Rock,Rock,Rocks,Maine to Georgia,34.43692,-76.62403
NW Bigrock,Rock,Rocks,Maine to Georgia,34.20690,-76.18653
OAK Rock,Rock,Rocks,Maine to Georgia,42.64263,-70.57972
Ocracoke Rock Pile NE,Rock,Rocks,Maine to Georgia,34.87354,-75.48613
Ocracoke Rocks North,Rock,Rocks,Maine to Georgia,34.95793,-75.73980
Old Anthony Rock,Rock,Rocks,Maine to Georgia,43.53535,-70.18573
Old Anthony Rock,Rock,Rocks,Maine to Georgia,43.53918,-70.18023
Old Henry Rocks,Rock,Rocks,Maine to Georgia,42.99740,-70.59600
Old Silas Rock,Rock,Rocks,Maine to Georgia,41.19151,-72.14597
Outer Hurl Rocks,Rock,Rocks,Maine to Georgia,33.60331,-78.89965
Outer Tappen Rock,Rock,Rocks,Maine to Georgia,42.88270,-70.80590
Oyster Rocks Long Shoal,Rock,Rocks,Maine to Georgia,35.56345,-75.83060
Oyster Rocks West Bluff,Rock,Rocks,Maine to Georgia,35.30243,-76.17127
Pete Brown King Rock,Rock,Rocks,Maine to Georgia,34.36500,-77.41267
Picket Rock,Rock,Rocks,Maine to Georgia,40.86075,-73.67700
PIG Rock,Rock,Rocks,Maine to Georgia,42.28195,-70.94132
Pigs Rock,Rock,Rocks,Maine to Georgia,42.28491,-70.93968
Plum Island Rock,Rock,Rocks,Maine to Georgia,41.17501,-72.17838
Plum Rock,Rock,Rocks,Maine to Georgia,41.17926,-72.17470
Pollock Rock,Rock,Rocks,Maine to Georgia,43.11370,-70.49070
PRE Big Rock Report FOR Hatteras,Rock,Rocks,Maine to Georgia,34.69807,-75.57348
Pulpit Rock,Rock,Rocks,Maine to Georgia,41.28731,-71.99622
Pups Rock,Rock,Rocks,Maine to Georgia,34.38148,-76.84436
R 2 Grays Rock,Rock,Rocks,Maine to Georgia,42.52097,-70.83374
R 2 Rock,Rock,Rocks,Maine to Georgia,34.61920,-76.56243
R 2 Rockport Brkw,Rock,Rocks,Maine to Georgia,42.66711,-70.58718
R 6 Snow Rock,Rock,Rocks,Maine to Georgia,41.63703,-70.79038
Race Rock,Rock,Rocks,Maine to Georgia,41.24314,-72.04741
Race Rock,Rock,Rocks,Maine to Georgia,41.24340,-72.05135
Race Rock Light,Rock,Rocks,Maine to Georgia,41.24652,-72.05292
Race Rocks,Rock,Rocks,Maine to Georgia,41.23938,-72.05025
Rapid Rock,Rock,Rocks,Maine to Georgia,41.28786,-72.10189
Rapid Rock NR,Rock,Rocks,Maine to Georgia,41.28412,-72.09617
Raymond Rocks,Rock,Rocks,Maine to Georgia,41.07230,-73.39919
Raynes Rock,Rock,Rocks,Maine to Georgia,43.10180,-70.64950
RIP Rock,Rock,Rocks,Maine to Georgia,41.21798,-72.07835
RIP Rocks,Rock,Rocks,Maine to Georgia,41.21470,-72.07410
Robins Island Rocks,Rock,Rocks,Maine to Georgia,40.96130,-72.47657
Robinson Rock,Rock,Rocks,Maine to Georgia,44.14945,-68.97888
Rock Asphalt,Rock,Rocks,Maine to Georgia,39.97083,-73.99000
Rock At Huttn,Rock,Rocks,Maine to Georgia,34.47656,-76.90389
Rock Bottom,Rock,Rocks,Maine to Georgia,40.14355,-72.99378
Rock Bottom,Rock,Rocks,Maine to Georgia,40.19450,-73.00570
Rock Hind,Rock,Rocks,Maine to Georgia,33.75000,-76.75000
Rock Hind,Rock,Rocks,Maine to Georgia,34.11320,-76.52680
Rock Pile,Rock,Rocks,Maine to Georgia,34.85417,-75.52500
Rock Pile,Rock,Rocks,Maine to Georgia,37.66667,-74.31667
Rock Pile,Rock,Rocks,Maine to Georgia,42.31333,-70.18667
Rock Piles,Rock,Rocks,Maine to Georgia,40.09300,-72.90917
Rock Piles,Rock,Rocks,Maine to Georgia,40.14033,-72.98783
Rock Piles,Rock,Rocks,Maine to Georgia,40.19133,-72.99983
Rock Piles,Rock,Rocks,Maine to Georgia,42.56412,-70.63287
Rock R 62 Bay,Rock,Rocks,Maine to Georgia,37.81267,-76.16650
Rock Reef NE,Rock,Rocks,Maine to Georgia,40.54549,-73.83199
Rock Reef NW,Rock,Rocks,Maine to Georgia,40.54549,-73.85350
Rock Reef SE,Rock,Rocks,Maine to Georgia,40.53667,-73.83199
Rock Reef SW,Rock,Rocks,Maine to Georgia,40.53667,-73.85350
Rock SE,Rock,Rocks,Maine to Georgia,33.97488,-77.30627
Rock SE 23 Mile Rock,Rock,Rocks,Maine to Georgia,33.96667,-77.30808
Rockaway Shoal,Rock,Rocks,Maine to Georgia,40.54258,-73.94695
Rockefeler,Rock,Rocks,Maine to Georgia,35.11676,-75.11411
Rockfish Trench,Rock,Rocks,Maine to Georgia,37.16116,-76.06400
Rockland,Rock,Rocks,Maine to Georgia,40.13385,-73.92522
Rockland,Rock,Rocks,Maine to Georgia,40.13419,-73.93090
Rockland HBR BKW,Rock,Rocks,Maine to Georgia,44.10298,-69.07708
Rockpile,Rock,Rocks,Maine to Georgia,34.19353,-76.37500
Rocks 1,Rock,Rocks,Maine to Georgia,33.94155,-77.63628
Rocks Tip,Rock,Rocks,Maine to Georgia,35.08982,-75.20372
Rocky 1,Rock,Rocks,Maine to Georgia,41.02822,-71.88534
Rocky Bottom,Rock,Rocks,Maine to Georgia,33.75001,-76.84493
Rocky Bottom 3,Rock,Rocks,Maine to Georgia,33.84568,-77.57372
Rocky Bottom 4,Rock,Rocks,Maine to Georgia,34.14271,-77.68343
Rocky Bottom 9,Rock,Rocks,Maine to Georgia,34.08860,-77.75842
Rocky Hill,Rock,Rocks,Maine to Georgia,40.99417,-71.92768
Rodgers Rock,Rock,Rocks,Maine to Georgia,40.94297,-72.47327
Rooster Rock,Rock,Rocks,Maine to Georgia,34.37206,-76.10007
Round Rock,Rock,Rocks,Maine to Georgia,41.23033,-72.87858
Round Rock,Rock,Rocks,Maine to Georgia,42.87670,-70.81150
Round Rock Shoal,Rock,Rocks,Maine to Georgia,42.58350,-70.68332
Sagaponack Rock,Rock,Rocks,Maine to Georgia,40.90332,-72.24197
Salt Rock,Rock,Rocks,Maine to Georgia,42.56301,-70.75442
Sammy Rock,Rock,Rocks,Maine to Georgia,42.47133,-70.86638
Sand Stone,Rock,Rocks,Maine to Georgia,37.02965,-74.65815
Satisfaction Rock,Rock,Rocks,Maine to Georgia,42.57815,-70.39813
SE Bigrock,Rock,Rocks,Maine to Georgia,34.15681,-76.11002
Seal Cove Mingo Rock,Rock,Rocks,Maine to Georgia,43.00137,-70.60140
Seal Rocks,Rock,Rocks,Maine to Georgia,41.29557,-71.92736
Seal Rocks,Rock,Rocks,Maine to Georgia,41.66065,-70.66147
Seymore Rock,Rock,Rocks,Maine to Georgia,41.09748,-73.36055
Shag Rock,Rock,Rocks,Maine to Georgia,43.00330,-70.60410
Shag Rocks,Rock,Rocks,Maine to Georgia,42.41428,-70.90652
Shagwong Rock,Rock,Rocks,Maine to Georgia,41.09183,-71.89973
Shewsbury Rocks,Rock,Rocks,Maine to Georgia,40.33750,-73.95317
Shewsbury Rocks C,Rock,Rocks,Maine to Georgia,40.33950,-73.93050
Shewsbury Rocks F,Rock,Rocks,Maine to Georgia,40.34050,-73.93900
Shewsbury Rocks L,Rock,Rocks,Maine to Georgia,40.33883,-73.91983
Shrewsrock,Rock,Rocks,Maine to Georgia,40.33420,-73.95001
Sill Rock,Rock,Rocks,Maine to Georgia,40.96664,-72.90040
Slabs,Rock,Rocks,Maine to Georgia,39.28913,-74.18290
Sneads Ferry Big Rock,Rock,Rocks,Maine to Georgia,34.13667,-77.19167
Sneads Rock,Rock,Rocks,Maine to Georgia,34.46615,-75.93338
South Jetty Rocks,Rock,Rocks,Maine to Georgia,33.19050,-79.13688
South Rock,Rock,Rocks,Maine to Georgia,42.85930,-70.78170
Southeast Rocks,Rock,Rocks,Maine to Georgia,35.04133,-75.25000
Southrock,Rock,Rocks,Maine to Georgia,34.18162,-77.31296
Southwest Rock,Rock,Rocks,Maine to Georgia,34.41973,-76.50832
Southwest Rocks,Rock,Rocks,Maine to Georgia,34.27515,-76.58112
Spindle Rock,Rock,Rocks,Maine to Georgia,41.62900,-70.33693
Sponge Rock,Rock,Rocks,Maine to Georgia,34.42905,-77.02627
Sponge Rock,Rock,Rocks,Maine to Georgia,34.44387,-77.03618
Station Rock,Rock,Rocks,Maine to Georgia,34.58733,-77.06517
Station Rock,Rock,Rocks,Maine to Georgia,34.58783,-77.06849
Steves Rock,Rock,Rocks,Maine to Georgia,34.40916,-76.98233
Stone Rock,Rock,Rocks,Maine to Georgia,34.00234,-77.69459
Stones Rock,Rock,Rocks,Maine to Georgia,43.10720,-70.63490
Susans Rock,Rock,Rocks,Maine to Georgia,39.59575,-72.11829
SW Bigrock,Rock,Rocks,Maine to Georgia,34.16006,-76.19421
Table Rock,Rock,Rocks,Maine to Georgia,34.40012,-76.95670
Tewksbury Rock,Rock,Rocks,Maine to Georgia,42.34502,-70.86882
Thaxter Rocks,Rock,Rocks,Maine to Georgia,43.09370,-70.65050
The Rock Pile Center,Rock,Rocks,Maine to Georgia,34.86713,-75.50673
The Rockpile,Rock,Rocks,Maine to Georgia,42.34999,-70.45000
The Rockpile,Rock,Rocks,Maine to Georgia,42.35600,-70.46800
Tinkers Rock,Rock,Rocks,Maine to Georgia,42.48353,-70.81813
Tom Moore Rock,Rock,Rocks,Maine to Georgia,42.49518,-70.82980
Tom Rock,Rock,Rocks,Maine to Georgia,43.73037,-69.71718
Tommys Rock,Rock,Rocks,Maine to Georgia,42.48262,-70.79887
Topsl-Rock 3,Rock,Rocks,Maine to Georgia,34.34965,-77.62090
TR Rock,Rock,Rocks,Maine to Georgia,34.00271,-76.45574
TR Rock,Rock,Rocks,Maine to Georgia,34.00770,-76.45573
Transport Rock,Rock,Rocks,Maine to Georgia,40.96101,-73.66566
Valiant Rock,Rock,Rocks,Maine to Georgia,41.22700,-72.06663
Valient Rocks,Rock,Rocks,Maine to Georgia,41.22367,-72.06253
Wash Rockpile,Rock,Rocks,Maine to Georgia,37.63252,-74.35640
West Big Rock,Rock,Rocks,Maine to Georgia,34.15243,-76.16998
West Rocks,Rock,Rocks,Maine to Georgia,34.29677,-76.57103
West Sister Rock,Rock,Rocks,Maine to Georgia,43.06170,-70.67210
Westbrook Lobster Rock,Rock,Rocks,Maine to Georgia,41.26835,-72.44152
Whale Rock NE,Rock,Rocks,Maine to Georgia,41.60898,-70.82128
Whale Rock SE,Rock,Rocks,Maine to Georgia,41.60567,-70.82128
Whaleback Rock,Rock,Rocks,Maine to Georgia,41.31030,-71.98601
Whip Rock,Rock,Rocks,Maine to Georgia,33.98797,-77.33288
White Rock,Rock,Rocks,Maine to Georgia,41.06757,-73.40821
White Rock,Rock,Rocks,Maine to Georgia,41.29548,-72.17135
White Rock,Rock,Rocks,Maine to Georgia,41.32268,-71.93784
Wicopesset Rock,Rock,Rocks,Maine to Georgia,41.29592,-71.90464
Witch Rock,Rock,Rocks,Maine to Georgia,43.62207,-70.17682
Witch Rock NOL,Rock,Rocks,Maine to Georgia,43.61757,-70.16348
Wreck-Coral,Rock,Rocks,Maine to Georgia,33.95138,-77.59775
Xmas Rock,Rock,Rocks,Maine to Georgia,33.78708,-77.41895
Xmas Rock,Rock,Rocks,Maine to Georgia,34.39028,-77.15775
Zephyr Rocks,Rock,Rocks,Maine to Georgia,43.89553,-68.86308
"1, 000 FM",Structure,Structure,Maine to Georgia,38.80942,-72.73733
10 Box Cars AR,Structure,Structure,Maine to Georgia,34.05445,-77.66028
10 Train Cars,Structure,Structure,Maine to Georgia,34.25948,-77.50363
10 Train Cars,Structure,Structure,Maine to Georgia,34.35093,-77.32942
100 FM,Structure,Structure,Maine to Georgia,39.04987,-72.76360
17 Fathoms,Structure,Structure,Maine to Georgia,40.38420,-73.81018
330 Boxcar,Structure,Structure,Maine to Georgia,34.55916,-76.85611
340 Boxcar,Structure,Structure,Maine to Georgia,34.57138,-76.97249
345 Boxcar,Structure,Structure,Maine to Georgia,34.53718,-76.97527
345 Bxcar,Structure,Structure,Maine to Georgia,34.53813,-76.97186
35 Fathom Tip,Structure,Structure,Maine to Georgia,39.67390,-72.92748
355 Boxcar,Structure,Structure,Maine to Georgia,34.35416,-77.33305
355 Boxcar,Structure,Structure,Maine to Georgia,34.35471,-77.33166
355 Boxcar,Structure,Structure,Maine to Georgia,34.35526,-77.33305
360-Pipe 21,Structure,Structure,Maine to Georgia,34.34623,-77.60256
362 Boxcar,Structure,Structure,Maine to Georgia,34.25982,-77.50788
362 Boxcar,Structure,Structure,Maine to Georgia,34.26078,-77.50721
362-Pipe 9,Structure,Structure,Maine to Georgia,34.24946,-77.71325
364-Concrete 2,Structure,Structure,Maine to Georgia,34.24833,-77.71316
364-Pipe 2,Structure,Structure,Maine to Georgia,34.24457,-77.71663
364-Pods,Structure,Structure,Maine to Georgia,34.24407,-77.71692
366 Boxcar,Structure,Structure,Maine to Georgia,34.21387,-77.42124
366 Boxcar,Structure,Structure,Maine to Georgia,34.21496,-77.42216
368 Boxcar,Structure,Structure,Maine to Georgia,34.15670,-77.43191
368 Bxcar,Structure,Structure,Maine to Georgia,34.15971,-77.43222
370-Pipe 4,Structure,Structure,Maine to Georgia,34.17561,-77.75484
370-Pods,Structure,Structure,Maine to Georgia,34.17550,-77.75606
372 Boxcar,Structure,Structure,Maine to Georgia,34.10172,-77.74678
372 Boxcar,Structure,Structure,Maine to Georgia,34.10400,-77.74699
372-Pipe 4,Structure,Structure,Maine to Georgia,34.10745,-77.74765
372-Pods,Structure,Structure,Maine to Georgia,34.10818,-77.74797
376 Boxcar,Structure,Structure,Maine to Georgia,34.05254,-77.66010
376 Boxcar,Structure,Structure,Maine to Georgia,34.05295,-77.66235
376 Boxcar,Structure,Structure,Maine to Georgia,34.05353,-77.65963
376 Boxcar,Structure,Structure,Maine to Georgia,34.05556,-77.65815
376-Pipe 3,Structure,Structure,Maine to Georgia,34.05688,-77.66172
378-Concrete-1,Structure,Structure,Maine to Georgia,34.03167,-77.87098
378-Pipe-5,Structure,Structure,Maine to Georgia,34.03100,-77.86686
378-Pods,Structure,Structure,Maine to Georgia,34.03155,-77.86635
386 Boxcar,Structure,Structure,Maine to Georgia,33.95498,-77.55381
386 Boxcar,Structure,Structure,Maine to Georgia,33.95545,-77.55602
386 Boxcar,Structure,Structure,Maine to Georgia,33.95621,-77.55385
4 A - Floating Drydock,Structure,Structure,Maine to Georgia,36.59512,-75.68772
5 Subway Cars,Structure,Structure,Maine to Georgia,40.11125,-73.95128
500 FM,Structure,Structure,Maine to Georgia,38.88743,-72.85172
500 FM,Structure,Structure,Maine to Georgia,38.95602,-72.75358
Acara,Structure,Structure,Maine to Georgia,40.57368,-73.55745
Acid Waters,Structure,Structure,Maine to Georgia,40.36250,-73.71167
Airplane,Structure,Structure,Maine to Georgia,33.94313,-76.52157
Alan Martin 160 Tanker,Structure,Structure,Maine to Georgia,40.10733,-73.68550
Alley,Structure,Structure,Maine to Georgia,39.14167,-73.94167
Anglers Bank,Structure,Structure,Maine to Georgia,40.41000,-73.58583
Annex,Structure,Structure,Maine to Georgia,40.22000,-73.87000
AR 145 - Concrete Bridge Rubble,Structure,Structure,Maine to Georgia,35.89300,-75.39267
AR 305 Cart,Structure,Structure,Maine to Georgia,34.27771,-76.64475
Asfalto,Structure,Structure,Maine to Georgia,40.35006,-73.76600
Ashkabad,Structure,Structure,Maine to Georgia,34.38067,-76.36547
Atlas Tank,Structure,Structure,Maine to Georgia,34.52727,-76.24095
Automobile Reef,Structure,Structure,Maine to Georgia,39.25325,-74.21127
Axel Carlson Reef,Structure,Structure,Maine to Georgia,40.06533,-73.98817
Axel Carlson Reef,Structure,Structure,Maine to Georgia,40.09783,-73.99258
Axel Carlson Reefs,Structure,Structure,Maine to Georgia,40.03315,-73.99321
Babylon Valley,Structure,Structure,Maine to Georgia,39.56483,-71.99637
Bacardi,Structure,Structure,Maine to Georgia,39.87800,-72.65076
Bacardi,Structure,Structure,Maine to Georgia,39.88282,-72.64525
Bacardi,Structure,Structure,Maine to Georgia,39.88732,-72.63395
Bacardi Wreck,Structure,Structure,Maine to Georgia,39.87533,-72.64500
Baltimore Channel,Structure,Structure,Maine to Georgia,37.06232,-76.08057
Baltimore Tip,Structure,Structure,Maine to Georgia,38.24500,-73.84333
Barnegat Hole II 3 Tanks,Structure,Structure,Maine to Georgia,39.74555,-74.02819
Barnegat Hole III 3 Tanks,Structure,Structure,Maine to Georgia,39.75185,-74.02862
Betsey,Structure,Structure,Maine to Georgia,40.96963,-71.17608
Bhmtc Tank,Structure,Structure,Maine to Georgia,39.47891,-74.17138
Bhmtc Tank,Structure,Structure,Maine to Georgia,39.48027,-74.19239
Bidevind,Structure,Structure,Maine to Georgia,39.81350,-72.76483
Bmhtc Tank,Structure,Structure,Maine to Georgia,39.47406,-74.17246
Boxcar - Old Bridge Piling #60 (NCAR),Structure,Structure,Maine to Georgia,37.05425,-76.03908
Boxcar Ledge,Structure,Structure,Maine to Georgia,34.25890,-77.50744
Broadcast Wreck,Structure,Structure,Maine to Georgia,40.31998,-73.53608
Bxcar Ledge,Structure,Structure,Maine to Georgia,34.50938,-77.03593
Capt Bart 174 Tanker,Structure,Structure,Maine to Georgia,40.11838,-73.69132
Caputis Train Subway Cars,Structure,Structure,Maine to Georgia,40.10570,-73.69315
Car Float,Structure,Structure,Maine to Georgia,39.11459,-74.49426
Car Float,Structure,Structure,Maine to Georgia,39.11654,-74.50172
Car Float,Structure,Structure,Maine to Georgia,39.14543,-74.50183
Car Float,Structure,Structure,Maine to Georgia,40.11892,-73.94864
Car Float,Structure,Structure,Maine to Georgia,40.12095,-73.94867
Car Float Barge,Structure,Structure,Maine to Georgia,40.11987,-73.94862
Caribbean Red Snapper,Structure,Structure,Maine to Georgia,34.27550,-76.40220
Carison II 70 Clam Boat,Structure,Structure,Maine to Georgia,40.11342,-73.95293
Carlos French,Structure,Structure,Maine to Georgia,41.30010,-72.08980
Carlson,Structure,Structure,Maine to Georgia,40.03397,-73.97487
Carlson,Structure,Structure,Maine to Georgia,40.03438,-73.98034
Carlson,Structure,Structure,Maine to Georgia,40.11267,-73.94750
Carlson,Structure,Structure,Maine to Georgia,40.11450,-73.95338
Carol And Gail,Structure,Structure,Maine to Georgia,39.60789,-74.17597
Caroles Reef,Structure,Structure,Maine to Georgia,39.48115,-74.19698
Carolina Rocks,Structure,Structure,Maine to Georgia,33.48440,-77.00817
Carolson,Structure,Structure,Maine to Georgia,40.12333,-73.92817
Carolyn,Structure,Structure,Maine to Georgia,43.89675,-69.06615
Carpenas,Structure,Structure,Maine to Georgia,38.28340,-75.02395
Carpenas,Structure,Structure,Maine to Georgia,38.28345,-75.02879
Carpender,Structure,Structure,Maine to Georgia,38.37373,-74.97443
Carpender,Structure,Structure,Maine to Georgia,38.37844,-74.97962
Carteret County Sportfishing Association Reef,Structure,Structure,Maine to Georgia,34.27863,-76.64268
Carteret County Sportfishing Association Reef AR,Structure,Structure,Maine to Georgia,34.16700,-76.38592
Carters Rocks,Structure,Structure,Maine to Georgia,34.42728,-77.02473
Cartwright,Structure,Structure,Maine to Georgia,40.97633,-71.78398
Cartwright,Structure,Structure,Maine to Georgia,40.97783,-71.78399
Cartwright,Structure,Structure,Maine to Georgia,41.00000,-71.80833
Cartwright Shoal,Structure,Structure,Maine to Georgia,40.91997,-71.83467
Cartwright Shoals,Structure,Structure,Maine to Georgia,40.92078,-71.83237
Cassimer Tanker,Structure,Structure,Maine to Georgia,33.96463,-77.02858
CBBT 12 Mile Marker,Structure,Structure,Maine to Georgia,37.06938,-76.03322
CBBT 4 Th Island,Structure,Structure,Maine to Georgia,37.04635,-76.06228
CBBT High Rise,Structure,Structure,Maine to Georgia,37.08842,-75.98228
Cell,Structure,Structure,Maine to Georgia,37.40180,-76.05252
Chesapeake Light Tower,Structure,Structure,Maine to Georgia,36.90110,-75.70358
Chesapeake Tower Dry Docks,Structure,Structure,Maine to Georgia,36.89817,-75.71200
Chesapeake Tower Wreck,Structure,Structure,Maine to Georgia,36.89360,-75.71707
Chesapeake Tower Wreck,Structure,Structure,Maine to Georgia,36.91488,-75.71812
Claw,Structure,Structure,Maine to Georgia,38.84042,-73.57813
Claw,Structure,Structure,Maine to Georgia,39.75975,-71.70667
Clifford Lipke 15 Tanker,Structure,Structure,Maine to Georgia,40.12680,-73.94417
Concrete Rubble,Structure,Structure,Maine to Georgia,34.24502,-77.71120
Coney Island 250 Tanker,Structure,Structure,Maine to Georgia,40.10475,-73.68942
Cut Channel Northern,Structure,Structure,Maine to Georgia,37.67333,-76.15650
Cut Channel Southern,Structure,Structure,Maine to Georgia,37.53572,-76.04123
Daniel Carroll Concrete,Structure,Structure,Maine to Georgia,40.38334,-73.93334
Determined,Structure,Structure,Maine to Georgia,40.71678,-71.28282
Doug DON,Structure,Structure,Maine to Georgia,40.72417,-72.17167
Dry Dock-4 A,Structure,Structure,Maine to Georgia,36.59505,-75.68815
Dukes Peak,Structure,Structure,Maine to Georgia,41.17167,-71.21567
E Tanker,Structure,Structure,Maine to Georgia,34.54639,-76.01543
East Wall,Structure,Structure,Maine to Georgia,38.83067,-72.98788
EDW Cole,Structure,Structure,Maine to Georgia,39.17178,-73.34122
Ella,Structure,Structure,Maine to Georgia,33.85490,-78.01027
Esso Nashville Tanker,Structure,Structure,Maine to Georgia,33.87735,-77.22575
FCO 5 Tankers,Structure,Structure,Maine to Georgia,40.12528,-73.94129
Finger Tip,Structure,Structure,Maine to Georgia,42.79040,-70.44260
Fish Hawks Tank,Structure,Structure,Maine to Georgia,39.75859,-74.02854
Fish Structure,Structure,Structure,Maine to Georgia,31.57675,-80.35507
Fishermans Island Wreck 370'X 48'X 19',Structure,Structure,Maine to Georgia,37.05458,-75.89253
FM Bank,Structure,Structure,Maine to Georgia,40.44667,-71.47917
FM Ridge,Structure,Structure,Maine to Georgia,40.24167,-71.87500
Fripp Island Drydock Wreck,Structure,Structure,Maine to Georgia,32.28520,-80.41508
Gilbert 3 Tanks,Structure,Structure,Maine to Georgia,39.76274,-74.02047
Glory Wreck,Structure,Structure,Maine to Georgia,39.43929,-74.13717
Grecian Wreck,Structure,Structure,Maine to Georgia,41.07432,-71.53852
H C Drewer,Structure,Structure,Maine to Georgia,35.25462,-75.33875
Hank Duke Tank,Structure,Structure,Maine to Georgia,39.75784,-74.02447
Harry White 3 Tanks,Structure,Structure,Maine to Georgia,39.76192,-74.02779
Haskell,Structure,Structure,Maine to Georgia,39.60012,-73.02455
Horn,Structure,Structure,Maine to Georgia,40.81250,-71.54417
Huron,Structure,Structure,Maine to Georgia,39.91678,-73.53290
Indra,Structure,Structure,Maine to Georgia,34.56204,-76.85178
Inner Cartwright,Structure,Structure,Maine to Georgia,40.99367,-71.80966
Inner Cartwright,Structure,Structure,Maine to Georgia,40.99617,-71.83333
Inner Cartwright,Structure,Structure,Maine to Georgia,41.00003,-71.83562
Jacob Dmitruck Reefballs,Structure,Structure,Maine to Georgia,39.74750,-74.01934
Jim Lynch 178 Tanker,Structure,Structure,Maine to Georgia,40.04733,-73.99300
Joesph Matuska Tank,Structure,Structure,Maine to Georgia,39.75868,-74.03064
JRS Tank,Structure,Structure,Maine to Georgia,39.26775,-74.25603
Keegan 110 Tanker,Structure,Structure,Maine to Georgia,40.35875,-73.93517
Klondike,Structure,Structure,Maine to Georgia,40.14927,-73.90942
Lana Carol,Structure,Structure,Maine to Georgia,39.98903,-73.87103
Lana Carol,Structure,Structure,Maine to Georgia,39.99033,-73.86850
Lana Carol,Structure,Structure,Maine to Georgia,39.99273,-73.87395
Larsen Tanker,Structure,Structure,Maine to Georgia,40.21381,-73.70104
Lillian,Structure,Structure,Maine to Georgia,39.96167,-73.32500
Lillian,Structure,Structure,Maine to Georgia,40.02512,-73.52735
Linda,Structure,Structure,Maine to Georgia,40.37667,-73.00833
Little Choptank Ledge,Structure,Structure,Maine to Georgia,38.52480,-76.30276
Little Italy,Structure,Structure,Maine to Georgia,40.02167,-73.68333
Lump,Structure,Structure,Maine to Georgia,39.85968,-73.80645
Mako Hotel,Structure,Structure,Maine to Georgia,40.00757,-73.11850
Mako Mania 174 Tanker,Structure,Structure,Maine to Georgia,40.10698,-73.69101
Mile Wreck,Structure,Structure,Maine to Georgia,39.06833,-73.30133
Mile Wreck,Structure,Structure,Maine to Georgia,39.72113,-73.00837
Miss Diana,Structure,Structure,Maine to Georgia,36.02183,-75.63629
Mohawk,Structure,Structure,Maine to Georgia,40.02348,-73.90460
Mona Island,Structure,Structure,Maine to Georgia,37.52735,-75.43165
Mount Dirfys,Structure,Structure,Maine to Georgia,33.61640,-77.86187
Mountain,Structure,Structure,Maine to Georgia,41.13750,-71.10500
Mouth,Structure,Structure,Maine to Georgia,38.75580,-72.93702
Mrmtc 9 178 Tanker,Structure,Structure,Maine to Georgia,40.06148,-73.98608
Muir Express Subway Cars,Structure,Structure,Maine to Georgia,40.10547,-73.68671
Mussel Beds,Structure,Structure,Maine to Georgia,37.28851,-76.05569
Naeco Tanker,Structure,Structure,Maine to Georgia,34.02550,-76.64833
Naeco Tanker,Structure,Structure,Maine to Georgia,34.05495,-76.56860
NE Boiler,Structure,Structure,Maine to Georgia,39.49610,-73.86383
North Of Tower,Structure,Structure,Maine to Georgia,37.02438,-75.70498
Obstruction,Structure,Structure,Maine to Georgia,43.26398,-70.42866
Obstruction,Structure,Structure,Maine to Georgia,43.31675,-70.43977
Obstruction,Structure,Structure,Maine to Georgia,43.70122,-70.15911
Obstruction,Structure,Structure,Maine to Georgia,43.70838,-70.19144
Obstruction,Structure,Structure,Maine to Georgia,43.74823,-70.16168
Obstruction,Structure,Structure,Maine to Georgia,43.93555,-69.14254
Obstruction,Structure,Structure,Maine to Georgia,43.94122,-69.03321
Obstruction,Structure,Structure,Maine to Georgia,43.96034,-69.03937
Obstruction,Structure,Structure,Maine to Georgia,44.06770,-68.90001
Obstruction,Structure,Structure,Maine to Georgia,44.18025,-68.42817
Obstruction,Structure,Structure,Maine to Georgia,44.22427,-68.81376
Obstruction,Structure,Structure,Maine to Georgia,44.26334,-68.82583
Obstruction,Structure,Structure,Maine to Georgia,44.26924,-68.71030
Ocean Wreck 165 Tanker,Structure,Structure,Maine to Georgia,40.00979,-73.99258
Ocean Wreck 5 Tanks,Structure,Structure,Maine to Georgia,40.12085,-73.94702
Ocean Wreck 85 Tanker,Structure,Structure,Maine to Georgia,40.12917,-73.93909
Oldvesselp,Structure,Structure,Maine to Georgia,36.97448,-75.38571
OUT Cartwright,Structure,Structure,Maine to Georgia,40.97617,-71.82400
Outer Cartwright,Structure,Structure,Maine to Georgia,40.98007,-71.82628
Panther,Structure,Structure,Maine to Georgia,40.84520,-72.39032
Papoose Tanker,Structure,Structure,Maine to Georgia,34.14450,-76.65200
Paulrussel,Structure,Structure,Maine to Georgia,37.98822,-74.81373
Plane,Structure,Structure,Maine to Georgia,39.49300,-74.01200
Plantation Light,Structure,Structure,Maine to Georgia,37.22888,-76.04682
Poormans Tip,Structure,Structure,Maine to Georgia,37.87333,-74.10833
Railcar Reef At 8 A,Structure,Structure,Maine to Georgia,37.83512,-75.24785
Railcar Reef At 8 A,Structure,Structure,Maine to Georgia,37.83957,-75.24785
Ranger,Structure,Structure,Maine to Georgia,40.58822,-71.78945
Russiantra,Structure,Structure,Maine to Georgia,36.09383,-74.93383
Ryan’s Horn,Structure,Structure,Maine to Georgia,40.76333,-71.45000
SAM And Carlys Reef,Structure,Structure,Maine to Georgia,40.02567,-73.99331
SAN Diego,Structure,Structure,Maine to Georgia,40.54010,-73.04180
Schooner,Structure,Structure,Maine to Georgia,37.68053,-74.59016
Schooner,Structure,Structure,Maine to Georgia,40.03000,-72.87500
Schooner Bay C 1,Structure,Structure,Maine to Georgia,37.75512,-75.82347
Sea King,Structure,Structure,Maine to Georgia,39.91210,-72.02337
Sea Ranger,Structure,Structure,Maine to Georgia,40.71678,-71.36615
SEE List Left,Structure,Structure,Maine to Georgia,39.16233,-72.69363
Shinnecock,Structure,Structure,Maine to Georgia,40.81100,-72.49670
Shopping Cart,Structure,Structure,Maine to Georgia,40.02830,-73.95488
Shopping Cart,Structure,Structure,Maine to Georgia,40.06050,-73.93267
Shopping Cart C,Structure,Structure,Maine to Georgia,40.06217,-73.94350
Slough,Structure,Structure,Maine to Georgia,40.04612,-73.62618
Smith Island Flats,Structure,Structure,Maine to Georgia,37.09777,-75.86077
SS Papoose,Structure,Structure,Maine to Georgia,35.62599,-74.89110
Structure 90 Foot,Structure,Structure,Maine to Georgia,30.89547,-80.71042
Subchaser,Structure,Structure,Maine to Georgia,37.25342,-75.50645
Subchaser,Structure,Structure,Maine to Georgia,40.13419,-73.19963
Submerge,Structure,Structure,Maine to Georgia,35.39812,-75.11524
Subway Cars,Structure,Structure,Maine to Georgia,40.11253,-73.95133
Suffolk,Structure,Structure,Maine to Georgia,40.88012,-71.21948
Suloide,Structure,Structure,Maine to Georgia,34.54479,-76.89501
Tanker,Structure,Structure,Maine to Georgia,34.17461,-77.74789
Tanker,Structure,Structure,Maine to Georgia,40.38667,-72.35833
Tankreef At 8 A,Structure,Structure,Maine to Georgia,37.83565,-75.25303
Texacotank,Structure,Structure,Maine to Georgia,37.24798,-76.07610
The DIP,Structure,Structure,Maine to Georgia,39.90833,-71.72500
The Drop,Structure,Structure,Maine to Georgia,38.82422,-72.98592
The Tires,Structure,Structure,Maine to Georgia,39.61667,-74.07500
Thimble Shoal Light,Structure,Structure,Maine to Georgia,37.01442,-76.23952
Tolten Wreck,Structure,Structure,Maine to Georgia,39.89678,-73.80290
Tracy Teasure Tank,Structure,Structure,Maine to Georgia,39.75352,-74.02923
Trecarrell,Structure,Structure,Maine to Georgia,37.85346,-75.26630
Troop Carrier,Structure,Structure,Maine to Georgia,39.69483,-74.12350
Tug 1,Structure,Structure,Maine to Georgia,37.83408,-75.24595
Tug 2,Structure,Structure,Maine to Georgia,37.83289,-75.32901
USCG R C Mohawk,Structure,Structure,Maine to Georgia,40.41701,-73.75268
USS Bone,Structure,Structure,Maine to Georgia,37.75790,-75.19158
USS Cyclops Wrack,Structure,Structure,Maine to Georgia,37.43500,-74.70193
USS New Jersey,Structure,Structure,Maine to Georgia,35.03218,-75.29044
USS Virgina,Structure,Structure,Maine to Georgia,35.01929,-75.28594
W E Hutton,Structure,Structure,Maine to Georgia,34.49899,-76.89786
West Virginia,Structure,Structure,Maine to Georgia,41.58833,-69.87417
West Wall,Structure,Structure,Maine to Georgia,38.81227,-73.05083
West Wall,Structure,Structure,Maine to Georgia,38.97365,-72.82448
Western Edge,Structure,Structure,Maine to Georgia,42.34999,-70.35000
Western Edge,Structure,Structure,Maine to Georgia,42.35500,-70.35200
Western Spur,Structure,Structure,Maine to Georgia,42.29999,-70.35000
Western Spur,Structure,Structure,Maine to Georgia,42.30900,-70.35600
Widdah,Structure,Structure,Maine to Georgia,41.88344,-69.94946
Wild Duck,Structure,Structure,Maine to Georgia,39.97550,-71.45650
Wildcat Knoll,Structure,Structure,Maine to Georgia,42.48500,-69.90500
Wildcat Knoll,Structure,Structure,Maine to Georgia,42.49999,-69.91667
Wildcat Knoll North,Structure,Structure,Maine to Georgia,42.43548,-69.97937
Wildcat Knoll South,Structure,Structure,Maine to Georgia,42.38029,-69.98830
Wilkinson Basin,Structure,Structure,Maine to Georgia,42.66666,-69.66667
Wilkinson Divide,Structure,Structure,Maine to Georgia,42.74999,-69.83333
Wilkinson Divide,Structure,Structure,Maine to Georgia,42.77687,-69.90292
William A Machen,Structure,Structure,Maine to Georgia,42.95009,-70.49949
William C Carnegie,Structure,Structure,Maine to Georgia,40.73343,-72.81454
Wilmington,Structure,Structure,Maine to Georgia,42.00011,-68.99944
Winslow,Structure,Structure,Maine to Georgia,40.45010,-71.83283
Winsor,Structure,Structure,Maine to Georgia,42.15510,-70.56281
WM H Machen,Structure,Structure,Maine to Georgia,42.95009,-70.51282
Wolcott,Structure,Structure,Maine to Georgia,40.58537,-72.97922
Womr FM,Structure,Structure,Maine to Georgia,42.09426,-70.13669
Womr FM Tower,Structure,Structure,Maine to Georgia,42.08100,-70.08855
Wood End,Structure,Structure,Maine to Georgia,42.01819,-70.17597
Wood End LT,Structure,Structure,Maine to Georgia,42.01546,-70.17870
WR,Structure,Structure,Maine to Georgia,33.86743,-77.48148
Wreck Car Float,Structure,Structure,Maine to Georgia,39.33850,-74.31820
Wreck Caryru,Structure,Structure,Maine to Georgia,39.09237,-73.77928
Yancey,Structure,Structure,Maine to Georgia,34.17108,-76.22838
York River Bridge,Structure,Structure,Maine to Georgia,37.24258,-76.50707
Ambrose Tower,Tower,Towers,Maine to Georgia,40.45850,-73.82417
Diamond Tower,Tower,Towers,Maine to Georgia,35.15033,-75.30033
Frying PAN Tower,Tower,Towers,Maine to Georgia,33.48512,-77.58990
Miri Tower,Tower,Towers,Maine to Georgia,31.04962,-80.29583
Navy Tower,Tower,Towers,Maine to Georgia,31.21688,-80.41063
Navy Tower,Tower,Towers,Maine to Georgia,31.53393,-80.23337
Navy Tower,Tower,Towers,Maine to Georgia,31.81666,-80.27498
Navy Tower 102 Foot,Tower,Towers,Maine to Georgia,31.04951,-80.45089
Navy Tower 132 Foot,Tower,Towers,Maine to Georgia,30.80017,-80.31620
Navy Tower A,Tower,Towers,Maine to Georgia,36.22523,-75.24950
Navy Tower B,Tower,Towers,Maine to Georgia,36.06493,-74.98279
Navy Tower G,Tower,Towers,Maine to Georgia,35.78666,-75.09467
Navy Tower M 1 R 1,Tower,Towers,Maine to Georgia,31.04999,-80.44999
Navy Tower M 2 R 6,Tower,Towers,Maine to Georgia,31.53333,-80.23332
Navy Tower R 2,Tower,Towers,Maine to Georgia,31.37632,-80.57047
Navy Tower R 2 (Lighted),Tower,Towers,Maine to Georgia,31.37555,-80.56690
Navy Tower R 3,Tower,Towers,Maine to Georgia,31.21808,-80.12077
Navy Tower R 4,Tower,Towers,Maine to Georgia,30.80083,-80.31567
Navy Tower R 7,Tower,Towers,Maine to Georgia,31.78405,-80.27532
Navy Tower R 7,Tower,Towers,Maine to Georgia,31.81833,-80.27907
Navy Tower R 8,Tower,Towers,Maine to Georgia,31.63335,-79.92540
Steel Tower And Tires,Tower,Towers,Maine to Georgia,39.17752,-74.53343
Texas Tower,Tower,Towers,Maine to Georgia,39.79273,-72.66800
Texas Tower,Tower,Towers,Maine to Georgia,39.79682,-72.67067
Texas Tower,Tower,Towers,Maine to Georgia,39.79973,-72.67018
Texas Tower,Tower,Towers,Maine to Georgia,39.80432,-72.65913
Texas Tower,Tower,Towers,Maine to Georgia,41.01448,-69.49206
Texas Tower Number,Tower,Towers,Maine to Georgia,39.79417,-72.66483
12 Wreck,Wreck,Wrecks,Maine to Georgia,40.48787,-73.82066
120 Wreck,Wreck,Wrecks,Maine to Georgia,40.07187,-73.87950
1800 Line Wreck-Consols 350'X 46'X 16',Wreck,Wrecks,Maine to Georgia,36.47100,-75.62100
220 Foot-Ship,Wreck,Wrecks,Maine to Georgia,33.60233,-77.47715
364-Tug-1 B,Wreck,Wrecks,Maine to Georgia,34.24875,-77.71270
370-Barge 1 B,Wreck,Wrecks,Maine to Georgia,34.17488,-77.75851
370-Barge 2,Wreck,Wrecks,Maine to Georgia,34.17563,-77.74560
370-Barge 2 B,Wreck,Wrecks,Maine to Georgia,34.17420,-77.74720
370-Liberty 2,Wreck,Wrecks,Maine to Georgia,34.17568,-77.75215
370-Tug 1,Wreck,Wrecks,Maine to Georgia,34.17628,-77.75133
372-Barge 1 A,Wreck,Wrecks,Maine to Georgia,34.10410,-77.74638
378 B-Wreck-3 B,Wreck,Wrecks,Maine to Georgia,34.01074,-77.84383
378-Barge 1 A,Wreck,Wrecks,Maine to Georgia,34.02991,-77.86920
378-Barge 2,Wreck,Wrecks,Maine to Georgia,34.01304,-77.84445
382-Dredge,Wreck,Wrecks,Maine to Georgia,33.97499,-77.68805
382-Tug-1 A,Wreck,Wrecks,Maine to Georgia,33.97438,-77.68887
386-Boxcar 3,Wreck,Wrecks,Maine to Georgia,33.95547,-77.55420
39 Wreck,Wreck,Wrecks,Maine to Georgia,34.45216,-76.56100
39 Wreck,Wreck,Wrecks,Maine to Georgia,34.45466,-76.56233
44 Fathom Wreck Washing BB-478 624',Wreck,Wrecks,Maine to Georgia,36.90842,-74.69847
50 Fathom Wreck,Wreck,Wrecks,Maine to Georgia,37.37002,-74.56758
53 Fathom Wreck,Wreck,Wrecks,Maine to Georgia,37.69922,-74.32507
61 Fathom Wreck,Wreck,Wrecks,Maine to Georgia,37.34610,-74.51463
63 Fathom Wreck,Wreck,Wrecks,Maine to Georgia,37.18985,-74.57260
66 Fathom Wreck,Wreck,Wrecks,Maine to Georgia,37.34423,-74.49385
662 Wreck,Wreck,Wrecks,Maine to Georgia,35.81583,-74.90833
73 Fathom Wreck,Wreck,Wrecks,Maine to Georgia,37.44012,-74.50453
8 FMS Wreck,Wreck,Wrecks,Maine to Georgia,33.27995,-77.69003
881 Wreck,Wreck,Wrecks,Maine to Georgia,34.60300,-75.78568
91 Unknown Wreck/Obstruction,Wreck,Wrecks,Maine to Georgia,40.38442,-73.93957
A.C. Bedford,Wreck,Wrecks,Maine to Georgia,40.52110,-72.71120
A.C. Powell Tug,Wreck,Wrecks,Maine to Georgia,40.35510,-73.92150
Acme,Wreck,Wrecks,Maine to Georgia,35.10833,-75.39200
Adonis,Wreck,Wrecks,Maine to Georgia,40.28110,-73.72120
African Queen Wreck,Wreck,Wrecks,Maine to Georgia,38.14833,-74.94808
Airplane 747,Wreck,Wrecks,Maine to Georgia,36.87635,-74.89195
Ajace Wreck,Wreck,Wrecks,Maine to Georgia,40.54280,-73.89917
Alexander Ramsey,Wreck,Wrecks,Maine to Georgia,34.17500,-77.75170
Algol,Wreck,Wrecks,Maine to Georgia,40.08330,-73.65000
Ambrose Wreck,Wreck,Wrecks,Maine to Georgia,40.46317,-73.82800
Ambrose Wreck,Wreck,Wrecks,Maine to Georgia,40.46367,-73.83472
Ammo Wreck,Wreck,Wrecks,Maine to Georgia,38.86673,-74.38558
Ammoship,Wreck,Wrecks,Maine to Georgia,37.73675,-74.98958
Anchor WT Reef,Wreck,Wrecks,Maine to Georgia,31.95420,-80.60330
Andrea Doria,Wreck,Wrecks,Maine to Georgia,40.49160,-69.85010
Angelika,Wreck,Wrecks,Maine to Georgia,43.71830,-69.89670
Anglers Reef - Barge,Barge,Wrecks,Maine to Georgia,37.73849,-75.88312
Anglo African,Wreck,Wrecks,Maine to Georgia,37.05458,-75.88893
AR 364 - 52' Tug,Wreck,Wrecks,Maine to Georgia,34.24167,-77.70800
AR 420 - Tom Mcglammery RE,Wreck,Wrecks,Maine to Georgia,33.83733,-78.11900
AR 460,Wreck,Wrecks,Maine to Georgia,33.83550,-78.36700
AR 465 - Gary Ennis,Wreck,Wrecks,Maine to Georgia,33.38733,-78.18400
AR-3601,Wreck,Wrecks,Maine to Georgia,34.35029,-77.60305
AR-3644,Wreck,Wrecks,Maine to Georgia,34.24722,-77.71333
AR-3861,Wreck,Wrecks,Maine to Georgia,33.95601,-77.55567
AR-400 - Capt Greg Mickey,Wreck,Wrecks,Maine to Georgia,33.48837,-77.58775
AR-420 - 110 Water Barge,Wreck,Wrecks,Maine to Georgia,33.84958,-78.11152
AR-42031,Wreck,Wrecks,Maine to Georgia,33.85024,-78.11246
AR-42521,Wreck,Wrecks,Maine to Georgia,33.88416,-78.10805
AR-4405,Wreck,Wrecks,Maine to Georgia,33.82909,-78.21791
AR-4456,Wreck,Wrecks,Maine to Georgia,33.74611,-78.23612
AR-450,Wreck,Wrecks,Maine to Georgia,33.60035,-78.24946
AR-4652,Wreck,Wrecks,Maine to Georgia,33.38969,-78.18450
AR-485,Wreck,Wrecks,Maine to Georgia,33.82035,-78.49614
Aries,Wreck,Wrecks,Maine to Georgia,40.12500,-73.91000
Aroma Wreck,Wreck,Wrecks,Maine to Georgia,39.75220,-74.05330
Asfalto Wreck,Wreck,Wrecks,Maine to Georgia,40.33750,-73.69517
Ashkhabad,Wreck,Wrecks,Maine to Georgia,34.35000,-76.33330
Asphalt Barge,Wreck,Wrecks,Maine to Georgia,35.44167,-75.18267
Atlantic Mist,Wreck,Wrecks,Maine to Georgia,37.91543,-75.04950
Atlas Tanker,Wreck,Wrecks,Maine to Georgia,34.52810,-76.24090
Austin W Wreck,Wreck,Wrecks,Maine to Georgia,40.17528,-73.47130
Austin W Wreck,Wreck,Wrecks,Maine to Georgia,40.17883,-73.46967
Australia,Wreck,Wrecks,Maine to Georgia,35.12483,-75.35833
Ayuruoca,Wreck,Wrecks,Maine to Georgia,40.21317,-73.69800
Ayuruoca (or 'Oil Wreck'),Wreck,Wrecks,Maine to Georgia,40.18310,-73.61210
Ayuruoca Shipwreck,Wreck,Wrecks,Maine to Georgia,40.20978,-73.76545
Azua,Wreck,Wrecks,Maine to Georgia,39.00917,-74.16117
Azua Wreck,Wreck,Wrecks,Maine to Georgia,38.99833,-74.16100
Azua Wreck,Wreck,Wrecks,Maine to Georgia,39.00007,-74.15975
B A Van Brunt,Wreck,Wrecks,Maine to Georgia,36.91867,-74.70967
BA Wreck,Wreck,Wrecks,Maine to Georgia,40.32352,-73.79198
BA Wreck,Wreck,Wrecks,Maine to Georgia,40.32650,-73.79283
BA Wreck,Wreck,Wrecks,Maine to Georgia,40.32710,-73.79826
BA Wreck,Wreck,Wrecks,Maine to Georgia,40.32808,-73.79775
Bainbridge,Wreck,Wrecks,Maine to Georgia,40.12100,-73.89200
Bald Eagle Wreck,Wreck,Wrecks,Maine to Georgia,40.36823,-73.76117
Baldwin,Wreck,Wrecks,Maine to Georgia,40.53100,-73.51200
Barnegat Wreck,Wreck,Wrecks,Maine to Georgia,39.78200,-74.02100
Bedfordshire,Wreck,Wrecks,Maine to Georgia,34.17120,-76.61830
Bell Wreck,Wreck,Wrecks,Maine to Georgia,39.14040,-74.55277
Bell Wreck,Wreck,Wrecks,Maine to Georgia,39.14524,-74.55411
Belmar Wreck,Wreck,Wrecks,Maine to Georgia,40.17120,-73.94100
Bendix Wreck,Wreck,Wrecks,Maine to Georgia,40.25011,-73.74965
Bidevind Wreck,Wreck,Wrecks,Maine to Georgia,39.81645,-72.76967
Bill Perry Reef Tug,Wreck,Wrecks,Maine to Georgia,33.02100,-78.96150
Birch Lake,Wreck,Wrecks,Maine to Georgia,37.25303,-75.61390
Birchlake,Wreck,Wrecks,Maine to Georgia,37.25145,-75.61033
Black Point,Wreck,Wrecks,Maine to Georgia,41.31670,-71.41170
Block Island Tug,Wreck,Wrecks,Maine to Georgia,41.16200,-71.52100
Bluefish Alley,Wreck,Wrecks,Maine to Georgia,36.65132,-75.49085
Bone Wreck,Wreck,Wrecks,Maine to Georgia,37.76267,-75.19750
Bone Wreck,Wreck,Wrecks,Maine to Georgia,39.77417,-74.00000
Bone Wreck,Wreck,Wrecks,Maine to Georgia,39.80083,-74.07550
Bonewreck,Wreck,Wrecks,Maine to Georgia,37.75911,-75.18744
Box Wreck,Wreck,Wrecks,Maine to Georgia,34.19441,-76.37606
Brass Rail Wreck,Wreck,Wrecks,Maine to Georgia,31.93800,-80.83567
Brass Spike,Wreck,Wrecks,Maine to Georgia,36.93030,-75.56443
Brazil,Wreck,Wrecks,Maine to Georgia,37.05355,-75.85088
Brazil,Wreck,Wrecks,Maine to Georgia,37.05523,-75.85137
Brazil Frt 308'X 48'X 18',Wreck,Wrecks,Maine to Georgia,37.86150,-76.15062
British Splendour,Wreck,Wrecks,Maine to Georgia,34.81617,-75.90683
Brixham Wreck,Wreck,Wrecks,Maine to Georgia,43.15100,-70.61200
Broadcast Wreck,Wreck,Wrecks,Maine to Georgia,40.31767,-73.53133
Brunette,Wreck,Wrecks,Maine to Georgia,40.07600,-73.96933
Buarque,Wreck,Wrecks,Maine to Georgia,36.26867,-74.88167
Byron D. Benson,Wreck,Wrecks,Maine to Georgia,36.14333,-75.24467
Cadet Wreck,Wreck,Wrecks,Maine to Georgia,40.10007,-73.97308
Camden Wreck,Wreck,Wrecks,Maine to Georgia,44.20120,-69.02100
Cando Wreck,Wreck,Wrecks,Maine to Georgia,30.98688,-80.06432
Cannon Wreck,Wreck,Wrecks,Maine to Georgia,39.78423,-73.92475
Cannon Wreck,Wreck,Wrecks,Maine to Georgia,39.78484,-73.93012
Cape Charles 36 A,Wreck,Wrecks,Maine to Georgia,37.24910,-76.05677
Cape Henry Wreck-Chilore 550'X 72'X 44',Wreck,Wrecks,Maine to Georgia,36.95838,-76.00060
Cape May Wreck,Wreck,Wrecks,Maine to Georgia,38.91200,-74.85120
Caribsea Wreck,Wreck,Wrecks,Maine to Georgia,34.60690,-76.31410
Cassandra,Wreck,Wrecks,Maine to Georgia,40.38100,-73.71200
Catherine,Wreck,Wrecks,Maine to Georgia,40.57100,-73.61200
Catherine M Monohan Wreck,Wreck,Wrecks,Maine to Georgia,34.94833,-75.71465
Celtic,Wreck,Wrecks,Maine to Georgia,41.22250,-72.13110
Cement Barge Wreck,Wreck,Wrecks,Maine to Georgia,33.44217,-78.59766
Charleston Tug,Wreck,Wrecks,Maine to Georgia,32.68410,-79.71230
Charlotte,Wreck,Wrecks,Maine to Georgia,33.91200,-77.92100
Chenango,Wreck,Wrecks,Maine to Georgia,36.45667,-74.94167
Cherokee,Wreck,Wrecks,Maine to Georgia,38.59583,-74.65017
Chester E Poling Wreck,Wreck,Wrecks,Maine to Georgia,42.57361,-70.67000
Chester Poling,Wreck,Wrecks,Maine to Georgia,42.57390,-70.67500
China Junk Wreck,Wreck,Wrecks,Maine to Georgia,39.12050,-74.68683
China Wreck,Wreck,Wrecks,Maine to Georgia,38.80472,-74.91605
China Wreck,Wreck,Wrecks,Maine to Georgia,38.81967,-74.90917
China Wreck,Wreck,Wrecks,Maine to Georgia,38.82138,-74.91600
China Wreck,Wreck,Wrecks,Maine to Georgia,39.11673,-74.67477
China Wreck,Wreck,Wrecks,Maine to Georgia,39.11678,-74.68016
Choapa Shipwreck,Wreck,Wrecks,Maine to Georgia,40.27975,-73.78998
Choapa Wreck,Wreck,Wrecks,Maine to Georgia,40.21383,-73.73667
Choapa Wreck,Wreck,Wrecks,Maine to Georgia,40.21673,-73.73842
Cholera Wreck 1 W,Wreck,Wrecks,Maine to Georgia,40.44050,-73.54000
Chris F,Wreck,Wrecks,Maine to Georgia,37.47262,-74.57667
Ciltvaira,Wreck,Wrecks,Maine to Georgia,35.40833,-75.35400
City of Atlanta,Wreck,Wrecks,Maine to Georgia,35.39133,-75.34133
City of Atlanta,Wreck,Wrecks,Maine to Georgia,35.15830,-75.34110
City of Richmond,Wreck,Wrecks,Maine to Georgia,32.03610,-80.53720
City Of Richmond Wreck,Wreck,Wrecks,Maine to Georgia,33.03050,-78.92530
Clam Trawler,Wreck,Wrecks,Maine to Georgia,37.78165,-74.68505
Clythia,Wreck,Wrecks,Maine to Georgia,36.56517,-75.83965
Coal Wreck,Wreck,Wrecks,Maine to Georgia,40.43500,-73.59050
Coal Wreck,Wreck,Wrecks,Maine to Georgia,40.43569,-73.59581
Coal Wreck,Wreck,Wrecks,Maine to Georgia,40.43833,-73.59500
Coal Wreck West,Wreck,Wrecks,Maine to Georgia,40.50900,-73.57083
Coaltar Wreck,Wreck,Wrecks,Maine to Georgia,40.51170,-73.53500
Coffee Wreck,Wreck,Wrecks,Maine to Georgia,39.99683,-73.91467
Coimbra Wreck,Wreck,Wrecks,Maine to Georgia,40.38540,-72.35472
Coimbra Wreck,Wreck,Wrecks,Maine to Georgia,40.39867,-72.36617
Coimbrawreck 2,Wreck,Wrecks,Maine to Georgia,40.40135,-72.33872
Commodore,Wreck,Wrecks,Maine to Georgia,40.09120,-73.92110
Concrete Ship,Wreck,Wrecks,Maine to Georgia,37.08972,-75.60403
Concrete Ships (Kiptopeke),Wreck,Wrecks,Maine to Georgia,37.16498,-75.99395
Continent Wreck,Wreck,Wrecks,Maine to Georgia,40.35582,-73.81033
Continent Wreck,Wreck,Wrecks,Maine to Georgia,40.36193,-73.81779
Cornelius,Wreck,Wrecks,Maine to Georgia,40.21200,-73.88120
Crane/BG Wreck,Wreck,Wrecks,Maine to Georgia,40.46834,-73.65059
David Atwater-Collier,Wreck,Wrecks,Maine to Georgia,37.94780,-75.09585
David Atwater-Collier 550',Wreck,Wrecks,Maine to Georgia,37.94960,-75.09348
Deco,Wreck,Wrecks,Maine to Georgia,36.93183,-74.63992
Deep Water Wreck,Wreck,Wrecks,Maine to Georgia,31.35833,-79.84083
Dionysus (AR-160),Wreck,Wrecks,Maine to Georgia,35.73330,-75.44550
Dixie Arrow,Wreck,Wrecks,Maine to Georgia,34.90250,-75.75183
Dodger Shipwreck,Wreck,Wrecks,Maine to Georgia,40.48225,-73.20944
Dodger Wreck W,Wreck,Wrecks,Maine to Georgia,40.48167,-73.20417
Dolly Parton-Gulf Hustler,Wreck,Wrecks,Maine to Georgia,36.81543,-75.35810
Dorothy,Wreck,Wrecks,Maine to Georgia,37.85833,-76.15385
Doxie Girl,Wreck,Wrecks,Maine to Georgia,36.96338,-74.63192
Doxie Girl,Wreck,Wrecks,Maine to Georgia,37.13547,-75.57483
Dredge Barge,Wreck,Wrecks,Maine to Georgia,32.47662,-80.00457
Dredge Wreck,Wreck,Wrecks,Maine to Georgia,33.97566,-77.68623
Dryland Wreck,Wreck,Wrecks,Maine to Georgia,40.45435,-73.80805
Dual Wrecks,Wreck,Wrecks,Maine to Georgia,40.27483,-73.97550
Duke Wreck,Wreck,Wrecks,Maine to Georgia,40.55543,-73.52298
Duke Wreck,Wreck,Wrecks,Maine to Georgia,40.55633,-73.52183
Duke Wreck,Wreck,Wrecks,Maine to Georgia,40.55920,-73.52733
Dumpty Wreck,Wreck,Wrecks,Maine to Georgia,39.22053,-72.73145
Dunham Wreck,Wreck,Wrecks,Maine to Georgia,40.62100,-72.91200
DuPont Shipwreck,Wreck,Wrecks,Maine to Georgia,31.11920,-80.78110
E R Smith,Wreck,Wrecks,Maine to Georgia,37.81882,-75.39207
E.M. Clark,Wreck,Wrecks,Maine to Georgia,34.85333,-75.53833
E.M. Clark,Wreck,Wrecks,Maine to Georgia,34.84520,-75.63210
E.M. Clark,Wreck,Wrecks,Maine to Georgia,40.54830,-72.84670
EA Wreck,Wreck,Wrecks,Maine to Georgia,34.46010,-76.47648
Eagle Wreck,Wreck,Wrecks,Maine to Georgia,40.17408,-73.88543
Eastport Wreck,Wreck,Wrecks,Maine to Georgia,44.91200,-66.98120
Edisto Offshore Reef,Wreck,Wrecks,Maine to Georgia,32.24930,-79.84080
Edna,Wreck,Wrecks,Maine to Georgia,37.47970,-74.84095
EDS Wreck,Wreck,Wrecks,Maine to Georgia,33.81017,-77.11701
EDS Wreck,Wreck,Wrecks,Maine to Georgia,33.88583,-77.22500
Eidsvold,Wreck,Wrecks,Maine to Georgia,36.91667,-74.99300
Elevens,Wreck,Wrecks,Maine to Georgia,37.81300,-74.85823
Emerald Wreck,Wreck,Wrecks,Maine to Georgia,39.94977,-73.91873
Empire Gem,Wreck,Wrecks,Maine to Georgia,35.03410,-75.31230
Empire Gem (Smell Wreck),Wreck,Wrecks,Maine to Georgia,35.03000,-75.47517
Empire Thrush,Wreck,Wrecks,Maine to Georgia,35.18467,-75.25500
Equipoise,Wreck,Wrecks,Maine to Georgia,36.18500,-74.96833
Esso Wreck,Wreck,Wrecks,Maine to Georgia,33.86333,-77.20002
Ethel C,Wreck,Wrecks,Maine to Georgia,37.43022,-74.67657
Ethel C 328'X 44'X 19',Wreck,Wrecks,Maine to Georgia,37.43043,-74.66802
Ethel C Frt-328',Wreck,Wrecks,Maine to Georgia,37.43197,-74.67783
Eugenia Moran Wreck,Wreck,Wrecks,Maine to Georgia,39.34928,-74.34893
Eureka Frt-351',Wreck,Wrecks,Maine to Georgia,36.72428,-74.74405
Eureka Shipwreck,Wreck,Wrecks,Maine to Georgia,40.31417,-73.58067
Eureka Wreck,Wreck,Wrecks,Maine to Georgia,40.30938,-73.57472
Eureka Wreck,Wreck,Wrecks,Maine to Georgia,40.31450,-73.57483
Eureka Wreck,Wreck,Wrecks,Maine to Georgia,40.31563,-73.58008
F.W. Abrams,Wreck,Wrecks,Maine to Georgia,34.99017,-75.73300
F/V All American,Wreck,Wrecks,Maine to Georgia,43.43500,-70.21170
F/V Capt Chris (Reef),Wreck,Wrecks,Maine to Georgia,38.66210,-74.61520
F/V Elizabeth (Reef),Wreck,Wrecks,Maine to Georgia,39.25120,-74.19210
F/V Miss Marie,Wreck,Wrecks,Maine to Georgia,38.92120,-74.71200
F/V Sea King,Wreck,Wrecks,Maine to Georgia,42.61200,-70.52100
Fairfield Wreck,Wreck,Wrecks,Maine to Georgia,41.11200,-73.25120
Fallen Friends Wreck,Wreck,Wrecks,Maine to Georgia,38.96183,-74.68315
Falmouth Wreck,Wreck,Wrecks,Maine to Georgia,41.51200,-70.62120
Far East Tanker,Wreck,Wrecks,Maine to Georgia,34.52333,-76.01667
Faye,Wreck,Wrecks,Maine to Georgia,36.90950,-75.84217
Fingers,Wreck,Wrecks,Maine to Georgia,37.00038,-75.10478
Fire Island Barge,Wreck,Wrecks,Maine to Georgia,40.61200,-73.15120
Florence Wreck,Wreck,Wrecks,Maine to Georgia,40.28728,-73.38783
Florence Wreck,Wreck,Wrecks,Maine to Georgia,40.28767,-73.38617
Fortune Wreck,Wreck,Wrecks,Maine to Georgia,31.18317,-81.30733
Fran S Shipwreck,Wreck,Wrecks,Maine to Georgia,40.52741,-73.73017
Fran S Wreck,Wreck,Wrecks,Maine to Georgia,40.52683,-73.72483
Fredrick Day Wreck,Wreck,Wrecks,Maine to Georgia,32.59950,-79.66900
Fripp Island Drydock,Wreck,Wrecks,Maine to Georgia,32.28150,-80.37030
FW - Fernandian Wreck,Wreck,Wrecks,Maine to Georgia,30.75917,-81.24933
FW Wreck,Wreck,Wrecks,Maine to Georgia,33.74581,-77.69998
Galley Wreck,Wreck,Wrecks,Maine to Georgia,40.10755,-73.67160
Galley Wreck,Wreck,Wrecks,Maine to Georgia,40.11000,-73.66967
Galley Wreck,Wreck,Wrecks,Maine to Georgia,40.11257,-73.67488
Gardiners Bay Wreck,Wreck,Wrecks,Maine to Georgia,41.11200,-72.25120
General Gordon Wreck,Wreck,Wrecks,Maine to Georgia,32.16858,-80.55375
General Gordon Wreck - Gordon Wreck,Wreck,Wrecks,Maine to Georgia,32.16873,-80.55375
General Sherman Wreck,Wreck,Wrecks,Maine to Georgia,33.72777,-78.53977
General Sherman Wreck,Wreck,Wrecks,Maine to Georgia,33.68110,-78.78310
George A. Lawson,Wreck,Wrecks,Maine to Georgia,31.75830,-80.59860
German Wreck,Wreck,Wrecks,Maine to Georgia,40.23667,-73.79500
Glory Wreck CF,Wreck,Wrecks,Maine to Georgia,40.03050,-73.96533
Glory Wreck??? F,Wreck,Wrecks,Maine to Georgia,39.43633,-74.12900
Gloucester Barge,Wreck,Wrecks,Maine to Georgia,42.59200,-70.59100
Grainger Wreck,Wreck,Wrecks,Maine to Georgia,33.92500,-77.23333
Green Buoy Wreck (Mirlo),Wreck,Wrecks,Maine to Georgia,35.39267,-75.10833
Groton Wreck,Wreck,Wrecks,Maine to Georgia,41.31200,-72.05120
Gulf Hustler,Wreck,Wrecks,Maine to Georgia,36.85745,-75.59503
Gulf Hustler Tanker,Wreck,Wrecks,Maine to Georgia,36.85768,-75.59535
Gulftrade Shipwreck,Wreck,Wrecks,Maine to Georgia,39.72965,-74.02124
GUN Boat Wreck,Wreck,Wrecks,Maine to Georgia,40.36733,-73.21500
Gunboat,Wreck,Wrecks,Maine to Georgia,40.36987,-73.21987
Gussie Wreck,Wreck,Wrecks,Maine to Georgia,39.61200,-74.18120
Gwendolyn Steers Wreck,Wreck,Wrecks,Maine to Georgia,40.95417,-73.43417
Hankins Wreck,Wreck,Wrecks,Maine to Georgia,39.85717,-73.96817
Hankins Wreck,Wreck,Wrecks,Maine to Georgia,40.07233,-73.89917
Hankins Wreck CF,Wreck,Wrecks,Maine to Georgia,40.07200,-73.89667
Hanks,Wreck,Wrecks,Maine to Georgia,36.72402,-75.55952
Hanks-Magnet-Trawler,Wreck,Wrecks,Maine to Georgia,36.72442,-75.55855
Hans,Wreck,Wrecks,Maine to Georgia,37.85095,-75.05328
Happy Days Wreck,Wreck,Wrecks,Maine to Georgia,40.33852,-73.35983
Happy Days Wreck,Wreck,Wrecks,Maine to Georgia,40.33883,-73.36167
Harrison,Wreck,Wrecks,Maine to Georgia,35.11667,-75.12033
Hatteras Trawler,Wreck,Wrecks,Maine to Georgia,35.21200,-75.52120
Hector Wreck,Wreck,Wrecks,Maine to Georgia,32.99950,-78.92130
Henry Endicott,Wreck,Wrecks,Maine to Georgia,41.90830,-70.48550
Hercules Cargo,Wreck,Wrecks,Maine to Georgia,41.32160,-71.79100
Herman Winter,Wreck,Wrecks,Maine to Georgia,41.35190,-70.83960
Hermod Steamship 85',Wreck,Wrecks,Maine to Georgia,37.86437,-75.04835
Hermod Stern,Wreck,Wrecks,Maine to Georgia,37.86163,-75.02553
Hilda Garston,Wreck,Wrecks,Maine to Georgia,41.44810,-71.03530
Hot Dog,Wreck,Wrecks,Maine to Georgia,36.76050,-75.29098
Hyannis Wreck,Wreck,Wrecks,Maine to Georgia,41.61200,-70.28120
Iberia Wreck,Wreck,Wrecks,Maine to Georgia,40.53550,-73.68317
Idene Wreck,Wreck,Wrecks,Maine to Georgia,41.11240,-71.48990
Immaculata Wreck,Wreck,Wrecks,Maine to Georgia,40.27560,-73.65267
Immaculata Wreck,Wreck,Wrecks,Maine to Georgia,40.27950,-73.64950
Immaculata Wreck,Wreck,Wrecks,Maine to Georgia,40.28155,-73.65443
Indra (AR-330),Wreck,Wrecks,Maine to Georgia,34.56220,-76.85170
Inis Paradine,Wreck,Wrecks,Maine to Georgia,37.01320,-74.66842
Irmac Wreck,Wreck,Wrecks,Maine to Georgia,40.28483,-73.34533
J-Reef Barges & Tug,Wreck,Wrecks,Maine to Georgia,31.59970,-80.79670
Jekyll Wreck,Wreck,Wrecks,Maine to Georgia,31.01267,-81.36767
Jonesport Wreck,Wreck,Wrecks,Maine to Georgia,44.51200,-67.58120
Kassandra,Wreck,Wrecks,Maine to Georgia,35.16667,-75.35833
Kathleen Riggin Wreck,Wreck,Wrecks,Maine to Georgia,38.30487,-74.88925
Keshena,Wreck,Wrecks,Maine to Georgia,34.99917,-75.76367
Kingston Ceylonite,Wreck,Wrecks,Maine to Georgia,36.82455,-75.85898
Lancing,Wreck,Wrecks,Maine to Georgia,35.03310,-75.46120
Lancing (Slick Wreck),Wreck,Wrecks,Maine to Georgia,35.02967,-75.44167
Lawson,Wreck,Wrecks,Maine to Georgia,37.07122,-74.77752
Liberator,Wreck,Wrecks,Maine to Georgia,35.15500,-75.59500
Lightship Wreck,Wreck,Wrecks,Maine to Georgia,40.43317,-73.17700
Lillian Luckenbach,Wreck,Wrecks,Maine to Georgia,38.39392,-74.87695
Linda Wreck,Wreck,Wrecks,Maine to Georgia,40.37400,-73.00250
Lizzy D Wreck,Wreck,Wrecks,Maine to Georgia,40.45545,-73.65820
Logwood Wreck,Wreck,Wrecks,Maine to Georgia,40.08267,-73.83117
Lost Dredge,Wreck,Wrecks,Maine to Georgia,37.40568,-74.69630
Ltshipwrec,Wreck,Wrecks,Maine to Georgia,37.92571,-74.92630
Madrugada Schooner 229',Wreck,Wrecks,Maine to Georgia,37.81360,-74.75348
Magnus Wreck,Wreck,Wrecks,Maine to Georgia,39.70000,-74.10717
Malchase,Wreck,Wrecks,Maine to Georgia,34.60833,-75.79133
Manasquan Wreck,Wreck,Wrecks,Maine to Georgia,40.10217,-74.01850
Manasquan Wreck,Wreck,Wrecks,Maine to Georgia,40.10890,-74.02262
Manteo Wreck,Wreck,Wrecks,Maine to Georgia,35.91200,-75.65120
Manuela,Wreck,Wrecks,Maine to Georgia,34.67933,-75.79933
Manuela,Wreck,Wrecks,Maine to Georgia,34.13110,-76.71120
Marine Electric - Stern,Wreck,Wrecks,Maine to Georgia,37.87878,-74.77007
Marine Electric -Bow,Wreck,Wrecks,Maine to Georgia,37.88005,-74.76798
Mary Ellen,Wreck,Wrecks,Maine to Georgia,34.76033,-75.36833
Masonboro Wreck,Wreck,Wrecks,Maine to Georgia,34.13631,-77.72894
Mattapoisett Wreck,Wreck,Wrecks,Maine to Georgia,41.65120,-70.81200
Mayfair,Wreck,Wrecks,Maine to Georgia,40.32100,-73.78120
Menominee,Wreck,Wrecks,Maine to Georgia,37.50663,-75.44407
Merida Frt 400',Wreck,Wrecks,Maine to Georgia,37.39320,-74.67857
"Metropolis 500 Tons, RR Iron",Wreck,Wrecks,Maine to Georgia,36.66125,-75.87412
Miranda,Wreck,Wrecks,Maine to Georgia,40.59200,-73.69120
Misquamicut Wreck,Wreck,Wrecks,Maine to Georgia,41.31200,-71.82120
Miss Pauline,Wreck,Wrecks,Maine to Georgia,37.21388,-74.74872
Misty Blue Wreck,Wreck,Wrecks,Maine to Georgia,38.76117,-74.31300
Monhegan Wreck,Wreck,Wrecks,Maine to Georgia,43.75120,-69.31200
Monroe Frt 345',Wreck,Wrecks,Maine to Georgia,37.59145,-75.23678
Mount Dirfys,Wreck,Wrecks,Maine to Georgia,33.70720,-77.95760
Mud Hole Wreck,Wreck,Wrecks,Maine to Georgia,40.27503,-73.79250
Muriel Alene Trawler,Wreck,Wrecks,Maine to Georgia,37.82705,-75.08813
Nancy,Wreck,Wrecks,Maine to Georgia,36.70815,-74.83287
Nancy F,Wreck,Wrecks,Maine to Georgia,36.09087,-75.34963
Narragansett Wreck,Wreck,Wrecks,Maine to Georgia,41.41200,-71.42120
Navy Wreck - USS YDS 68,Wreck,Wrecks,Maine to Georgia,33.28351,-77.82469
NE Wreck,Wreck,Wrecks,Maine to Georgia,39.77197,-74.03198
New Holland,Wreck,Wrecks,Maine to Georgia,39.81200,-74.08120
New Winds,Wreck,Wrecks,Maine to Georgia,35.95507,-74.88563
New York Tug,Wreck,Wrecks,Maine to Georgia,40.51200,-73.68120
Newburyport Wreck,Wreck,Wrecks,Maine to Georgia,42.81200,-70.85120
Nikes Wreck Turn Of Century,Wreck,Wrecks,Maine to Georgia,36.90142,-75.88168
Nikeswreck,Wreck,Wrecks,Maine to Georgia,36.94515,-76.03902
Nordal,Wreck,Wrecks,Maine to Georgia,34.69167,-75.58300
Nordhav,Wreck,Wrecks,Maine to Georgia,36.50063,-74.78333
Norlavore,Wreck,Wrecks,Maine to Georgia,35.08800,-75.33333
North Edisto Nearshore,Wreck,Wrecks,Maine to Georgia,32.51733,-80.10002
North Edisto Nearshore - Concrete Structures,Wreck,Wrecks,Maine to Georgia,32.51773,-80.10110
North End Wreck,Wreck,Wrecks,Maine to Georgia,38.81200,-75.08120
Northeast Wreck,Wreck,Wrecks,Maine to Georgia,39.76750,-74.02683
Norweigan Frt - Stern,Wreck,Wrecks,Maine to Georgia,37.86218,-75.02532
Norweigan Frt -Bow,Wreck,Wrecks,Maine to Georgia,37.85825,-75.03970
O B Jennings,Wreck,Wrecks,Maine to Georgia,36.66798,-74.88738
OB Jennings 500'X 68 X 38',Wreck,Wrecks,Maine to Georgia,36.66740,-74.88755
Ocean Venture 425'X 57'X 34',Wreck,Wrecks,Maine to Georgia,35.90717,-75.27592
Ocean Venture Frt 425',Wreck,Wrecks,Maine to Georgia,37.06943,-74.91878
Ocean Wreck Divers,Wreck,Wrecks,Maine to Georgia,39.55709,-74.09953
Ocracoke Wreck,Wreck,Wrecks,Maine to Georgia,35.08120,-75.91200
Oil Wreck,Wreck,Wrecks,Maine to Georgia,40.20400,-73.76733
Oil Wreck,Wreck,Wrecks,Maine to Georgia,40.20820,-73.75866
Oil Wreck,Wreck,Wrecks,Maine to Georgia,40.20829,-73.76675
Oil Wreck C,Wreck,Wrecks,Maine to Georgia,40.20617,-73.76000
Oil Wreck L,Wreck,Wrecks,Maine to Georgia,40.20833,-73.75500
Old Ugly Wreck,Wreck,Wrecks,Maine to Georgia,35.56538,-75.31657
Old-Dredge,Wreck,Wrecks,Maine to Georgia,33.94300,-77.67800
One Twenty Wreck,Wreck,Wrecks,Maine to Georgia,40.06950,-73.87383
Ore Wreck,Wreck,Wrecks,Maine to Georgia,33.20238,-77.79190
Oregon,Wreck,Wrecks,Maine to Georgia,40.52830,-72.85500
Oregon Wreck Broadcast Wreck,Wreck,Wrecks,Maine to Georgia,40.56025,-73.58697
Ostfriesland BB 546',Wreck,Wrecks,Maine to Georgia,37.15240,-74.56758
Paddle Wheeler,Wreck,Wrecks,Maine to Georgia,36.97852,-75.38972
Panther Wreck,Wreck,Wrecks,Maine to Georgia,40.84217,-72.38567
Parking Lot,Wreck,Wrecks,Maine to Georgia,37.68683,-74.87367
Parramore Reef - Barge,Barge,Wrecks,Maine to Georgia,37.54620,-75.44221
Parramore Reef - Barge,Barge,Wrecks,Maine to Georgia,37.54548,-75.44292
Parramore Reef - Barge,Barge,Wrecks,Maine to Georgia,37.54509,-75.44332
Parramore Reef - Barge,Barge,Wrecks,Maine to Georgia,37.54475,-75.44404
Parramore Reef - Barge,Barge,Wrecks,Maine to Georgia,37.54446,-75.43688
Parramore Reef - Barge,Barge,Wrecks,Maine to Georgia,37.54441,-75.44422
Parramore Reef - Barge,Barge,Wrecks,Maine to Georgia,37.54429,-75.44093
Parramore Reef - Barge,Barge,Wrecks,Maine to Georgia,37.54251,-75.44106
Pasquotank Wreck,Wreck,Wrecks,Maine to Georgia,36.15200,-75.98120
Patricks Deep Hump,Wreck,Wrecks,Maine to Georgia,32.58206,-78.52231
Patty B,Wreck,Wrecks,Maine to Georgia,37.79317,-74.68155
PET Wreck,Wreck,Wrecks,Maine to Georgia,39.32693,-74.29960
Peterhoff Navy Vessel,Wreck,Wrecks,Maine to Georgia,33.91580,-77.91770
Phineas,Wreck,Wrecks,Maine to Georgia,40.15120,-73.91200
Piece Of Steel,Wreck,Wrecks,Maine to Georgia,37.05455,-74.67280
Pinta Wreck,Wreck,Wrecks,Maine to Georgia,40.23045,-73.84375
Poquoson Reef - Barge,Barge,Wrecks,Maine to Georgia,37.21753,-76.34026
Port Clyde Wreck,Wreck,Wrecks,Maine to Georgia,43.91200,-69.25120
Porta Allegra Wreck,Wreck,Wrecks,Maine to Georgia,33.85467,-76.96433
Portsmouth Wreck,Wreck,Wrecks,Maine to Georgia,43.05120,-70.71200
Prince Of Peace,Wreck,Wrecks,Maine to Georgia,36.71650,-74.83725
Proteus,Wreck,Wrecks,Maine to Georgia,34.77533,-75.78217
Queen,Wreck,Wrecks,Maine to Georgia,37.68868,-75.20097
R 6 Whaleboat Ledge,Wreck,Wrecks,Maine to Georgia,43.75027,-70.07470
Ranger Wreck,Wreck,Wrecks,Maine to Georgia,40.17001,-73.83508
Reggie Shipwreck,Wreck,Wrecks,Maine to Georgia,40.46180,-73.16567
Reggie Wreck,Wreck,Wrecks,Maine to Georgia,40.46117,-73.16033
Reliance Wreck,Wreck,Wrecks,Maine to Georgia,39.68033,-73.76850
Relief Shipwreck,Wreck,Wrecks,Maine to Georgia,40.45347,-73.81766
Resor Wreck,Wreck,Wrecks,Maine to Georgia,39.77273,-73.41940
Resor Wreck,Wreck,Wrecks,Maine to Georgia,39.77583,-73.41633
Riccie Wreck,Wreck,Wrecks,Maine to Georgia,40.03267,-73.96000
Richmond Wreck,Wreck,Wrecks,Maine to Georgia,33.03084,-78.92189
Richs Wreck,Wreck,Wrecks,Maine to Georgia,33.92550,-77.10000
Ricks,Wreck,Wrecks,Maine to Georgia,36.79453,-75.48193
Ricks Trawler,Wreck,Wrecks,Maine to Georgia,36.79403,-75.48250
River Front Junction,Wreck,Wrecks,Maine to Georgia,36.80748,-75.43208
Rock Wreck,Wreck,Wrecks,Maine to Georgia,33.79267,-77.42195
Rock Wreck,Wreck,Wrecks,Maine to Georgia,33.94895,-77.35834
Rock Wreck,Wreck,Wrecks,Maine to Georgia,34.06828,-77.45733
RON Stol Wreck,Wreck,Wrecks,Maine to Georgia,40.11317,-73.62367
Rump Wreck,Wreck,Wrecks,Maine to Georgia,40.00817,-73.99783
Russian Trawler,Wreck,Wrecks,Maine to Georgia,36.09750,-74.95000
Sail Boat,Wreck,Wrecks,Maine to Georgia,37.71172,-74.79160
Sail Boat,Wreck,Wrecks,Maine to Georgia,37.80498,-74.94248
Salty Sea,Wreck,Wrecks,Maine to Georgia,36.82588,-75.67987
San Delfine 463'X 61'X 33',Wreck,Wrecks,Maine to Georgia,35.61873,-74.87972
San Delfino,Wreck,Wrecks,Maine to Georgia,35.58310,-75.10120
Sanctuary Hump,Wreck,Wrecks,Maine to Georgia,32.59709,-78.38497
Sandiegowreck,Wreck,Wrecks,Maine to Georgia,40.53754,-73.03737
Sandy Hook Wreck,Wreck,Wrecks,Maine to Georgia,40.45553,-73.82182
Sandy Hook Wreck,Wreck,Wrecks,Maine to Georgia,40.45925,-73.82523
Sandy Hook Wreck,Wreck,Wrecks,Maine to Georgia,40.45983,-73.82017
Sanner- Dean's Bump 140'X 21'X 1',Wreck,Wrecks,Maine to Georgia,36.95785,-76.01152
Santore 449'X 57'X 34',Wreck,Wrecks,Maine to Georgia,36.89520,-75.77093
Santore Wreck,Wreck,Wrecks,Maine to Georgia,36.90000,-75.78333
Savannah Beach Reef Wreck,Wreck,Wrecks,Maine to Georgia,31.98750,-80.73210
Scotland Wreck,Wreck,Wrecks,Maine to Georgia,40.43394,-73.88273
Sea Girt Wreck,Wreck,Wrecks,Maine to Georgia,40.07700,-73.84233
Sea Girt Wreck,Wreck,Wrecks,Maine to Georgia,40.07945,-73.84792
Shinnecock Wreck,Wreck,Wrecks,Maine to Georgia,40.81200,-72.45120
Ship Rock,Wreck,Wrecks,Maine to Georgia,40.93179,-73.70930
Shoalwreck,Wreck,Wrecks,Maine to Georgia,34.43338,-76.46965
Skippy Wreck,Wreck,Wrecks,Maine to Georgia,40.36633,-73.21617
Southeast Wreck,Wreck,Wrecks,Maine to Georgia,39.73100,-74.01717
Spanish Wreck,Wreck,Wrecks,Maine to Georgia,39.78383,-73.92167
Spring Chicken,Wreck,Wrecks,Maine to Georgia,36.33882,-74.90382
Spring Chicken 100'X 22'X 10',Wreck,Wrecks,Maine to Georgia,36.84975,-75.18122
Stanchion Wreck,Wreck,Wrecks,Maine to Georgia,36.84661,-75.57721
"Starr, Jessie W",Wreck,Wrecks,Maine to Georgia,37.55270,-74.65207
Steam Wreck,Wreck,Wrecks,Maine to Georgia,33.86250,-77.15000
Steamship Wreck,Wreck,Wrecks,Maine to Georgia,40.46425,-73.87506
Steamship Wreck,Wreck,Wrecks,Maine to Georgia,40.46550,-73.86967
Steel Wreck,Wreck,Wrecks,Maine to Georgia,40.46333,-73.57783
Steel Wreck,Wreck,Wrecks,Maine to Georgia,40.46520,-73.58232
Steel Wreck,Wreck,Wrecks,Maine to Georgia,40.48659,-73.57335
Stolt Dagali,Wreck,Wrecks,Maine to Georgia,40.34440,-73.66690
Stolt Dagali Wreck,Wreck,Wrecks,Maine to Georgia,39.98683,-73.65943
Stormy,Wreck,Wrecks,Maine to Georgia,36.85733,-75.78367
Sub Wreck,Wreck,Wrecks,Maine to Georgia,37.86720,-75.05650
Sunoil,Wreck,Wrecks,Maine to Georgia,34.21850,-76.35120
Tarpon,Wreck,Wrecks,Maine to Georgia,34.76083,-75.78267
Tenas,Wreck,Wrecks,Maine to Georgia,35.08267,-75.39233
Texeco Wreck,Wreck,Wrecks,Maine to Georgia,37.24933,-76.08472
Texel,Wreck,Wrecks,Maine to Georgia,38.96678,-73.21622
The Hyde Dredge,Wreck,Wrecks,Maine to Georgia,33.95830,-77.55500
Theodore Parker,Wreck,Wrecks,Maine to Georgia,34.67250,-76.74530
Three Fairs Wreck,Wreck,Wrecks,Maine to Georgia,40.34867,-73.30967
Three Fairs Wreck,Wreck,Wrecks,Maine to Georgia,40.35070,-73.30880
Three Sisters Shipwreck,Wreck,Wrecks,Maine to Georgia,40.38425,-73.60140
Three Sisters Wreck,Wreck,Wrecks,Maine to Georgia,40.38640,-73.59160
Tiger Tanker 410',Wreck,Wrecks,Maine to Georgia,36.76328,-75.76143
Tolten Shipwreck,Wreck,Wrecks,Maine to Georgia,39.89912,-73.80124
Tower Reef - Barge,Barge,Wrecks,Maine to Georgia,36.90396,-75.72180
Tower Reef - Barge,Barge,Wrecks,Maine to Georgia,36.90330,-75.72389
Tower Reef - Barge,Barge,Wrecks,Maine to Georgia,36.90250,-75.72099
Tower Reef - Barge,Barge,Wrecks,Maine to Georgia,36.90230,-75.72601
Tower Reef - Barge,Barge,Wrecks,Maine to Georgia,36.90228,-75.72252
Tower Reef - Barge,Barge,Wrecks,Maine to Georgia,36.90162,-75.72243
Tower Reef - Barge,Barge,Wrecks,Maine to Georgia,36.90097,-75.72332
Tower Reef - Barge,Barge,Wrecks,Maine to Georgia,36.90031,-75.72567
Tower Reef - Barge,Barge,Wrecks,Maine to Georgia,36.89953,-75.72671
Tower Reef - Barge,Barge,Wrecks,Maine to Georgia,36.89666,-75.72347
Tower Reef - J.B. Eskridge,J.B. Eskridge,Wrecks,Maine to Georgia,36.89937,-75.72181
Tower Reef - Landing craft,Landing craft,Wrecks,Maine to Georgia,36.90370,-75.72204
Tower Reef - Landing craft,Landing craft,Wrecks,Maine to Georgia,36.90310,-75.72258
Tower Reef - Landing craft,Landing craft,Wrecks,Maine to Georgia,36.90298,-75.72940
Tower Reef - Landing craft,Landing craft,Wrecks,Maine to Georgia,36.90297,-75.72373
Tower Reef - Landing craft,Landing craft,Wrecks,Maine to Georgia,36.90292,-75.72326
Tower Reef - Landing craft,Landing craft,Wrecks,Maine to Georgia,36.90292,-75.72247
Tower Reef - Landing craft,Landing craft,Wrecks,Maine to Georgia,36.90276,-75.72232
Tower Reef - Landing craft,Landing craft,Wrecks,Maine to Georgia,36.90257,-75.72132
Tower Reef - Landing craft,Landing craft,Wrecks,Maine to Georgia,36.90236,-75.72571
Tower Reef - Landing craft,Landing craft,Wrecks,Maine to Georgia,36.90230,-75.72929
Tower Reef - Landing craft,Landing craft,Wrecks,Maine to Georgia,36.90215,-75.72732
Tower Reef - Landing craft,Landing craft,Wrecks,Maine to Georgia,36.90191,-75.72320
Tower Reef - Landing craft,Landing craft,Wrecks,Maine to Georgia,36.90175,-75.72912
Tower Reef - Landing craft,Landing craft,Wrecks,Maine to Georgia,36.90165,-75.72578
Tower Reef - Landing craft,Landing craft,Wrecks,Maine to Georgia,36.90165,-75.72199
Tower Reef - Landing craft,Landing craft,Wrecks,Maine to Georgia,36.90163,-75.72447
Tower Reef - Landing craft,Landing craft,Wrecks,Maine to Georgia,36.90154,-75.72321
Tower Reef - Landing craft,Landing craft,Wrecks,Maine to Georgia,36.90149,-75.72221
Tower Reef - Landing craft,Landing craft,Wrecks,Maine to Georgia,36.90145,-75.72455
Tower Reef - Landing craft,Landing craft,Wrecks,Maine to Georgia,36.90129,-75.72041
Tower Reef - Landing craft,Landing craft,Wrecks,Maine to Georgia,36.90127,-75.72541
Tower Reef - Landing craft,Landing craft,Wrecks,Maine to Georgia,36.90090,-75.72532
Tower Reef - Landing craft,Landing craft,Wrecks,Maine to Georgia,36.90084,-75.71819
Tower Reef - Landing craft,Landing craft,Wrecks,Maine to Georgia,36.90070,-75.72537
Tower Reef - Landing craft,Landing craft,Wrecks,Maine to Georgia,36.90051,-75.72052
Tower Reef - Landing craft,Landing craft,Wrecks,Maine to Georgia,36.90044,-75.72623
Tower Reef - Landing craft,Landing craft,Wrecks,Maine to Georgia,36.90028,-75.72227
Tower Reef - Landing craft,Landing craft,Wrecks,Maine to Georgia,36.90028,-75.72347
Tower Reef - Landing craft,Landing craft,Wrecks,Maine to Georgia,36.90024,-75.72143
Tower Reef - Landing craft,Landing craft,Wrecks,Maine to Georgia,36.89978,-75.72427
Tower Reef - Landing craft,Landing craft,Wrecks,Maine to Georgia,36.89978,-75.72121
Tower Reef - Landing craft,Landing craft,Wrecks,Maine to Georgia,36.89962,-75.72638
Tower Reef - Landing craft,Landing craft,Wrecks,Maine to Georgia,36.89960,-75.72514
Tower Reef - Landing craft,Landing craft,Wrecks,Maine to Georgia,36.89956,-75.72720
Tower Reef - Landing craft,Landing craft,Wrecks,Maine to Georgia,36.89955,-75.72580
Tower Reef - Landing craft,Landing craft,Wrecks,Maine to Georgia,36.89944,-75.72672
Tower Reef - Landing craft,Landing craft,Wrecks,Maine to Georgia,36.89937,-75.72601
Tower Reef - Landing craft,Landing craft,Wrecks,Maine to Georgia,36.89923,-75.72127
Tower Reef - Landing craft,Landing craft,Wrecks,Maine to Georgia,36.89920,-75.72472
Tower Reef - Landing craft,Landing craft,Wrecks,Maine to Georgia,36.89907,-75.72141
Tower Reef - Landing craft,Landing craft,Wrecks,Maine to Georgia,36.89906,-75.72501
Tower Reef - Landing craft,Landing craft,Wrecks,Maine to Georgia,36.89904,-75.72421
Tower Reef - Landing craft,Landing craft,Wrecks,Maine to Georgia,36.89899,-75.72339
Tower Reef - Landing craft,Landing craft,Wrecks,Maine to Georgia,36.89884,-75.72480
Tower Reef - Landing craft,Landing craft,Wrecks,Maine to Georgia,36.89880,-75.72601
Tower Reef - Landing craft,Landing craft,Wrecks,Maine to Georgia,36.89856,-75.72515
Tower Reef - Landing craft,Landing craft,Wrecks,Maine to Georgia,36.89856,-75.72720
Tower Reef - Landing craft,Landing craft,Wrecks,Maine to Georgia,36.89856,-75.72623
Tower Reef - Landing craft,Landing craft,Wrecks,Maine to Georgia,36.89840,-75.72637
Tower Reef - Landing craft,Landing craft,Wrecks,Maine to Georgia,36.89832,-75.72519
Tower Reef - Landing craft,Landing craft,Wrecks,Maine to Georgia,36.89831,-75.72583
Tower Reef - Landing craft,Landing craft,Wrecks,Maine to Georgia,36.89827,-75.72660
Tower Reef - Landing craft,Landing craft,Wrecks,Maine to Georgia,36.89822,-75.72765
Tower Reef - Landing craft,Landing craft,Wrecks,Maine to Georgia,36.89822,-75.72329
Tower Reef - Landing craft,Landing craft,Wrecks,Maine to Georgia,36.89821,-75.72433
Tower Reef - Landing craft,Landing craft,Wrecks,Maine to Georgia,36.89813,-75.72690
Tower Reef - Landing craft,Landing craft,Wrecks,Maine to Georgia,36.89788,-75.72161
Tower Reef - Landing craft,Landing craft,Wrecks,Maine to Georgia,36.89778,-75.72347
Tower Reef - Landing craft,Landing craft,Wrecks,Maine to Georgia,36.89772,-75.72809
Tower Reef - Landing craft,Landing craft,Wrecks,Maine to Georgia,36.89765,-75.72144
Tower Reef - Landing craft,Landing craft,Wrecks,Maine to Georgia,36.89721,-75.72387
Tower Reef - Landing craft,Landing craft,Wrecks,Maine to Georgia,36.89712,-75.72737
Tower Reef - Landing craft,Landing craft,Wrecks,Maine to Georgia,36.89712,-75.72669
Tower Reef - Landing craft,Landing craft,Wrecks,Maine to Georgia,36.89703,-75.72460
Tower Reef - Landing craft,Landing craft,Wrecks,Maine to Georgia,36.89703,-75.72395
Tower Reef - Landing craft,Landing craft,Wrecks,Maine to Georgia,36.89697,-75.72700
Tower Reef - Landing craft,Landing craft,Wrecks,Maine to Georgia,36.89694,-75.72741
Tower Reef - Landing craft,Landing craft,Wrecks,Maine to Georgia,36.89680,-75.72640
Tower Reef - Landing craft,Landing craft,Wrecks,Maine to Georgia,36.89678,-75.72760
Tower Reef - Wreckage,Wreckage,Wrecks,Maine to Georgia,36.89910,-75.72462
Trawler Wreck,Wreck,Wrecks,Maine to Georgia,40.39595,-73.85792
Triangle Reef - Lillian Luckenback,Lillian Luckenback,Wrecks,Maine to Georgia,36.97610,-75.41393
Triangle Reef - USCGC Cuyahoga,USCGC Cuyahoga,Wrecks,Maine to Georgia,36.96505,-75.37997
Triangle Reef - USNS Clark,USNS Clark,Wrecks,Maine to Georgia,36.98893,-75.36307
Triangle Reef - USNS Garrison,USNS Garrison,Wrecks,Maine to Georgia,36.99323,-75.36303
Triangle Reef - USNS Haviland,USNS Haviland,Wrecks,Maine to Georgia,36.99098,-75.36367
Triangle Reef - USNS Morgan,USNS Morgan,Wrecks,Maine to Georgia,37.00125,-75.40798
Triangle Reef - USNS Webster,USNS Webster,Wrecks,Maine to Georgia,36.99482,-75.36133
Triple Wrecks,Wreck,Wrecks,Maine to Georgia,40.42850,-73.90333
Triple Wrecks,Wreck,Wrecks,Maine to Georgia,40.42917,-73.91383
Tug Arundo,Wreck,Wrecks,Maine to Georgia,40.42830,-73.74330
Tug Wreck,Wreck,Wrecks,Maine to Georgia,40.53117,-73.73900
Tugboat Georgie,Wreck,Wrecks,Maine to Georgia,43.24000,-70.58550
Turner Wreck,Wreck,Wrecks,Maine to Georgia,40.49372,-73.87068
Turner Wreck P,Wreck,Wrecks,Maine to Georgia,40.49683,-73.86700
Turnof Century-William Thorp 95'X 24'X 12',Wreck,Wrecks,Maine to Georgia,36.90102,-75.88103
Twin City Wrecks,Wreck,Wrecks,Maine to Georgia,33.14452,-78.26179
Twin Wrecks,Wreck,Wrecks,Maine to Georgia,37.05354,-75.85392
Twin Wrecks,Wreck,Wrecks,Maine to Georgia,38.22267,-74.76100
Twin Wrecks,Wreck,Wrecks,Maine to Georgia,38.64330,-74.79170
Two Wrecks,Wreck,Wrecks,Maine to Georgia,33.59959,-77.46609
U 869 Wreck,Wreck,Wrecks,Maine to Georgia,39.56370,-73.03440
U-111 German Sub,Wreck,Wrecks,Maine to Georgia,37.75500,-74.12833
U-352 (German Submarine),Wreck,Wrecks,Maine to Georgia,34.22760,-76.56490
U-85,Wreck,Wrecks,Maine to Georgia,35.90667,-75.29100
U-Boat - 140,Wreck,Wrecks,Maine to Georgia,37.16170,-74.74477
UD Wreck,Wreck,Wrecks,Maine to Georgia,30.76140,-80.38838
Unidentified Trawler Shipwreck,Wreck,Wrecks,Maine to Georgia,42.31218,-70.29738
Unis,Wreck,Wrecks,Maine to Georgia,35.13500,-75.63367
Unknown,Wreck,Wrecks,Maine to Georgia,37.54628,-74.36232
USNS Clark,Wreck,Wrecks,Maine to Georgia,36.98890,-75.36307
USNS Garrison,Wreck,Wrecks,Maine to Georgia,36.99320,-75.36303
USS Aeolus,Wreck,Wrecks,Maine to Georgia,34.27810,-76.64430
USS Arthur W. Radford,Wreck,Wrecks,Maine to Georgia,38.51420,-74.51030
USS Bass,Wreck,Wrecks,Maine to Georgia,42.63110,-70.56530
USS Blenny,Wreck,Wrecks,Maine to Georgia,38.93220,-74.68530
USS Blenny Wreck,Wreck,Wrecks,Maine to Georgia,38.14992,-74.95105
USS Resolute,Wreck,Wrecks,Maine to Georgia,39.51670,-74.15000
USS San Diego,Wreck,Wrecks,Maine to Georgia,40.55030,-73.01110
USS Schurz,Wreck,Wrecks,Maine to Georgia,34.18830,-76.57110
USS Tarbe (AR-315),Wreck,Wrecks,Maine to Georgia,34.30150,-76.62120
USS Texas / San Marcos,Wreck,Wrecks,Maine to Georgia,41.25810,-71.49360
USS Yancey,Wreck,Wrecks,Maine to Georgia,34.02420,-77.49120
Venore,Wreck,Wrecks,Maine to Georgia,35.07067,-75.39233
Veturia Wreck,Wreck,Wrecks,Maine to Georgia,35.13892,-75.40750
Vicky,Wreck,Wrecks,Maine to Georgia,36.92200,-74.84167
Victory Wreck,Wreck,Wrecks,Maine to Georgia,40.56000,-73.58483
Virginia Wreck L,Wreck,Wrecks,Maine to Georgia,40.12400,-72.87200
Vixen Wreck,Wreck,Wrecks,Maine to Georgia,39.79567,-73.43133
W E Hutton Wreck,Wreck,Wrecks,Maine to Georgia,34.49983,-76.89798
WAL 505 Wreck,Wreck,Wrecks,Maine to Georgia,40.45240,-73.81778
Walcott Wreck,Wreck,Wrecks,Maine to Georgia,40.58067,-72.97550
Weldon Hall Wreck,Wreck,Wrecks,Maine to Georgia,34.28417,-77.34633
West Wreck,Wreck,Wrecks,Maine to Georgia,39.83087,-72.86766
Westmoreland,Wreck,Wrecks,Maine to Georgia,36.94358,-75.94828
William Rockefeller,Wreck,Wrecks,Maine to Georgia,35.11210,-75.14120
Willys Hump,Wreck,Wrecks,Maine to Georgia,32.86997,-78.83802
Wimble Shoals Wreck (Marore),Wreck,Wrecks,Maine to Georgia,35.55000,-75.25017
Winyah Hump,Wreck,Wrecks,Maine to Georgia,32.74851,-77.92697
WR 4 Wreck,Wreck,Wrecks,Maine to Georgia,33.86458,-77.47930
Wreck,Wreck,Wrecks,Maine to Georgia,33.57649,-76.90602
Wreck,Wreck,Wrecks,Maine to Georgia,33.84182,-77.45801
Wreck,Wreck,Wrecks,Maine to Georgia,33.85042,-78.10940
Wreck,Wreck,Wrecks,Maine to Georgia,33.85389,-76.96381
Wreck,Wreck,Wrecks,Maine to Georgia,33.85572,-77.44135
Wreck,Wreck,Wrecks,Maine to Georgia,33.91183,-77.23716
Wreck,Wreck,Wrecks,Maine to Georgia,33.93234,-76.54030
Wreck,Wreck,Wrecks,Maine to Georgia,33.96557,-77.03030
Wreck,Wreck,Wrecks,Maine to Georgia,33.98348,-76.99965
Wreck,Wreck,Wrecks,Maine to Georgia,34.02459,-76.64620
Wreck,Wreck,Wrecks,Maine to Georgia,34.02495,-76.64759
Wreck,Wreck,Wrecks,Maine to Georgia,34.04165,-76.77499
Wreck,Wreck,Wrecks,Maine to Georgia,34.05742,-76.57125
Wreck,Wreck,Wrecks,Maine to Georgia,34.13571,-77.73025
Wreck,Wreck,Wrecks,Maine to Georgia,34.13674,-77.73133
Wreck,Wreck,Wrecks,Maine to Georgia,34.14349,-76.65230
Wreck,Wreck,Wrecks,Maine to Georgia,34.18677,-76.60192
Wreck,Wreck,Wrecks,Maine to Georgia,34.30163,-76.72408
Wreck,Wreck,Wrecks,Maine to Georgia,34.31349,-76.54463
Wreck,Wreck,Wrecks,Maine to Georgia,34.33006,-76.56130
Wreck,Wreck,Wrecks,Maine to Georgia,34.35983,-76.68032
Wreck,Wreck,Wrecks,Maine to Georgia,34.37467,-76.69117
Wreck,Wreck,Wrecks,Maine to Georgia,34.38666,-76.54832
Wreck,Wreck,Wrecks,Maine to Georgia,34.40349,-76.59131
Wreck,Wreck,Wrecks,Maine to Georgia,34.45461,-76.48378
Wreck,Wreck,Wrecks,Maine to Georgia,34.47499,-76.55831
Wreck,Wreck,Wrecks,Maine to Georgia,34.49222,-76.43365
Wreck,Wreck,Wrecks,Maine to Georgia,34.50016,-75.66625
Wreck,Wreck,Wrecks,Maine to Georgia,34.51567,-76.70539
Wreck,Wreck,Wrecks,Maine to Georgia,34.51854,-76.75430
Wreck,Wreck,Wrecks,Maine to Georgia,34.55853,-76.85423
Wreck,Wreck,Wrecks,Maine to Georgia,34.73350,-75.58293
Wreck,Wreck,Wrecks,Maine to Georgia,34.82279,-75.54941
Wreck,Wreck,Wrecks,Maine to Georgia,34.82516,-75.54959
Wreck,Wreck,Wrecks,Maine to Georgia,34.94976,-75.66804
Wreck,Wreck,Wrecks,Maine to Georgia,35.11745,-75.73147
Wreck,Wreck,Wrecks,Maine to Georgia,35.21859,-75.33986
Wreck,Wreck,Wrecks,Maine to Georgia,36.66972,-75.70575
Wreck,Wreck,Wrecks,Maine to Georgia,36.78919,-75.71496
Wreck,Wreck,Wrecks,Maine to Georgia,37.12169,-75.98687
Wreck,Wreck,Wrecks,Maine to Georgia,37.53299,-75.43914
Wreck,Wreck,Wrecks,Maine to Georgia,37.53346,-75.43402
Wreck,Wreck,Wrecks,Maine to Georgia,37.53915,-75.41138
Wreck,Wreck,Wrecks,Maine to Georgia,37.59539,-75.24668
Wreck,Wreck,Wrecks,Maine to Georgia,37.69272,-75.21117
Wreck,Wreck,Wrecks,Maine to Georgia,37.69544,-75.20471
Wreck,Wreck,Wrecks,Maine to Georgia,37.71302,-75.13314
Wreck,Wreck,Wrecks,Maine to Georgia,37.78825,-74.69353
Wreck,Wreck,Wrecks,Maine to Georgia,37.79216,-75.37322
Wreck,Wreck,Wrecks,Maine to Georgia,37.80198,-75.24658
Wreck,Wreck,Wrecks,Maine to Georgia,37.81601,-75.36551
Wreck,Wreck,Wrecks,Maine to Georgia,37.82495,-74.70580
Wreck,Wreck,Wrecks,Maine to Georgia,37.83326,-75.18361
Wreck,Wreck,Wrecks,Maine to Georgia,37.83634,-75.33991
Wreck,Wreck,Wrecks,Maine to Georgia,37.85063,-75.26587
Wreck,Wreck,Wrecks,Maine to Georgia,37.85817,-75.32994
Wreck,Wreck,Wrecks,Maine to Georgia,37.88132,-74.77345
Wreck,Wreck,Wrecks,Maine to Georgia,37.88888,-74.25531
Wreck,Wreck,Wrecks,Maine to Georgia,37.89425,-75.17813
Wreck,Wreck,Wrecks,Maine to Georgia,37.91233,-75.02366
Wreck,Wreck,Wrecks,Maine to Georgia,37.91873,-75.05844
Wreck,Wreck,Wrecks,Maine to Georgia,37.91880,-74.00358
Wreck,Wreck,Wrecks,Maine to Georgia,37.92804,-74.93455
Wreck,Wreck,Wrecks,Maine to Georgia,37.95779,-75.00530
Wreck,Wreck,Wrecks,Maine to Georgia,37.95806,-75.00632
Wreck,Wreck,Wrecks,Maine to Georgia,37.96749,-74.99450
Wreck,Wreck,Wrecks,Maine to Georgia,37.97570,-75.16511
Wreck,Wreck,Wrecks,Maine to Georgia,38.05094,-74.18930
Wreck,Wreck,Wrecks,Maine to Georgia,38.06780,-74.10090
Wreck,Wreck,Wrecks,Maine to Georgia,38.08358,-74.89978
Wreck,Wreck,Wrecks,Maine to Georgia,38.08890,-75.05546
Wreck,Wreck,Wrecks,Maine to Georgia,38.14056,-74.96181
Wreck,Wreck,Wrecks,Maine to Georgia,38.14939,-75.08125
Wreck,Wreck,Wrecks,Maine to Georgia,38.15311,-74.96839
Wreck,Wreck,Wrecks,Maine to Georgia,38.18786,-75.00633
Wreck,Wreck,Wrecks,Maine to Georgia,38.22285,-74.76390
Wreck,Wreck,Wrecks,Maine to Georgia,38.28108,-75.04333
Wreck,Wreck,Wrecks,Maine to Georgia,38.29116,-74.75310
Wreck,Wreck,Wrecks,Maine to Georgia,38.29343,-75.00656
Wreck,Wreck,Wrecks,Maine to Georgia,38.29355,-74.75653
Wreck,Wreck,Wrecks,Maine to Georgia,38.31045,-74.99473
Wreck,Wreck,Wrecks,Maine to Georgia,38.34978,-74.89565
Wreck,Wreck,Wrecks,Maine to Georgia,38.35066,-74.66715
Wreck,Wreck,Wrecks,Maine to Georgia,38.36510,-74.77027
Wreck,Wreck,Wrecks,Maine to Georgia,38.38399,-76.33880
Wreck,Wreck,Wrecks,Maine to Georgia,38.38413,-74.64972
Wreck,Wreck,Wrecks,Maine to Georgia,38.39880,-74.67658
Wreck,Wreck,Wrecks,Maine to Georgia,38.40802,-74.70226
Wreck,Wreck,Wrecks,Maine to Georgia,38.42409,-76.39077
Wreck,Wreck,Wrecks,Maine to Georgia,38.43037,-74.76748
Wreck,Wreck,Wrecks,Maine to Georgia,38.43133,-74.95715
Wreck,Wreck,Wrecks,Maine to Georgia,38.45682,-74.78523
Wreck,Wreck,Wrecks,Maine to Georgia,38.45788,-74.93919
Wreck,Wreck,Wrecks,Maine to Georgia,38.45866,-74.78567
Wreck,Wreck,Wrecks,Maine to Georgia,38.46151,-74.82024
Wreck,Wreck,Wrecks,Maine to Georgia,38.48058,-74.52945
Wreck,Wreck,Wrecks,Maine to Georgia,38.48358,-74.54327
Wreck,Wreck,Wrecks,Maine to Georgia,38.48445,-74.54389
Wreck,Wreck,Wrecks,Maine to Georgia,38.50643,-74.52512
Wreck,Wreck,Wrecks,Maine to Georgia,38.50883,-74.84235
Wreck,Wreck,Wrecks,Maine to Georgia,38.51363,-74.69862
Wreck,Wreck,Wrecks,Maine to Georgia,38.51529,-74.52595
Wreck,Wreck,Wrecks,Maine to Georgia,38.51760,-74.52627
Wreck,Wreck,Wrecks,Maine to Georgia,38.52407,-74.79116
Wreck,Wreck,Wrecks,Maine to Georgia,38.53347,-74.55972
Wreck,Wreck,Wrecks,Maine to Georgia,38.53441,-74.56056
Wreck,Wreck,Wrecks,Maine to Georgia,38.53981,-74.69888
Wreck,Wreck,Wrecks,Maine to Georgia,38.58204,-74.74699
Wreck,Wreck,Wrecks,Maine to Georgia,38.58259,-74.74580
Wreck,Wreck,Wrecks,Maine to Georgia,38.58743,-74.82755
Wreck,Wreck,Wrecks,Maine to Georgia,38.59818,-74.65791
Wreck,Wreck,Wrecks,Maine to Georgia,38.60194,-74.47461
Wreck,Wreck,Wrecks,Maine to Georgia,38.60204,-74.67974
Wreck,Wreck,Wrecks,Maine to Georgia,38.60749,-74.60755
Wreck,Wreck,Wrecks,Maine to Georgia,38.62181,-75.01987
Wreck,Wreck,Wrecks,Maine to Georgia,38.63197,-74.84567
Wreck,Wreck,Wrecks,Maine to Georgia,38.63254,-74.84385
Wreck,Wreck,Wrecks,Maine to Georgia,38.63804,-74.39931
Wreck,Wreck,Wrecks,Maine to Georgia,38.64583,-74.79981
Wreck,Wreck,Wrecks,Maine to Georgia,38.64633,-74.79772
Wreck,Wreck,Wrecks,Maine to Georgia,38.66743,-74.13298
Wreck,Wreck,Wrecks,Maine to Georgia,38.67113,-74.47740
Wreck,Wreck,Wrecks,Maine to Georgia,38.68077,-74.45144
Wreck,Wreck,Wrecks,Maine to Georgia,38.68859,-75.02505
Wreck,Wreck,Wrecks,Maine to Georgia,38.69345,-75.01489
Wreck,Wreck,Wrecks,Maine to Georgia,38.74013,-76.48856
Wreck,Wreck,Wrecks,Maine to Georgia,38.74274,-74.61207
Wreck,Wreck,Wrecks,Maine to Georgia,38.74288,-74.61065
Wreck,Wreck,Wrecks,Maine to Georgia,38.74371,-74.61083
Wreck,Wreck,Wrecks,Maine to Georgia,38.74641,-74.95903
Wreck,Wreck,Wrecks,Maine to Georgia,38.74716,-74.59803
Wreck,Wreck,Wrecks,Maine to Georgia,38.74786,-74.59863
Wreck,Wreck,Wrecks,Maine to Georgia,38.74911,-74.96171
Wreck,Wreck,Wrecks,Maine to Georgia,38.75257,-74.90654
Wreck,Wreck,Wrecks,Maine to Georgia,38.76041,-75.06423
Wreck,Wreck,Wrecks,Maine to Georgia,38.76446,-74.75309
Wreck,Wreck,Wrecks,Maine to Georgia,38.76664,-74.75128
Wreck,Wreck,Wrecks,Maine to Georgia,38.77058,-74.74060
Wreck,Wreck,Wrecks,Maine to Georgia,38.77219,-74.74264
Wreck,Wreck,Wrecks,Maine to Georgia,38.77325,-74.97780
Wreck,Wreck,Wrecks,Maine to Georgia,38.77343,-74.73952
Wreck,Wreck,Wrecks,Maine to Georgia,38.77512,-74.55889
Wreck,Wreck,Wrecks,Maine to Georgia,38.77543,-75.07087
Wreck,Wreck,Wrecks,Maine to Georgia,38.77609,-74.56034
Wreck,Wreck,Wrecks,Maine to Georgia,38.80181,-74.59703
Wreck,Wreck,Wrecks,Maine to Georgia,38.80228,-74.70742
Wreck,Wreck,Wrecks,Maine to Georgia,38.80459,-75.06756
Wreck,Wreck,Wrecks,Maine to Georgia,38.80807,-75.04835
Wreck,Wreck,Wrecks,Maine to Georgia,38.81303,-75.07374
Wreck,Wreck,Wrecks,Maine to Georgia,38.81308,-75.06772
Wreck,Wreck,Wrecks,Maine to Georgia,38.81609,-75.04727
Wreck,Wreck,Wrecks,Maine to Georgia,38.82048,-74.91612
Wreck,Wreck,Wrecks,Maine to Georgia,38.82666,-75.04353
Wreck,Wreck,Wrecks,Maine to Georgia,38.84106,-74.92695
Wreck,Wreck,Wrecks,Maine to Georgia,38.84404,-75.07520
Wreck,Wreck,Wrecks,Maine to Georgia,38.84524,-74.90064
Wreck,Wreck,Wrecks,Maine to Georgia,38.84598,-74.83504
Wreck,Wreck,Wrecks,Maine to Georgia,38.86694,-74.38698
Wreck,Wreck,Wrecks,Maine to Georgia,38.86798,-74.38785
Wreck,Wreck,Wrecks,Maine to Georgia,38.87000,-75.15694
Wreck,Wreck,Wrecks,Maine to Georgia,38.87498,-74.41614
Wreck,Wreck,Wrecks,Maine to Georgia,38.88264,-74.79056
Wreck,Wreck,Wrecks,Maine to Georgia,38.88522,-74.67835
Wreck,Wreck,Wrecks,Maine to Georgia,38.88566,-74.78863
Wreck,Wreck,Wrecks,Maine to Georgia,38.88997,-75.09271
Wreck,Wreck,Wrecks,Maine to Georgia,38.89627,-74.66612
Wreck,Wreck,Wrecks,Maine to Georgia,38.90205,-74.85581
Wreck,Wreck,Wrecks,Maine to Georgia,38.90324,-74.81481
Wreck,Wreck,Wrecks,Maine to Georgia,38.90885,-74.75772
Wreck,Wreck,Wrecks,Maine to Georgia,38.91165,-73.88345
Wreck,Wreck,Wrecks,Maine to Georgia,38.91184,-74.52208
Wreck,Wreck,Wrecks,Maine to Georgia,38.92732,-74.75933
Wreck,Wreck,Wrecks,Maine to Georgia,38.94179,-74.69781
Wreck,Wreck,Wrecks,Maine to Georgia,38.94383,-74.69510
Wreck,Wreck,Wrecks,Maine to Georgia,38.94679,-75.20965
Wreck,Wreck,Wrecks,Maine to Georgia,38.94953,-75.17535
Wreck,Wreck,Wrecks,Maine to Georgia,38.99219,-74.70969
Wreck,Wreck,Wrecks,Maine to Georgia,38.99424,-74.54325
Wreck,Wreck,Wrecks,Maine to Georgia,38.99583,-75.11950
Wreck,Wreck,Wrecks,Maine to Georgia,39.00034,-74.16612
Wreck,Wreck,Wrecks,Maine to Georgia,39.00129,-74.16618
Wreck,Wreck,Wrecks,Maine to Georgia,39.00674,-74.08185
Wreck,Wreck,Wrecks,Maine to Georgia,39.00716,-74.08337
Wreck,Wreck,Wrecks,Maine to Georgia,39.01099,-75.12708
Wreck,Wreck,Wrecks,Maine to Georgia,39.02029,-74.65412
Wreck,Wreck,Wrecks,Maine to Georgia,39.02364,-75.13424
Wreck,Wreck,Wrecks,Maine to Georgia,39.02725,-74.67859
Wreck,Wreck,Wrecks,Maine to Georgia,39.03929,-75.21984
Wreck,Wreck,Wrecks,Maine to Georgia,39.04246,-75.10933
Wreck,Wreck,Wrecks,Maine to Georgia,39.04291,-74.66608
Wreck,Wreck,Wrecks,Maine to Georgia,39.05430,-74.68657
Wreck,Wreck,Wrecks,Maine to Georgia,39.05844,-74.65656
Wreck,Wreck,Wrecks,Maine to Georgia,39.06997,-74.67068
Wreck,Wreck,Wrecks,Maine to Georgia,39.07396,-74.63416
Wreck,Wreck,Wrecks,Maine to Georgia,39.08102,-75.21837
Wreck,Wreck,Wrecks,Maine to Georgia,39.08363,-74.62927
Wreck,Wreck,Wrecks,Maine to Georgia,39.11305,-74.54738
Wreck,Wreck,Wrecks,Maine to Georgia,39.11333,-74.54000
Wreck,Wreck,Wrecks,Maine to Georgia,39.11368,-74.60090
Wreck,Wreck,Wrecks,Maine to Georgia,39.12559,-74.58349
Wreck,Wreck,Wrecks,Maine to Georgia,39.16055,-74.48092
Wreck,Wreck,Wrecks,Maine to Georgia,39.17334,-73.34168
Wreck,Wreck,Wrecks,Maine to Georgia,39.20609,-74.49524
Wreck,Wreck,Wrecks,Maine to Georgia,39.21434,-74.51423
Wreck,Wreck,Wrecks,Maine to Georgia,39.22068,-74.28771
Wreck,Wreck,Wrecks,Maine to Georgia,39.22485,-74.44095
Wreck,Wreck,Wrecks,Maine to Georgia,39.23128,-74.53463
Wreck,Wreck,Wrecks,Maine to Georgia,39.23151,-74.36067
Wreck,Wreck,Wrecks,Maine to Georgia,39.24230,-74.40607
Wreck,Wreck,Wrecks,Maine to Georgia,39.24484,-74.38064
Wreck,Wreck,Wrecks,Maine to Georgia,39.24636,-74.15140
Wreck,Wreck,Wrecks,Maine to Georgia,39.24768,-74.15247
Wreck,Wreck,Wrecks,Maine to Georgia,39.26570,-74.41328
Wreck,Wreck,Wrecks,Maine to Georgia,39.29698,-74.41991
Wreck,Wreck,Wrecks,Maine to Georgia,39.30348,-74.26450
Wreck,Wreck,Wrecks,Maine to Georgia,39.30463,-74.36984
Wreck,Wreck,Wrecks,Maine to Georgia,39.31642,-74.36726
Wreck,Wreck,Wrecks,Maine to Georgia,39.32218,-74.21798
Wreck,Wreck,Wrecks,Maine to Georgia,39.32557,-74.29889
Wreck,Wreck,Wrecks,Maine to Georgia,39.32673,-74.21972
Wreck,Wreck,Wrecks,Maine to Georgia,39.32731,-74.41860
Wreck,Wreck,Wrecks,Maine to Georgia,39.33314,-74.22326
Wreck,Wreck,Wrecks,Maine to Georgia,39.33908,-74.18339
Wreck,Wreck,Wrecks,Maine to Georgia,39.35185,-74.16109
Wreck,Wreck,Wrecks,Maine to Georgia,39.35256,-74.28571
Wreck,Wreck,Wrecks,Maine to Georgia,39.35406,-74.21427
Wreck,Wreck,Wrecks,Maine to Georgia,39.35551,-74.19158
Wreck,Wreck,Wrecks,Maine to Georgia,39.36181,-74.32028
Wreck,Wreck,Wrecks,Maine to Georgia,39.39707,-74.30115
Wreck,Wreck,Wrecks,Maine to Georgia,39.39988,-74.12703
Wreck,Wreck,Wrecks,Maine to Georgia,39.40690,-74.28624
Wreck,Wreck,Wrecks,Maine to Georgia,39.41230,-74.23348
Wreck,Wreck,Wrecks,Maine to Georgia,39.42833,-74.23908
Wreck,Wreck,Wrecks,Maine to Georgia,39.43874,-74.13638
Wreck,Wreck,Wrecks,Maine to Georgia,39.43924,-72.83358
Wreck,Wreck,Wrecks,Maine to Georgia,39.44340,-74.22988
Wreck,Wreck,Wrecks,Maine to Georgia,39.45202,-74.21766
Wreck,Wreck,Wrecks,Maine to Georgia,39.45579,-74.20846
Wreck,Wreck,Wrecks,Maine to Georgia,39.46679,-74.03173
Wreck,Wreck,Wrecks,Maine to Georgia,39.46685,-74.03312
Wreck,Wreck,Wrecks,Maine to Georgia,39.49658,-74.13182
Wreck,Wreck,Wrecks,Maine to Georgia,39.50002,-73.99972
Wreck,Wreck,Wrecks,Maine to Georgia,39.52708,-74.08149
Wreck,Wreck,Wrecks,Maine to Georgia,39.52717,-74.08507
Wreck,Wreck,Wrecks,Maine to Georgia,39.54048,-73.04294
Wreck,Wreck,Wrecks,Maine to Georgia,39.55187,-74.11131
Wreck,Wreck,Wrecks,Maine to Georgia,39.55211,-74.09669
Wreck,Wreck,Wrecks,Maine to Georgia,39.55267,-74.15733
Wreck,Wreck,Wrecks,Maine to Georgia,39.55528,-74.09658
Wreck,Wreck,Wrecks,Maine to Georgia,39.58371,-74.12318
Wreck,Wreck,Wrecks,Maine to Georgia,39.58492,-74.13181
Wreck,Wreck,Wrecks,Maine to Georgia,39.60414,-73.02409
Wreck,Wreck,Wrecks,Maine to Georgia,39.60550,-74.11606
Wreck,Wreck,Wrecks,Maine to Georgia,39.60878,-74.17787
Wreck,Wreck,Wrecks,Maine to Georgia,39.63191,-73.99956
Wreck,Wreck,Wrecks,Maine to Georgia,39.64090,-73.05218
Wreck,Wreck,Wrecks,Maine to Georgia,39.64460,-74.05803
Wreck,Wreck,Wrecks,Maine to Georgia,39.64788,-73.91961
Wreck,Wreck,Wrecks,Maine to Georgia,39.64854,-73.92057
Wreck,Wreck,Wrecks,Maine to Georgia,39.65281,-72.42605
Wreck,Wreck,Wrecks,Maine to Georgia,39.65619,-73.94706
Wreck,Wreck,Wrecks,Maine to Georgia,39.65697,-73.21523
Wreck,Wreck,Wrecks,Maine to Georgia,39.65933,-73.94786
Wreck,Wreck,Wrecks,Maine to Georgia,39.66454,-72.57569
Wreck,Wreck,Wrecks,Maine to Georgia,39.70569,-74.00282
Wreck,Wreck,Wrecks,Maine to Georgia,39.73030,-73.94541
Wreck,Wreck,Wrecks,Maine to Georgia,39.73050,-73.94269
Wreck,Wreck,Wrecks,Maine to Georgia,39.73834,-74.01829
Wreck,Wreck,Wrecks,Maine to Georgia,39.74351,-74.06447
Wreck,Wreck,Wrecks,Maine to Georgia,39.76650,-73.98762
Wreck,Wreck,Wrecks,Maine to Georgia,39.78074,-73.42264
Wreck,Wreck,Wrecks,Maine to Georgia,39.78178,-73.99273
Wreck,Wreck,Wrecks,Maine to Georgia,39.78337,-72.81739
Wreck,Wreck,Wrecks,Maine to Georgia,39.78784,-73.92554
Wreck,Wreck,Wrecks,Maine to Georgia,39.79029,-73.92572
Wreck,Wreck,Wrecks,Maine to Georgia,39.79271,-73.99167
Wreck,Wreck,Wrecks,Maine to Georgia,39.79550,-73.99109
Wreck,Wreck,Wrecks,Maine to Georgia,39.80528,-73.92861
Wreck,Wreck,Wrecks,Maine to Georgia,39.80790,-72.75111
Wreck,Wreck,Wrecks,Maine to Georgia,39.81583,-72.81817
Wreck,Wreck,Wrecks,Maine to Georgia,39.82799,-73.83319
Wreck,Wreck,Wrecks,Maine to Georgia,39.82946,-73.83292
Wreck,Wreck,Wrecks,Maine to Georgia,39.83328,-72.88336
Wreck,Wreck,Wrecks,Maine to Georgia,39.84242,-73.98486
Wreck,Wreck,Wrecks,Maine to Georgia,39.84258,-73.35945
Wreck,Wreck,Wrecks,Maine to Georgia,39.84422,-73.97311
Wreck,Wreck,Wrecks,Maine to Georgia,39.85129,-73.19983
Wreck,Wreck,Wrecks,Maine to Georgia,39.87316,-73.99531
Wreck,Wreck,Wrecks,Maine to Georgia,39.87367,-74.00685
Wreck,Wreck,Wrecks,Maine to Georgia,39.88187,-72.64553
Wreck,Wreck,Wrecks,Maine to Georgia,39.88806,-73.97750
Wreck,Wreck,Wrecks,Maine to Georgia,39.88826,-73.97965
Wreck,Wreck,Wrecks,Maine to Georgia,39.89036,-73.89633
Wreck,Wreck,Wrecks,Maine to Georgia,39.89118,-73.89716
Wreck,Wreck,Wrecks,Maine to Georgia,39.89250,-73.97894
Wreck,Wreck,Wrecks,Maine to Georgia,39.89427,-73.88696
Wreck,Wreck,Wrecks,Maine to Georgia,39.89457,-73.88980
Wreck,Wreck,Wrecks,Maine to Georgia,39.89714,-73.80171
Wreck,Wreck,Wrecks,Maine to Georgia,39.89965,-73.79899
Wreck,Wreck,Wrecks,Maine to Georgia,39.90614,-73.28850
Wreck,Wreck,Wrecks,Maine to Georgia,39.91646,-73.53419
Wreck,Wreck,Wrecks,Maine to Georgia,39.94889,-73.91917
Wreck,Wreck,Wrecks,Maine to Georgia,39.96984,-73.93629
Wreck,Wreck,Wrecks,Maine to Georgia,40.00453,-73.66982
Wreck,Wreck,Wrecks,Maine to Georgia,40.00555,-73.66784
Wreck,Wreck,Wrecks,Maine to Georgia,40.02594,-73.98286
Wreck,Wreck,Wrecks,Maine to Georgia,40.02691,-73.52963
Wreck,Wreck,Wrecks,Maine to Georgia,40.03210,-73.97133
Wreck,Wreck,Wrecks,Maine to Georgia,40.03382,-73.96590
Wreck,Wreck,Wrecks,Maine to Georgia,40.06112,-74.00815
Wreck,Wreck,Wrecks,Maine to Georgia,40.07703,-73.97539
Wreck,Wreck,Wrecks,Maine to Georgia,40.10064,-73.63318
Wreck,Wreck,Wrecks,Maine to Georgia,40.10835,-73.67242
Wreck,Wreck,Wrecks,Maine to Georgia,40.10919,-73.96907
Wreck,Wreck,Wrecks,Maine to Georgia,40.11596,-73.95931
Wreck,Wreck,Wrecks,Maine to Georgia,40.11633,-73.94795
Wreck,Wreck,Wrecks,Maine to Georgia,40.11772,-73.59872
Wreck,Wreck,Wrecks,Maine to Georgia,40.12389,-73.93698
Wreck,Wreck,Wrecks,Maine to Georgia,40.13378,-73.20209
Wreck,Wreck,Wrecks,Maine to Georgia,40.13478,-73.36457
Wreck,Wreck,Wrecks,Maine to Georgia,40.13625,-73.36451
Wreck,Wreck,Wrecks,Maine to Georgia,40.14198,-73.97051
Wreck,Wreck,Wrecks,Maine to Georgia,40.14755,-73.93039
Wreck,Wreck,Wrecks,Maine to Georgia,40.14994,-73.80074
Wreck,Wreck,Wrecks,Maine to Georgia,40.15062,-73.79840
Wreck,Wreck,Wrecks,Maine to Georgia,40.15467,-72.37396
Wreck,Wreck,Wrecks,Maine to Georgia,40.17165,-73.97482
Wreck,Wreck,Wrecks,Maine to Georgia,40.17358,-73.68221
Wreck,Wreck,Wrecks,Maine to Georgia,40.17390,-73.68074
Wreck,Wreck,Wrecks,Maine to Georgia,40.17683,-73.98151
Wreck,Wreck,Wrecks,Maine to Georgia,40.18075,-73.14340
Wreck,Wreck,Wrecks,Maine to Georgia,40.19430,-73.94675
Wreck,Wreck,Wrecks,Maine to Georgia,40.20360,-73.98753
Wreck,Wreck,Wrecks,Maine to Georgia,40.21641,-73.74189
Wreck,Wreck,Wrecks,Maine to Georgia,40.21846,-73.74093
Wreck,Wreck,Wrecks,Maine to Georgia,40.22322,-73.67741
Wreck,Wreck,Wrecks,Maine to Georgia,40.22970,-73.83999
Wreck,Wreck,Wrecks,Maine to Georgia,40.25769,-73.77556
Wreck,Wreck,Wrecks,Maine to Georgia,40.26541,-73.79175
Wreck,Wreck,Wrecks,Maine to Georgia,40.26548,-73.79360
Wreck,Wreck,Wrecks,Maine to Georgia,40.26590,-73.81719
Wreck,Wreck,Wrecks,Maine to Georgia,40.26897,-73.94288
Wreck,Wreck,Wrecks,Maine to Georgia,40.27496,-73.18983
Wreck,Wreck,Wrecks,Maine to Georgia,40.27646,-73.31993
Wreck,Wreck,Wrecks,Maine to Georgia,40.27693,-73.77818
Wreck,Wreck,Wrecks,Maine to Georgia,40.28023,-73.79114
Wreck,Wreck,Wrecks,Maine to Georgia,40.29019,-73.37072
Wreck,Wreck,Wrecks,Maine to Georgia,40.29700,-73.79368
Wreck,Wreck,Wrecks,Maine to Georgia,40.29947,-73.81150
Wreck,Wreck,Wrecks,Maine to Georgia,40.31916,-73.53585
Wreck,Wreck,Wrecks,Maine to Georgia,40.32464,-73.95012
Wreck,Wreck,Wrecks,Maine to Georgia,40.33201,-73.85729
Wreck,Wreck,Wrecks,Maine to Georgia,40.33242,-73.27495
Wreck,Wreck,Wrecks,Maine to Georgia,40.33280,-73.92691
Wreck,Wreck,Wrecks,Maine to Georgia,40.33337,-73.29909
Wreck,Wreck,Wrecks,Maine to Georgia,40.33349,-73.27556
Wreck,Wreck,Wrecks,Maine to Georgia,40.33362,-73.85832
Wreck,Wreck,Wrecks,Maine to Georgia,40.33531,-73.81426
Wreck,Wreck,Wrecks,Maine to Georgia,40.33823,-73.69955
Wreck,Wreck,Wrecks,Maine to Georgia,40.34306,-73.86921
Wreck,Wreck,Wrecks,Maine to Georgia,40.34836,-73.76905
Wreck,Wreck,Wrecks,Maine to Georgia,40.34911,-73.83229
Wreck,Wreck,Wrecks,Maine to Georgia,40.34963,-73.83344
Wreck,Wreck,Wrecks,Maine to Georgia,40.34992,-73.83481
Wreck,Wreck,Wrecks,Maine to Georgia,40.36274,-73.82003
Wreck,Wreck,Wrecks,Maine to Georgia,40.37261,-73.91855
Wreck,Wreck,Wrecks,Maine to Georgia,40.38012,-71.41115
Wreck,Wreck,Wrecks,Maine to Georgia,40.38483,-73.60038
Wreck,Wreck,Wrecks,Maine to Georgia,40.38569,-73.94343
Wreck,Wreck,Wrecks,Maine to Georgia,40.41950,-74.00183
Wreck,Wreck,Wrecks,Maine to Georgia,40.42317,-73.76396
Wreck,Wreck,Wrecks,Maine to Georgia,40.42539,-73.87636
Wreck,Wreck,Wrecks,Maine to Georgia,40.43942,-73.89014
Wreck,Wreck,Wrecks,Maine to Georgia,40.44127,-74.00943
Wreck,Wreck,Wrecks,Maine to Georgia,40.44692,-73.93175
Wreck,Wreck,Wrecks,Maine to Georgia,40.44775,-73.93561
Wreck,Wreck,Wrecks,Maine to Georgia,40.44938,-71.83384
Wreck,Wreck,Wrecks,Maine to Georgia,40.45188,-73.84149
Wreck,Wreck,Wrecks,Maine to Georgia,40.45900,-73.93485
Wreck,Wreck,Wrecks,Maine to Georgia,40.46044,-73.88119
Wreck,Wreck,Wrecks,Maine to Georgia,40.46532,-74.04528
Wreck,Wreck,Wrecks,Maine to Georgia,40.46578,-73.14590
Wreck,Wreck,Wrecks,Maine to Georgia,40.46756,-73.92597
Wreck,Wreck,Wrecks,Maine to Georgia,40.46769,-74.12189
Wreck,Wreck,Wrecks,Maine to Georgia,40.46778,-73.65263
Wreck,Wreck,Wrecks,Maine to Georgia,40.47167,-73.65260
Wreck,Wreck,Wrecks,Maine to Georgia,40.47392,-73.90733
Wreck,Wreck,Wrecks,Maine to Georgia,40.47569,-73.65062
Wreck,Wreck,Wrecks,Maine to Georgia,40.47639,-73.97831
Wreck,Wreck,Wrecks,Maine to Georgia,40.48008,-74.13459
Wreck,Wreck,Wrecks,Maine to Georgia,40.48170,-74.13782
Wreck,Wreck,Wrecks,Maine to Georgia,40.48194,-73.91969
Wreck,Wreck,Wrecks,Maine to Georgia,40.48220,-73.57738
Wreck,Wreck,Wrecks,Maine to Georgia,40.48926,-74.13907
Wreck,Wreck,Wrecks,Maine to Georgia,40.49098,-74.10331
Wreck,Wreck,Wrecks,Maine to Georgia,40.49361,-73.54890
Wreck,Wreck,Wrecks,Maine to Georgia,40.49501,-74.07659
Wreck,Wreck,Wrecks,Maine to Georgia,40.50012,-73.99963
Wreck,Wreck,Wrecks,Maine to Georgia,40.50021,-73.49920
Wreck,Wreck,Wrecks,Maine to Georgia,40.50234,-74.13800
Wreck,Wreck,Wrecks,Maine to Georgia,40.50729,-74.08062
Wreck,Wreck,Wrecks,Maine to Georgia,40.50971,-74.11408
Wreck,Wreck,Wrecks,Maine to Georgia,40.51157,-73.57723
Wreck,Wreck,Wrecks,Maine to Georgia,40.51233,-74.10322
Wreck,Wreck,Wrecks,Maine to Georgia,40.51244,-74.10198
Wreck,Wreck,Wrecks,Maine to Georgia,40.51693,-73.55814
Wreck,Wreck,Wrecks,Maine to Georgia,40.51957,-74.08615
Wreck,Wreck,Wrecks,Maine to Georgia,40.52586,-73.76551
Wreck,Wreck,Wrecks,Maine to Georgia,40.53116,-73.98937
Wreck,Wreck,Wrecks,Maine to Georgia,40.53361,-73.99412
Wreck,Wreck,Wrecks,Maine to Georgia,40.53367,-73.56392
Wreck,Wreck,Wrecks,Maine to Georgia,40.53426,-73.84838
Wreck,Wreck,Wrecks,Maine to Georgia,40.53554,-73.55597
Wreck,Wreck,Wrecks,Maine to Georgia,40.53592,-73.68833
Wreck,Wreck,Wrecks,Maine to Georgia,40.53601,-73.71582
Wreck,Wreck,Wrecks,Maine to Georgia,40.53643,-74.06497
Wreck,Wreck,Wrecks,Maine to Georgia,40.53662,-73.71767
Wreck,Wreck,Wrecks,Maine to Georgia,40.54031,-73.67352
Wreck,Wreck,Wrecks,Maine to Georgia,40.54104,-73.04307
Wreck,Wreck,Wrecks,Maine to Georgia,40.54153,-73.53248
Wreck,Wreck,Wrecks,Maine to Georgia,40.54208,-73.98652
Wreck,Wreck,Wrecks,Maine to Georgia,40.54411,-73.88768
Wreck,Wreck,Wrecks,Maine to Georgia,40.54668,-74.04370
Wreck,Wreck,Wrecks,Maine to Georgia,40.54953,-73.98896
Wreck,Wreck,Wrecks,Maine to Georgia,40.54964,-74.04653
Wreck,Wreck,Wrecks,Maine to Georgia,40.55010,-73.89957
Wreck,Wreck,Wrecks,Maine to Georgia,40.55014,-73.89160
Wreck,Wreck,Wrecks,Maine to Georgia,40.55286,-74.01772
Wreck,Wreck,Wrecks,Maine to Georgia,40.55645,-73.82180
Wreck,Wreck,Wrecks,Maine to Georgia,40.55757,-73.96845
Wreck,Wreck,Wrecks,Maine to Georgia,40.55915,-73.82355
Wreck,Wreck,Wrecks,Maine to Georgia,40.56150,-74.00433
Wreck,Wreck,Wrecks,Maine to Georgia,40.56409,-73.95933
Wreck,Wreck,Wrecks,Maine to Georgia,40.56651,-73.72784
Wreck,Wreck,Wrecks,Maine to Georgia,40.56881,-72.11489
Wreck,Wreck,Wrecks,Maine to Georgia,40.57109,-73.53332
Wreck,Wreck,Wrecks,Maine to Georgia,40.57189,-73.90878
Wreck,Wreck,Wrecks,Maine to Georgia,40.57283,-74.04023
Wreck,Wreck,Wrecks,Maine to Georgia,40.57354,-73.57907
Wreck,Wreck,Wrecks,Maine to Georgia,40.57513,-73.58619
Wreck,Wreck,Wrecks,Maine to Georgia,40.57594,-73.90371
Wreck,Wreck,Wrecks,Maine to Georgia,40.57628,-74.04293
Wreck,Wreck,Wrecks,Maine to Georgia,40.57736,-74.04472
Wreck,Wreck,Wrecks,Maine to Georgia,40.58130,-74.06315
Wreck,Wreck,Wrecks,Maine to Georgia,40.58329,-73.39932
Wreck,Wreck,Wrecks,Maine to Georgia,40.58473,-74.05088
Wreck,Wreck,Wrecks,Maine to Georgia,40.58896,-74.01603
Wreck,Wreck,Wrecks,Maine to Georgia,40.59448,-73.19053
Wreck,Wreck,Wrecks,Maine to Georgia,40.59579,-73.19075
Wreck,Wreck,Wrecks,Maine to Georgia,40.60002,-70.10008
Wreck,Wreck,Wrecks,Maine to Georgia,40.60816,-72.69976
Wreck,Wreck,Wrecks,Maine to Georgia,40.60860,-71.70161
Wreck,Wreck,Wrecks,Maine to Georgia,40.61126,-72.70061
Wreck,Wreck,Wrecks,Maine to Georgia,40.61807,-73.08021
Wreck,Wreck,Wrecks,Maine to Georgia,40.68244,-69.51573
Wreck,Wreck,Wrecks,Maine to Georgia,40.68670,-70.38446
Wreck,Wreck,Wrecks,Maine to Georgia,40.73177,-72.78930
Wreck,Wreck,Wrecks,Maine to Georgia,40.74330,-72.74338
Wreck,Wreck,Wrecks,Maine to Georgia,40.74977,-69.31557
Wreck,Wreck,Wrecks,Maine to Georgia,40.76106,-72.72933
Wreck,Wreck,Wrecks,Maine to Georgia,40.76920,-70.10061
Wreck,Wreck,Wrecks,Maine to Georgia,40.80247,-72.47428
Wreck,Wreck,Wrecks,Maine to Georgia,40.81168,-72.49433
Wreck,Wreck,Wrecks,Maine to Georgia,40.82621,-70.49138
Wreck,Wreck,Wrecks,Maine to Georgia,40.82757,-73.71788
Wreck,Wreck,Wrecks,Maine to Georgia,40.83296,-73.78233
Wreck,Wreck,Wrecks,Maine to Georgia,40.83410,-70.11855
Wreck,Wreck,Wrecks,Maine to Georgia,40.83442,-73.79264
Wreck,Wreck,Wrecks,Maine to Georgia,40.84112,-73.76070
Wreck,Wreck,Wrecks,Maine to Georgia,40.84198,-73.76021
Wreck,Wreck,Wrecks,Maine to Georgia,40.84389,-73.79515
Wreck,Wreck,Wrecks,Maine to Georgia,40.85238,-73.75886
Wreck,Wreck,Wrecks,Maine to Georgia,40.85584,-73.78050
Wreck,Wreck,Wrecks,Maine to Georgia,40.86287,-73.76316
Wreck,Wreck,Wrecks,Maine to Georgia,40.86491,-73.76086
Wreck,Wreck,Wrecks,Maine to Georgia,40.87143,-73.73667
Wreck,Wreck,Wrecks,Maine to Georgia,40.87225,-73.74741
Wreck,Wreck,Wrecks,Maine to Georgia,40.87519,-73.74323
Wreck,Wreck,Wrecks,Maine to Georgia,40.87581,-73.69767
Wreck,Wreck,Wrecks,Maine to Georgia,40.87715,-73.74433
Wreck,Wreck,Wrecks,Maine to Georgia,40.87796,-73.73089
Wreck,Wreck,Wrecks,Maine to Georgia,40.87801,-73.71764
Wreck,Wreck,Wrecks,Maine to Georgia,40.87937,-70.51528
Wreck,Wreck,Wrecks,Maine to Georgia,40.87958,-73.75120
Wreck,Wreck,Wrecks,Maine to Georgia,40.88047,-73.74999
Wreck,Wreck,Wrecks,Maine to Georgia,40.88074,-73.74440
Wreck,Wreck,Wrecks,Maine to Georgia,40.88149,-73.75124
Wreck,Wreck,Wrecks,Maine to Georgia,40.88333,-73.74214
Wreck,Wreck,Wrecks,Maine to Georgia,40.88505,-73.74786
Wreck,Wreck,Wrecks,Maine to Georgia,40.88898,-73.74674
Wreck,Wreck,Wrecks,Maine to Georgia,40.89278,-73.74189
Wreck,Wreck,Wrecks,Maine to Georgia,40.89335,-73.74523
Wreck,Wreck,Wrecks,Maine to Georgia,40.89337,-73.72370
Wreck,Wreck,Wrecks,Maine to Georgia,40.89371,-73.73141
Wreck,Wreck,Wrecks,Maine to Georgia,40.89426,-73.73948
Wreck,Wreck,Wrecks,Maine to Georgia,40.89680,-73.71658
Wreck,Wreck,Wrecks,Maine to Georgia,40.89884,-73.65724
Wreck,Wreck,Wrecks,Maine to Georgia,40.89906,-73.71483
Wreck,Wreck,Wrecks,Maine to Georgia,40.90275,-73.65482
Wreck,Wreck,Wrecks,Maine to Georgia,40.90424,-73.70624
Wreck,Wreck,Wrecks,Maine to Georgia,40.90512,-73.64862
Wreck,Wreck,Wrecks,Maine to Georgia,40.90672,-73.69844
Wreck,Wreck,Wrecks,Maine to Georgia,40.90685,-73.71968
Wreck,Wreck,Wrecks,Maine to Georgia,40.90965,-73.72568
Wreck,Wreck,Wrecks,Maine to Georgia,40.91160,-73.38385
Wreck,Wreck,Wrecks,Maine to Georgia,40.91175,-73.42018
Wreck,Wreck,Wrecks,Maine to Georgia,40.91206,-73.41080
Wreck,Wreck,Wrecks,Maine to Georgia,40.91225,-73.64441
Wreck,Wreck,Wrecks,Maine to Georgia,40.91426,-73.38199
Wreck,Wreck,Wrecks,Maine to Georgia,40.91486,-73.39962
Wreck,Wreck,Wrecks,Maine to Georgia,40.91505,-73.65477
Wreck,Wreck,Wrecks,Maine to Georgia,40.91665,-71.96211
Wreck,Wreck,Wrecks,Maine to Georgia,40.91705,-71.95700
Wreck,Wreck,Wrecks,Maine to Georgia,40.91757,-73.64372
Wreck,Wreck,Wrecks,Maine to Georgia,40.91895,-73.39470
Wreck,Wreck,Wrecks,Maine to Georgia,40.91931,-73.37466
Wreck,Wreck,Wrecks,Maine to Georgia,40.91943,-73.38351
Wreck,Wreck,Wrecks,Maine to Georgia,40.91976,-73.39375
Wreck,Wreck,Wrecks,Maine to Georgia,40.92111,-73.69466
Wreck,Wreck,Wrecks,Maine to Georgia,40.92298,-73.41851
Wreck,Wreck,Wrecks,Maine to Georgia,40.92346,-71.70979
Wreck,Wreck,Wrecks,Maine to Georgia,40.92436,-71.71105
Wreck,Wreck,Wrecks,Maine to Georgia,40.92946,-73.21799
Wreck,Wreck,Wrecks,Maine to Georgia,40.93028,-73.62531
Wreck,Wreck,Wrecks,Maine to Georgia,40.93121,-73.60366
Wreck,Wreck,Wrecks,Maine to Georgia,40.93145,-69.32416
Wreck,Wreck,Wrecks,Maine to Georgia,40.93197,-70.43424
Wreck,Wreck,Wrecks,Maine to Georgia,40.93212,-73.61625
Wreck,Wreck,Wrecks,Maine to Georgia,40.93294,-73.52315
Wreck,Wreck,Wrecks,Maine to Georgia,40.93377,-73.17760
Wreck,Wreck,Wrecks,Maine to Georgia,40.93645,-73.62768
Wreck,Wreck,Wrecks,Maine to Georgia,40.93912,-73.64212
Wreck,Wreck,Wrecks,Maine to Georgia,40.94055,-73.42562
Wreck,Wreck,Wrecks,Maine to Georgia,40.94150,-73.43092
Wreck,Wreck,Wrecks,Maine to Georgia,40.94229,-73.43916
Wreck,Wreck,Wrecks,Maine to Georgia,40.94540,-73.41855
Wreck,Wreck,Wrecks,Maine to Georgia,40.94573,-73.42341
Wreck,Wreck,Wrecks,Maine to Georgia,40.94610,-73.53932
Wreck,Wreck,Wrecks,Maine to Georgia,40.94717,-73.60310
Wreck,Wreck,Wrecks,Maine to Georgia,40.94771,-73.42376
Wreck,Wreck,Wrecks,Maine to Georgia,40.94777,-73.46640
Wreck,Wreck,Wrecks,Maine to Georgia,40.94816,-73.46533
Wreck,Wreck,Wrecks,Maine to Georgia,40.94965,-73.62797
Wreck,Wreck,Wrecks,Maine to Georgia,40.95056,-73.45135
Wreck,Wreck,Wrecks,Maine to Georgia,40.95575,-73.61560
Wreck,Wreck,Wrecks,Maine to Georgia,40.95631,-73.62441
Wreck,Wreck,Wrecks,Maine to Georgia,40.95633,-73.45683
Wreck,Wreck,Wrecks,Maine to Georgia,40.95871,-73.52704
Wreck,Wreck,Wrecks,Maine to Georgia,40.95896,-73.43752
Wreck,Wreck,Wrecks,Maine to Georgia,40.96163,-73.43554
Wreck,Wreck,Wrecks,Maine to Georgia,40.96588,-73.53745
Wreck,Wreck,Wrecks,Maine to Georgia,40.96602,-73.48234
Wreck,Wreck,Wrecks,Maine to Georgia,40.96751,-73.50826
Wreck,Wreck,Wrecks,Maine to Georgia,40.96939,-73.53449
Wreck,Wreck,Wrecks,Maine to Georgia,40.96949,-73.28130
Wreck,Wreck,Wrecks,Maine to Georgia,40.97115,-73.48647
Wreck,Wreck,Wrecks,Maine to Georgia,40.97273,-73.56499
Wreck,Wreck,Wrecks,Maine to Georgia,40.97413,-73.52096
Wreck,Wreck,Wrecks,Maine to Georgia,40.97505,-73.26062
Wreck,Wreck,Wrecks,Maine to Georgia,40.97609,-73.57267
Wreck,Wreck,Wrecks,Maine to Georgia,40.97657,-73.49836
Wreck,Wreck,Wrecks,Maine to Georgia,40.97665,-73.57548
Wreck,Wreck,Wrecks,Maine to Georgia,40.97720,-73.51859
Wreck,Wreck,Wrecks,Maine to Georgia,40.98092,-73.50563
Wreck,Wreck,Wrecks,Maine to Georgia,40.98109,-73.09708
Wreck,Wreck,Wrecks,Maine to Georgia,40.98203,-73.42663
Wreck,Wreck,Wrecks,Maine to Georgia,40.98222,-70.59980
Wreck,Wreck,Wrecks,Maine to Georgia,40.98315,-73.43137
Wreck,Wreck,Wrecks,Maine to Georgia,40.98360,-73.41907
Wreck,Wreck,Wrecks,Maine to Georgia,40.98366,-71.89124
Wreck,Wreck,Wrecks,Maine to Georgia,40.98375,-73.46401
Wreck,Wreck,Wrecks,Maine to Georgia,40.98428,-73.49678
Wreck,Wreck,Wrecks,Maine to Georgia,40.98486,-73.40919
Wreck,Wreck,Wrecks,Maine to Georgia,40.98623,-73.53775
Wreck,Wreck,Wrecks,Maine to Georgia,40.98759,-73.43411
Wreck,Wreck,Wrecks,Maine to Georgia,40.98793,-73.40910
Wreck,Wreck,Wrecks,Maine to Georgia,40.98850,-73.44333
Wreck,Wreck,Wrecks,Maine to Georgia,40.98958,-73.41932
Wreck,Wreck,Wrecks,Maine to Georgia,40.98978,-73.45069
Wreck,Wreck,Wrecks,Maine to Georgia,40.99026,-73.43311
Wreck,Wreck,Wrecks,Maine to Georgia,40.99059,-73.45268
Wreck,Wreck,Wrecks,Maine to Georgia,40.99081,-73.44282
Wreck,Wreck,Wrecks,Maine to Georgia,40.99112,-73.51656
Wreck,Wreck,Wrecks,Maine to Georgia,40.99112,-73.43739
Wreck,Wreck,Wrecks,Maine to Georgia,40.99122,-73.41287
Wreck,Wreck,Wrecks,Maine to Georgia,40.99125,-73.45493
Wreck,Wreck,Wrecks,Maine to Georgia,40.99144,-73.44484
Wreck,Wreck,Wrecks,Maine to Georgia,40.99155,-73.41808
Wreck,Wreck,Wrecks,Maine to Georgia,40.99163,-73.40900
Wreck,Wreck,Wrecks,Maine to Georgia,40.99335,-73.23632
Wreck,Wreck,Wrecks,Maine to Georgia,40.99337,-73.55506
Wreck,Wreck,Wrecks,Maine to Georgia,40.99338,-73.40619
Wreck,Wreck,Wrecks,Maine to Georgia,40.99369,-73.43450
Wreck,Wreck,Wrecks,Maine to Georgia,40.99410,-73.41886
Wreck,Wreck,Wrecks,Maine to Georgia,40.99422,-73.42956
Wreck,Wreck,Wrecks,Maine to Georgia,40.99436,-73.43269
Wreck,Wreck,Wrecks,Maine to Georgia,40.99458,-73.41383
Wreck,Wreck,Wrecks,Maine to Georgia,40.99483,-73.40814
Wreck,Wreck,Wrecks,Maine to Georgia,40.99549,-73.40501
Wreck,Wreck,Wrecks,Maine to Georgia,40.99553,-73.42658
Wreck,Wreck,Wrecks,Maine to Georgia,40.99647,-73.57610
Wreck,Wreck,Wrecks,Maine to Georgia,40.99659,-73.42106
Wreck,Wreck,Wrecks,Maine to Georgia,40.99669,-73.45403
Wreck,Wreck,Wrecks,Maine to Georgia,40.99673,-73.43349
Wreck,Wreck,Wrecks,Maine to Georgia,40.99682,-73.44985
Wreck,Wreck,Wrecks,Maine to Georgia,40.99724,-73.42820
Wreck,Wreck,Wrecks,Maine to Georgia,40.99750,-73.44150
Wreck,Wreck,Wrecks,Maine to Georgia,40.99775,-73.43742
Wreck,Wreck,Wrecks,Maine to Georgia,40.99775,-73.43017
Wreck,Wreck,Wrecks,Maine to Georgia,40.99779,-73.40692
Wreck,Wreck,Wrecks,Maine to Georgia,40.99792,-73.41411
Wreck,Wreck,Wrecks,Maine to Georgia,40.99939,-73.41972
Wreck,Wreck,Wrecks,Maine to Georgia,40.99950,-73.42764
Wreck,Wreck,Wrecks,Maine to Georgia,40.99983,-73.43500
Wreck,Wreck,Wrecks,Maine to Georgia,41.00013,-70.18279
Wreck,Wreck,Wrecks,Maine to Georgia,41.00062,-73.42230
Wreck,Wreck,Wrecks,Maine to Georgia,41.00096,-73.41526
Wreck,Wreck,Wrecks,Maine to Georgia,41.00128,-73.43564
Wreck,Wreck,Wrecks,Maine to Georgia,41.00129,-73.40649
Wreck,Wreck,Wrecks,Maine to Georgia,41.00134,-73.25053
Wreck,Wreck,Wrecks,Maine to Georgia,41.00153,-73.41118
Wreck,Wreck,Wrecks,Maine to Georgia,41.00167,-73.53333
Wreck,Wreck,Wrecks,Maine to Georgia,41.00168,-73.43958
Wreck,Wreck,Wrecks,Maine to Georgia,41.00193,-73.37274
Wreck,Wreck,Wrecks,Maine to Georgia,41.00294,-73.41803
Wreck,Wreck,Wrecks,Maine to Georgia,41.00340,-73.44160
Wreck,Wreck,Wrecks,Maine to Georgia,41.00363,-73.40264
Wreck,Wreck,Wrecks,Maine to Georgia,41.00399,-73.39891
Wreck,Wreck,Wrecks,Maine to Georgia,41.00456,-73.39311
Wreck,Wreck,Wrecks,Maine to Georgia,41.00498,-73.43286
Wreck,Wreck,Wrecks,Maine to Georgia,41.00503,-73.37894
Wreck,Wreck,Wrecks,Maine to Georgia,41.00542,-73.38547
Wreck,Wreck,Wrecks,Maine to Georgia,41.00594,-73.39744
Wreck,Wreck,Wrecks,Maine to Georgia,41.00690,-73.37617
Wreck,Wreck,Wrecks,Maine to Georgia,41.00727,-72.75948
Wreck,Wreck,Wrecks,Maine to Georgia,41.00734,-73.48256
Wreck,Wreck,Wrecks,Maine to Georgia,41.00760,-73.10611
Wreck,Wreck,Wrecks,Maine to Georgia,41.00910,-73.11469
Wreck,Wreck,Wrecks,Maine to Georgia,41.00936,-73.39322
Wreck,Wreck,Wrecks,Maine to Georgia,41.00958,-70.13494
Wreck,Wreck,Wrecks,Maine to Georgia,41.00965,-73.52381
Wreck,Wreck,Wrecks,Maine to Georgia,41.01053,-72.97239
Wreck,Wreck,Wrecks,Maine to Georgia,41.01086,-73.42320
Wreck,Wreck,Wrecks,Maine to Georgia,41.01167,-73.10146
Wreck,Wreck,Wrecks,Maine to Georgia,41.01258,-73.39531
Wreck,Wreck,Wrecks,Maine to Georgia,41.01799,-73.41447
Wreck,Wreck,Wrecks,Maine to Georgia,41.02256,-73.45342
Wreck,Wreck,Wrecks,Maine to Georgia,41.02304,-73.18600
Wreck,Wreck,Wrecks,Maine to Georgia,41.02559,-73.11809
Wreck,Wreck,Wrecks,Maine to Georgia,41.02826,-73.46237
Wreck,Wreck,Wrecks,Maine to Georgia,41.02873,-73.27653
Wreck,Wreck,Wrecks,Maine to Georgia,41.02914,-73.17503
Wreck,Wreck,Wrecks,Maine to Georgia,41.02972,-73.17156
Wreck,Wreck,Wrecks,Maine to Georgia,41.03019,-73.41026
Wreck,Wreck,Wrecks,Maine to Georgia,41.03183,-73.46600
Wreck,Wreck,Wrecks,Maine to Georgia,41.03621,-73.36425
Wreck,Wreck,Wrecks,Maine to Georgia,41.03843,-73.27502
Wreck,Wreck,Wrecks,Maine to Georgia,41.04016,-73.46665
Wreck,Wreck,Wrecks,Maine to Georgia,41.04023,-73.30679
Wreck,Wreck,Wrecks,Maine to Georgia,41.04251,-73.13059
Wreck,Wreck,Wrecks,Maine to Georgia,41.04364,-73.07275
Wreck,Wreck,Wrecks,Maine to Georgia,41.05003,-70.36781
Wreck,Wreck,Wrecks,Maine to Georgia,41.05268,-73.29736
Wreck,Wreck,Wrecks,Maine to Georgia,41.05706,-73.16739
Wreck,Wreck,Wrecks,Maine to Georgia,41.06085,-73.31602
Wreck,Wreck,Wrecks,Maine to Georgia,41.06472,-72.96153
Wreck,Wreck,Wrecks,Maine to Georgia,41.06895,-71.81887
Wreck,Wreck,Wrecks,Maine to Georgia,41.07253,-73.34191
Wreck,Wreck,Wrecks,Maine to Georgia,41.07390,-72.79265
Wreck,Wreck,Wrecks,Maine to Georgia,41.07593,-73.22399
Wreck,Wreck,Wrecks,Maine to Georgia,41.07764,-73.09813
Wreck,Wreck,Wrecks,Maine to Georgia,41.07905,-73.30709
Wreck,Wreck,Wrecks,Maine to Georgia,41.07907,-73.11235
Wreck,Wreck,Wrecks,Maine to Georgia,41.08398,-73.32404
Wreck,Wreck,Wrecks,Maine to Georgia,41.08704,-73.10828
Wreck,Wreck,Wrecks,Maine to Georgia,41.08759,-73.32067
Wreck,Wreck,Wrecks,Maine to Georgia,41.08993,-72.94935
Wreck,Wreck,Wrecks,Maine to Georgia,41.09762,-71.77439
Wreck,Wreck,Wrecks,Maine to Georgia,41.09821,-71.71872
Wreck,Wreck,Wrecks,Maine to Georgia,41.09985,-72.99223
Wreck,Wreck,Wrecks,Maine to Georgia,41.10037,-71.78187
Wreck,Wreck,Wrecks,Maine to Georgia,41.10052,-73.23730
Wreck,Wreck,Wrecks,Maine to Georgia,41.10281,-71.94622
Wreck,Wreck,Wrecks,Maine to Georgia,41.10642,-73.22981
Wreck,Wreck,Wrecks,Maine to Georgia,41.10953,-71.89463
Wreck,Wreck,Wrecks,Maine to Georgia,41.11255,-72.53586
Wreck,Wreck,Wrecks,Maine to Georgia,41.11929,-71.97081
Wreck,Wreck,Wrecks,Maine to Georgia,41.11969,-72.76958
Wreck,Wreck,Wrecks,Maine to Georgia,41.12110,-72.38363
Wreck,Wreck,Wrecks,Maine to Georgia,41.12336,-73.09841
Wreck,Wreck,Wrecks,Maine to Georgia,41.12484,-73.03604
Wreck,Wreck,Wrecks,Maine to Georgia,41.12601,-72.78649
Wreck,Wreck,Wrecks,Maine to Georgia,41.13068,-73.21245
Wreck,Wreck,Wrecks,Maine to Georgia,41.13413,-70.60216
Wreck,Wreck,Wrecks,Maine to Georgia,41.13438,-70.33329
Wreck,Wreck,Wrecks,Maine to Georgia,41.13668,-73.21983
Wreck,Wreck,Wrecks,Maine to Georgia,41.13894,-73.14404
Wreck,Wreck,Wrecks,Maine to Georgia,41.14341,-72.43238
Wreck,Wreck,Wrecks,Maine to Georgia,41.14573,-70.37052
Wreck,Wreck,Wrecks,Maine to Georgia,41.14669,-70.36822
Wreck,Wreck,Wrecks,Maine to Georgia,41.15866,-72.73894
Wreck,Wreck,Wrecks,Maine to Georgia,41.16082,-72.83874
Wreck,Wreck,Wrecks,Maine to Georgia,41.16307,-72.84817
Wreck,Wreck,Wrecks,Maine to Georgia,41.16364,-72.87819
Wreck,Wreck,Wrecks,Maine to Georgia,41.16628,-71.83536
Wreck,Wreck,Wrecks,Maine to Georgia,41.16653,-72.41788
Wreck,Wreck,Wrecks,Maine to Georgia,41.16754,-72.41819
Wreck,Wreck,Wrecks,Maine to Georgia,41.16827,-72.24375
Wreck,Wreck,Wrecks,Maine to Georgia,41.17182,-73.02865
Wreck,Wreck,Wrecks,Maine to Georgia,41.17472,-72.42546
Wreck,Wreck,Wrecks,Maine to Georgia,41.18109,-72.86378
Wreck,Wreck,Wrecks,Maine to Georgia,41.18176,-72.60863
Wreck,Wreck,Wrecks,Maine to Georgia,41.18219,-69.22001
Wreck,Wreck,Wrecks,Maine to Georgia,41.19160,-71.95775
Wreck,Wreck,Wrecks,Maine to Georgia,41.19180,-72.19535
Wreck,Wreck,Wrecks,Maine to Georgia,41.19501,-72.91553
Wreck,Wreck,Wrecks,Maine to Georgia,41.19807,-72.93854
Wreck,Wreck,Wrecks,Maine to Georgia,41.20104,-72.54578
Wreck,Wreck,Wrecks,Maine to Georgia,41.21099,-72.86339
Wreck,Wreck,Wrecks,Maine to Georgia,41.21343,-72.29342
Wreck,Wreck,Wrecks,Maine to Georgia,41.21578,-69.61446
Wreck,Wreck,Wrecks,Maine to Georgia,41.22102,-72.41178
Wreck,Wreck,Wrecks,Maine to Georgia,41.22145,-72.05549
Wreck,Wreck,Wrecks,Maine to Georgia,41.22209,-70.48164
Wreck,Wreck,Wrecks,Maine to Georgia,41.22567,-72.34092
Wreck,Wreck,Wrecks,Maine to Georgia,41.23171,-72.34824
Wreck,Wreck,Wrecks,Maine to Georgia,41.23297,-72.77061
Wreck,Wreck,Wrecks,Maine to Georgia,41.23599,-72.53588
Wreck,Wreck,Wrecks,Maine to Georgia,41.23898,-72.42264
Wreck,Wreck,Wrecks,Maine to Georgia,41.24316,-72.50719
Wreck,Wreck,Wrecks,Maine to Georgia,41.24324,-72.36686
Wreck,Wreck,Wrecks,Maine to Georgia,41.24415,-72.38389
Wreck,Wreck,Wrecks,Maine to Georgia,41.24429,-69.56260
Wreck,Wreck,Wrecks,Maine to Georgia,41.24497,-72.26311
Wreck,Wreck,Wrecks,Maine to Georgia,41.24810,-71.86453
Wreck,Wreck,Wrecks,Maine to Georgia,41.25101,-68.97545
Wreck,Wreck,Wrecks,Maine to Georgia,41.25457,-72.19975
Wreck,Wreck,Wrecks,Maine to Georgia,41.25602,-72.38045
Wreck,Wreck,Wrecks,Maine to Georgia,41.26097,-69.07869
Wreck,Wreck,Wrecks,Maine to Georgia,41.26109,-71.85034
Wreck,Wreck,Wrecks,Maine to Georgia,41.26205,-72.34467
Wreck,Wreck,Wrecks,Maine to Georgia,41.26562,-72.08816
Wreck,Wreck,Wrecks,Maine to Georgia,41.26648,-71.82121
Wreck,Wreck,Wrecks,Maine to Georgia,41.26654,-71.77341
Wreck,Wreck,Wrecks,Maine to Georgia,41.26817,-71.90039
Wreck,Wreck,Wrecks,Maine to Georgia,41.27086,-70.43798
Wreck,Wreck,Wrecks,Maine to Georgia,41.27159,-70.33785
Wreck,Wreck,Wrecks,Maine to Georgia,41.27236,-72.26950
Wreck,Wreck,Wrecks,Maine to Georgia,41.27644,-71.76817
Wreck,Wreck,Wrecks,Maine to Georgia,41.27848,-68.95146
Wreck,Wreck,Wrecks,Maine to Georgia,41.28517,-72.03179
Wreck,Wreck,Wrecks,Maine to Georgia,41.28537,-72.03660
Wreck,Wreck,Wrecks,Maine to Georgia,41.28663,-72.03095
Wreck,Wreck,Wrecks,Maine to Georgia,41.28682,-72.02945
Wreck,Wreck,Wrecks,Maine to Georgia,41.28772,-71.77076
Wreck,Wreck,Wrecks,Maine to Georgia,41.28775,-72.03605
Wreck,Wreck,Wrecks,Maine to Georgia,41.29064,-71.99991
Wreck,Wreck,Wrecks,Maine to Georgia,41.29199,-71.90054
Wreck,Wreck,Wrecks,Maine to Georgia,41.29588,-71.86494
Wreck,Wreck,Wrecks,Maine to Georgia,41.29611,-71.76036
Wreck,Wreck,Wrecks,Maine to Georgia,41.29637,-72.01738
Wreck,Wreck,Wrecks,Maine to Georgia,41.29864,-71.98658
Wreck,Wreck,Wrecks,Maine to Georgia,41.30013,-71.88283
Wreck,Wreck,Wrecks,Maine to Georgia,41.30015,-69.29043
Wreck,Wreck,Wrecks,Maine to Georgia,41.30065,-71.88643
Wreck,Wreck,Wrecks,Maine to Georgia,41.30695,-71.95893
Wreck,Wreck,Wrecks,Maine to Georgia,41.31183,-70.11340
Wreck,Wreck,Wrecks,Maine to Georgia,41.33240,-69.22171
Wreck,Wreck,Wrecks,Maine to Georgia,41.33655,-69.74778
Wreck,Wreck,Wrecks,Maine to Georgia,41.33790,-69.75074
Wreck,Wreck,Wrecks,Maine to Georgia,41.33806,-68.71055
Wreck,Wreck,Wrecks,Maine to Georgia,41.33841,-70.43278
Wreck,Wreck,Wrecks,Maine to Georgia,41.34880,-69.26566
Wreck,Wreck,Wrecks,Maine to Georgia,41.35045,-68.68272
Wreck,Wreck,Wrecks,Maine to Georgia,41.36329,-69.15486
Wreck,Wreck,Wrecks,Maine to Georgia,41.36829,-68.94557
Wreck,Wreck,Wrecks,Maine to Georgia,41.37092,-70.15281
Wreck,Wreck,Wrecks,Maine to Georgia,41.37336,-69.93940
Wreck,Wreck,Wrecks,Maine to Georgia,41.38019,-69.37419
Wreck,Wreck,Wrecks,Maine to Georgia,41.38059,-69.42457
Wreck,Wreck,Wrecks,Maine to Georgia,41.39964,-68.68384
Wreck,Wreck,Wrecks,Maine to Georgia,41.39969,-69.92500
Wreck,Wreck,Wrecks,Maine to Georgia,41.39998,-69.90000
Wreck,Wreck,Wrecks,Maine to Georgia,41.40276,-70.16469
Wreck,Wreck,Wrecks,Maine to Georgia,41.40429,-70.21612
Wreck,Wreck,Wrecks,Maine to Georgia,41.40844,-70.25786
Wreck,Wreck,Wrecks,Maine to Georgia,41.41667,-69.36667
Wreck,Wreck,Wrecks,Maine to Georgia,41.44495,-70.20298
Wreck,Wreck,Wrecks,Maine to Georgia,41.45224,-70.30137
Wreck,Wreck,Wrecks,Maine to Georgia,41.45386,-70.24452
Wreck,Wreck,Wrecks,Maine to Georgia,41.45727,-69.42461
Wreck,Wreck,Wrecks,Maine to Georgia,41.45795,-69.39022
Wreck,Wreck,Wrecks,Maine to Georgia,41.46129,-70.43518
Wreck,Wreck,Wrecks,Maine to Georgia,41.46556,-69.24797
Wreck,Wreck,Wrecks,Maine to Georgia,41.46837,-69.34726
Wreck,Wreck,Wrecks,Maine to Georgia,41.47264,-70.48350
Wreck,Wreck,Wrecks,Maine to Georgia,41.47453,-70.44958
Wreck,Wreck,Wrecks,Maine to Georgia,41.47956,-70.53384
Wreck,Wreck,Wrecks,Maine to Georgia,41.49034,-68.86689
Wreck,Wreck,Wrecks,Maine to Georgia,41.49395,-70.02976
Wreck,Wreck,Wrecks,Maine to Georgia,41.49671,-70.55361
Wreck,Wreck,Wrecks,Maine to Georgia,41.50165,-70.62502
Wreck,Wreck,Wrecks,Maine to Georgia,41.51483,-69.96943
Wreck,Wreck,Wrecks,Maine to Georgia,41.51687,-70.63281
Wreck,Wreck,Wrecks,Maine to Georgia,41.51771,-70.00514
Wreck,Wreck,Wrecks,Maine to Georgia,41.52279,-69.99226
Wreck,Wreck,Wrecks,Maine to Georgia,41.52374,-70.00209
Wreck,Wreck,Wrecks,Maine to Georgia,41.52757,-69.98447
Wreck,Wreck,Wrecks,Maine to Georgia,41.52764,-70.56671
Wreck,Wreck,Wrecks,Maine to Georgia,41.53508,-70.01280
Wreck,Wreck,Wrecks,Maine to Georgia,41.53550,-70.60154
Wreck,Wreck,Wrecks,Maine to Georgia,41.54603,-69.94602
Wreck,Wreck,Wrecks,Maine to Georgia,41.54839,-69.46288
Wreck,Wreck,Wrecks,Maine to Georgia,41.54947,-69.97967
Wreck,Wreck,Wrecks,Maine to Georgia,41.55019,-69.96283
Wreck,Wreck,Wrecks,Maine to Georgia,41.55275,-69.90251
Wreck,Wreck,Wrecks,Maine to Georgia,41.55556,-69.90441
Wreck,Wreck,Wrecks,Maine to Georgia,41.56166,-69.90254
Wreck,Wreck,Wrecks,Maine to Georgia,41.57000,-69.94329
Wreck,Wreck,Wrecks,Maine to Georgia,41.57755,-70.69943
Wreck,Wreck,Wrecks,Maine to Georgia,41.58282,-69.37844
Wreck,Wreck,Wrecks,Maine to Georgia,41.58587,-69.96203
Wreck,Wreck,Wrecks,Maine to Georgia,41.58880,-70.66690
Wreck,Wreck,Wrecks,Maine to Georgia,41.58946,-70.26805
Wreck,Wreck,Wrecks,Maine to Georgia,41.59055,-69.87517
Wreck,Wreck,Wrecks,Maine to Georgia,41.59851,-68.98331
Wreck,Wreck,Wrecks,Maine to Georgia,41.59867,-69.20000
Wreck,Wreck,Wrecks,Maine to Georgia,41.60113,-69.78622
Wreck,Wreck,Wrecks,Maine to Georgia,41.63215,-69.76582
Wreck,Wreck,Wrecks,Maine to Georgia,41.63308,-69.76712
Wreck,Wreck,Wrecks,Maine to Georgia,41.63673,-69.91305
Wreck,Wreck,Wrecks,Maine to Georgia,41.63979,-69.15669
Wreck,Wreck,Wrecks,Maine to Georgia,41.64025,-69.80040
Wreck,Wreck,Wrecks,Maine to Georgia,41.64184,-69.79977
Wreck,Wreck,Wrecks,Maine to Georgia,41.66818,-69.91508
Wreck,Wreck,Wrecks,Maine to Georgia,41.68278,-68.94855
Wreck,Wreck,Wrecks,Maine to Georgia,41.68428,-69.05424
Wreck,Wreck,Wrecks,Maine to Georgia,41.69932,-69.09916
Wreck,Wreck,Wrecks,Maine to Georgia,41.72009,-70.70789
Wreck,Wreck,Wrecks,Maine to Georgia,41.77539,-69.69202
Wreck,Wreck,Wrecks,Maine to Georgia,41.81182,-70.37540
Wreck,Wreck,Wrecks,Maine to Georgia,41.82389,-70.15718
Wreck,Wreck,Wrecks,Maine to Georgia,41.82514,-70.18287
Wreck,Wreck,Wrecks,Maine to Georgia,41.82828,-69.88001
Wreck,Wreck,Wrecks,Maine to Georgia,41.82886,-69.87899
Wreck,Wreck,Wrecks,Maine to Georgia,41.83018,-70.14236
Wreck,Wreck,Wrecks,Maine to Georgia,41.83134,-70.04363
Wreck,Wreck,Wrecks,Maine to Georgia,41.83323,-70.49950
Wreck,Wreck,Wrecks,Maine to Georgia,41.86650,-69.78453
Wreck,Wreck,Wrecks,Maine to Georgia,41.89963,-70.36492
Wreck,Wreck,Wrecks,Maine to Georgia,41.90680,-70.26652
Wreck,Wreck,Wrecks,Maine to Georgia,41.90747,-70.49297
Wreck,Wreck,Wrecks,Maine to Georgia,41.90767,-70.26594
Wreck,Wreck,Wrecks,Maine to Georgia,41.91015,-69.87980
Wreck,Wreck,Wrecks,Maine to Georgia,41.91384,-70.50632
Wreck,Wreck,Wrecks,Maine to Georgia,41.91512,-70.38259
Wreck,Wreck,Wrecks,Maine to Georgia,41.91522,-70.50549
Wreck,Wreck,Wrecks,Maine to Georgia,41.91749,-70.44408
Wreck,Wreck,Wrecks,Maine to Georgia,41.91770,-70.44517
Wreck,Wreck,Wrecks,Maine to Georgia,41.93688,-70.31382
Wreck,Wreck,Wrecks,Maine to Georgia,41.93750,-70.12050
Wreck,Wreck,Wrecks,Maine to Georgia,41.93777,-70.49127
Wreck,Wreck,Wrecks,Maine to Georgia,41.94617,-70.48992
Wreck,Wreck,Wrecks,Maine to Georgia,41.97360,-68.93979
Wreck,Wreck,Wrecks,Maine to Georgia,42.00602,-70.59006
Wreck,Wreck,Wrecks,Maine to Georgia,42.00844,-70.18947
Wreck,Wreck,Wrecks,Maine to Georgia,42.00991,-70.53175
Wreck,Wreck,Wrecks,Maine to Georgia,42.01707,-70.30282
Wreck,Wreck,Wrecks,Maine to Georgia,42.03224,-69.93396
Wreck,Wreck,Wrecks,Maine to Georgia,42.03782,-70.00946
Wreck,Wreck,Wrecks,Maine to Georgia,42.04010,-70.01075
Wreck,Wreck,Wrecks,Maine to Georgia,42.04168,-69.74839
Wreck,Wreck,Wrecks,Maine to Georgia,42.04603,-70.49389
Wreck,Wreck,Wrecks,Maine to Georgia,42.04847,-70.25983
Wreck,Wreck,Wrecks,Maine to Georgia,42.04898,-69.83340
Wreck,Wreck,Wrecks,Maine to Georgia,42.05011,-70.24951
Wreck,Wreck,Wrecks,Maine to Georgia,42.05177,-70.15114
Wreck,Wreck,Wrecks,Maine to Georgia,42.05561,-70.48161
Wreck,Wreck,Wrecks,Maine to Georgia,42.05653,-70.48488
Wreck,Wreck,Wrecks,Maine to Georgia,42.05929,-69.89767
Wreck,Wreck,Wrecks,Maine to Georgia,42.06183,-69.93331
Wreck,Wreck,Wrecks,Maine to Georgia,42.06270,-69.93210
Wreck,Wreck,Wrecks,Maine to Georgia,42.07343,-70.32979
Wreck,Wreck,Wrecks,Maine to Georgia,42.08414,-69.91785
Wreck,Wreck,Wrecks,Maine to Georgia,42.09172,-70.42150
Wreck,Wreck,Wrecks,Maine to Georgia,42.09237,-70.42218
Wreck,Wreck,Wrecks,Maine to Georgia,42.09856,-70.34538
Wreck,Wreck,Wrecks,Maine to Georgia,42.11516,-70.13188
Wreck,Wreck,Wrecks,Maine to Georgia,42.11531,-70.13352
Wreck,Wreck,Wrecks,Maine to Georgia,42.14954,-69.37360
Wreck,Wreck,Wrecks,Maine to Georgia,42.15031,-70.56611
Wreck,Wreck,Wrecks,Maine to Georgia,42.15626,-70.56096
Wreck,Wreck,Wrecks,Maine to Georgia,42.17491,-70.17660
Wreck,Wreck,Wrecks,Maine to Georgia,42.19892,-69.11603
Wreck,Wreck,Wrecks,Maine to Georgia,42.19985,-68.69980
Wreck,Wreck,Wrecks,Maine to Georgia,42.21400,-70.71105
Wreck,Wreck,Wrecks,Maine to Georgia,42.26800,-70.51634
Wreck,Wreck,Wrecks,Maine to Georgia,42.27508,-70.70624
Wreck,Wreck,Wrecks,Maine to Georgia,42.27643,-70.60734
Wreck,Wreck,Wrecks,Maine to Georgia,42.30878,-69.58240
Wreck,Wreck,Wrecks,Maine to Georgia,42.32652,-70.66976
Wreck,Wreck,Wrecks,Maine to Georgia,42.32966,-71.00264
Wreck,Wreck,Wrecks,Maine to Georgia,42.33060,-71.00267
Wreck,Wreck,Wrecks,Maine to Georgia,42.33360,-69.16689
Wreck,Wreck,Wrecks,Maine to Georgia,42.33733,-70.98917
Wreck,Wreck,Wrecks,Maine to Georgia,42.33817,-70.68265
Wreck,Wreck,Wrecks,Maine to Georgia,42.34034,-70.67924
Wreck,Wreck,Wrecks,Maine to Georgia,42.34197,-70.34984
Wreck,Wreck,Wrecks,Maine to Georgia,42.34451,-70.67811
Wreck,Wreck,Wrecks,Maine to Georgia,42.34816,-70.68308
Wreck,Wreck,Wrecks,Maine to Georgia,42.34937,-70.68414
Wreck,Wreck,Wrecks,Maine to Georgia,42.34948,-70.65916
Wreck,Wreck,Wrecks,Maine to Georgia,42.35043,-70.71299
Wreck,Wreck,Wrecks,Maine to Georgia,42.35068,-70.33272
Wreck,Wreck,Wrecks,Maine to Georgia,42.35111,-70.66333
Wreck,Wreck,Wrecks,Maine to Georgia,42.35235,-70.70302
Wreck,Wreck,Wrecks,Maine to Georgia,42.35321,-70.71601
Wreck,Wreck,Wrecks,Maine to Georgia,42.35611,-70.65806
Wreck,Wreck,Wrecks,Maine to Georgia,42.35726,-70.70350
Wreck,Wreck,Wrecks,Maine to Georgia,42.36021,-70.65902
Wreck,Wreck,Wrecks,Maine to Georgia,42.36268,-70.68797
Wreck,Wreck,Wrecks,Maine to Georgia,42.36298,-70.67302
Wreck,Wreck,Wrecks,Maine to Georgia,42.36383,-70.66567
Wreck,Wreck,Wrecks,Maine to Georgia,42.36402,-70.70394
Wreck,Wreck,Wrecks,Maine to Georgia,42.36422,-70.66310
Wreck,Wreck,Wrecks,Maine to Georgia,42.36751,-70.61855
Wreck,Wreck,Wrecks,Maine to Georgia,42.36842,-70.71780
Wreck,Wreck,Wrecks,Maine to Georgia,42.36991,-70.76605
Wreck,Wreck,Wrecks,Maine to Georgia,42.37030,-69.76601
Wreck,Wreck,Wrecks,Maine to Georgia,42.37244,-70.37049
Wreck,Wreck,Wrecks,Maine to Georgia,42.37370,-70.72224
Wreck,Wreck,Wrecks,Maine to Georgia,42.37377,-70.64724
Wreck,Wreck,Wrecks,Maine to Georgia,42.37932,-70.65718
Wreck,Wreck,Wrecks,Maine to Georgia,42.37933,-70.38033
Wreck,Wreck,Wrecks,Maine to Georgia,42.38006,-70.38722
Wreck,Wreck,Wrecks,Maine to Georgia,42.38338,-70.56559
Wreck,Wreck,Wrecks,Maine to Georgia,42.38389,-70.35603
Wreck,Wreck,Wrecks,Maine to Georgia,42.38860,-70.90973
Wreck,Wreck,Wrecks,Maine to Georgia,42.38881,-70.59216
Wreck,Wreck,Wrecks,Maine to Georgia,42.38957,-70.91851
Wreck,Wreck,Wrecks,Maine to Georgia,42.39124,-70.73872
Wreck,Wreck,Wrecks,Maine to Georgia,42.39146,-70.88837
Wreck,Wreck,Wrecks,Maine to Georgia,42.39170,-70.67303
Wreck,Wreck,Wrecks,Maine to Georgia,42.39261,-70.67411
Wreck,Wreck,Wrecks,Maine to Georgia,42.39347,-70.65440
Wreck,Wreck,Wrecks,Maine to Georgia,42.39489,-70.88479
Wreck,Wreck,Wrecks,Maine to Georgia,42.39518,-70.86385
Wreck,Wreck,Wrecks,Maine to Georgia,42.39863,-70.87550
Wreck,Wreck,Wrecks,Maine to Georgia,42.39940,-70.61329
Wreck,Wreck,Wrecks,Maine to Georgia,42.39998,-70.59957
Wreck,Wreck,Wrecks,Maine to Georgia,42.40444,-70.45333
Wreck,Wreck,Wrecks,Maine to Georgia,42.40750,-70.64917
Wreck,Wreck,Wrecks,Maine to Georgia,42.40830,-70.65088
Wreck,Wreck,Wrecks,Maine to Georgia,42.41238,-70.81268
Wreck,Wreck,Wrecks,Maine to Georgia,42.41511,-70.85793
Wreck,Wreck,Wrecks,Maine to Georgia,42.41635,-70.85899
Wreck,Wreck,Wrecks,Maine to Georgia,42.41688,-70.57486
Wreck,Wreck,Wrecks,Maine to Georgia,42.42862,-70.55771
Wreck,Wreck,Wrecks,Maine to Georgia,42.42926,-70.63517
Wreck,Wreck,Wrecks,Maine to Georgia,42.43331,-70.57851
Wreck,Wreck,Wrecks,Maine to Georgia,42.43420,-70.62554
Wreck,Wreck,Wrecks,Maine to Georgia,42.43593,-70.84260
Wreck,Wreck,Wrecks,Maine to Georgia,42.43889,-70.41114
Wreck,Wreck,Wrecks,Maine to Georgia,42.44028,-70.67069
Wreck,Wreck,Wrecks,Maine to Georgia,42.44670,-70.78392
Wreck,Wreck,Wrecks,Maine to Georgia,42.44964,-70.53406
Wreck,Wreck,Wrecks,Maine to Georgia,42.45057,-70.69946
Wreck,Wreck,Wrecks,Maine to Georgia,42.45057,-70.53744
Wreck,Wreck,Wrecks,Maine to Georgia,42.46176,-70.57939
Wreck,Wreck,Wrecks,Maine to Georgia,42.46622,-68.58440
Wreck,Wreck,Wrecks,Maine to Georgia,42.46735,-68.58242
Wreck,Wreck,Wrecks,Maine to Georgia,42.47680,-70.72281
Wreck,Wreck,Wrecks,Maine to Georgia,42.48996,-70.52659
Wreck,Wreck,Wrecks,Maine to Georgia,42.49992,-70.69929
Wreck,Wreck,Wrecks,Maine to Georgia,42.50025,-70.26826
Wreck,Wreck,Wrecks,Maine to Georgia,42.50029,-70.41656
Wreck,Wreck,Wrecks,Maine to Georgia,42.50324,-70.64108
Wreck,Wreck,Wrecks,Maine to Georgia,42.50394,-70.65492
Wreck,Wreck,Wrecks,Maine to Georgia,42.51050,-70.38019
Wreck,Wreck,Wrecks,Maine to Georgia,42.51724,-70.43475
Wreck,Wreck,Wrecks,Maine to Georgia,42.52262,-69.86550
Wreck,Wreck,Wrecks,Maine to Georgia,42.53351,-70.61631
Wreck,Wreck,Wrecks,Maine to Georgia,42.53725,-70.82708
Wreck,Wreck,Wrecks,Maine to Georgia,42.54500,-70.66800
Wreck,Wreck,Wrecks,Maine to Georgia,42.54612,-70.66770
Wreck,Wreck,Wrecks,Maine to Georgia,42.55019,-68.96552
Wreck,Wreck,Wrecks,Maine to Georgia,42.55047,-70.24964
Wreck,Wreck,Wrecks,Maine to Georgia,42.55545,-70.60958
Wreck,Wreck,Wrecks,Maine to Georgia,42.56446,-70.61849
Wreck,Wreck,Wrecks,Maine to Georgia,42.56828,-70.36211
Wreck,Wreck,Wrecks,Maine to Georgia,42.57167,-70.60166
Wreck,Wreck,Wrecks,Maine to Georgia,42.57236,-70.67146
Wreck,Wreck,Wrecks,Maine to Georgia,42.57333,-70.65500
Wreck,Wreck,Wrecks,Maine to Georgia,42.58033,-70.61937
Wreck,Wreck,Wrecks,Maine to Georgia,42.58317,-70.36200
Wreck,Wreck,Wrecks,Maine to Georgia,42.58536,-70.67503
Wreck,Wreck,Wrecks,Maine to Georgia,42.61682,-70.55936
Wreck,Wreck,Wrecks,Maine to Georgia,42.62439,-70.55481
Wreck,Wreck,Wrecks,Maine to Georgia,42.63440,-69.68273
Wreck,Wreck,Wrecks,Maine to Georgia,42.64936,-70.56951
Wreck,Wreck,Wrecks,Maine to Georgia,42.65002,-70.58244
Wreck,Wreck,Wrecks,Maine to Georgia,42.66462,-70.20000
Wreck,Wreck,Wrecks,Maine to Georgia,42.66509,-70.47111
Wreck,Wreck,Wrecks,Maine to Georgia,42.66607,-70.46971
Wreck,Wreck,Wrecks,Maine to Georgia,42.67663,-70.58542
Wreck,Wreck,Wrecks,Maine to Georgia,42.67802,-70.58277
Wreck,Wreck,Wrecks,Maine to Georgia,42.67911,-70.58484
Wreck,Wreck,Wrecks,Maine to Georgia,42.69216,-70.32277
Wreck,Wreck,Wrecks,Maine to Georgia,42.73748,-70.67208
Wreck,Wreck,Wrecks,Maine to Georgia,42.73784,-67.86643
Wreck,Wreck,Wrecks,Maine to Georgia,42.74124,-68.37224
Wreck,Wreck,Wrecks,Maine to Georgia,42.74435,-70.67781
Wreck,Wreck,Wrecks,Maine to Georgia,42.74948,-68.09173
Wreck,Wreck,Wrecks,Maine to Georgia,42.75843,-70.78132
Wreck,Wreck,Wrecks,Maine to Georgia,42.76180,-70.65504
Wreck,Wreck,Wrecks,Maine to Georgia,42.77497,-70.20428
Wreck,Wreck,Wrecks,Maine to Georgia,42.79035,-69.79305
Wreck,Wreck,Wrecks,Maine to Georgia,42.79933,-69.34959
Wreck,Wreck,Wrecks,Maine to Georgia,42.80499,-70.60785
Wreck,Wreck,Wrecks,Maine to Georgia,42.80661,-70.60812
Wreck,Wreck,Wrecks,Maine to Georgia,42.81550,-69.76711
Wreck,Wreck,Wrecks,Maine to Georgia,42.85699,-70.39509
Wreck,Wreck,Wrecks,Maine to Georgia,42.87168,-70.64886
Wreck,Wreck,Wrecks,Maine to Georgia,42.87407,-70.50097
Wreck,Wreck,Wrecks,Maine to Georgia,42.87541,-70.49948
Wreck,Wreck,Wrecks,Maine to Georgia,42.88227,-69.38329
Wreck,Wreck,Wrecks,Maine to Georgia,42.91675,-70.74548
Wreck,Wreck,Wrecks,Maine to Georgia,42.92897,-70.17585
Wreck,Wreck,Wrecks,Maine to Georgia,42.93643,-70.73637
Wreck,Wreck,Wrecks,Maine to Georgia,42.94200,-69.77850
Wreck,Wreck,Wrecks,Maine to Georgia,42.94917,-70.51094
Wreck,Wreck,Wrecks,Maine to Georgia,42.96581,-70.50097
Wreck,Wreck,Wrecks,Maine to Georgia,43.01370,-70.35380
Wreck,Wreck,Wrecks,Maine to Georgia,43.01528,-69.61700
Wreck,Wreck,Wrecks,Maine to Georgia,43.02814,-70.50501
Wreck,Wreck,Wrecks,Maine to Georgia,43.02917,-70.50499
Wreck,Wreck,Wrecks,Maine to Georgia,43.06635,-69.09985
Wreck,Wreck,Wrecks,Maine to Georgia,43.08424,-70.41027
Wreck,Wreck,Wrecks,Maine to Georgia,43.09708,-70.11162
Wreck,Wreck,Wrecks,Maine to Georgia,43.10417,-69.96705
Wreck,Wreck,Wrecks,Maine to Georgia,43.10463,-70.45406
Wreck,Wreck,Wrecks,Maine to Georgia,43.11661,-70.45104
Wreck,Wreck,Wrecks,Maine to Georgia,43.12083,-70.29743
Wreck,Wreck,Wrecks,Maine to Georgia,43.13044,-70.04601
Wreck,Wreck,Wrecks,Maine to Georgia,43.15986,-70.37277
Wreck,Wreck,Wrecks,Maine to Georgia,43.17361,-69.29528
Wreck,Wreck,Wrecks,Maine to Georgia,43.17693,-69.43871
Wreck,Wreck,Wrecks,Maine to Georgia,43.21552,-68.88493
Wreck,Wreck,Wrecks,Maine to Georgia,43.21815,-69.91660
Wreck,Wreck,Wrecks,Maine to Georgia,43.24821,-68.41532
Wreck,Wreck,Wrecks,Maine to Georgia,43.28797,-70.26203
Wreck,Wreck,Wrecks,Maine to Georgia,43.29180,-68.84787
Wreck,Wreck,Wrecks,Maine to Georgia,43.31375,-70.38944
Wreck,Wreck,Wrecks,Maine to Georgia,43.31466,-69.53478
Wreck,Wreck,Wrecks,Maine to Georgia,43.33260,-70.10968
Wreck,Wreck,Wrecks,Maine to Georgia,43.33291,-68.58464
Wreck,Wreck,Wrecks,Maine to Georgia,43.34450,-69.94800
Wreck,Wreck,Wrecks,Maine to Georgia,43.37000,-70.16833
Wreck,Wreck,Wrecks,Maine to Georgia,43.40800,-68.81570
Wreck,Wreck,Wrecks,Maine to Georgia,43.41701,-69.70134
Wreck,Wreck,Wrecks,Maine to Georgia,43.43928,-69.88627
Wreck,Wreck,Wrecks,Maine to Georgia,43.44946,-68.19824
Wreck,Wreck,Wrecks,Maine to Georgia,43.45569,-69.94650
Wreck,Wreck,Wrecks,Maine to Georgia,43.46501,-69.06791
Wreck,Wreck,Wrecks,Maine to Georgia,43.46780,-69.31425
Wreck,Wreck,Wrecks,Maine to Georgia,43.50020,-70.10002
Wreck,Wreck,Wrecks,Maine to Georgia,43.50178,-69.08173
Wreck,Wreck,Wrecks,Maine to Georgia,43.52035,-70.10568
Wreck,Wreck,Wrecks,Maine to Georgia,43.52165,-69.62750
Wreck,Wreck,Wrecks,Maine to Georgia,43.53037,-70.17191
Wreck,Wreck,Wrecks,Maine to Georgia,43.53050,-69.63767
Wreck,Wreck,Wrecks,Maine to Georgia,43.53524,-70.20380
Wreck,Wreck,Wrecks,Maine to Georgia,43.54678,-70.20796
Wreck,Wreck,Wrecks,Maine to Georgia,43.56475,-70.02315
Wreck,Wreck,Wrecks,Maine to Georgia,43.56526,-70.00098
Wreck,Wreck,Wrecks,Maine to Georgia,43.56641,-70.00916
Wreck,Wreck,Wrecks,Maine to Georgia,43.64140,-69.17695
Wreck,Wreck,Wrecks,Maine to Georgia,43.64388,-70.16355
Wreck,Wreck,Wrecks,Maine to Georgia,43.70817,-70.19416
Wreck,Wreck,Wrecks,Maine to Georgia,43.73011,-69.62309
Wreck,Wreck,Wrecks,Maine to Georgia,43.76751,-69.37224
Wreck,Wreck,Wrecks,Maine to Georgia,43.81520,-69.40944
Wreck,Wreck,Wrecks,Maine to Georgia,43.81731,-69.86687
Wreck,Wreck,Wrecks,Maine to Georgia,43.85171,-69.20257
Wreck,Wreck,Wrecks,Maine to Georgia,43.85314,-69.34715
Wreck,Wreck,Wrecks,Maine to Georgia,43.88848,-69.25635
Wreck,Wreck,Wrecks,Maine to Georgia,43.90615,-69.08559
Wreck,Wreck,Wrecks,Maine to Georgia,43.92086,-69.06905
Wreck,Wreck,Wrecks,Maine to Georgia,44.00006,-68.79939
Wreck,Wreck,Wrecks,Maine to Georgia,44.09750,-69.06558
Wreck,Wreck,Wrecks,Maine to Georgia,44.10366,-69.05268
Wreck (Chart #25),Wreck,Wrecks,Maine to Georgia,35.12467,-75.37850
Wreck (Chart #45),Wreck,Wrecks,Maine to Georgia,35.69167,-75.42167
Wreck (Grouper Hotel),Wreck,Wrecks,Maine to Georgia,31.38208,-79.82764
Wreck (Randal),Wreck,Wrecks,Maine to Georgia,31.33939,-79.77912
Wreck 1238,Wreck,Wrecks,Maine to Georgia,33.82684,-77.95804
Wreck And Coral Bottom,Wreck,Wrecks,Maine to Georgia,33.95000,-77.59175
Wreck B,Wreck,Wrecks,Maine to Georgia,33.96305,-77.02922
Wreck C,Wreck,Wrecks,Maine to Georgia,33.73258,-77.41990
Wreck CLE,Wreck,Wrecks,Maine to Georgia,34.51677,-76.92468
Wreck Columbra,Wreck,Wrecks,Maine to Georgia,40.40128,-72.37163
Wreck Dodger,Wreck,Wrecks,Maine to Georgia,40.48405,-73.20917
Wreck Dunlap,Wreck,Wrecks,Maine to Georgia,40.49343,-73.85988
Wreck E,Wreck,Wrecks,Maine to Georgia,33.95055,-77.59812
Wreck G,Wreck,Wrecks,Maine to Georgia,33.77680,-77.54205
Wreck Grouper,Wreck,Wrecks,Maine to Georgia,31.37000,-79.83535
Wreck H,Wreck,Wrecks,Maine to Georgia,34.42968,-76.90210
Wreck Hudson Canyon,Wreck,Wrecks,Maine to Georgia,39.65815,-72.57388
Wreck I,Wreck,Wrecks,Maine to Georgia,34.09181,-77.76407
Wreck Iberia,Wreck,Wrecks,Maine to Georgia,40.53720,-73.68790
Wreck J,Wreck,Wrecks,Maine to Georgia,34.49907,-76.62842
Wreck J H North,Wreck,Wrecks,Maine to Georgia,39.64955,-73.21542
Wreck J H South,Wreck,Wrecks,Maine to Georgia,39.53927,-73.04130
Wreck Jacob Haskell,Wreck,Wrecks,Maine to Georgia,39.63287,-73.04892
Wreck K,Wreck,Wrecks,Maine to Georgia,34.05557,-76.61075
Wreck Kings,Wreck,Wrecks,Maine to Georgia,31.11764,-80.00691
Wreck L,Wreck,Wrecks,Maine to Georgia,34.26530,-77.04107
Wreck Middle,Wreck,Wrecks,Maine to Georgia,39.81288,-72.81610
Wreck Mohawk,Wreck,Wrecks,Maine to Georgia,40.02235,-73.90590
Wreck NO Name,Wreck,Wrecks,Maine to Georgia,40.43633,-73.18155
Wreck of the Iberia,Wreck,Wrecks,Maine to Georgia,40.54560,-73.49120
Wreck Oregon,Wreck,Wrecks,Maine to Georgia,40.50930,-73.04890
Wreck Pinta,Wreck,Wrecks,Maine to Georgia,40.23088,-73.84277
Wreck Rumrunner,Wreck,Wrecks,Maine to Georgia,40.47265,-73.65333
Wreck S S SAN Jose,Wreck,Wrecks,Maine to Georgia,39.24647,-74.15027
Wreck Sagun,Wreck,Wrecks,Maine to Georgia,39.83323,-72.17248
Wreck Site,Wreck,Wrecks,Maine to Georgia,33.79650,-76.69517
Wreck Three Sisters,Wreck,Wrecks,Maine to Georgia,40.38565,-73.60080
Wreck Turner DD,Wreck,Wrecks,Maine to Georgia,40.49775,-73.87242
Wreck West Wreck,Wreck,Wrecks,Maine to Georgia,39.83310,-72.88157
Wreck Winncone,Wreck,Wrecks,Maine to Georgia,39.45648,-72.75205
Wreck Wreck,Wreck,Wrecks,Maine to Georgia,40.48880,-73.82595
Wreck-10636,Wreck,Wrecks,Maine to Georgia,32.30966,-79.20497
Wreck-10723,Wreck,Wrecks,Maine to Georgia,32.78434,-79.51552
Wreck-11247,Wreck,Wrecks,Maine to Georgia,33.15808,-78.12782
Wreck-11248,Wreck,Wrecks,Maine to Georgia,33.13806,-78.34658
Wreck-4151,Wreck,Wrecks,Maine to Georgia,33.81313,-77.96255
Wreck-4158,Wreck,Wrecks,Maine to Georgia,33.85690,-78.03636
Wreck-5935,Wreck,Wrecks,Maine to Georgia,32.64670,-79.73718
Wreck-5938,Wreck,Wrecks,Maine to Georgia,32.71393,-79.76065
Wreck-5942,Wreck,Wrecks,Maine to Georgia,32.72179,-79.70778
Wreck-6121,Wreck,Wrecks,Maine to Georgia,33.08520,-79.08348
Wreck-6313,Wreck,Wrecks,Maine to Georgia,32.51954,-80.10698
Wreck-6367,Wreck,Wrecks,Maine to Georgia,32.60044,-79.66911
Wreck-6380,Wreck,Wrecks,Maine to Georgia,32.55755,-79.70094
Wreck-6381,Wreck,Wrecks,Maine to Georgia,32.55588,-79.67351
Wreck-8521,Wreck,Wrecks,Maine to Georgia,32.26667,-79.45000
Wreck-8524,Wreck,Wrecks,Maine to Georgia,31.70143,-79.97856
Wreck-8527,Wreck,Wrecks,Maine to Georgia,30.74821,-80.19185
Wreck-8536,Wreck,Wrecks,Maine to Georgia,30.99989,-80.16556
Wreck-8545,Wreck,Wrecks,Maine to Georgia,32.31801,-79.66737
Wreck-8555,Wreck,Wrecks,Maine to Georgia,32.32798,-79.83945
Wreck-8565,Wreck,Wrecks,Maine to Georgia,32.41784,-78.83004
Wreck-8571,Wreck,Wrecks,Maine to Georgia,31.31766,-80.96525
Wreck-9195,Wreck,Wrecks,Maine to Georgia,33.67618,-78.06293
Wreck-9207,Wreck,Wrecks,Maine to Georgia,33.86633,-77.48019
Wreck-9574,Wreck,Wrecks,Maine to Georgia,32.73765,-79.57055
Wreck-9586,Wreck,Wrecks,Maine to Georgia,32.87337,-79.53661
Wreck-9681,Wreck,Wrecks,Maine to Georgia,33.54161,-77.94931
Wreck-9682,Wreck,Wrecks,Maine to Georgia,33.47252,-78.07430
Wreck-9763,Wreck,Wrecks,Maine to Georgia,32.73456,-78.21498
Wreck-9771,Wreck,Wrecks,Maine to Georgia,33.12033,-78.84195
Wreck-9779,Wreck,Wrecks,Maine to Georgia,33.00169,-79.09695
Wreck-9788,Wreck,Wrecks,Maine to Georgia,33.14951,-78.27223
Wreck-9790,Wreck,Wrecks,Maine to Georgia,33.63528,-78.64862
Wreck-9791,Wreck,Wrecks,Maine to Georgia,33.03093,-78.92623
Wreck-9795,Wreck,Wrecks,Maine to Georgia,33.83074,-78.21705
Wreck-9829,Wreck,Wrecks,Maine to Georgia,32.72167,-79.04167
Wreck-9840,Wreck,Wrecks,Maine to Georgia,33.51696,-77.95191
WRECK_8633,Wreck,Wrecks,Maine to Georgia,31.08733,-81.13733
Wreckage,Wreck,Wrecks,Maine to Georgia,39.43485,-74.20970
Wreckongps,Wreck,Wrecks,Maine to Georgia,34.29846,-76.65127
WW I Wreck,Wreck,Wrecks,Maine to Georgia,34.18600,-76.60150
Yankee Wreck,Wreck,Wrecks,Maine to Georgia,40.33433,-73.22267
Yawkee Hump,Wreck,Wrecks,Maine to Georgia,32.64624,-78.29536
York 253'X 43'26',Wreck,Wrecks,Maine to Georgia,36.06043,-75.21648
York Spit,Wreck,Wrecks,Maine to Georgia,37.20967,-76.26047
Zane Gray (AR-160),Wreck,Wrecks,Maine to Georgia,35.71670,-75.44620
