id,name,lat,lng,type
1,100 Square,39.5435,-72.42658,Reef
2,BA Wreck,40.32808,-73.79775,Wreck
3,BA Wreck,40.3271,-73.79826,Wreck
4,Bacardi,39.878,-72.65076,Structure
5,Coal Wreck,40.43569,-73.59581,Wreck
6,1 Car 1 GPS Concrete,30.20517,-87.24667,Structure
7,1 Mile Reef,27.48432,-82.73532,Reef
8,1 Mile Reef,27.49166,-82.73333,Reef
9,"1 Mile Reef, Site 05",27.48858,-82.73583,Reef
10,"1, 000 FM",38.80942,-72.73733,Structure
11,"1, 000 Mermaids Hollywood",25.98819,-80.09437,Structure
12,10 Box Cars AR,34.05445,-77.66028,Structure
13,10 Car Bodies,30.20867,-87.23405,Structure
14,10 Car Bodies GPS,30.18267,-87.244,Structure
15,10 Car Bodies GPS,30.19933,-87.24717,Structure
16,10 Car Bodies GPS,30.20283,-87.2355,Structure
17,10 Cars,30.20627,-87.271,Structure
18,10 Cars Scrap Steel,30.20382,-87.24138,Structure
19,10 Fathom Ledge,34.325,-76.55,Ledge
20,10 Fathom Ledge North,35.13907,-75.34227,Ledge
21,10 Fathom Reef,28.92213,-80.50215,Reef
22,10 Foot Ledge,33.7308,-77.80833,Ledge
23,10 Foot Ledge,27.61447,-83.02597,Ledge
24,10 Grouper Mutton Pinks Wreck,30.28937,-80.32456,Wreck
25,10 JUL Reef,26.07033,-80.10937,Reef
26,10 Ledge,33.77158,-77.00253,Ledge
27,10 Ledge,34.06533,-77.00833,Ledge
28,10 Ledge,28.28512,-82.97002,Ledge
29,10 Ledge,27.75532,-83.15075,Ledge
30,10 Ledge,27.62917,-83.01992,Ledge
31,10 Ledge 6,24.44274,-81.95901,Ledge
32,10 Mile Rocks,34.08397,-77.6366,Rock
33,10 Pound Ledge,42.59758,-70.67033,Ledge
34,10 Train Cars,34.25948,-77.50363,Structure
35,10 Train Cars,34.35093,-77.32942,Structure
36,100 Degree Rock,34.42415,-76.49325,Rock
37,100 Fathom Ledge,34.21482,-76.07982,Ledge
38,100 Fathom Slab Rock,36.19756,-74.75623,Rock
39,100 Flat Steel Barge,30.09599,-87.57136,Reef
40,100 FM,39.04987,-72.7636,Structure
41,1001 Mississippi Canyon,28.65767,-89.15467,Canyon
42,100 Foot Ship And USN Intruder Plane Wrecks,29.35345,-80.35812,Structure
43,100 Ydledge,30.31733,-80.38983,Ledge
44,1021 Mississippi Canyon,28.78783,-89.05383,Canyon
45,1035 Mississippi Canyon,28.8575,-88.919,Canyon
46,107 Wreck,24.50882,-81.82851,Wreck
47,116 Hole,30.13883,-87.18317,Hole
48,116 Hole,30.16127,-87.17013,Hole
49,12 Fathom Rock,33.91667,-77.55,Rock
50,12 Foot Ledge,30.35924,-80.30102,Ledge
51,12 Mile Rock,33.98118,-77.67448,Rock
52,12 Mile Rock,34.0351,-77.63182,Rock
53,12 Mile Rock,34.03633,-77.63817,Rock
54,12 Mile Rock,34.03875,-77.62539,Rock
55,12 Mile Rock,34.04276,-77.62948,Rock
56,12 Wreck,40.48787,-73.82066,Wreck
57,120 Degree Rock,34.43655,-76.44153,Rock
58,120 Wreck,40.07187,-73.8795,Wreck
59,12 A Wreck,27.33333,-80.06667,Wreck
60,13 Fathom Hole,28.51557,-83.54397,Hole
61,13 South County,27.09654,-80.03121,Structure
62,131 Hole,29.66833,-87.135,Hole
63,131 Hole,29.806,-87.09893,Hole
64,136 Hole,30.24257,-87.14243,Hole
65,14 Fathom Hole,40.91399,-72.1123,Hole
66,14 South County,27.09639,-80.03596,Structure
67,15 Foot Ledge,33.74302,-77.30932,Ledge
68,15 Foot Ledge,33.76732,-77.46267,Ledge
69,15 Foot Ledge,33.77587,-77.51419,Ledge
70,15 Foot Peak Before Ledge,30.19783,-80.25958,Ledge
71,15 Mile Rock,34.57396,-76.40398,Rock
72,15 South County,27.09801,-80.03113,Structure
73,151 Ledges,33.83351,-77.64233,Ledge
74,151 Ledges,33.84313,-77.67788,Ledge
75,151 Ledges,33.89093,-77.66225,Ledge
76,151 Ledges,33.95193,-77.70835,Ledge
77,16 Fathom Rock,33.89999,-77.09167,Rock
78,16 Mile Rock,34.22193,-77.5834,Rock
79,16 South County,27.09804,-80.03586,Structure
80,17 Fathoms,40.3842,-73.81018,Structure
81,17 Hole,30.11667,-87.24433,Hole
82,1700 4 Rock,34.5695,-76.33167,Rock
83,1700 Rock,34.54266,-76.34316,Rock
84,1700 Rock,34.54862,-76.3358,Rock
85,1700 Rock,34.55537,-76.33342,Rock
86,1700 Rocks,34.58849,-76.38833,Rock
87,18 Boat Wreck,30.20077,-87.35328,Wreck
88,18 Mile Rock,34.03675,-77.48072,Rock
89,18 Mile Rock,34.04106,-77.47822,Rock
90,18 Mile Rock,34.05374,-77.45866,Rock
91,18 Mile Rock,34.06955,-77.49847,Rock
92,18 Mile Rock,34.0924,-77.43202,Rock
93,18 Mile Rock,34.10941,-77.45957,Rock
94,18 Mile Rock,34.21945,-77.4586,Rock
95,18 Mile Bridge,29.73963,-85.69757,Structure
96,18 Mile Rocks,34.06653,-77.49683,Rock
97,18 S Reef,30.17365,-86.52198,Reef
98,18 S Reef,30.19995,-86.53784,Reef
99,18 S Reef,30.20738,-86.52955,Reef
100,18 S Reef,30.215,-86.58167,Reef
101,19 Fathom Hole,30.24597,-80.98963,Hole
102,19 Foot Hole,30.51792,-81.03518,Hole
103,19 Mile Rock,33.84757,-77.57588,Rock
104,195 Degree Rock,34.44998,-76.70637,Rock
105,195 Rock,34.44588,-76.69873,Rock
106,195 Rock,34.48081,-76.74396,Rock
107,195 Rocks,34.45247,-76.70899,Rock
108,1 Southeast Shoal Ledges,28.42333,-80.47,Ledge
109,1 Western Dry Rocks,24.435,-81.89167,Rock
110,2 Cars Look 100 YD South,30.19457,-87.22708,Structure
111,2 Holes,30.12977,-80.33498,Hole
112,2 Mile Rock,34.15416,-77.77333,Rock
113,20 Foot Hole,26.87298,-82.12892,Hole
114,20 Mile Rock B,34.31551,-76.57964,Rock
115,20 Mile Rock C,34.31232,-76.5993,Rock
116,200 200 Ledge,34.1065,-77.3595,Ledge
117,200 Foot Ledge,25.71171,-79.36276,Ledge
118,200200 Ledge,34.12847,-77.37316,Ledge
119,2009,29.73639,-85.47181,Structure
120,2009,29.77604,-85.59778,Structure
121,2009,29.77116,-85.70256,Structure
122,2009,29.779,-85.69347,Structure
123,2009,29.74192,-85.71198,Structure
124,2009,29.73386,-85.71148,Structure
125,2009,29.72493,-85.67478,Structure
126,2011 Barge Wreck Concrete Pile,29.05082,-80.71483,Reef
127,2011 Reef,27.53787,-80.17948,Reef
128,2011 Reef,27.5272,-80.17285,Reef
129,2013 Reef,27.39252,-80.04935,Reef
130,2013 Reef,27.53472,-80.19055,Reef
131,2017 East Patch,26.36742,-82.28535,Structure
132,2017 West Patch,26.36738,-82.29107,Structure
133,2018 Kerry Dillon Site,27.197,-80.09232,Structure
134,2018 Kerry Dillon Site,27.19793,-80.09788,Structure
135,2018 Miramar/Frangista,30.3285,-86.38383,Reef
136,2021 Reef Darts,26.77038,-79.9664,Reef
137,2022 Reef Darts,26.77485,-79.9664,Reef
138,2023 Pbff Reef,26.77213,-79.96353,Reef
139,2024 FWC Patch Reef,29.6356,-83.90572,Reef
140,2024 UMA Deployment,30.31257,-86.1589,Structure
141,20 Fthole,26.87184,-82.12895,Hole
142,21 Concrete Reef Modules,30.09837,-87.12755,Reef
143,21 Fathom Hole,39.79633,-73.608,Hole
144,21 Fathom Wreck,28.5045,-80.18183,Wreck
145,21 Foot Ledge,42.27863,-70.70988,Ledge
146,21 Hole,30.03167,-87.22,Hole
147,21 Hole,30.03233,-87.21578,Hole
148,21 Hole,30.0367,-87.2145,Hole
149,21 Hole,30.0408,-87.18395,Hole
150,21 Hole Airplane,30.0242,-87.23437,Structure
151,21 Hole Area,30.03313,-87.22348,Reef
152,21 Hole South,29.98167,-87.20667,Hole
153,21 Wreck 1,26.34384,-81.9017,Wreck
154,210 Degree Rock,34.2357,-76.58945,Rock
155,210 Ledge,34.242,-76.592,Ledge
156,210 Reef,34.23817,-76.59134,Reef
157,210 Reef,34.24708,-76.58862,Reef
158,210 Rock,34.249,-76.59083,Rock
159,210 Rocks,35.03555,-75.32382,Rock
160,217 Fathom Hump,24.82309,-79.92963,Hump
161,22 Mile Rock,34.14588,-77.35672,Rock
162,225 Boxcar,35.1146,-75.65891,Structure
163,228 Fathom Hole,34.6617,-75.55733,Hole
164,230 Fathom Ledge,34.71127,-75.49567,Ledge
165,230 Rocks,35.04591,-75.27078,Rock
166,24 Foot Ledge,33.76837,-77.4772,Ledge
167,24 Foot Ledge,33.77233,-77.4797,Ledge
168,24 Foot Ledge,33.78465,-77.51158,Ledge
169,240 Degree Rocks,34.28003,-76.63193,Rock
170,240 Rock,34.26948,-76.63583,Rock
171,240 Rock,34.27233,-76.638,Rock
172,240 Rock,34.27835,-76.62707,Rock
173,240 Rock,34.28283,-76.63417,Rock
174,240 Rocks,35.0604,-75.2493,Rock
175,2400 Canaveral Canyons,28.775,-79.65417,Canyon
176,250 Rocks,35.06964,-75.22423,Rock
177,26 1 Rock,34.29033,-76.37066,Rock
178,26 Rock,34.40496,-76.9755,Rock
179,26 Rock,34.44844,-77.03649,Rock
180,260 Rocks,35.0834,-75.20895,Rock
181,27 Fathom Hole,39.08218,-73.76397,Hole
182,270 Ledge NE,35.11708,-75.24116,Ledge
183,270 Ledge SW,35.1116,-75.2497,Ledge
184,279 Ledge,29.99418,-80.60983,Ledge
185,27 Fathom Reef,28.72917,-80.14167,Reef
186,280 Ledge,35.10098,-75.17788,Ledge
187,280 Rocks,35.10333,-75.18416,Rock
188,285 Manhole,34.55629,-76.43672,Hole
189,285 Manhole,34.55887,-76.43667,Hole
190,290 Ledge,35.12007,-75.19539,Ledge
191,295 Rocks,35.11549,-75.15502,Rock
192,2950 Mississippi Canyon,28.16992,-89.22463,Canyon
193,2 GH Howland Ledge,42.0762,-70.6128,Ledge
194,3 Cars 1 GPS,30.20317,-87.24017,Structure
195,3 Cars 2 GPS,30.18383,-87.2325,Structure
196,3 Cars 3 GPS,30.1955,-87.25,Structure
197,3 Foot Rock,30.25594,-80.55099,Rock
198,3 Ledge,34.025,-76.87501,Ledge
199,3 Ledge,27.53308,-82.92492,Ledge
200,3 Ledge,27.6124,-83.02353,Ledge
201,3 Mile Bridge Reef,30.19312,-87.20447,Reef
202,3 Mile Bridge Reef,30.19368,-87.18508,Reef
203,3 Mile Bridge Reef,30.19033,-87.18548,Reef
204,3 Mile Bridge Reef,30.19175,-87.1781,Reef
205,3 Mile Ledge,30.075,-86.676,Ledge
206,3 Mile Ledge,40.85529,-72.26919,Ledge
207,3 Mile North Bridge Reef,27.4984,-82.78243,Reef
208,3 Mile Reef North,27.49283,-82.78333,Reef
209,3 Mile Reef South,27.44588,-82.74641,Reef
210,"3 Mile South Reef, Site D 01",27.44324,-82.74751,Reef
211,"3 Mile South Reef, Site D 01",27.43922,-82.7466,Reef
212,3 Quarters Rock,41.20894,-72.66567,Reef
213,3 Reef,27.88334,-83.58334,Reef
214,3 VW Wrecks,30.02737,-87.1595,Wreck
215,3 Mile Bridge,30.28958,-87.22625,Structure
216,3 Mile Bridge,30.29583,-87.225,Structure
217,3 Mile Bridge Pilings,30.29433,-87.22475,Structure
218,3 Mile Reef North,27.50134,-82.7837,Reef
219,3. 5 Fathom Ledge,42.35358,-70.84477,Ledge
220,3. 5 Fathom Rock,42.35423,-70.83827,Rock
221,30 30 Reef,33.81694,-77.69283,Reef
222,30 Fathom Hole,37.56283,-74.74933,Hole
223,30 Foot Ledge,28.57228,-84.27375,Ledge
224,30 Foot Shoal And Ledge,28.57038,-80.3218,Ledge
225,30 MIN 2 Rock,34.53452,-76.40049,Rock
226,30 MIN Rock,34.54483,-76.4015,Rock
227,300 Rocks,35.1344,-75.17745,Rock
228,306 Hole,30.18118,-87.13967,Hole
229,31 Hole West Of N 16,37.1272,-76.0714,Hole
230,32. 5 Edge Hole,29.91,-87.21333,Hole
231,33 Fathom Wreck,27.16743,-83.84403,Wreck
232,330 Boxcar,34.55916,-76.85611,Structure
233,331 Bridge,30.10328,-85.80235,Structure
234,340 Boxcar,34.57138,-76.97249,Structure
235,345 Boxcar,34.53718,-76.97527,Structure
236,345 Bxcar,34.53813,-76.97186,Structure
237,35 Fathom Tip,39.6739,-72.92748,Structure
238,350 Rocks,35.20322,-75.1026,Rock
239,355 Boxcar,34.35416,-77.33305,Structure
240,355 Boxcar,34.35471,-77.33166,Structure
241,355 Boxcar,34.35526,-77.33305,Structure
242,362 Boxcar,34.25982,-77.50788,Structure
243,362 Boxcar,34.26078,-77.50721,Structure
244,366 Boxcar,34.21387,-77.42124,Structure
245,366 Boxcar,34.21496,-77.42216,Structure
246,368 Boxcar,34.1567,-77.43191,Structure
247,368 Bxcar,34.15971,-77.43222,Structure
248,372 Boxcar,34.10172,-77.74678,Structure
249,372 Boxcar,34.104,-77.74699,Structure
250,376 Boxcar,34.05254,-77.6601,Structure
251,376 Boxcar,34.05295,-77.66235,Structure
252,376 Boxcar,34.05353,-77.65963,Structure
253,376 Boxcar,34.05556,-77.65815,Structure
254,38 Wreck,27.07237,-82.60311,Wreck
255,386 Boxcar,33.95498,-77.55381,Structure
256,386 Boxcar,33.95545,-77.55602,Structure
257,386 Boxcar,33.95621,-77.55385,Structure
258,38 Wreckdri,27.06985,-82.606,Wreck
259,39 Chevron Tanks,26.2007,-80.05857,Structure
260,39 Wreck,34.45216,-76.561,Wreck
261,39 Wreck,34.45466,-76.56233,Wreck
262,4 5 Ftledge,33.69378,-76.98955,Ledge
263,4 Cars 2 GPS,30.191,-87.23683,Structure
264,4 Foot Ledge,27.58233,-82.9745,Ledge
265,4 Foot Ledge 2,30.30523,-81.12625,Ledge
266,4 Ledge,28.30193,-82.96773,Ledge
267,4 Milerock,34.78619,-76.26414,Rock
268,40 Fathom Wreck,27.49883,-84.24458,Wreck
269,40 Foot Ledge,29.91333,-87.20667,Ledge
270,40 Mile Rock,33.84499,-77.10832,Rock
271,40 Steel Boat / 4 Cars GPS,30.18967,-87.2405,Structure
272,408 Hump,24.59698,-80.59135,Hump
273,409 Hump,24.59167,-80.59167,Hump
274,41 A Hole IN Wall,37.4939,-76.18652,Hole
275,45 Foot Rock,34.51983,-77.16308,Rock
276,45 Foot Rock,34.54757,-77.04975,Rock
277,45 Foot Rock,34.55126,-77.05643,Rock
278,45 Foot Rock,34.55627,-77.06145,Rock
279,475 Mississippi Canyon,28.94883,-88.97083,Canyon
280,480 Mississippi Canyon,28.915,-89.02367,Canyon
281,5 Cars GPS,30.20133,-87.24183,Structure
282,5 Foot Ledge,30.0493,-80.49255,Ledge
283,5 Foot Rock,41.24106,-72.83093,Rock
284,5 Foot Ledge,27.60373,-83.03515,Ledge
285,5 Foot Ledge,27.05898,-82.52565,Ledge
286,5 Mile Rock,34.06499,-77.68678,Rock
287,5 Point Ledge,34.2822,-77.5845,Ledge
288,5 Subway Cars,40.11125,-73.95128,Structure
289,50 Fathom Ledge,42.57065,-70.33222,Ledge
290,500 FM,38.95602,-72.75358,Structure
291,500 FM,38.88743,-72.85172,Structure
292,51 51 Rocks,34.35067,-76.99158,Rock
293,57 Ledge DD 1,30.47253,-80.46205,Ledge
294,59 Reef,29.52783,-94.89633,Reef
295,6 Foot Ledge,33.77483,-77.40384,Ledge
296,6 Foot Ledge,28.15443,-83.03198,Ledge
297,6 Foot Ledge,28.15878,-83.20412,Ledge
298,6 Foot Ledge,30.44656,-80.47501,Ledge
299,6 Ledge,27.76065,-83.15278,Ledge
300,6 Mile Reef,41.20902,-72.47874,Reef
301,6 Mile Reef NO 8 C,41.17657,-72.48578,Reef
302,6 10' Foot Ledge,30.30762,-81.0683,Ledge
303,60 Flat Steel Barge,29.97745,-87.55952,Reef
304,60 Hole,30.20795,-87.135,Hole
305,60 Hole,30.20943,-87.1353,Hole
306,60 Percent Hole,25.28079,-82.28505,Hole
307,620 Mississippi Canyon,28.6005,-89.30683,Canyon
308,63 Reef,29.5555,-94.91667,Reef
309,650 Mississippi Canyon,28.79633,-89.177,Canyon
310,662 Wreck,35.81583,-74.90833,Wreck
311,7 Foot Ledge,27.59375,-83.0466,Ledge
312,7 Foot Ledge 5,26.68761,-82.82814,Ledge
313,7 Mile Rock,34.0829,-77.70897,Rock
314,7 Mile Rock,34.14164,-77.6533,Rock
315,7 Mile Rock,34.14171,-76.91681,Rock
316,"7 Mile North Reef, Site 07 01",27.53969,-82.87907,Reef
317,7 Mile Reef North,27.53693,-82.87833,Reef
318,"7 Mile South Reef, Site C 00",27.44478,-82.82108,Reef
319,"7 Mile South Reef, Site C 00",27.44157,-82.81877,Reef
320,7 Mile Reef North,27.45101,-82.82112,Reef
321,70 Fathom Rock,34.93206,-75.35733,Rock
322,71 Foot Ledge,29.70167,-87.31833,Ledge
323,710 Hole,33.97499,-76.26467,Hole
324,775 Reef,27.6467,-97.00767,Reef
325,79 Culverts,25.745,-80.095,Structure
326,79 Reef Ball,30.08693,-88.55467,Reef
327,8 Foot Ledge,33.65677,-76.53127,Ledge
328,8 Foot Ledge,30.43212,-80.48926,Ledge
329,8 Foot Ledge 4,30.21363,-81.00084,Ledge
330,8 Foot Ledge 7,26.75965,-82.91948,Ledge
331,8 Ledge,33.9333,-76.99722,Ledge
332,80 Reef Ball,30.0583,-88.61393,Reef
333,85 Degree Ledges,34.3302,-76.97747,Ledge
334,881 Wreck,34.603,-75.78568,Wreck
335,8 A Reef,28.48317,-80.33617,Reef
336,8 A Reef,28.53733,-80.34633,Reef
337,8 A Reef,28.50783,-80.34583,Reef
338,8 A Reef,28.48803,-80.33217,Reef
339,8 A Reef,28.486,-80.322,Reef
340,9 6 Ledge,29.90888,-80.45697,Ledge
341,9 Fathom Rock,35.55833,-75.3,Rock
342,9 Mile Rock,34.23679,-77.50327,Rock
343,9 Reef,39.75211,-74.0216,Reef
344,90 Foot Drop Ledge,34.21094,-76.25455,Ledge
345,91 Unknown Wreck/Obstruction,40.38442,-73.93957,Wreck
346,996 28 Ledge,34.1571,-77.77233,Ledge
347,A And C Reef,29.75493,-88.01936,Reef
348,A Frame Barge,30.03053,-87.37977,Reef
349,A Frame Barge,30.03007,-87.38292,Reef
350,A Hole,27.20862,-80.11728,Hole
351,A J Hole,30.22017,-87.3377,Hole
352,A J Hole,27.28088,-83.13257,Hole
353,A Leg,30.36334,-86.49828,Structure
354,A Leg Reef,30.37258,-86.49571,Reef
355,A A Hendry Reef,27.40552,-80.01365,Reef
356,A 6 Plane,29.35452,-80.35747,Structure
357,Aaron Dagen Memorial Reef,30.30275,-87.20488,Reef
358,Aaron Hendry Reef,26.64836,-82.60248,Reef
359,Aaron Vaughn Memorial Reef,27.21308,-80.0935,Reef
360,AB Reef NE,40.5356,-73.70666,Reef
361,AB Reef NW,40.53577,-73.72821,Reef
362,AB Reef SW,40.5255,-73.72833,Reef
363,AB Reefctr,40.53024,-73.7181,Reef
364,Abby Reef,29.81047,-87.85173,Reef
365,Abstract Barge,30.06113,-88.53587,Reef
366,Academy,30.29599,-87.2364,Structure
367,Academy Rock,41.32667,-71.90485,Rock
368,Acara,40.57368,-73.55745,Structure
369,Accokeek,29.97458,-85.86525,Structure
370,Accomac Canyon,37.81049,-74.06088,Canyon
371,Aces Rock,34.17755,-77.57816,Rock
372,Acid Barge,41.04163,-71.49498,Reef
373,Acid Waters,40.3625,-73.71167,Structure
374,Adeline Barge,30.0833,-88.5487,Reef
375,Admiral Fetterman Reef,30.078,-87.198,Reef
376,Adolphus Busch SR,24.53068,-81.46146,Structure
377,AF Tower D,25.567,-81.71633,Tower
378,AF Tower L,25.36667,-82.45,Tower
379,AF Tower P,25.11667,-82,Tower
380,AF Tower R,25.46667,-82.10183,Tower
381,AF Tower S,25.03333,-82.36667,Tower
382,African Queen,25.78006,-80.07553,Structure
383,African Queen Reef,38.1513,-74.95325,Reef
384,African Queen Wreck,38.14833,-74.94808,Wreck
385,Agrupador Rock,35.05033,-75.23015,Rock
386,AH Dumont Reef,39.62877,-74.01797,Reef
387,AH Richardson,28.52481,-82.91778,Reef
388,AH Richardson Reef,28.52475,-82.92233,Reef
389,AH Site Barge,30.54183,-81.059,Reef
390,AH Site Culverts,30.56033,-81.052,Structure
391,AH Site Pillboxes,30.47216,-81.101,Structure
392,AH Site Tug Monachan,30.47816,-81.08166,Structure
393,Ahole,30.34585,-80.63107,Hole
394,Aida Gonzales Memorial Reef,29.77201,-85.69506,Reef
395,AIR Force Tower,29.72108,-85.4755,Tower
396,AIR Force Tower,29.0796,-84.32143,Tower
397,AIR Force Tower,29.72465,-85.47523,Tower
398,Airplane,33.94313,-76.52157,Structure
399,Airplane,30.15782,-86.66467,Structure
400,Airplane,29.9031,-80.8005,Structure
401,Airplane Bottom,27.94663,-83.20415,Structure
402,Airplane Near Half Barge,30.14,-87.3128,Structure
403,Airplane R,30.3428,-86.56265,Structure
404,Airplane Rock,30.34177,-86.5283,Structure
405,Airplane Wing,28.58755,-83.2572,Structure
406,Airplane Wreck,30.35633,-80.82033,Structure
407,Airport Ledge,26.67561,-78.99189,Ledge
408,Airy Ledge,44.08535,-68.58672,Ledge
409,AJ Bimini Turret Reef,30.3391,-86.67458,Reef
410,AJ Hole AKA AJ Rocks,30.3392,-86.54093,Rock
411,AJ Ledge,30.20415,-86.52815,Ledge
412,AJS Bimini,30.32717,-86.60267,Structure
413,Ajace Wreck,40.5428,-73.89917,Wreck
414,Ajax Reef,25.3962,-80.13691,Reef
415,Ajhole 1,27.28519,-83.16193,Hole
416,AJS Blackbeard Flying Eagle,30.139,-86.56495,Reef
417,AJS Carey Ricks Memorial,30.15788,-86.40695,Structure
418,AL Sirotkin Reef,27.2138,-80.04827,Reef
419,AL Sirotkin Reef,27.2206,-80.12667,Reef
420,AL Sirotkin Reef,27.20417,-80.0476,Reef
421,"Alan Fisher, I",27.30185,-82.61875,Structure
422,Alan Martin 160 Tanker,40.10733,-73.6855,Structure
423,Alans Reef,27.83545,-80.36065,Reef
424,Alberts Ledge,40.26434,-73.9461,Ledge
425,Alberts Ledge,30.3765,-80.5915,Ledge
426,Alberts Rocks,34.3883,-76.889,Rock
427,Alden Rock,43.55087,-70.15993,Rock
428,Alden Rocks,43.92337,-69.066,Rock
429,Aldridge Ledge,42.34617,-70.9138,Ledge
430,ALE Reef Center,30.1132,-86.30988,Reef
431,ALE Reef Center,29.99137,-86.06853,Reef
432,ALE Reef NW Leg End,30.10982,-86.30497,Reef
433,ALE Reef SW 2 B,30.11078,-86.31406,Reef
434,Alexander Barge,24.86167,-80.56834,Reef
435,Alexander's Wreck,24.61617,-81.98183,Wreck
436,Aleyledge,30.2335,-80.45917,Ledge
437,Alice Faye Memorial Reef,29.91833,-85.63133,Reef
438,Alleghany Rock,41.48672,-70.60087,Rock
439,Allen Family Memorial Reef,29.92183,-85.60375,Reef
440,Allen Ledge NO,43.91307,-69.26713,Ledge
441,Alley,39.14167,-73.94167,Structure
442,Alligator Reef,24.86298,-80.62232,Reef
443,Alligator Reef,24.85099,-80.61929,Reef
444,Alligator Reef NE Spat,24.62328,-81.98187,Reef
445,Alligator Reef NW Spat,24.85383,-80.6195,Reef
446,Alligator Reef SE Spat,24.84683,-80.62717,Reef
447,Alligator Reef SW,24.84967,-80.614,Reef
448,Alligator Reef SW,24.84183,-80.6225,Reef
449,Almirante,25.41592,-80.11795,Structure
450,Alsatia Wreck,27.80808,-82.46657,Wreck
451,Alva Chapman Reef,25.29445,-80.15167,Reef
452,Amazon Wreck Enhancement,27.38613,-80.06173,Wreck
453,Amazon Wreck Enhancement,27.39327,-80.06113,Wreck
454,Amazon Wreck Enhancement,27.39108,-80.06178,Wreck
455,Amazon Wreck Enhancement,27.39107,-80.06032,Wreck
456,Amberjack Hole,30.2198,-87.34147,Hole
457,Amberjack Hole,30.39482,-81.05468,Hole
458,Amberjack Hole,30.4786,-81.08747,Hole
459,Amberjack Hole Golden Arches,30.52117,-81.089,Reef
460,Amberjack Hole Mule Ledge,30.54067,-81.05733,Ledge
461,Amberjack Reef,30.3321,-86.50408,Reef
462,Amberjack Rock,30.18345,-86.8635,Rock
463,Ambrose Tower,40.4585,-73.82417,Tower
464,Ambrose Wreck,40.46317,-73.828,Wreck
465,Ambrose Wreck,40.46367,-73.83472,Wreck
466,American Custom Yachts Tower,27.21913,-80.00563,Tower
467,American Red Hole,33.9,-76.60167,Hole
468,American Shoal Reef,24.52332,-81.51647,Reef
469,American Shoal Reef,24.55203,-81.46532,Reef
470,Ammen Rock,42.88332,-68.91667,Rock
471,Ammo Wreck,38.86673,-74.38558,Wreck
472,Ammoship,37.73675,-74.98958,Wreck
473,AMT Reef,25.91011,-81.9848,Reef
474,ANA Cecilia,26.78478,-80.0158,Structure
475,Anchor Reef,30.31512,-86.52377,Reef
476,Anchor Reef,25.80967,-80.0905,Reef
477,Anchor Reef,25.79502,-80.07815,Reef
478,Anchor Reef,25.81387,-80.09222,Reef
479,Anchor Rock,34.42269,-77.19093,Rock
480,Anchor Rock,30.31432,-86.6041,Rock
481,Anchor Rock,30.31918,-86.60305,Rock
482,Anchor Rock SW,30.30853,-86.60412,Rock
483,Anchor Wreck,27.80332,-80.41165,Wreck
484,Ande Reef,26.788,-79.99233,Reef
485,Anderson Ledge,42.9623,-70.6027,Ledge
486,Anderson Reef,29.50333,-94.7975,Reef
487,Andi Coyle Reef,30.29829,-87.23105,Reef
488,Andree Reef,29.76483,-83.72733,Reef
489,Andree Reef,29.761,-83.732,Reef
490,Andrew Harris NO Shoes Reef,26.96432,-80.05452,Reef
491,Andrew Harris Reef Trail,26.96123,-80.05337,Reef
492,Andrew Harris Snorkel Reef,26.95348,-80.06215,Reef
493,Andrew Red Harris Juno Rock,26.87975,-80.0306,Reef
494,Andrew Red Harris Reef,26.96574,-80.05915,Reef
495,Andrews Hole,30.15333,-87.20798,Hole
496,Andro,25.8937,-80.08543,Structure
497,Andy King Reef 1,29.87651,-81.15345,Reef
498,Andy Roach Memorial Reef,29.95205,-84.08147,Reef
499,Andy Weeks Memorial,29.77328,-85.6133,Structure
500,Andyapos;s Ledge,26.19083,-80.0725,Ledge
501,Andys Ledge,41.23305,-72.3512,Ledge
502,Angela Russell Memorial Reef,29.90867,-85.53925,Reef
503,Angelos Reef,40.04375,-73.98673,Reef
504,Angle Ledge,33.7375,-77.62384,Ledge
505,Anglerreef,37.73164,-75.87815,Reef
506,Anglers Bank,40.41,-73.58583,Structure
507,Anglers Reef,37.73861,-75.88417,Reef
508,Anglers Reef,28.38857,-80.30315,Reef
509,Anglinapos;s Ledge Center,24.55277,-81.52,Ledge
510,ANN Marie Reef,27.07761,-80.03828,Reef
511,Anna B Wreck,27.781,-82.5035,Wreck
512,Annan MEM Reef,30.14828,-87.5662,Reef
513,Annex,40.22,-73.87,Structure
514,Anniversary Reef,30.30158,-86.33728,Reef
515,Anniversary Reef,26.18897,-80.08743,Reef
516,Antares Ship,30.00783,-87.13067,Reef
517,Antilles Star Concrete Pile,29.32012,-80.74642,Reef
518,Antonia Ensen Wreck,27.08533,-82.68333,Wreck
519,Apalachicola Reef,29.46217,-84.83717,Reef
520,Applejack Reef,39.27048,-74.24582,Reef
521,AQ Plane,30.48347,-80.72512,Structure
522,AQ Plane 1,30.5008,-80.75013,Structure
523,Aquarius At Conch Reef,25.38825,-80.1644,Reef
524,Aquatic Life Ecosystem NE Leg,30.11467,-86.30795,Structure
525,Aquatic Life Ecosystem NE Leg,30.1154,-86.30662,Structure
526,Aquatic Life Ecosystem NE Leg End,30.11618,-86.30525,Structure
527,Aquatic Life Ecosystem NW Leg,30.11483,-86.31364,Structure
528,Aquatic Life Ecosystem NW Leg,30.11578,-86.31506,Structure
529,Aquatic Life Ecosystem NW Leg,30.1141,-86.31217,Structure
530,Aquatic Life Ecosystem NW Leg End,30.11643,-86.31599,Structure
531,Aquatic Life Ecosystem SE Leg,30.1107,-86.30662,Structure
532,Aquatic Life Ecosystem SE Leg,30.1125,-86.30928,Structure
533,Aquatic Life Ecosystem SE Leg End,30.10981,-86.31546,Structure
534,Aquatic Life Ecosystem SW Leg,30.11172,-86.3131,Structure
535,Aquatic Life Ecosystem SW Leg,30.11248,-86.31195,Structure
536,AR 298 Reef,35.17833,-75.99966,Reef
537,AR 300 Hardees Reef,34.30417,-76.406,Reef
538,AR 300 Hardees Reef,34.30517,-76.40133,Reef
539,AR 302 Yancey Reef,34.16838,-76.22723,Reef
540,AR 305 Cart,34.27771,-76.64475,Structure
541,AR 330 Chapin Reef,34.555,-76.85267,Reef
542,AR 340 Tyndall Reef,34.56983,-76.97017,Reef
543,AR 345 Reefballs,34.53753,-76.97113,Reef
544,AR 350 Reef,34.49833,-77.355,Reef
545,AR 425 Yaupon Reef,33.88367,-78.10567,Reef
546,AR,36.0032,-75.53,Reef
547,AR 140 130 Barge,35.94462,-75.53203,Reef
548,AR,35.90028,-75.39805,Reef
549,AR,35.69453,-75.43855,Reef
550,AR,35.13528,-75.67721,Reef
551,AR,35.11249,-75.65388,Reef
552,AR,34.94833,-75.91444,Reef
553,AR,34.92471,-75.96528,Reef
554,AR,34.21583,-77.42083,Reef
555,AR,34.15944,-77.43054,Reef
556,AR,34.10362,-77.74917,Reef
557,AR,33.49583,-77.59445,Reef
558,ARC 10 Tetrahedrons,26.41441,-82.41066,Reef
559,ARC 9 A Reef,26.41568,-82.4136,Reef
560,Archies Reef,29.50933,-94.81583,Reef
561,Arcoa Reef,30.16293,-87.23507,Reef
562,Arcoa Reef,26.54025,-82.4162,Reef
563,Arcos Boulder Reef,25.9048,-80.0898,Reef
564,Areaatlantic City Reef,39.2396,-74.22513,Reef
565,Areabutterfish Hole,40.84752,-71.71547,Reef
566,Areacholera Banks,40.44332,-73.5441,Reef
567,Areafire Island Reef,40.59495,-73.2156,Reef
568,Areaglory Hole,39.96417,-73.3199,Reef
569,Arealittle Egg Reef,39.47315,-74.19992,Reef
570,Areamoriches Reef,40.50257,-72.76592,Reef
571,Areamud Hole,40.16943,-73.70655,Reef
572,Areaocean City Reef,39.16958,-74.56318,Reef
573,Areashewbury Rocks,40.34212,-73.95743,Reef
574,Areastorks Reef,39.26773,-74.41568,Reef
575,Areatexas Tower,39.79907,-72.669,Reef
576,Areawildwood Reef,38.96105,-74.68407,Reef
577,Arey Ledges,44.01787,-68.83753,Reef
578,Argo Reef,30.19925,-87.1059,Reef
579,Argoil Wreck Concrete Pile,29.11817,-80.69233,Reef
580,Arhf 2019 Golf Tournament Reef,26.88278,-80.03062,Reef
581,Arhf Reef Trail,26.9567,-80.0544,Reef
582,Arida,25.68051,-80.07081,Reef
583,Ariowreck,34.31344,-76.45317,Reef
584,Arizona Chemical Reef,29.88918,-85.53342,Reef
585,Army Tank,30.3537,-86.42395,Structure
586,Army Tank,30.3567,-86.49525,Structure
587,Army Tank,30.3627,-86.59135,Structure
588,Army Tank,30.3631,-86.59005,Structure
589,Army Tank,30.11178,-87.1931,Structure
590,Army Tank,30.16173,-87.23615,Structure
591,Arrow Ledge East,30.26923,-86.25419,Reef
592,Arrow Ledge Tip,30.26713,-86.25992,Reef
593,Arrow Ledge West,30.27025,-86.25917,Reef
594,Artificial Reef,30.27906,-86.61129,Reef
595,Artificial Reef,29.99184,-86.40503,Reef
596,Artificial Reef,29.62611,-84.2247,Reef
597,Artificial Reef,37.96656,-75.15466,Reef
598,Artificial Reef,27.68841,-83.00593,Reef
599,Artificial Reef,27.03315,-82.72469,Reef
600,Artificial Reef,26.91677,-82.93257,Reef
601,Artificial Reef,28.20355,-83.30597,Reef
602,Artificial Reef,27.07233,-82.70236,Reef
603,Artificial Reef,39.23889,-76.26389,Reef
604,Artificial Reef,39.22222,-76.27361,Reef
605,Artificial Reef,38.61667,-76.49167,Reef
606,Artificial Reef,38.56583,-76.40694,Reef
607,Artificial Reef,39.26313,-75.35292,Reef
608,Artificial Reef,39.25932,-75.34479,Reef
609,Artificial Reef,39.19043,-75.30293,Reef
610,Artificial Reef,39.18774,-75.30159,Reef
611,Artificial Reef,39.17608,-75.2962,Reef
612,Artificial Reef,39.02905,-75.29525,Reef
613,Artificial Reef,39.01756,-75.28134,Reef
614,Artificial Reef,38.96842,-75.16197,Reef
615,Artificial Reef,38.96544,-75.16021,Reef
616,Artificial Reef,39.05107,-75.26204,Reef
617,Artificial Reef,38.94413,-75.1473,Reef
618,Artificial Reef,38.94099,-75.14178,Reef
619,Artificial Reef,38.91638,-75.21092,Reef
620,Artificial Reef,38.90793,-75.20371,Reef
621,Artificial Reef,38.90363,-75.19918,Reef
622,Artificial Reef,38.87314,-75.15839,Reef
623,Artificial Reef,38.86833,-75.14664,Reef
624,Artificial Reef,38.86927,-75.13998,Reef
625,Artificial Reef,38.86248,-75.13649,Reef
626,Artificial Reef,38.61229,-74.93274,Reef
627,Artificial Reef,38.52497,-74.50831,Reef
628,Artificial Reef,38.52666,-74.50332,Reef
629,Artificial Reef,38.67776,-74.73282,Reef
630,Artificial Reef,38.67696,-74.72288,Reef
631,Artificial Reef,38.67555,-74.73785,Reef
632,Artificial Reef,38.67482,-74.7326,Reef
633,Artificial Reef,38.67268,-74.72786,Reef
634,Artificial Reef,38.85726,-74.70695,Reef
635,Artificial Reef,38.86479,-74.7002,Reef
636,Artificial Reef,38.87584,-74.67764,Reef
637,Artificial Reef,38.87965,-74.67832,Reef
638,Arundo Area,40.17295,-73.68308,Reef
639,Arundo Wreck,40.162,-73.66417,Reef
640,Arundo Wreck,40.1709,-73.67592,Reef
641,Arundo Wreck L,40.19517,-73.66417,Reef
642,AS Westcoat Reef,39.16365,-74.57181,Reef
643,Asfalto,40.35006,-73.766,Structure
644,Asfalto Wreck,40.3375,-73.69517,Wreck
645,ASH Island Ledge,44.02972,-69.07153,Ledge
646,Ashkabad,34.38067,-76.36547,Structure
647,Askew Ledge,28.1647,-83.04583,Ledge
648,Asphalt Barge 1,35.44166,-75.18266,Reef
649,Asphalt Pile Reef,37.75472,-76.22806,Reef
650,Asphalt Pile Reef,37.75283,-76.2235,Reef
651,Assateague Hole,38.17928,-74.81637,Hole
652,Atlantic City Reef,39.22583,-74.1955,Reef
653,Atlantic City Reef,39.23433,-74.19583,Reef
654,Atlantic City Reef,39.22717,-74.1995,Reef
655,Atlantic City Reef,39.23367,-74.1995,Reef
656,Atlantic City Reef,39.25533,-74.22717,Reef
657,Atlantic City Reef,39.257,-74.2385,Reef
658,Atlantic City Reef,39.25217,-74.24033,Reef
659,Atlantis Memorial Reef,25.69958,-80.09,Reef
660,Atlas Tank,34.52727,-76.24095,Structure
661,Atlas Wreck Concrete Pile,29.18924,-80.75032,Wreck
662,Atria Atria Reef,26.1645,-80.07042,Reef
663,Attis Bathtub Reef,26.25808,-80.07078,Reef
664,Augie Ferignno Ship,25.70803,-80.07721,Wreck
665,Augies Hump,40.1972,-73.87595,Hump
666,Austin W Wreck,40.17883,-73.46967,Wreck
667,Austin W Wreck,40.17528,-73.4713,Wreck
668,Automobile Reef,30.3289,-86.52128,Structure
669,Automobile Reef,27.48777,-83.7308,Structure
670,Automobile Reef,24.6444,-81.84083,Structure
671,Automobile Reef,39.25325,-74.21127,Structure
672,Avery Ledge,42.66895,-70.58627,Ledge
673,Avery Ledge,42.67053,-70.58097,Ledge
674,Avocet,29.97281,-87.21005,Structure
675,Avon Hump,35.29119,-75.24372,Hump
676,Avon Rock,35.33268,-75.36295,Rock
677,Axel Carlson Reef,40.06533,-73.98817,Structure
678,Axel Carlson Reef,40.09783,-73.99258,Structure
679,Axel Carlson Reefs,40.03315,-73.99321,Structure
680,Ayuruoca Shipwreck,40.20978,-73.76545,Wreck
681,Ayuruoca,40.21317,-73.698,Wreck
682,Azua Wreck,39.00007,-74.15975,Wreck
683,Azua Wreck,38.99833,-74.161,Wreck
684,Azua,39.00917,-74.16117,Wreck
685,B B Reef,30.08217,-85.71467,Reef
686,B Leg,30.35488,-86.40976,Structure
687,B 12 Drop Ledge,34.46717,-76.44411,Ledge
688,BA Reef,30.70029,-81.07616,Reef
689,BA Reef Site,30.70041,-81.07973,Reef
690,BA Site,30.70696,-81.06556,Structure
691,BA Wreck,40.32352,-73.79198,Wreck
692,BA Wreck,40.3265,-73.79283,Wreck
693,Babylon Valley,39.56483,-71.99637,Structure
694,Bacaran Concrete Culverts,30.05837,-88.53555,Structure
695,Bacardi,39.88732,-72.63395,Structure
696,Bacardi,39.88282,-72.64525,Structure
697,Bacardi Wreck,39.87533,-72.645,Structure
698,Bache Shoal Patch Reef Complex,25.47917,-80.15139,Reef
699,Bad Hole Reef,29.90772,-86.63937,Reef
700,Bad Rocks,35.40091,-75.31968,Rock
701,Bahia Honda Reef,24.59577,-81.28967,Reef
702,Bahia Honda Reef,24.61082,-81.29368,Reef
703,Bainbridge Reef,29.88833,-85.52472,Reef
704,Baithole 11,24.49542,-81.98052,Hole
705,Baithole 2,26.9929,-82.7854,Hole
706,Baker Rock,27.74883,-96.25033,Rock
707,Bakers Rock,27.74587,-96.23434,Rock
708,Bal Harbor Hole A,25.91945,-80.08578,Reef
709,Bald Eagle Wreck,40.36823,-73.76117,Wreck
710,Bald Head Ledge NO 2 A,43.69528,-69.8549,Ledge
711,Baldins Hole,41.19791,-72.06722,Hole
712,Ballinger Liss Reef,39.48169,-74.17498,Reef
713,Baltimore Canyon,38.08269,-73.75122,Canyon
714,Baltimore Canyon Tip,38.24633,-73.84255,Canyon
715,Baltimore Tip,38.245,-73.84333,Structure
716,BAM Bams 20 FMS Hole,27.8678,-83.64975,Hole
717,BAM Bams Big Ledge,27.95825,-83.04658,Ledge
718,BAM Bams Hole,27.80895,-83.84135,Hole
719,BAM Bams Ledge,27.87803,-83.67533,Ledge
720,BAM Bams Ledge,27.88472,-83.23408,Ledge
721,Banana Reef,25.10767,-80.30733,Reef
722,Bantam Ledge BL,43.82762,-68.95025,Ledge
723,Bantam Rock,43.72693,-69.6257,Rock
724,BAR Ledge,43.52008,-70.34383,Reef
725,Baracuda Reef,26.08233,-80.0955,Reef
726,Baracuda Reef,26.07033,-80.09633,Reef
727,Baratta Sight SEE ER Tower,27.22168,-80.00512,Reef
728,Barefoot Mailman,26.313,-80.06632,Reef
729,Bares 1. 5 Foot Ledge,25.41547,-80.12642,Reef
730,Bares 6 Foot Ledge,25.4234,-80.13608,Reef
731,Barge,29.04526,-87.53888,Reef
732,Barge,29.04575,-87.6686,Reef
733,Barge,29.87857,-87.67518,Reef
734,Barge,29.94915,-87.55615,Reef
735,Barge,29.9686,-87.6352,Reef
736,Barge,30.00327,-87.70268,Reef
737,Barge,30.09132,-88.5802,Reef
738,Barge,30.22175,-87.4311,Reef
739,Barge,40.45872,-73.44949,Reef
740,Barge,25.6691,-80.07026,Reef
741,Barge Little Wreck,30.325,-80.945,Reef
742,Barge 1 Site,26.53725,-82.41851,Reef
743,Barge 10 Mile,30.09795,-87.56908,Reef
744,Barge And Rubble Reef,24.67687,-81.8794,Reef
745,Barge Boxcar Reef,30.19415,-86.73507,Structure
746,Barge Carabelle Reef,29.53527,-84.61795,Structure
747,Barge Reef,30.51118,-80.93445,Reef
748,Barge Site,29.89366,-80.97446,Reef
749,Barge Wreck,34.59783,-76.60913,Reef
750,Barge Wreck,30.23385,-87.19035,Reef
751,Barge Wreck,28.84727,-80.4273,Reef
752,Barge Wreck,28.39755,-80.21358,Reef
753,Barge Wreck Maryland,28.39772,-80.22037,Reef
754,Barge,30.06323,-88.61432,Reef
755,Barge A,30.06002,-88.61072,Reef
756,Barge B,30.06497,-88.60775,Reef
757,Barge 1,30.08363,-88.55747,Reef
758,Barge 148,30.06651,-88.61261,Reef
759,Barge 2,30.20608,-88.83113,Reef
760,Barges And Concrete Reef,27.21292,-80.1139,Reef
761,Bargesteel,36.89568,-75.7138,Reef
762,Barn Rocks,42.6529,-70.6859,Reef
763,Barnacle Reef,30.15702,-86.32008,Reef
764,Barnacle Reef,30.14495,-86.31523,Reef
765,Barnacle Reef,30.1472,-86.31088,Reef
766,Barnacle Reef,30.14925,-86.30527,Reef
767,Barnacle Reef,30.15635,-86.31535,Reef
768,Barnacle Reef,30.15462,-86.31128,Reef
769,Barnacle Reef,30.15167,-86.31987,Reef
770,Barnacle Reef,30.14717,-86.31968,Reef
771,Barnaget Light Reef,39.75613,-74.02202,Reef
772,Barnegat Hole,39.7128,-73.53257,Reef
773,Barnegat Hole II 3 Tanks,39.74555,-74.02819,Structure
774,Barnegat Hole III 3 Tanks,39.75185,-74.02862,Structure
775,Barnes 4 Reef,30.23652,-86.5841,Reef
776,Barnes Reef,30.24818,-86.32917,Reef
777,Barnes Reef,30.25,-86.49833,Reef
778,Barrs Reef,29.13898,-94.70077,Reef
779,Barracuda Wreck,27.004,-80.07833,Reef
780,Barracuda Wreck,27.0105,-80.07833,Reef
781,Barrel Barge,30.1695,-86.74868,Reef
782,Barrel Barge,30.36391,-86.60145,Reef
783,Barrel Rocks,25.33231,-79.1796,Reef
784,Barren Rock,25.49455,-79.2542,Reef
785,Barrier Dunes Barge,29.75097,-85.42573,Reef
786,Barrow Memorial Reef,29.91514,-85.60183,Reef
787,Barrow Reef,26.92148,-80.01803,Reef
788,Barrow Reef,26.94158,-80.04333,Reef
789,Barrow Reef,26.94505,-80.04913,Reef
790,Bartlett Reef,41.28565,-72.13578,Reef
791,Bartlett Reef NO LA,41.08847,-71.92153,Reef
792,Bartlett Rock,42.07542,-70.63158,Reef
793,Bartlett Rock,42.07817,-70.62288,Reef
794,Bascos Reef,29.30048,-93.8883,Reef
795,Baskins Barge,30.08867,-86.3554,Reef
796,Bath Tennis Reef,26.67458,-80.00673,Reef
797,Bathtub Reef,30.34102,-86.41183,Reef
798,Battle Tank 7 BB,30.15583,-87.24017,Structure
799,Battle Tank 7 A,30.16229,-87.24101,Structure
800,Battle Tank 7 BB,30.15617,-87.24183,Structure
801,Battle Tank 7 G 2,30.16117,-87.24067,Structure
802,Battle Tank 7 G 3,30.16016,-87.24044,Structure
803,Battle Tank 7 G 4,30.15145,-87.23902,Structure
804,Battle Tank 7 H,30.15317,-87.2395,Structure
805,Battle Tank 7 M 2,30.15624,-87.23821,Structure
806,Bausch American Towers,27.2192,-80.00432,Tower
807,Bay County Laars A Modules,29.99829,-85.90351,Reef
808,Bay Ledge,43.96518,-68.86143,Ledge
809,Bay Ledge WP,43.94385,-68.8646,Ledge
810,Bayhead Fish Reef Ball,40.0405,-73.993,Reef
811,Bayronto Wreck Venice,26.75787,-82.85065,Wreck
812,BB Reef,30.4205,-81.14417,Reef
813,BB Reef,30.36267,-80.83267,Reef
814,BB Reef,30.36517,-80.8485,Reef
815,BB Reef,30.43167,-81.1385,Reef
816,BB Reef,30.432,-81.15083,Reef
817,BB Reef,30.43267,-81.13517,Reef
818,BB Site Buckman,30.42966,-81.14466,Structure
819,BB Site Culverts,30.42816,-81.13933,Structure
820,BB Site Margarets Reef,30.42583,-81.14417,Reef
821,BB Site Morantz,30.42849,-81.14883,Structure
822,BB Site Roberts Reef,30.42703,-81.13858,Reef
823,BB Site Wooden Tug,30.43183,-81.13583,Structure
824,BB Site Carpet Barge,30.4335,-81.17445,Structure
825,BC NRDA Reef,29.8749,-85.90487,Reef
826,BC NRDA Reef,29.9004,-85.9403,Reef
827,BC NRDA Reef,29.91715,-85.96817,Reef
828,BC NRDA Reef,29.87263,-85.98837,Reef
829,BC NRDA Reef,29.94215,-85.9921,Reef
830,BC NRDA Reef,29.79575,-85.81433,Reef
831,BC NRDA Reef,29.76182,-85.85922,Reef
832,BC NRDA Reef,29.839,-85.8621,Reef
833,BC NRDA Reef,29.81638,-85.90487,Reef
834,BC NRDA Reef,29.81902,-85.96882,Reef
835,BC NRDA Reef,29.72357,-85.9049,Reef
836,BC NRDA Reef,29.74045,-85.94038,Reef
837,BC NRDA Reef,29.70378,-85.9682,Reef
838,BC NRDA Reef,29.6616,-85.98835,Reef
839,BC NRDA Reef,29.76362,-85.98837,Reef
840,BC 2014 Set 1,30.14444,-85.86198,Structure
841,BC 2014 Set 10,30.16986,-85.90868,Structure
842,BC 2014 Set 11,30.16848,-85.90871,Structure
843,BC 2014 Set 12,30.17121,-85.91043,Structure
844,BC 2014 Set 13,30.16844,-85.91045,Structure
845,BC 2014 Set 14,30.17116,-85.91206,Structure
846,BC 2014 Set 15,30.16984,-85.91206,Structure
847,BC 2014 Set 16,30.16846,-85.91216,Structure
848,BC 2014 Set 2,30.14316,-85.86206,Structure
849,BC 2014 Set 3,30.14174,-85.8621,Structure
850,BC 2014 Set 4,30.14456,-85.8637,Structure
851,BC 2014 Set 5,30.14176,-85.8637,Structure
852,BC 2014 Set 6,30.14458,-85.86545,Structure
853,BC 2014 Set 7,30.14316,-85.86541,Structure
854,BC 2014 Set 8,30.14179,-85.86541,Structure
855,BC 2014 Set 9,30.17123,-85.90866,Structure
856,BC 2015 Set 21,30.16921,-85.91003,Structure
857,Bcara Hopper Barge,29.64201,-85.97791,Structure
858,Beanie And Hosehead Reef,29.89713,-85.46918,Reef
859,Bear Ledge,34.56713,-77.15292,Reef
860,Bear Ledge,34.58077,-77.1497,Reef
861,Bear Rock,34.54868,-77.15713,Reef
862,Bear Rock,34.56983,-77.15,Reef
863,Bears Reef,39.62208,-74.02832,Reef
864,Bearse Rock,41.6025,-70.33077,Reef
865,Beasley Park Snorkel Reef,30.39019,-86.58498,Reef
866,Becks Reef,26.48117,-80.03917,Reef
867,Beers Rock,41.0636,-73.3778,Rock
868,Belcher Barge,25.69683,-80.08803,Reef
869,Belcher Barge,25.41291,-80.1191,Reef
870,Beliner Pinksledge,29.94915,-80.48953,Ledge
871,Bell Hole,26.49911,-78.62317,Hole
872,Bell Shoal,29.92257,-85.4849,Structure
873,Bell Shoal,29.91923,-85.48015,Structure
874,Bell Wreck,39.14524,-74.55411,Wreck
875,Bell Wreck,39.1404,-74.55277,Wreck
876,Belton Johnson Reef,26.42417,-82.2015,Reef
877,Belton Johnson Reef,26.42333,-82.19633,Reef
878,BEN,29.85021,-84.08322,Structure
879,BEN S Blue Hole,26.52726,-78.58538,Hole
880,Bendickson,28.53022,-82.97767,Structure
881,Bendickson Reef Tank,28.52904,-82.97662,Structure
882,Bendickson Reef,28.52883,-82.9785,Reef
883,Bendickson Reef Tanks,28.52767,-82.977,Structure
884,Bendickson Site 2017,28.53033,-82.97612,Structure
885,Bendickson Site 2017,28.52983,-82.9795,Structure
886,Bendix Wreck,40.25011,-73.74965,Wreck
887,Benjamin H Grierson,29.98367,-85.70617,Structure
888,Benny Ledge WPT,44.10093,-68.78799,Ledge
889,Bennys Snapper Hole,30.22232,-86.98136,Hole
890,Bensons Ledge,27.7089,-82.96659,Ledge
891,Bent Pipe Reef,29.60083,-94.97033,Reef
892,Bents Ledge,41.56757,-70.91392,Ledge
893,Benwood Wreck,25.05267,-80.33367,Wreck
894,Bernhardt Pyramids,28.36482,-80.29468,Reef
895,Bernies Hole,30.02667,-87.16167,Hole
896,Berry Patch,25.36888,-80.13021,Structure
897,Bethune Hole,28.94735,-80.37668,Hole
898,Betsey,40.96963,-71.17608,Structure
899,Betty Castor Reef,29.27499,-83.38333,Reef
900,Beverly M Reef,27.39253,-80.00982,Reef
901,Beverly M Reef,27.3939,-80.01773,Reef
902,Bhmtc Reef,39.55983,-74.10649,Reef
903,Bhmtc Reef VI,39.56014,-74.11815,Reef
904,Bhmtc Tank,39.47891,-74.17138,Structure
905,Bhmtc Tank,39.48027,-74.19239,Structure
906,Bibb,24.99508,-80.37941,Structure
907,Bibbidge Island Ledge,44.13007,-68.7768,Ledge
908,Bidevind,39.8135,-72.76483,Structure
909,Bidevind Wreck,39.81645,-72.76967,Wreck
910,Big 10 Fathom Rocks,34.38889,-76.59428,Rock
911,Big 10 Rock,34.38365,-76.58808,Rock
912,Big 16 Reef,30.28328,-86.59972,Reef
913,Big A Reef,30.32422,-86.49987,Reef
914,Big A Reef,30.32693,-86.50118,Reef
915,Big AJ Reef,30.32502,-86.4824,Reef
916,Big Bend Saltwater Classic Reef,29.63322,-85.9828,Reef
917,Big Black Hole,25.84073,-82.15308,Hole
918,Big Brain Reef,26.57675,-80.01317,Reef
919,Big Carlos Bridge,26.38098,-81.96287,Structure
920,Big Carlos Bridge,26.38068,-81.96118,Structure
921,Big Fishing Hole,29.13182,-84.64593,Hole
922,Big Georges Reef,29.59827,-80.89878,Reef
923,Big Georges Reef,29.59799,-80.89333,Reef
924,Big Hole,34.00911,-76.26836,Hole
925,Big Hole Past Edge,29.84387,-87.16025,Hole
926,Big Hump,34.14778,-76.05437,Hump
927,Big Hump,34.98729,-75.22027,Hump
928,Big Jacks Snapper Hole,29.86331,-80.89804,Hole
929,Big Jim Ryan Reef,39.48,-74.17998,Reef
930,Big Jims Hump,34.23128,-77.6317,Hump
931,Big Johns Ledge,39.9605,-73.14123,Ledge
932,Big Juans Ledge,28.21543,-83.22575,Ledge
933,Big Ledge,33.83248,-77.31433,Ledge
934,Big Ledge,33.88422,-77.22235,Ledge
935,Big Ledge,33.90178,-77.52797,Ledge
936,Big Ledge,33.94933,-77.36345,Ledge
937,Big Ledge,26.20883,-82.38115,Ledge
938,Big Ledge,29.75712,-80.43845,Ledge
939,Big Ledge,29.77763,-80.42825,Ledge
940,Big Ledge,29.89208,-80.58082,Ledge
941,Big Ledge Area,30.29957,-81.04497,Reef
942,Big Ledge 22,30.3912,-81.17955,Ledge
943,Big Ledge 31,30.34508,-81.1916,Ledge
944,Big Ledge 7,30.38858,-81.12018,Ledge
945,Big LOU,25.66303,-80.07151,Structure
946,Big LOU Wreck,25.69787,-80.08852,Wreck
947,Big Pine Key Reef,24.54822,-81.4671,Reef
948,Big Pine Key Site,24.55026,-81.32496,Structure
949,Big Pine Reef,24.54487,-81.3255,Reef
950,Big Pine Reef,24.54182,-81.32365,Reef
951,Big Pine Reef,24.55093,-81.32915,Reef
952,Big Reef,30.27652,-86.60137,Reef
953,Big Reef,30.3209,-86.517,Reef
954,Big Reef Northeast,30.28748,-86.59408,Reef
955,Big Rock,34.14517,-76.13217,Rock
956,Big Rock,34.1585,-76.2085,Rock
957,Big Rock,34.16167,-76.15617,Rock
958,Big Rock,34.16467,-76.17917,Rock
959,Big Rock,34.16983,-76.14983,Rock
960,Big Rock,34.17667,-76.14717,Rock
961,Big Rock,35.13314,-75.46101,Rock
962,Big Rock D,34.10183,-76.08983,Rock
963,Big Rock N,34.17656,-76.15782,Rock
964,Big Rock N,34.18899,-76.11848,Rock
965,Big Rock S,34.07031,-76.20782,Rock
966,Big Rock S,34.13483,-76.21032,Rock
967,Big Rocka,34.0825,-76.11,Rock
968,Big Rockc,34.0871,-76.0793,Rock
969,Big Tom Rock BT,40.83758,-73.79333,Rock
970,Big Wreck,28.84633,-80.43017,Wreck
971,Bill Cranford Reef,29.92652,-85.48623,Reef
972,Bill DA Butch Reef,39.56258,-74.115,Reef
973,Bill Donaldson Reef,27.21628,-80.05243,Reef
974,Bill Donaldson Reef,27.21167,-80.10145,Reef
975,Bill Donaldson Reef,27.2,-80.1,Reef
976,Bill Donaldson Reef,27.20967,-80.1125,Reef
977,Bill Donaldson Reef,27.20616,-80.11033,Reef
978,Bill Harris Memorial Reef,30.10078,-87.18888,Reef
979,Bill Horns Reef,29.78436,-85.706,Reef
980,Bill Hornidge Reefballs,39.7506,-74.02992,Reef
981,Bill Messler Reef,39.46965,-74.18664,Reef
982,Bill VAN Schoick Reef,39.76165,-74.01998,Reef
983,Billfish Hump,25.9675,-79.41109,Hump
984,Billie Jack Smith Reef,29.913,-85.47817,Reef
985,Bills Ledge,27.79972,-82.97568,Ledge
986,Bills Reef,26.75868,-79.04512,Reef
987,Billy Gillen Memorial Reef,29.90228,-85.45555,Reef
988,Billy Murrell Reef,34.24612,-77.715,Reef
989,Billy Sidney Reef,40.02317,-73.98981,Reef
990,Billy Smith Reef,34.83445,-76.28362,Reef
991,Billys Barge,25.77403,-80.07285,Reef
992,Biloxi Harbor Reef,27.85683,-82.5545,Reef
993,Bimini Canyon,25.70571,-79.32209,Canyon
994,Bimini Hump,25.74184,-79.32261,Hump
995,Binney Reef,29.81598,-87.85726,Reef
996,BIQ Ledge,30.30977,-81.07048,Ledge
997,Bird Island II Reef,29.00099,-90.01204,Reef
998,Biscayne,25.70415,-80.08842,Structure
999,Biscayne Hump,25.43529,-80.07291,Hump
1000,BJ Putnam Reef,29.9302,-85.83488,Reef
1001,BJM 13,27.20734,-80.09378,Structure
1002,Black Bart,30.0608,-85.82388,Reef
1003,Black Bess Rocks,42.58822,-70.66528,Rock
1004,Black Hole,25.96528,-82.21139,Hole
1005,Black Hole,25.84272,-82.1519,Hole
1006,Black Hole,25.8543,-82.1722,Hole
1007,Black Ledge,44.12937,-68.79988,Ledge
1008,Black Ledge,41.30739,-72.06937,Ledge
1009,Black Ledge,41.29662,-72.06185,Ledge
1010,Black Ledge,41.30537,-72.06532,Ledge
1011,Black Ledge,41.2979,-72.06615,Ledge
1012,Black Ledge NO 2 BL,42.26487,-70.79287,Ledge
1013,Black Ledges,44.00382,-68.67457,Ledge
1014,Black Pearl,30.10575,-85.83183,Reef
1015,Black Rock,41.12033,-73.21749,Rock
1016,Black Rock,41.12,-73.20152,Rock
1017,Black Rock,41.30598,-72.17447,Rock
1018,Black Rock,26.813,-80.003,Rock
1019,Black Rock Gramatic Undercut,26.8019,-79.99123,Rock
1020,Black Rock Harbor NO 2 A,41.13668,-73.21818,Reef
1021,Black Rock Harnor,41.135,-73.21433,Reef
1022,Black Rocks,42.4352,-70.95133,Rock
1023,Black Snapper Hole,30.24772,-87.16155,Hole
1024,Black Tank RIG,29.51553,-89.40408,Structure
1025,Blackboys Rock,41.28665,-72.22493,Rock
1026,Blackfin Reef,29.88508,-85.53497,Reef
1027,Blackfish Bank Reef,37.8375,-75.24517,Reef
1028,Blackfish Bank Reef,37.84028,-75.25306,Reef
1029,Blackmars Reef,30.39204,-81.17583,Reef
1030,Blackmars Reef Circular Reef,30.36683,-80.83133,Reef
1031,Blacks Ledge,41.11703,-71.7117,Ledge
1032,Blackthorn Wreck,27.87618,-83.188,Wreck
1033,Blackwater Bridge ON I 10 Reef,30.15192,-87.22625,Reef
1034,Blackwater Bridge ON I 10 Reef,30.19657,-87.23658,Reef
1035,Blackwood Reef,38.94633,-74.68832,Reef
1036,Blandas Reef BL 4,26.42272,-82.31567,Reef
1037,Blandas Reef Bridge,26.41981,-82.31791,Reef
1038,Blind Pass Wreck,27.67638,-83.4818,Wreck
1039,Blount Reef Boat Parts,30.0432,-86.09273,Reef
1040,Blue Fire,25.56627,-80.09063,Structure
1041,Blue Hill Rock NO LA,44.0914,-68.5354,Rock
1042,Blue Mountain Center Patch,30.32283,-86.20085,Structure
1043,Blue Mountain Reef,30.26527,-86.22265,Reef
1044,Blue Mountain Reef 01 A,30.2685,-86.23241,Reef
1045,Blue Runner Wreck,27.52352,-82.81695,Wreck
1046,Blue Wing Reef,30.04578,-88.33123,Reef
1047,Bluefish Reef,29.8923,-85.5331,Reef
1048,Bluefish Rock Reef,37.05117,-76.18733,Reef
1049,Blueline Tile Hole,34.8241,-75.4331,Hole
1050,Blyn Rock,41.24443,-72.82642,Rock
1051,Bmhtc Tank,39.47406,-74.17246,Structure
1052,Bnmonfiddler Ledge,44.10058,-68.9395,Ledge
1053,BO Hole,27.82817,-95.67778,Hole
1054,Boat Molds Airplanes,26.10965,-80.06655,Structure
1055,Boatman's Reef Mustang Island 746 L,27.77367,-96.97083,Reef
1056,BOB Burton Memorial Reef,26.4532,-80.04952,Reef
1057,BOB Herbst SR Reef,27.38315,-80.06164,Reef
1058,BOB Herbst SR Reef,27.44612,-80.15897,Reef
1059,BOB Illes Rock,40.12967,-73.94025,Rock
1060,BOB Johnson,27.26889,-82.80208,Structure
1061,BOB Koch Reef,40.06033,-73.99316,Reef
1062,BOB Reay Reef Belize Queen,30.1467,-86.67293,Reef
1063,Bobby Guilford Site,29.88723,-85.54367,Structure
1064,Bobby Guilford Site,29.88658,-85.5428,Structure
1065,Bobs Rock,34.18565,-76.12901,Rock
1066,Boca 3 RD Reef Drift Dive,26.35857,-80.05531,Reef
1067,Boca Artificial Reef Ledge,26.328,-80.05982,Reef
1068,Boca Chita Ledge,25.53968,-79.90738,Ledge
1069,Boca Deep Hump,26.32561,-79.51411,Hump
1070,Boca Dredge Hole,26.38583,-80.05805,Hole
1071,Boca Grand RR Reef,26.70197,-82.59888,Reef
1072,Boca Grande Reef,26.64512,-82.2941,Reef
1073,Boca Grande Reef,26.63885,-82.28397,Reef
1074,Boca Grande Wreck,26.2146,-82.3466,Wreck
1075,Boca Grande Wreck,26.35767,-82.57767,Wreck
1076,Boca Hole,26.37483,-80.0542,Hole
1077,Boca Hump,26.34937,-80.05588,Hump
1078,Boca Ledge,26.31697,-80.05278,Ledge
1079,Boca Raton Reef,26.369,-80.04672,Reef
1080,Boca Raton Reef,26.3225,-80.05583,Reef
1081,Boca Reef,26.3528,-80.03592,Reef
1082,Boca Reef,26.31042,-80.05185,Reef
1083,Boca Rocks,26.34517,-80.0295,Rock
1084,Boca Step Reef,26.34255,-80.0648,Reef
1085,Bodenstein Reef,30.02857,-87.1297,Reef
1086,Bodenstein Reef,30.03163,-87.0792,Reef
1087,Bolacks Rocky Delight,28.15322,-83.05418,Rock
1088,Bolger Reef,40.02583,-73.99981,Reef
1089,Bone Wreck,39.80083,-74.0755,Wreck
1090,Bone Wreck,39.77417,-74,Wreck
1091,Bone Wreck,37.76267,-75.1975,Wreck
1092,Bonewreck,37.75911,-75.18744,Wreck
1093,BOO Mcculley Reef,27.20478,-80.0066,Reef
1094,Boogies Ledge,25.91796,-80.08882,Ledge
1095,Boohoo Ledge,42.56347,-70.74628,Ledge
1096,Boon Island Ledge,43.1252,-70.4108,Ledge
1097,Bootel Rock,26.63984,-78.95437,Rock
1098,BOR 5 S 20,27.4069,-82.79715,Structure
1099,Borden 1 N,27.40874,-82.7962,Structure
1100,Born Again Tugboat,30.13683,-87.23683,Wreck
1101,Borries Barge A,30.03207,-88.52155,Reef
1102,Borries Barge B,30.04895,-88.5223,Reef
1103,Bortone Reef,29.66603,-87.24275,Reef
1104,Bouble Ledge,33.74302,-77.51697,Ledge
1105,Box Car,26.7037,-82.59883,Structure
1106,Box Car,26.70272,-82.59957,Structure
1107,Box Car,26.7004,-82.59982,Structure
1108,Box Car,26.6955,-82.59883,Structure
1109,Box Car,26.70367,-82.6003,Structure
1110,Box Cars,30.15733,-85.797,Structure
1111,Box Cars,30.159,-85.89933,Structure
1112,Box Cars Sand,30.16033,-85.84267,Structure
1113,Box Reef,26.49214,-78.66021,Reef
1114,Box Wreck,34.19441,-76.37606,Wreck
1115,Boxcar,30.05292,-88.61124,Structure
1116,Boxcar Ledge,34.2589,-77.50744,Structure
1117,Boxcar Reef,30.35343,-86.40483,Structure
1118,Boxcar Reef,30.35432,-86.41735,Structure
1119,Boxcar Reef,30.35557,-86.50252,Structure
1120,Boxcar Reef,30.36192,-86.5873,Structure
1121,Boxcar Reef,30.1701,-86.73013,Structure
1122,Boxcar Reef,30.1638,-86.72838,Structure
1123,Boxcar Reef,26.69717,-82.60105,Structure
1124,Boxcars,27.20895,-82.8,Structure
1125,Boynton Fish Corridors,26.4798,-80.0387,Structure
1126,Boynton Hole,26.56542,-80.0216,Hole
1127,Boynton Ledge,26.51045,-80.03708,Ledge
1128,Boynton Ledge,26.50083,-80.0365,Ledge
1129,Boynton Ledge Comb,26.48547,-80.03902,Ledge
1130,Boynton Ledge Drift Dive,26.60879,-79.9918,Ledge
1131,Boynton Ledges,26.81617,-80.0035,Ledge
1132,Boynton Reef,26.54472,-80.01257,Reef
1133,Boynton Reef,26.51402,-80.04857,Reef
1134,Boyton Kiwanis Miller Lite Reef,26.554,-80.01767,Reef
1135,BR 0 WNS Ledge,34.52715,-77.22281,Ledge
1136,BR Site Ferry,30.36209,-80.83338,Structure
1137,BR Site N Barge,30.36433,-80.83783,Reef
1138,BR Site Tug,30.36167,-80.84233,Structure
1139,BR Site Tug,30.36416,-80.8405,Structure
1140,Brandywine,25.69983,-80.08253,Structure
1141,Brass Wreck,30.21418,-87.05355,Wreck
1142,Brass Wreck,30.21475,-87.05438,Wreck
1143,Brause Girl Reef,27.20772,-80.00393,Reef
1144,Brazos A 132 Reef,27.82272,-95.99002,Reef
1145,Brazos A 28 Reef,28.14942,-95.49512,Reef
1146,Breakers Reef,26.7023,-80.00982,Reef
1147,Breakers Reef Turtle Mound,26.71668,-80.01873,Reef
1148,Breakers Reef,26.71257,-80.01745,Reef
1149,Breakers Reef South,26.68583,-80.00283,Reef
1150,Breaking Rocks,42.86668,-70.79993,Rock
1151,Breaking Rocks,42.86797,-70.79198,Rock
1152,Brenton Reef Tower,41.29665,-71.85948,Reef
1153,Brevard Artificial Reef Section A + B,28.307,-80.45467,Reef
1154,Brevard County Reef 20 Fathom,28.4985,-80.21183,Reef
1155,Brevard County Reef 20 Fathom,28.5045,-80.22,Reef
1156,Brevard County Reef 21 Fathom,28.335,-80.19283,Reef
1157,Brevard County Reef 21 Fathom,28.36683,-80.18383,Reef
1158,Brevard County Reef 9 Fathom,28.3075,-80.46117,Reef
1159,Brevard County Reef 9 Fathom,28.30933,-80.45667,Reef
1160,Brevard County Reef 9 Fathom,28.31183,-80.47467,Reef
1161,Brevard Reef,28.6267,-80.53842,Reef
1162,Brevard Reef,28.30865,-80.44985,Reef
1163,Brevard Reef Site,28.40712,-80.27855,Reef
1164,Brewster Point Ledge,44.1299,-69.06747,Ledge
1165,Brewster Reef,25.56627,-80.09863,Reef
1166,BRI 3 S 21,27.5144,-82.8183,Structure
1167,Brickmans Hole,41.1062,-72.43707,Hole
1168,Bridge,25.66698,-80.0676,Structure
1169,Bridge NOV 24 Site 1,27.51533,-82.81608,Structure
1170,Bridge NOV 24 Site 2,27.5163,-82.81687,Structure
1171,Bridge Reef,26.79825,-79.99108,Reef
1172,Bridge Rubble Reef,30.36667,-86.5,Reef
1173,Bridge Rubble Reef,30.3476,-86.49397,Reef
1174,Bridge Rubble Reef,24.60902,-81.16837,Reef
1175,Bridge Rubble Reef,40.13708,-73.93237,Reef
1176,Bridge Spans,27.44383,-80.1708,Structure
1177,Bridge Spans,27.44383,-80.1698,Structure
1178,Bridgejul 25 Scenter,27.514,-82.8171,Structure
1179,Bridgeport Ledge,41.08958,-73.11571,Ledge
1180,Broad Cove Rock,43.58387,-70.18743,Rock
1181,Broadcast Wreck,40.31998,-73.53608,Structure
1182,Broadcast Wreck,40.31767,-73.53133,Wreck
1183,Broken Ledge,30.00857,-80.56445,Ledge
1184,Broken Rock And Sand,29.4502,-84.00473,Rock
1185,Brothers Ledge,26.04194,-79.01541,Ledge
1186,Broward County Reef Monitoring Site,26.21219,-80.08671,Reef
1187,Broward County Reef Monitoring Site,26.18709,-80.0728,Reef
1188,Broward County Reef Monitoring Site,26.15984,-80.08253,Reef
1189,Broward County Reef Monitoring Site,26.15881,-80.09555,Reef
1190,Broward County Reef Monitoring Site,26.13701,-80.09763,Reef
1191,Broward County Reef Monitoring Site,26.08186,-80.1038,Reef
1192,Broward County Reef Monitoring Site,26.0047,-80.09692,Reef
1193,Broward County Reef Monitoring Site,26.27387,-80.06367,Reef
1194,Broward County Reef Monitoring Site,26.2426,-80.07342,Reef
1195,Broward County Reef Monitoring Site,26.31131,-80.05943,Reef
1196,Brown Barge,30.35895,-86.5937,Reef
1197,Brown Barge Middle School,30.1085,-87.194,Reef
1198,Brown Ledge,34.54218,-77.15332,Ledge
1199,Brown Ledge,34.54785,-77.15083,Ledge
1200,Browns Ledge,25.37801,-79.23603,Ledge
1201,Browns Ledge WPT,44.08359,-68.77016,Ledge
1202,Browns Reef,41.23227,-72.77188,Reef
1203,Browns Reef,41.22743,-72.76553,Reef
1204,Broz Reef Site,30.00715,-88.03048,Reef
1205,Brreef,30.49807,-80.58433,Reef
1206,Bruce Alan Ballinger Reef,39.23659,-74.35516,Reef
1207,Brudge Rubble Reef,24.55353,-81.32612,Reef
1208,Brunette,40.076,-73.96933,Wreck
1209,Brunswick County Fishing Club Reef,33.83,-78.21805,Reef
1210,Bryson Memorial Reef,29.52073,-84.40877,Reef
1211,Bryson Memorial Reef,29.52752,-84.40807,Reef
1212,BSB Hole,34.2346,-77.59875,Hole
1213,Buccaneer Reef,28.89113,-94.69498,Reef
1214,Buccaneer Reef,28.86735,-94.69808,Reef
1215,Buckeye Reef,29.64957,-83.90568,Reef
1216,Buckeye Reef,29.64442,-83.90834,Reef
1217,Buckeye Reef Addition,29.64682,-83.90417,Reef
1218,Buckeye Reef Addition,29.64,-83.90517,Reef
1219,Buckeye Reef Addition,29.63589,-83.91383,Reef
1220,Buckeye Reef Addition 2013 Center Patch,29.64798,-83.91278,Reef
1221,Buckeye Reef Addition 2013 Culverts,29.64068,-83.91247,Reef
1222,BUD Krohn Reef,26.171,-80.04033,Reef
1223,BUD Krohn Reef,26.18209,-80.05064,Reef
1224,BUD Odum Reef,29.72478,-85.6927,Reef
1225,Budd Reef,41.02866,-73.43386,Reef
1226,Buddy Merrit,26.23595,-80.04697,Structure
1227,Buddy Morgan Reef,30.15012,-86.3146,Reef
1228,Buddy Ward H,29.48182,-84.92043,Reef
1229,Buddy Ward I,29.4779,-84.93387,Reef
1230,Buddy Ward Reef A,29.48573,-84.93388,Reef
1231,Buddy Ward Reef B,29.48573,-84.92942,Reef
1232,Buddy Ward Reef C,29.48573,-84.92493,Reef
1233,Buddy Ward Reef D,29.48572,-84.92045,Reef
1234,Buddy Ward Reef E,29.4818,-84.93388,Reef
1235,Budweiser Reef,40.04657,-73.98915,Reef
1236,Buffalo Barge,30.0795,-87.84063,Reef
1237,Buffalo Barge,30.08041,-87.84432,Reef
1238,Buffalo Barge,30.08388,-87.83345,Reef
1239,BUG Car,30.02077,-87.18695,Structure
1240,BUG Ledge,29.75708,-80.46513,Ledge
1241,BUG Ledge,29.76073,-80.45265,Ledge
1242,BUG Light Reef Phase 2,25.67963,-80.11262,Reef
1243,Bugledge,29.91372,-80.52798,Ledge
1244,Bugs Holes,29.90798,-80.50243,Hole
1245,Bugs Ledge,29.73497,-80.44832,Ledge
1246,Bugs Ledge,29.7364,-80.44123,Ledge
1247,Bugs Ledge,29.90895,-80.55755,Ledge
1248,Bugs Ledge,29.9856,-80.60673,Ledge
1249,Bulk Trader,26.1435,-80.06391,Structure
1250,Bulkhead Reef,27.55637,-82.70611,Reef
1251,Bull Shark Barge,27.13733,-80.1225,Reef
1252,Bunker Ledge,44.02438,-68.81293,Ledge
1253,Bunnell Barge,25.7063,-80.08333,Reef
1254,Bunnies Web,30.17399,-81.24716,Structure
1255,Bunnies Web,30.17013,-81.24801,Structure
1256,Burgess Barge,30.15408,-86.74448,Reef
1257,Burlington County Reefbal,39.7475,-74.02601,Reef
1258,Burnham Rocks,42.5402,-70.67967,Rock
1259,Butch Karpowicz Reef,40.03333,-74.00164,Reef
1260,Butler Ledge,29.80447,-81.11315,Ledge
1261,Butterfish Hole,40.76782,-71.8818,Hole
1262,Butterfish Hole,40.9295,-71.719,Hole
1263,Buzz Ledge,34.40505,-77.1632,Ledge
1264,Buzz Ledge,34.44118,-77.12637,Ledge
1265,Buzz Ledge,34.4638,-77.17303,Ledge
1266,Bxcar Ledge,34.50938,-77.03593,Structure
1267,C Leg,30.36063,-86.40731,Structure
1268,C M Hole,30.17407,-87.09803,Hole
1269,C Of C Reef,29.8321,-85.49833,Reef
1270,C Reef,29.48483,-94.827,Reef
1271,C Tower,29.40667,-84.86333,Tower
1272,C Tower,29.41245,-84.85663,Tower
1273,C Tower,29.40383,-84.85767,Tower
1274,C 54 Airplane,26.10733,-80.0705,Structure
1275,C Note,26.30168,-80.06156,Structure
1276,C One,25.90888,-80.09062,Structure
1277,C 2 Eternal Reef,26.14255,-80.08193,Reef
1278,Cabbage Patch Rocks,34.37458,-77.52508,Rock
1279,Cable And Anchor Reef,41.01228,-73.41982,Reef
1280,Cadet Wreck,40.10007,-73.97308,Wreck
1281,Caicos Express,26.20836,-80.06105,Structure
1282,Caladesi Ledge,28.00157,-82.9979,Ledge
1283,Calebs Spot,30.26913,-86.39809,Structure
1284,California Hole,27.90465,-97.0561,Hole
1285,Calvins Ledge,30.16197,-85.70794,Ledge
1286,Camerons Hole,25.298,-81.6633,Hole
1287,Camp Ledge,29.88158,-80.44813,Ledge
1288,Can MAN Memorial Reef,29.91067,-85.53183,Reef
1289,Canaveral Ledge,28.34656,-80.36473,Ledge
1290,Candi Daniel Memorial Reef,29.72824,-85.47125,Reef
1291,Cannabis Cruiser Wreck,24.82413,-80.64377,Wreck
1292,Cannon Ledge,25.99665,-81.7625,Ledge
1293,Cannon Wreck,39.78484,-73.93012,Wreck
1294,Cannon Wreck,39.78423,-73.92475,Wreck
1295,Cannonreef,25.10351,-80.34009,Reef
1296,Canychicken Canyon,39.72952,-72.88177,Canyon
1297,Canyon,39.87992,-73.059,Canyon
1298,Canyon Edge,27.70292,-95.69515,Canyon
1299,Canyon Finger,34.83332,-75.38839,Canyon
1300,Canyon Hill,28.65497,-89.81175,Canyon
1301,Canyon Hump,38.42758,-73.50938,Hump
1302,Canyon Pocket,38.4401,-73.58183,Canyon
1303,Canyon Tip,34.8334,-75.38942,Canyon
1304,Cape Fear Ledge,33.836,-78.07433,Reef
1305,Cape May Reef,38.88017,-74.66233,Reef
1306,Cape May Reef,38.8835,-74.66483,Reef
1307,Cape May Reef,38.873,-74.66817,Reef
1308,Cape May Reef,38.8825,-74.67067,Reef
1309,Cape May Reef,38.8775,-74.67433,Reef
1310,Cape May Reef,38.8515,-74.69033,Reef
1311,Cape May Reef,38.84467,-74.69817,Reef
1312,Cape May Reef,38.84133,-74.7075,Reef
1313,Cape SAN Blas Ledge,29.50837,-85.43812,Ledge
1314,Cape SAN Blas Ridge,29.36141,-85.53005,Structure
1315,Capo Reef,29.84667,-80.76667,Reef
1316,Capo Reef North,29.85077,-80.76735,Reef
1317,Capt Bart 174 Tanker,40.11838,-73.69132,Structure
1318,Capt Bill Fite Memorial Reef,29.89388,-85.52665,Reef
1319,Capt DAN Wreck,26.21875,-80.06625,Wreck
1320,Capt Dwyers Wreck,28.392,-79.583,Wreck
1321,Capt Harolds Hump,28.56504,-80.32942,Reef
1322,Capt Harolds Ledge,28.57681,-80.33896,Reef
1323,Capt Jims Ledge,29.60474,-83.99998,Ledge
1324,Capt Leroys Hump,37.35144,-75.30234,Hump
1325,Capt Leroys Ledge,37.22772,-75.54918,Ledge
1326,Capt Leroys Rock,37.11288,-75.24834,Rock
1327,Capt Mikes Hole,37.81931,-76.08057,Hole
1328,Capt AL Sirokin Reef,27.20502,-80.03795,Reef
1329,Capt Hornblower Reef,30.05018,-85.93853,Reef
1330,Capt Pete Memorial Reef,25.88077,-81.9024,Reef
1331,Capt Vinnies Jewfish Wreck,24.675,-82.05,Wreck
1332,Captain Cavemans Hole,40.98762,-73.15224,Hole
1333,Captain Charlie Poor Reef,30.09042,-85.90448,Reef
1334,Captain Daddy,30.59874,-81.26588,Structure
1335,Captain DAN Garnsey,26.23133,-80.06583,Reef
1336,Captain Dans Hump,29.40544,-85.46611,Hump
1337,Captain Earls Hump,34.87387,-75.98628,Reef
1338,Captain Earls Rock,34.60434,-76.16301,Reef
1339,Captain ED Schmidiger Reef,40.03053,-73.9946,Reef
1340,Captain Harry,25.73005,-80.08496,Reef
1341,Captain Hills Grouper Rock,29.95548,-86.46363,Rock
1342,Captain Jeff Steele Reef N,26.93031,-82.59821,Reef
1343,Captain Jims Grouper Hole,29.57878,-83.9994,Hole
1344,Captain Jims Ledge,30.2354,-86.75524,Ledge
1345,Captain Jims Rock,41.11491,-72.46108,Rock
1346,Captain Jims Snapper Hole,29.4443,-83.89921,Hole
1347,Captain Joes Ledge,28.67564,-89.90161,Ledge
1348,Captain John A Racine Reef,30.09833,-87.15045,Reef
1349,Captain KEN Keller Reef,40.00408,-73.9929,Reef
1350,Captain Kleggs Ledge,41.10142,-71.72864,Ledge
1351,Captain Mike Neals Reef,29.89903,-85.51095,Reef
1352,Captain Patrick Price Reef,27.397,-80.00917,Reef
1353,Captain Reds Ledge,30.25505,-86.46815,Ledge
1354,Captain Rons Ledge,33.45345,-77.60648,Ledge
1355,Captain Sals Ledge,36.62581,-75.35655,Ledge
1356,Captain Sals Ledge,27.01223,-79.91273,Ledge
1357,Captain Sams Ledge,26.45041,-80.04631,Ledge
1358,Captain Sanders Ledge,40.97621,-73.01934,Ledge
1359,Captain Steves Rock,40.98498,-73.46517,Rock
1360,Captain Tom Hudson Memorial Reef,29.90188,-85.45992,Reef
1361,Captain Tonys Hump,40.08882,-72.45646,Hump
1362,Captain Williams Ledge,41.09048,-73.09049,Ledge
1363,Captiva Blue Hole,26.482,-82.737,Hole
1364,Caputis Train Subway Cars,40.1057,-73.69315,Structure
1365,Car,30.01288,-87.15402,Structure
1366,Car,30.0708,-87.38858,Structure
1367,Car,30.08557,-87.39137,Structure
1368,Car,30.14157,-87.23447,Structure
1369,Car,29.92142,-87.70623,Structure
1370,Car Boat,30.11358,-87.32772,Structure
1371,Car Bodies,29.13817,-94.69967,Structure
1372,Car Bodies,30.1575,-87.24173,Structure
1373,Car Bodies,30.18433,-87.24533,Structure
1374,Car Bodies,30.20083,-87.24867,Structure
1375,Car Bodies,30.20467,-87.23733,Structure
1376,Car Bodies,30.20508,-87.24275,Structure
1377,Car Body,29.139,-94.70763,Structure
1378,Car Body,30.21327,-87.22078,Structure
1379,Car Body,30.21397,-87.38553,Structure
1380,Car Body A,29.14403,-94.67818,Structure
1381,Car Body Site,29.89797,-85.52985,Structure
1382,Car Body Site,29.91365,-85.53485,Structure
1383,Car Body Site,29.89628,-85.54692,Structure
1384,Car Body Site,29.90668,-85.53617,Structure
1385,Car Float,40.11892,-73.94864,Structure
1386,Car Float,40.12095,-73.94867,Structure
1387,Car Float,39.11459,-74.49426,Structure
1388,Car Float,39.11654,-74.50172,Structure
1389,Car Float,39.14543,-74.50183,Structure
1390,Car Float Barge,40.11987,-73.94862,Structure
1391,Car Rock,28.30792,-93.78965,Structure
1392,Car Rocks,28.28883,-93.76925,Structure
1393,Carabelle 3 Mile,29.7517,-84.5736,Structure
1394,Carbch BU,34.07833,-77.85225,Structure
1395,Carbody,29.89807,-85.54333,Structure
1396,Carbody,29.89652,-85.53348,Structure
1397,Carbody Mbara,29.90232,-85.53983,Structure
1398,Card Sound,25.33676,-80.3107,Structure
1399,Card Sound And Little Card Sound,25.32013,-80.32246,Structure
1400,Cardinal Snapper,24.4167,-79.2167,Structure
1401,Caribbean Red Snapper,34.2755,-76.4022,Structure
1402,Caribe,29.10023,-91.70012,Structure
1403,Caribe,29.11522,-91.72179,Structure
1404,Carison II 70 Clam Boat,40.11342,-73.95293,Structure
1405,Carl Chilton,29.3669,-93.80016,Structure
1406,Carl Enis Memorial Reef,29.59043,-84.42305,Structure
1407,Carl Trammel 1 Reef,30.16817,-86.66613,Structure
1408,Carl Trammel Reef,30.16925,-86.50105,Structure
1409,Carlos French,41.3001,-72.0898,Structure
1410,Carls Ledge,27.053,-80.03298,Structure
1411,Carls Ledge,27.0599,-80.03431,Structure
1412,Carls Obst,28.71677,-94.94713,Structure
1413,Carlson,40.1145,-73.95338,Structure
1414,Carlson,40.03438,-73.98034,Structure
1415,Carlson,40.11267,-73.9475,Structure
1416,Carlson,40.03397,-73.97487,Structure
1417,Carlson's Two Humps,24.4185,-81.06327,Structure
1418,Carney Ledge,25.35623,-81.46634,Structure
1419,Carney Ledge,25.34665,-81.45951,Structure
1420,Carol A,29.54979,-94.95435,Structure
1421,Carol And Gail,39.60789,-74.17597,Structure
1422,Carol Lee,28.60142,-80.27003,Structure
1423,Carol Lee Wreck,28.60367,-80.2725,Structure
1424,Caroles Reef,39.48115,-74.19698,Structure
1425,Carolina Rocks,33.4844,-77.00817,Structure
1426,Caroline Reef,29.81307,-87.8546,Structure
1427,Carolson,40.12333,-73.92817,Structure
1428,Carolyn,43.89675,-69.06615,Structure
1429,Carousal,28.48028,-96.29025,Structure
1430,Carpenas,38.28345,-75.02879,Structure
1431,Carpenas,38.2834,-75.02395,Structure
1432,Carpender,38.37844,-74.97962,Structure
1433,Carpender,38.37373,-74.97443,Structure
1434,Carpet Barge,30.36103,-80.89233,Structure
1435,Carrabelle 14 Mile Site,29.57233,-84.537,Structure
1436,Carrabelle 3 Mile,29.75113,-84.5749,Structure
1437,Carrabelle 3 Mile Reef,29.7511,-84.57592,Structure
1438,Carrabelle 3 Mile Reef,29.75067,-84.57785,Structure
1439,Carrabelle Reef Culverts,29.53952,-84.62433,Structure
1440,Carrabelle/Rotary,29.51858,-84.65738,Structure
1441,Cars,29.95027,-87.35117,Structure
1442,Cars,30.18823,-87.2412,Structure
1443,Cars,30.2102,-87.23128,Structure
1444,Cars Metal Tires And Debris,30.35327,-86.43847,Structure
1445,Carteret County Sportfishing Association Reef,34.27863,-76.64268,Structure
1446,Carteret County Sportfishing Association Reef AR,34.167,-76.38592,Structure
1447,Carters 20 Ledge,27.91502,-84.17058,Structure
1448,Carters And Joes 7 Ledge,27.92068,-84.16842,Structure
1449,Carters Barge,28.16498,-83.62833,Structure
1450,Carters Barge,27.15283,-83.088,Structure
1451,Carters Dredge,27.9472,-83.11537,Structure
1452,Carters Hole,28.11543,-83.5265,Structure
1453,Carters Hole,25.7303,-79.8688,Structure
1454,Carters Hump,25.7664,-79.9264,Structure
1455,Carters Rocks,34.42728,-77.02473,Structure
1456,Carters Spot,29.76115,-93.90785,Structure
1457,Cartwright,40.97633,-71.78398,Structure
1458,Cartwright,41,-71.80833,Structure
1459,Cartwright,40.97783,-71.78399,Structure
1460,Cartwright Shoal,40.91997,-71.83467,Structure
1461,Cartwright Shoals,40.92078,-71.83237,Structure
1462,Cary Kresge Reef,28.39291,-80.30417,Structure
1463,Carysedge,25.19329,-80.22754,Structure
1464,Carysford NE,25.0085,-80.39133,Structure
1465,Carysford NW,25.22967,-80.2,Structure
1466,Carysford SE,25.2355,-80.213,Structure
1467,Carysford SW,25.2005,-80.21633,Structure
1468,Carysfort Lighthouse,25.2219,-80.2115,Structure
1469,Carysfort Reef,25.22047,-80.21187,Structure
1470,Carysfort Reef Light,25.23245,-80.21875,Structure
1471,Carysfort Reef North Of,25.204,-80.2295,Structure
1472,Carysfort Reef North Of,25.23787,-80.2048,Structure
1473,Carysfort Shoal,25.24792,-80.19647,Structure
1474,Carysfort Shoal,25.24877,-80.19623,Structure
1475,Carysfort Shoal,25.26207,-80.20645,Structure
1476,Carysfort Trench,25.23383,-80.19783,Structure
1477,Carysfort Trench,25.23283,-80.19828,Structure
1478,Carysfort 1,25.16693,-80.19882,Structure
1479,Caseys Canyons,27.175,-79.29167,Canyon
1480,Caseys Hump,41.13623,-71.68419,Hump
1481,Cashes Ledge,42.9,-68.93333,Ledge
1482,Casino Magic Barge,30.05242,-88.60742,Reef
1483,Cassimer Tanker,33.96463,-77.02858,Structure
1484,Castle Rock,25.23345,-79.14568,Rock
1485,Cat Island Barge,30.03495,-88.75953,Reef
1486,Cat Ledge,25.52483,-79.33978,Ledge
1487,Cat Ledges NO 4 CL,43.7951,-69.68863,Ledge
1488,Catacomb Rocks,41.29225,-71.88535,Rock
1489,Catch ALL Canyon,26.85121,-79.76671,Canyon
1490,Catch ALL Canyon Lower,26.8191,-79.76122,Canyon
1491,Catherine M Monohan Wreck,34.94833,-75.71465,Wreck
1492,Catons Ledge,27.30972,-82.94445,Ledge
1493,Catris Reefs,27.91667,-79.98833,Reef
1494,Catris Reefs,27.5,-79.98333,Reef
1495,Catumb Rocks,41.29482,-71.88967,Rock
1496,Catumb Rocks NO 3 C,41.29647,-71.88632,Rock
1497,Causeway Reef,26.3821,-82.01878,Reef
1498,CAV Rocks,28.51432,-94.07405,Rock
1499,Caves And Ledges Moorings,26.12932,-80.09016,Ledge
1500,Caves Ledge Reef,29.5757,-84.20282,Reef
1501,Caxambas Pass 14 Miles Reef,25.792,-81.95408,Reef
1502,Caxambas Pass 2. 5 Mile,25.932,-81.75333,Structure
1503,Caxambas Pass 2. 5 Mile,25.93,-81.76666,Structure
1504,Cayman Salvage Master,24.4535,-81.76633,Structure
1505,CB Ledge,33.725,-76.783,Ledge
1506,CB Ledge,34.00999,-77.76767,Ledge
1507,CB Reef,30.29233,-80.82167,Reef
1508,CCA Btwhs,30.2985,-87.22975,Structure
1509,CCA Wfhs,30.29733,-87.22958,Structure
1510,CCA Florida Latimer Reef,29.92433,-85.55317,Reef
1511,CCA Green Reef,28.40622,-80.30532,Reef
1512,CCA Pensacola Reef,30.11217,-87.195,Reef
1513,Cedar Hole,40.97005,-73.03865,Reef
1514,Cedar Island Ledge,42.9753,-70.59957,Reef
1515,Cedar Key,29.12051,-83.22441,Reef
1516,Cedar Key,29.10686,-83.21493,Reef
1517,Cedar Key 1 Reef,29.12657,-83.22212,Reef
1518,Cedar Key 4 Reef,29.14913,-83.36892,Reef
1519,Cedar Key LB Reef,29.12468,-83.19477,Reef
1520,Cedar Key Reef,29.11667,-83.20833,Reef
1521,Cedar Key Reef,28.98355,-83.19695,Reef
1522,Cedar Key Reef Site,29.11048,-83.43153,Reef
1523,Cedar Key Reef Site,29.11367,-83.42783,Reef
1524,Cedar Key Reef Site,29.10185,-83.22005,Reef
1525,Cedar Key Reef Site,28.98183,-83.2,Reef
1526,Cedar Key Reef Site,28.97853,-83.20165,Reef
1527,Cedar Key Reef Site,29.11484,-83.42447,Reef
1528,Cederhurst Reef,38.74642,-76.48692,Reef
1529,Celia Reef,30.08724,-87.19824,Reef
1530,Celtic Crusader,26.79833,-79.98983,Structure
1531,Celtic Ledge,41.02871,-73.40995,Ledge
1532,Century Boat Reef,29.78668,-85.71152,Reef
1533,Century/Cobia Barge,29.97358,-85.82653,Reef
1534,CGD,29.76389,-84.18667,Structure
1535,CH Ledge,30.29945,-81.04922,Ledge
1536,CH Site North Tug,30.30933,-81.06917,Structure
1537,CH Site South Tug,30.3081,-81.07285,Structure
1538,Chamberlain High School,27.86053,-82.56317,Structure
1539,Champion Reef,28.60717,-82.94,Reef
1540,Channel Hump,29.69125,-93.83937,Hump
1541,Channel Marker Reefs,27.33182,-82.5726,Reef
1542,Channel Rock,41.07543,-73.3576,Rock
1543,Channel Rock BRC,41.60138,-70.33563,Rock
1544,Charity Ledges,43.71272,-69.98985,Reef
1545,Charles B Durborow Reef,39.75963,-74.02856,Reef
1546,Charles Deaton Memorial Reef,29.72407,-85.48572,Reef
1547,Charles H Kirbo Reef,30.175,-81.25417,Reef
1548,Charles House Reef,29.88573,-85.54355,Reef
1549,Charles Reef,41.24343,-72.61957,Reef
1550,Charlie Parker Memorial Reef,29.71732,-85.69198,Reef
1551,Charlies Reef,26.5545,-82.72484,Reef
1552,Charlies Ledge,30.16172,-89.76103,Reef
1553,Charlies Reef Char 2,26.5583,-82.7188,Reef
1554,Charlies Reef Twbarg,26.49958,-82.72447,Reef
1555,Charlotte Harbor Reef,26.84584,-82.08892,Reef
1556,Charlotte Harbor Reef,26.84167,-82.08867,Reef
1557,Charlotte Harbor Site B,26.85836,-82.08826,Reef
1558,Charlotte Harbor Site B,26.84981,-82.08826,Reef
1559,Charlottes Reef Rock,26.76395,-82.457,Reef
1560,Cheeca Rocks,24.90433,-80.60918,Rock
1561,Cheeca Rocks NE,25.2383,-80.2626,Rock
1562,Chemical Courier Barge,30.09953,-87.18128,Reef
1563,Chepanoc Starfish Reef,30.14723,-86.62687,Reef
1564,Cherokee,38.59583,-74.65017,Wreck
1565,Cherrystone Reef,37.3175,-76.04611,Reef
1566,Chester E Poling Wreck,42.57361,-70.67,Wreck
1567,Chevron,26.12333,-80.07583,Structure
1568,Chevron / Rodeo,26.17575,-80.04696,Structure
1569,Chevron Platform,30.07067,-87.03533,Platform
1570,Chevron Storage Tanks,25.66733,-80.0705,Structure
1571,Chevron Tanks,26.19183,-80.05183,Structure
1572,Chevron Vessel,30.16558,-88.75003,Structure
1573,Chew Hole,29.9084,-87.22022,Hole
1574,Chickasaw Tug,30.08218,-85.77952,Structure
1575,Chicken Canyon,39.87333,-73.05833,Canyon
1576,Chicken Ledge,28.18812,-83.27145,Ledge
1577,Chicken Ledge,40.90223,-73.73311,Ledge
1578,Chicken Rock,34.62003,-76.16684,Rock
1579,Chickn Rock,34.61746,-76.16279,Rock
1580,Childress Oyster Reef,29.51325,-94.7887,Reef
1581,Chimney Corner Reef,41.23932,-72.70535,Reef
1582,Chimon Rock,41.06714,-73.38158,Rock
1583,China Junk Wreck,39.1205,-74.68683,Wreck
1584,China Wreck,38.82138,-74.916,Wreck
1585,China Wreck,39.11678,-74.68016,Wreck
1586,China Wreck,39.11673,-74.67477,Wreck
1587,China Wreck,38.81967,-74.90917,Wreck
1588,China Wreck,38.80472,-74.91605,Wreck
1589,Chipola College Reef,29.8256,-85.98827,Reef
1590,Chippewa,29.96126,-85.80773,Structure
1591,Chkn Rock,34.6158,-76.16952,Rock
1592,Choapa Shipwreck,40.27975,-73.78998,Wreck
1593,Choapa Wreck,40.21383,-73.73667,Wreck
1594,Choapa Wreck,40.21673,-73.73842,Wreck
1595,Choctaw LBI Scuba Reef,39.63156,-74.02139,Reef
1596,Cholera Bank,40.44407,-73.5447,Hole
1597,Cholera Bank E L,40.4635,-73.46317,Hole
1598,Cholera Bank L,40.44117,-73.53917,Hole
1599,Cholera Wreck 1 W,40.4405,-73.54,Wreck
1600,Cholerabks,40.43486,-73.5345,Hole
1601,Chris Benson Reef,28.68967,-80.42717,Reef
1602,Chris Benson Reef,28.7,-80.44167,Reef
1603,Chris Benson Reef,28.75833,-80.45417,Reef
1604,Chris Benson Reef,28.773,-80.44417,Reef
1605,Chris Benson Reef,27.1739,-79.85223,Reef
1606,Chris Craft Molds,26.08083,-80.05395,Structure
1607,Chris Koepfer ARC Reef Balls,26.41128,-82.41212,Reef
1608,Christmas Rock,34.38033,-77.153,Rock
1609,Christmas Rock,34.40168,-77.16337,Rock
1610,Christmas Tree Reef,30.36512,-86.41632,Reef
1611,Chuck Guilford Reef,29.92396,-85.54236,Reef
1612,Chuck Mckibbonville Reef,29.91345,-85.55178,Reef
1613,Chucki Hole,30.07667,-87.25167,Hole
1614,Chucks Hump,26.51368,-97.11904,Hump
1615,Chulamar Hole,29.905,-87.22333,Reef
1616,Church Rock,41.5595,-70.88893,Rock
1617,Circle Ledge,29.77343,-80.43137,Ledge
1618,Circle Of Heroes,28.05194,-83.01083,Structure
1619,Circle Reef,26.88365,-79.06591,Reef
1620,Circle Rock,40.99512,-73.54352,Rock
1621,Cities Service Tanker,28.39467,-80.04867,Structure
1622,Cities Service Tanker,28.396,-80.0485,Structure
1623,Cities Service Tanker,28.3965,-80.0465,Structure
1624,Cities Service Tanker,28.39483,-80.046,Structure
1625,Cities Service Tanker,28.398,-80.259,Structure
1626,City Of Apalachicola East,29.46291,-84.83585,Structure
1627,City Of Apalachicola West,29.46218,-84.84243,Structure
1628,City Of Venice Mitigation Reef,27.0767,-82.45775,Reef
1629,City Service Tanker,28.39583,-79.96028,Structure
1630,Civil WAR Wreck,27.03317,-79.12312,Reef
1631,Clam Pass 3 Mile,26.22646,-81.8702,Structure
1632,Clam Pass 3 Mile Pile,26.22623,-81.8679,Structure
1633,Clam Pass 3 Mile,26.22316,-81.86751,Structure
1634,Clam Pass 3 Mile C D,26.22408,-81.87048,Structure
1635,Classic Barge P 1,26.79033,-79.985,Reef
1636,Claw,38.84042,-73.57813,Structure
1637,Claw,39.75975,-71.70667,Structure
1638,Clay Pipes Cars TPW,27.79047,-96.98652,Structure
1639,Claytons Hole,26.16183,-82.09768,Hole
1640,Claytons Holler Demeres Ledge,30.33333,-81.085,Ledge
1641,Claytons Holler Winstons Reef,30.33433,-81.081,Reef
1642,Clearwater C Site,28.01423,-82.89313,Reef
1643,Clearwater Reef,27.92667,-83.02333,Reef
1644,Clearwater Reef,28.01,-82.88967,Reef
1645,Clearwater Reef,28.01895,-82.89476,Reef
1646,Clearwater Reef,27.94,-82.89692,Reef
1647,Clearwater Reef,28.01362,-82.89692,Reef
1648,Clearwater Reef,28.02598,-82.88205,Reef
1649,Clearwater Reef,28.01022,-82.89453,Reef
1650,Clearwater Reef,28.01532,-82.88908,Reef
1651,Clearwater Wreck,27.95303,-83.12263,Reef
1652,"Cleve Jones, SR",25.81625,-80.0815,Structure
1653,Cleveland East Ledge,41.634,-70.6981,Ledge
1654,Cleveland Ledge,41.62993,-70.69783,Ledge
1655,Cleveland Ledge,41.634,-70.70308,Ledge
1656,Cleveland Ledge,41.62232,-70.70473,Ledge
1657,Cleveland Ledge,41.62565,-70.69948,Ledge
1658,Cleveland Ledge Range,41.69563,-70.67813,Ledge
1659,Cliff/Rocky Bottom,27.38027,-80.05222,Rock
1660,Clifford Lipke 15 Tanker,40.1268,-73.94417,Structure
1661,Cliffords Hump,38.0718,-73.91394,Hump
1662,Clifton Moss Reef,34.65805,-76.8075,Reef
1663,Clifton S Perry Memorial Reef,27.22253,-80.10218,Reef
1664,Climbers Rock,28.2302,-83.39192,Rock
1665,Clints Hole,43.0673,-70.5764,Hole
1666,CM Hole,30.17238,-87.09522,Hole
1667,CM Holes,30.17232,-87.09297,Hole
1668,CM Holes,30.17442,-87.0951,Hole
1669,CM Holes Good Fish!,30.1857,-87.06167,Hole
1670,CM Holes South Paradise,30.18582,-87.15377,Reef
1671,CM Reef,30.1761,-87.13072,Reef
1672,Coal ASH Reef,29.1211,-83.205,Reef
1673,Coal Wreck,40.435,-73.5905,Wreck
1674,Coal Wreck,40.43833,-73.595,Wreck
1675,Coal Wreck West,40.509,-73.57083,Wreck
1676,Coal Wreck 4,27.01813,-82.817,Wreck
1677,Coalbin Rock South,24.4445,-82.0915,Rock
1678,Coalbin Rock South,24.445,-82.075,Rock
1679,Coalbin Rock South,24.445,-82.11667,Rock
1680,Coes 8 Ledge,27.90295,-83.10417,Ledge
1681,Coffee Wreck,39.99683,-73.91467,Wreck
1682,Coimbra Wreck,40.3854,-72.35472,Wreck
1683,Coimbra Wreck,40.39867,-72.36617,Wreck
1684,Coimbrawreck 2,40.40135,-72.33872,Wreck
1685,Collier 5 Mile Reef,25.85552,-81.7935,Reef
1686,Collier 5 Mile Reef,25.86377,-81.79388,Reef
1687,Collier Ledge G,41.59512,-70.3515,Ledge
1688,Collins Ledge,41.2279,-71.90652,Ledge
1689,Colt Ledge,44.01187,-68.83603,Ledge
1690,Colts Ledge,29.69776,-84.52133,Ledge
1691,Columbia Ledge,43.94999,-68.13333,Ledge
1692,Commander,30.0545,-85.94617,Structure
1693,Commander Tug,30.02118,-86.12615,Structure
1694,Commisioners Ledge,42.35698,-70.9027,Ledge
1695,Conception,25.90958,-80.0895,Structure
1696,Conch Reef,24.95183,-80.4594,Reef
1697,Conch Reef,24.9549,-80.4639,Reef
1698,Conch Reef,24.95183,-80.46258,Reef
1699,Conch Reef NE,30.15917,-86.38285,Reef
1700,Conch Reef NE,24.66328,-80.98797,Reef
1701,Conch Reef NE 1,30.1568,-86.36878,Reef
1702,Conch Reef NE 4,30.15917,-86.36623,Reef
1703,Conch Reef NW,24.95567,-80.45433,Reef
1704,Conch Reef NW Spat,24.94983,-80.457,Reef
1705,Conch Reef NW 3,30.15837,-86.3724,Reef
1706,Conch Reef SE,24.958,-80.45783,Reef
1707,Conch Reef SE Spat,24.95167,-80.44883,Reef
1708,Conch Reef SE 3,30.15373,-86.36685,Reef
1709,Conch Reef SW Spat,24.94717,-80.45433,Reef
1710,Conch Reef SW 2,30.15437,-86.37157,Reef
1711,Conch Shells And Rocks,28.64428,-80.34377,Rock
1712,Concorde Body Shop Reef,29.88893,-85.54935,Reef
1713,Concrete Fish Havens,30.10428,-87.13273,Structure
1714,Concrete Fish Havens,30.09718,-87.13581,Structure
1715,Concrete Fish Havens,30.09903,-87.13608,Structure
1716,Concrete Fish Havens,30.09989,-87.13292,Structure
1717,Concrete + Barge Reef,30.34743,-81.21382,Reef
1718,Concrete Anchors,30.14316,-85.86375,Structure
1719,Concrete Culverts,30.16106,-87.23036,Structure
1720,Concrete Culverts,30.16142,-87.23845,Structure
1721,Concrete Manholes,30.01888,-88.77032,Hole
1722,Concrete Manholes 0,30.01205,-88.7538,Hole
1723,Concrete Pile Reef,28.38308,-80.29652,Reef
1724,Concrete Pipe,25.87456,-80.07283,Structure
1725,Concrete Pipe,25.85903,-80.05745,Structure
1726,Concrete Pipe,25.77871,-80.07376,Structure
1727,Concrete Pipe,25.85705,-80.06805,Structure
1728,Concrete Pipe,25.81373,-80.09116,Structure
1729,Concrete Pyramids,30.07078,-87.0299,Structure
1730,Concrete Pyramids,30.14166,-87.22458,Structure
1731,Concrete Pyramids,30.14803,-87.2289,Structure
1732,Concrete Pyramids,29.97354,-87.20761,Structure
1733,Concrete Railroad Ties 2,27.20348,-80.0384,Structure
1734,Concrete Reef,38.41925,-76.386,Reef
1735,Concrete Reef Balls,28.398,-80.299,Reef
1736,Concrete Reefs,30.0553,-86.32245,Reef
1737,Coney Island 250 Tanker,40.10475,-73.68942,Structure
1738,Confusion Ledge,28.1943,-83.25813,Ledge
1739,Constellation Rock,41.17363,-72.1091,Rock
1740,Continent Wreck,40.35582,-73.81033,Wreck
1741,Continent Wreck,40.36193,-73.81779,Wreck
1742,Continental Rocks,34.44251,-77.0278,Rock
1743,Copano Bay Reef,28.18247,-95.99875,Reef
1744,Copps Rocks,41.05938,-73.38061,Rock
1745,Coquina,25.77598,-80.07406,Structure
1746,Coral And Rock,27.32615,-80.03192,Rock
1747,Coral And Rock,26.3311,-79.82197,Rock
1748,Coral Reef,30.24072,-87.17985,Reef
1749,Coral Reef,37.2517,-76.08257,Reef
1750,Coral Reefs From Martin County Through Miami Dade County,26.15,-80.078,Reef
1751,Coral Reefs From Martin County Through Miami Dade County,26.051,-80.086,Reef
1752,Coral Reefs From Martin County Through Miami Dade County,26.43645,-80.04682,Reef
1753,Coral Reefs From Martin County Through Miami Dade County,26.691,-80.018,Reef
1754,Coral Reefs From Martin County Through Miami Dade County,26.93,-80.039,Reef
1755,Coral Reefs From Martin County Through Miami Dade County,26.294,-80.06,Reef
1756,Coral Ridge Ledge,26.17551,-80.08086,Ledge
1757,Coral Rock Depression,27.31325,-80.01962,Rock
1758,Coral Rock Garden,26.7685,-80.01633,Reef
1759,Coral/Rock W/Slopes,25.61365,-80.08527,Rock
1760,Coralwreck,24.46544,-81.98607,Wreck
1761,Core Ledge,34.75944,-75.60173,Ledge
1762,Cormorant Rock,41.29482,-72.09145,Rock
1763,Corner Rocks,34.21585,-76.3897,Rock
1764,Corner Rocks,34.35785,-76.55688,Rock
1765,Corolla Rock,36.35101,-74.79717,Rock
1766,Corridor Reef,26.74542,-79.99472,Reef
1767,Corwin Rock,43.55837,-70.14315,Rock
1768,Cote Reef,25.775,-80.08717,Reef
1769,County Reef,29.0515,-80.72108,Reef
1770,County Reef,29.13195,-80.8972,Reef
1771,County Reef Tires Autos,29.145,-80.8965,Reef
1772,County Reef Site,28.78673,-83.06098,Reef
1773,County Site,28.27925,-82.95759,Structure
1774,County Site,27.89866,-80.22792,Structure
1775,County Site,27.91183,-80.22855,Structure
1776,County Site,27.91099,-80.1978,Structure
1777,County Site,30.35941,-86.41911,Structure
1778,County Site,28.28333,-83.01666,Structure
1779,County Site,28.29609,-83.01821,Structure
1780,County Site,28.19166,-83.05933,Structure
1781,County Site,28.29224,-83.01833,Structure
1782,County Site 1 Reef EX,30.36882,-86.58457,Reef
1783,County Site,30.36686,-86.58985,Structure
1784,County Site,30.36773,-86.5897,Structure
1785,County Site,30.36911,-86.58875,Structure
1786,County Site 2 Reef EX,30.35863,-86.49482,Reef
1787,County Site 2 NE North,27.93317,-80.25027,Structure
1788,County Site 2 NE South,27.93179,-80.24995,Structure
1789,County Site 3 Reef EX,30.35563,-86.42388,Reef
1790,County Site 1 Reefex,30.36682,-86.5682,Reef
1791,"County Site 2, SISA Site 1",27.92533,-80.25843,Structure
1792,"County Site 3, SISA Site 2",27.90476,-80.22153,Structure
1793,"County Site 4, SISA",27.91783,-80.20468,Structure
1794,Courthouse Reef,29.565,-94.983,Reef
1795,Courtney Knight Gaines Memorial Reef,29.74268,-85.6944,Reef
1796,Courtney Ledge,30.15253,-85.70072,Ledge
1797,Cove Rocks,41.01066,-73.50288,Rock
1798,Cowand Calf Ledge,44.2882,-68.49597,Ledge
1799,COX Communications Reef,30.10273,-87.41678,Reef
1800,COX Ledge,41.05,-71.15833,Ledge
1801,CPA Reef,28.33392,-80.19938,Reef
1802,Crab Meadow Ledge,40.94229,-73.34239,Ledge
1803,Crab Trap Snorkel Reef,30.377,-86.40812,Reef
1804,Craigs Hole,25.04418,-82.09078,Hole
1805,Crane Reef,41.25115,-72.42283,Reef
1806,Crane Wreck,28.84795,-80.42857,Wreck
1807,Crane/BG Wreck,40.46834,-73.65059,Wreck
1808,Crazy ALS Grouper Hole,29.46395,-87.65165,Hole
1809,Crazy Blonde Reef,29.73176,-85.48418,Reef
1810,Cresent Canyon,29.67002,-79.91489,Canyon
1811,Crippl Rock,34.061,-77.18766,Rock
1812,Cripple Rock,34.05637,-77.18163,Rock
1813,Cripple Rock,34.06355,-77.20515,Rock
1814,Crisfield Reef,37.92647,-75.9431,Reef
1815,Crocker Reef,24.90252,-80.53072,Reef
1816,Crocker Reef,24.90898,-80.52646,Reef
1817,Crocker Reef CR 2,25.442,-80.12188,Reef
1818,Crocker Reef CR 4,24.90402,-80.52623,Reef
1819,Crocker Ridges,24.92197,-80.50602,Rock
1820,Crosby Ledge NO 2 A,44.03722,-68.78222,Ledge
1821,Cross Current Barge,26.7615,-80.021,Reef
1822,Cross Island Reef,29.50833,-94.871,Reef
1823,Cross Ledge,39.16193,-75.23723,Ledge
1824,Cross Ledge WR,39.21028,-75.25503,Ledge
1825,Crusty ALS Hole,38.9379,-73.48873,Hole
1826,Cruz DEL SUR Ship,25.96935,-80.07698,Wreck
1827,Crwo Island Ledges 2 CI,43.95533,-69.09972,Ledge
1828,CSA Modules,26.36565,-80.05482,Structure
1829,CSX Barge RBL,30.15273,-87.2184,Reef
1830,CSX Box Cars,30.16302,-86.72702,Structure
1831,CSX Box Cars,30.3536,-86.50007,Structure
1832,CSX Reef,30.36082,-86.58592,Reef
1833,CSX Reef,30.3526,-86.41734,Reef
1834,CSX Reef,30.35447,-86.50075,Reef
1835,CSX Reef Spot 1,30.16375,-86.74448,Reef
1836,CSX RR Cars,30.35003,-86.50123,Structure
1837,CSX Rubble,30.14968,-87.22721,Structure
1838,CSX Rubble,30.15059,-87.22816,Structure
1839,Cucumber Rock,33.72975,-77.79487,Rock
1840,Cucumber Rock,33.74862,-77.80842,Rock
1841,Cuda Hole,27.23997,-82.75543,Hole
1842,Cudjoe Ledge,24.55632,-81.34814,Ledge
1843,Culvert Reef,29.05602,-83.48932,Reef
1844,Culvert Reef B,30.08407,-86.36929,Reef
1845,Culvert Reef C,30.07395,-86.34821,Reef
1846,Culverts,30.19631,-87.2375,Structure
1847,Culverts,30.20066,-87.2389,Structure
1848,Culverts Guardian Reef,27.2154,-80.1054,Reef
1849,Cureton Reef Support Beams,29.66409,-84.49926,Reef
1850,Curry Reef,26.0108,-80.09343,Reef
1851,Curts Ledge,36.60569,-74.96644,Ledge
1852,Cutlers Ledge,42.45113,-70.85252,Ledge
1853,D Tower,25.56628,-81.71808,Tower
1854,D Wreck,34.60033,-76.3175,Wreck
1855,D Wreck,34.60536,-76.31379,Wreck
1856,D S Reef,29.45743,-80.95142,Reef
1857,Dade Sportfish Middle Reef,25.4846,-80.07485,Reef
1858,Dade Sportfish Middle Reef,25.529,-80.08703,Reef
1859,Dade Sportfish North Reef,25.5507,-80.06922,Reef
1860,Dade Sportfish North Reef,25.56945,-80.08522,Reef
1861,Dade Sportfish South Reef,25.41497,-80.1036,Reef
1862,Dale Mcdowell Reef,33.74638,-78.235,Reef
1863,Dale Ward Reef,33.78388,-78.29805,Reef
1864,Dales Hump,41.07617,-72.74617,Hump
1865,Dallas Ledge,34.23145,-77.62117,Ledge
1866,Dallas Rock,34.23213,-77.6296,Rock
1867,Dallas Rock,34.23666,-77.50666,Rock
1868,Dallas Rock,34.23683,-77.6319,Rock
1869,Damocles Reef,28.425,-80.29167,Reef
1870,Damocles Wreck,28.40683,-80.28283,Wreck
1871,DAN Barge,30.08063,-85.73071,Reef
1872,DAN Wright Reef,29.09275,-85.5261,Reef
1873,Dania Wreck,27.76437,-82.52209,Wreck
1874,Daniel Carroll Concrete,40.38334,-73.93334,Structure
1875,Danny Grizzard,29.99564,-85.86412,Reef
1876,Danny Mccauley Reef,26.79333,-80.01833,Reef
1877,Dantor,26.00983,-80.08316,Structure
1878,Dauphin Island Bridge Reef,30.04362,-88.09803,Reef
1879,Dauphin Island Bridge Reef,30.04625,-88.07185,Reef
1880,David Atwater Reef,37.95387,-75.10538,Reef
1881,David Brogan,30.1125,-87.40417,Reef
1882,David J Osteen Family Reef,29.33014,-83.43667,Reef
1883,Davids Hole,27.29735,-83.09385,Hole
1884,Davids Hump,24.51433,-81.70167,Hump
1885,Davids Ledge,30.00796,-85.85628,Ledge
1886,Davids Other Hole,27.30057,-83.05128,Hole
1887,Davidwreck,26.60048,-82.40038,Wreck
1888,Davis Barge,30.00756,-85.60786,Reef
1889,Davis Ledge,42.517,-70.7824,Ledge
1890,Davis Ledge 1 DL,42.2753,-70.7515,Ledge
1891,Davis Ledge DL 6,24.918,-80.5062,Ledge
1892,Davis Ledge NO 1 DL,42.27465,-70.74388,Ledge
1893,Davis Reef,24.9198,-80.5088,Reef
1894,Davis Reef,24.92763,-80.50117,Reef
1895,Davis Reef,24.92328,-80.50887,Reef
1896,Davis Reef NE,24.92502,-80.49888,Reef
1897,Davis Reef NW,24.92683,-80.5045,Reef
1898,Davys Navy,29.56188,-84.95824,Structure
1899,Daymaker Charters Reef,27.38217,-80.05867,Reef
1900,Daytona Ledges,28.86778,-80.16352,Ledge
1901,Daytona Wreck,28.96515,-80.19925,Wreck
1902,DBL Ledge,34.65399,-76.63433,Ledge
1903,DE Soto Canyon,28.99999,-87.5,Canyon
1904,Dead Tree Hole Area,34.6458,-76.59265,Reef
1905,Deadhead Ledge,42.45575,-70.84237,Ledge
1906,Deal Rocks,40.24683,-73.9765,Rock
1907,Dean Hicks,26.36998,-82.28803,Structure
1908,Dean Hicks Reef Balls,26.36792,-82.28612,Reef
1909,Debra Herrick Reef,39.48099,-74.16915,Reef
1910,Debris Reef,30.30692,-86.60918,Reef
1911,Debris Reef,30.31695,-86.65965,Reef
1912,Debris Reef,30.36188,-86.63763,Reef
1913,Debris Reef,30.22543,-86.68815,Reef
1914,Decatur Rock,41.56523,-70.89148,Rock
1915,Deck Barge,29.62287,-88.39645,Reef
1916,Deep Freeze,25.82171,-80.08253,Structure
1917,Deep Hole,33.675,-76.77968,Hole
1918,Deep Hole,33.9683,-76.35008,Hole
1919,Deep Hole,29.53333,-94.845,Hole
1920,Deep Hole Grouper,30.19275,-86.88697,Hole
1921,Deep Hole NW,33.983,-76.35083,Hole
1922,Deep Hole SW,33.96666,-76.33334,Hole
1923,Deep Hump,34.63293,-75.55917,Hump
1924,Deep Hump,38.18517,-73.6675,Hump
1925,Deep Ledge,42.62548,-70.28808,Ledge
1926,Deep Ledge,26.0004,-79.839,Ledge
1927,Deep Ledge,38.12442,-73.74147,Ledge
1928,Deep Ledge,38.42258,-73.3996,Ledge
1929,Deep Ledge,28.8928,-88.8522,Ledge
1930,Deep Ledge Bugs,29.75075,-80.45377,Ledge
1931,Deep Ledge South,42.62288,-70.28358,Ledge
1932,Deep Pipe Barge,29.93821,-85.90657,Reef
1933,Deep Reef,30.08379,-86.745,Reef
1934,Deep Reef,29.9027,-87.55276,Reef
1935,Deep Reef,30.05,-80.10999,Reef
1936,Deep Reef Dart Reef,26.7681,-79.9694,Reef
1937,Deep Rock,38.43075,-73.54373,Rock
1938,Deep Rock Pile,27.34552,-79.6205,Rock
1939,Deep Rocks,29.7596,-86.43453,Rock
1940,Deep Sirokin Reef,27.20247,-80.03478,Reef
1941,Deep South Crane Reef,29.89062,-85.52883,Reef
1942,Deep Stim,30.05058,-86.29597,Structure
1943,Deep Tug Wreck,27.40667,-80.00383,Wreck
1944,Deep Water Reef,27.875,-83.58889,Reef
1945,Deep Wreck,33.88697,-76.4182,Wreck
1946,Deepledge 2,26.83455,-83.22765,Ledge
1947,Deepledge 6,26.83117,-83.2214,Ledge
1948,Deepwater Reef,38.97183,-74.18217,Reef
1949,Dees Reef,29.50183,-94.80667,Reef
1950,Defiance Wreck,28.44783,-80.35583,Wreck
1951,Delaware,39.23453,-73.45613,Reef
1952,Delaware Canyon,38.34999,-73.51667,Reef
1953,Delaware Wreck,40.0605,-74.0015,Reef
1954,Delmarva Triple Wrecks,38.51867,-74.50583,Reef
1955,Delmarva Twin Wrecks Approx,38.21433,-74.7615,Reef
1956,Delph Humps,24.32383,-81.68087,Hump
1957,Delray Dredge Hole,26.44972,-80.05278,Hole
1958,Delray Dredge Hole,26.45555,-80.04778,Hole
1959,Delray Dredge Hole,26.4375,-80.05388,Hole
1960,Delray Dredge Hole,26.4475,-80.05195,Hole
1961,Delray Hump,26.43843,-79.7929,Hump
1962,Delray Ledge,26.44228,-80.04714,Ledge
1963,Delray Snapper Hole,26.46507,-80.04428,Hole
1964,Dema Trader,25.70363,-80.08691,Structure
1965,DEP Flap,30.08522,-86.35653,Structure
1966,DEP Flap,30.08648,-86.35553,Structure
1967,DEP Flap NO Name Reef,30.056,-86.30503,Reef
1968,DEP Flap NO Name Reef,30.09667,-86.38834,Reef
1969,DEP Flap NO Name Reef,30.06488,-86.3264,Reef
1970,DEP Flap Reef EX,30.14918,-86.40302,Reef
1971,DEP Flap Reefex,30.14317,-86.38675,Reef
1972,DEP Flap Reefex,30.13865,-86.37407,Reef
1973,DEP Flap Reefex,30.14045,-86.35955,Reef
1974,DEP Lap Valp,30.16433,-86.41317,Structure
1975,DEP Lap Valp,30.14767,-86.41317,Structure
1976,DEP Lap Valp,30.16308,-86.41245,Structure
1977,DEP,29.64038,-83.90315,Structure
1978,DEP,29.64183,-83.90405,Structure
1979,DEP,29.63947,-83.90205,Structure
1980,DEP,29.64038,-83.902,Structure
1981,DEP,29.63783,-83.9158,Structure
1982,DEP,29.638,-83.91428,Structure
1983,DEP,29.63915,-83.91442,Structure
1984,Derelict,30.12083,-85.71167,Structure
1985,Derelict Barge,30.03183,-88.76673,Reef
1986,Derm Reef Units,25.77097,-80.1078,Reef
1987,Derm Reef Units,25.77453,-80.10717,Reef
1988,Desco Boat Culverts,29.88737,-81.016,Wreck
1989,Desco Wreck Reef,29.88688,-81.01142,Reef
1990,Desco Wreck Reef,29.9117,-81.00267,Reef
1991,Desoto Canyon,29.092,-87.48,Canyon
1992,Desparation Reef SS,28.47417,-91.03717,Reef
1993,Destin Deepwater Concrete,30.14659,-86.67806,Structure
1994,Destin Reef,30.15,-86.5555,Reef
1995,Destin Reef 1 B,30.16817,-86.28484,Reef
1996,Destin Reef 1 D,30.15154,-86.27789,Reef
1997,Destin Reef 1 E,30.16609,-86.28215,Reef
1998,Destin Reef 1 B,26.895,-82.49167,Reef
1999,Destin Southern Ledge,29.8044,-86.481,Ledge
2000,Determined,40.71678,-71.28282,Structure
2001,Devils A Hole,33.67527,-76.78087,Hole
2002,DH 3,26.37263,-82.28895,Structure
2003,Diamond Barge,30.15595,-86.72862,Reef
2004,Diamond Ledge,35.15326,-75.15465,Ledge
2005,Diamond Rock Ledge,44.02592,-68.76528,Ledge
2006,Diamond Tower,35.15085,-75.29817,Tower
2007,Diamondhead Radnor Reef,26.9135,-80.05883,Reef
2008,Dickey BOY Wreck,28.60017,-80.31433,Wreck
2009,Dickey BOY Wreck,28.60112,-80.31733,Wreck
2010,Dicks Hole,25.50402,-82.23193,Hole
2011,Dicks Hump,25.1971,-81.89908,Hump
2012,Dicks Ledge,41.10917,-71.72691,Ledge
2013,Diggs Ledge,40.29231,-73.93884,Ledge
2014,Dillingham Ledge,44.22693,-69.0293,Ledge
2015,Dive Council Reef,40.00383,-74.00198,Reef
2016,Divers Ledge,28.08927,-83.21822,Ledge
2017,Divers Ledge,28.09627,-83.21028,Ledge
2018,Divers Ledge,28.09687,-83.222,Ledge
2019,Divers Ledge,28.09862,-83.20595,Ledge
2020,Divers Rock,34.49032,-77.27283,Rock
2021,Dixie 1 Big Bend Reefs,29.32753,-83.35593,Reef
2022,Dixie 2 Big Bend Reefs,29.32051,-83.36865,Reef
2023,Dixilyn Field 81 Reef,26.78533,-97.15345,Reef
2024,Dixon Camp Memorial Reef,29.65478,-84.50016,Reef
2025,Dixon Reef,30.05595,-86.68547,Reef
2026,DL Reef,29.93767,-80.95533,Reef
2027,DL Reef,29.94067,-80.95833,Reef
2028,DM Wreck,28.17993,-95.11838,Wreck
2029,DNR Barges,26.1424,-80.07725,Reef
2030,DOC DE Milly,25.3678,-80.13102,Structure
2031,DOC Kline Artificial Reef,26.33588,-82.0665,Reef
2032,DOC Kline Lincolin Logs,26.33915,-82.08986,Structure
2033,Doctors Pass 5 Mile,26.17025,-81.90625,Structure
2034,Dodger Shipwreck,40.48225,-73.20944,Wreck
2035,Dodger Wreck W,40.48167,-73.20417,Wreck
2036,Dodges Rock,41.58862,-70.316,Rock
2037,DOG Island Reef,29.8397,-84.4772,Reef
2038,DOG Rocks,24.08333,-79.85,Rock
2039,Dollar Reef,29.44717,-94.872,Reef
2040,Dolly Sues Reef,29.45713,-80.9567,Reef
2041,Dolph Ledge,33.97388,-77.79338,Ledge
2042,Dolphin Rock,42.46655,-70.86607,Rock
2043,Dominion Reef,38.55916,-76.41564,Reef
2044,DON ARD Memorial Reef,29.75565,-85.87278,Reef
2045,DON Phillips Barge And Parks,30.09583,-87.17667,Reef
2046,Donald G Mcallister,26.00903,-80.09275,Structure
2047,Donald Roeher Lido Key Reef,27.30338,-82.59193,Reef
2048,Donaldson FLA Special Upside Down Barge,27.21603,-80.11195,Reef
2049,Donaldson East,27.20876,-80.09128,Structure
2050,Donaldson Hole,27.21418,-80.097,Hole
2051,Donaldson North,27.20933,-80.09233,Structure
2052,Donaldson Reef,27.23255,-80.1118,Reef
2053,Donaldson Reef,27.20043,-80.09492,Reef
2054,Donaldson Reef,27.22273,-80.11598,Reef
2055,Donaldson South,27.20793,-80.09255,Structure
2056,Donaldson Triangle Reefmaker,27.19464,-80.09467,Reef
2057,Donaldson West,27.20858,-80.09336,Structure
2058,Donnyboy Silpe Reef,26.53117,-80.03248,Reef
2059,Dons Ledge,41.20403,-72.4832,Ledge
2060,Dont CHA Know,29.8584,-85.34851,Structure
2061,Donut Reef,30.18138,-87.24077,Reef
2062,Doorstop Ledge High Step,34.19833,-76.95833,Ledge
2063,Dorsey Canyon,28.86899,-88.02762,Canyon
2064,Double Anchor Reef,30.25767,-80.96783,Reef
2065,Double Ledge,33.78677,-77.49867,Ledge
2066,Double Ledge,35.09461,-75.65182,Ledge
2067,Double Ledge,29.7565,-80.44837,Ledge
2068,Double Ledge,30.20932,-80.25768,Ledge
2069,Double Ledges,26.51167,-80.0335,Ledge
2070,Double Nipple,28.94988,-87.65435,Hump
2071,Double Nipple,28.983,-87.565,Hump
2072,Double Nipple,29.01667,-87.48333,Hump
2073,Doug And Sarah Hough Memorial Reef,29.73683,-85.69822,Reef
2074,Doug DON,40.72417,-72.17167,Structure
2075,DP Wreck,28.9038,-94.07433,Wreck
2076,DR James Bonner Reef,39.10999,-74.61498,Reef
2077,DR Pass 4. 5 Mile Site 09,26.17068,-81.90071,Structure
2078,DR Reef,30.275,-81.15833,Reef
2079,DR Bart Carey Reef,29.66183,-84.5,Structure
2080,DR Edgar Ernst Reef,27.1567,-80.05028,Reef
2081,DR Robin Sherman Memorial Reef,26.1541,-80.07987,Reef
2082,Drakes Ledge,40.38169,-73.88925,Ledge
2083,Dread Ledge,42.45702,-70.89477,Ledge
2084,Dredge Hole,26.24,-80.06917,Hole
2085,Dredge Hole,26.20028,-80.07612,Hole
2086,Dredge Hole,26.19862,-80.08083,Hole
2087,Dredge Hole,26.2475,-80.07555,Hole
2088,Dredge Hole,26.37,-80.05972,Hole
2089,Dredge Hole,26.93783,-80.059,Hole
2090,Dredge Pipe,25.78208,-80.04936,Structure
2091,Dredge Wreck,33.97566,-77.68623,Wreck
2092,Dredge Wreck Reef,33.97445,-77.68972,Reef
2093,Drifter,29.86688,-83.99488,Structure
2094,Drunkard Ledge,44.09578,-68.94508,Reef
2095,Drunkard Ledge NOL,44.0774,-68.54122,Reef
2096,Drunkers Ledge,43.68385,-70.0231,Ledge
2097,Dry Hole Reef,29.598,-94.86067,Reef
2098,Dry Rock Spot,24.44933,-81.84583,Rock
2099,Dry Rocks West Of,25.12233,-80.302,Rock
2100,Dry Tortugas Davis Rock,25.12828,-80.29972,Rock
2101,Dryland Wreck,40.45435,-73.80805,Wreck
2102,Dryrock,24.45282,-81.91475,Rock
2103,Dual Barges Wreck,39.37345,-74.10624,Reef
2104,Dual Barges Wreck,39.37073,-74.10375,Reef
2105,Dual Wrecks,40.27483,-73.9755,Wreck
2106,Duane,24.9897,-80.38208,Structure
2107,Duck Hole,36.19228,-75.381,Hole
2108,Duck Key Wreck,24.71,-80.87833,Wreck
2109,Duckys Rock,41.05492,-72.94824,Rock
2110,Duffie Canyon,35.39163,-74.88805,Canyon
2111,Duke Wreck,40.55633,-73.52183,Wreck
2112,Duke Wreck,40.55543,-73.52298,Wreck
2113,Duke Wreck,40.5592,-73.52733,Wreck
2114,Dukes Peak,41.17167,-71.21567,Structure
2115,Dumfounding Bay Reef,25.94833,-80.0855,Reef
2116,Dumpty Wreck,39.22053,-72.73145,Wreck
2117,Dunbar Reef,30.35247,-86.43708,Reef
2118,Dunder Rock,41.07802,-73.3501,Rock
2119,Dunedin,27.96511,-82.90886,Structure
2120,Dunedin J Site,28.05804,-82.91583,Structure
2121,Dunedin Ledge,28.06702,-83.00963,Ledge
2122,Dunedin Reef,28.05986,-82.90901,Reef
2123,Dunedin Reef,27.877,-83.18667,Reef
2124,Dunedin Reef Site A,28.05406,-82.91075,Reef
2125,Dunedin Reef Site G,28.05649,-82.90763,Reef
2126,Dunedin Reef Site H,28.05699,-82.91083,Reef
2127,Duplicate,29.89082,-85.53215,Structure
2128,Dupont Bridge Rubble,29.97864,-85.84522,Structure
2129,Dupont Bridge Span,29.97509,-85.84772,Structure
2130,Dupont Bridge Span,29.98188,-85.85194,Structure
2131,Dupont Modules,29.98176,-85.8451,Structure
2132,Dupont Modules,29.97967,-85.84223,Structure
2133,Dupont Modules,29.97957,-85.84762,Structure
2134,Dupont Modules,29.98196,-85.84198,Structure
2135,Dusky Hole,39.75217,-73.50683,Hole
2136,Dusky Hole,39.68433,-73.5345,Hole
2137,Dutch Banks Ship,30.19843,-87.4346,Wreck
2138,Dutch Wreck,28.47767,-80.36633,Wreck
2139,Dutch Wreck,28.4855,-80.36917,Wreck
2140,Dutch Wreck,28.47733,-80.36733,Wreck
2141,Dutch Wreck,28.47868,-80.36505,Wreck
2142,Dutra Rock,27.51633,-95.83867,Rock
2143,Duzaway Houseboat,26.11128,-80.06193,Wreck
2144,DVD Feyti Reef,40.01999,-73.98664,Reef
2145,Dwreck,34.61798,-76.28738,Wreck
2146,Dywer Walton Reef,40.02299,-73.99965,Reef
2147,E E Simpson,30.05358,-85.62158,Structure
2148,E Elbow/Hudson Canyon,39.55063,-72.38182,Canyon
2149,E Snake Island Reef,29.362,-94.8555,Reef
2150,E Swan Reef,29.344,-94.86717,Reef
2151,E Tanker,34.54639,-76.01543,Structure
2152,E F Reef,26.33463,-82.08913,Reef
2153,E F Reef,26.33582,-82.0926,Reef
2154,EA Rock,34.57357,-76.9537,Rock
2155,EA Wreck,34.4601,-76.47648,Wreck
2156,Eagelsvliff Reef Galveston LOL L,29.36533,-94.6975,Reef
2157,Eagle,24.86975,-80.57032,Structure
2158,Eagle Wreck,40.17408,-73.88543,Wreck
2159,Eanst Artificial Reef,27.14767,-80.0545,Reef
2160,Eanst Artificial Reef,27.15483,-80.05433,Reef
2161,Earl Nichols Reef,29.90205,-85.53643,Reef
2162,Earls Family Reef,40.10416,-73.95249,Reef
2163,Earnest Reef,29.53283,-94.87033,Reef
2164,Earock,34.57337,-76.95475,Reef
2165,East / West Ledge,30.36961,-80.23095,Ledge
2166,East Bay Hole,30.10753,-85.57045,Hole
2167,East Cavallo Hump,28.41605,-96.3807,Hump
2168,East Christmas Rock,34.37811,-77.2096,Rock
2169,East Hump,24.46654,-80.71799,Hump
2170,East Hump NW,24.53333,-80.6,Hump
2171,East Hump SE,24.60833,-80.75833,Hump
2172,East Hump SW,24.45833,-80.64167,Hump
2173,East Lap Army Tanks,30.11142,-87.19918,Structure
2174,East Lap Army Tanks,30.11215,-87.19637,Structure
2175,East Lap Chemical Courier,30.09916,-87.1825,Structure
2176,East Lap Army Tanks,30.10845,-87.19995,Structure
2177,East Lap Army Tanks,30.10943,-87.19793,Structure
2178,East Lap Reefballs,30.09517,-87.159,Reef
2179,East Lap Reefballs,30.09872,-87.1675,Reef
2180,East Lap Reefballs,30.1062,-87.16725,Reef
2181,East Lap Reefballs,30.11133,-87.19017,Reef
2182,East Lap Reefballs,30.11367,-87.168,Reef
2183,East Ocean View Reef,36.95,-76.20417,Reef
2184,East Of Rocks,34.50962,-76.35428,Rock
2185,East Reef,41.2319,-72.76676,Reef
2186,East Reef,41.23002,-72.75813,Reef
2187,East Rock,34.2736,-76.4065,Rock
2188,East Rock,34.40002,-76.39282,Rock
2189,East Rock,34.456,-76.6775,Rock
2190,East Rock,34.456,-76.4,Rock
2191,East Rock,34.58702,-76.94479,Rock
2192,East Rocks,34.58695,-76.93333,Rock
2193,East Sister Rock,43.0688,-70.666,Rock
2194,East Wall,38.83067,-72.98788,Structure
2195,East/West Ledge,26.72305,-80.01947,Ledge
2196,Eastern Dry Rocks,24.45833,-81.84067,Rock
2197,Eastern Dry Rocks,24.43445,-81.82477,Rock
2198,Eastern Dry Rocks,24.45933,-81.84617,Rock
2199,Eastern Dry Rocks,24.4647,-81.84217,Rock
2200,Eastern Dry Rocks NE,24.72047,-80.92852,Rock
2201,Eastern Dry Rocks SE,24.462,-81.84767,Rock
2202,Eastern Dry Rocks SW,24.46217,-81.83883,Rock
2203,Eastern Duck Rocks,43.78033,-69.3116,Rock
2204,Eastern EAR Ledge,44.0027,-68.59465,Reef
2205,Eastern Egg Rock,43.86197,-69.38367,Rock
2206,Eastern Humps,40.0162,-73.88338,Hump
2207,Eastern Rocks,43.0044,-70.6002,Rock
2208,Eben Ezer,26.00647,-80.09308,Structure
2209,Ebins Pyramids,28.40159,-80.30748,Structure
2210,ECA Reef,26.30627,-81.87267,Reef
2211,Ecua Culverts,30.20491,-87.2395,Structure
2212,ED Ledge,30.39683,-81.06577,Ledge
2213,ED Walline Center Patch,30.33282,-86.23093,Structure
2214,Eddie Woods Rock Fish Trap,41.61573,-70.30522,Rock
2215,Eddys Hump,41.01277,-71.87213,Hump
2216,Edge Hole,29.88333,-87.22667,Hole
2217,Edge Hole,29.90333,-87.22667,Hole
2218,Edge Hole,29.91167,-87.2,Hole
2219,Edge Hole,30.10183,-87.18133,Hole
2220,Edison Bridge,26.30183,-82.22508,Structure
2221,Edison Bridge,26.30678,-82.22456,Structure
2222,Edison Reef,26.30833,-82.2255,Reef
2223,Edison Reef,26.30667,-82.22,Reef
2224,Edison Reef,26.3075,-82.206,Reef
2225,Edison Reef,26.31033,-82.22183,Reef
2226,Edison Reef,26.30867,-82.21633,Reef
2227,Edna B Reefballs,39.763,-74.02434,Reef
2228,EDS Wreck,33.81017,-77.11701,Wreck
2229,EDS Wreck,33.88583,-77.225,Wreck
2230,EDS Wreck,28.43483,-80.239,Wreck
2231,EDW Cole,39.17178,-73.34122,Structure
2232,Edward Headley Reef,39.63067,-74.02949,Reef
2233,Edwards Hump,40.99395,-72.92866,Reef
2234,Edwards Reef Site,30.08285,-88.01007,Reef
2235,EE Reef,30.3625,-80.875,Reef
2236,EEF Reef,30.367,-80.956,Reef
2237,EEF Site,30.37589,-80.95088,Structure
2238,EF Red Rock Tabletop,30.4085,-81.03633,Rock
2239,EF Reef,30.37733,-80.955,Reef
2240,EF Reef,30.37833,-80.895,Reef
2241,EF Reef,30.39583,-81.09583,Reef
2242,EF Reef,30.37317,-80.89933,Reef
2243,EF Reef,30.39883,-81.08083,Reef
2244,EF Site Buckman Rubble,30.38729,-80.8345,Structure
2245,EF Site East Culverts,30.39766,-81.0585,Structure
2246,EF Site Raccoon Reef,30.38267,-81.08083,Reef
2247,EF Spankys Spot Ledge,30.40233,-81.04,Ledge
2248,Egg Hump,39.43193,-73.28246,Hump
2249,Egg Rock,44.1834,-68.50838,Rock
2250,Egg Rock Ledge,43.8648,-69.38117,Ledge
2251,Egg Rock Ledge,44.18533,-68.88502,Ledge
2252,Eglin AFB Material FH 13,30.35668,-86.54825,Structure
2253,Eglin Reef,30.26528,-86.386,Reef
2254,Egmont Key Reef,27.58333,-82.74333,Reef
2255,Eidsvag,26.767,-80.00833,Structure
2256,Eight Mile Reef,27.2392,-80.01095,Reef
2257,Eight Mile Reef,27.25575,-80.01155,Reef
2258,Eight Mile Reef,27.25833,-80.02833,Reef
2259,Eilene Beard Reef,30.07358,-87.2043,Reef
2260,EJ Lejeune Reef,40.03033,-73.98999,Reef
2261,EL Dorado,29.97613,-85.84145,Structure
2262,Elbert Lamar Tres Bailes III Reef,30.08548,-87.1067,Reef
2263,Elbo Wreck,25.11177,-80.22458,Wreck
2264,Elbow Reef,25.147,-80.25317,Reef
2265,Elbow Reef,25.1435,-80.2597,Reef
2266,Elbow Reef South Of,24.81717,-80.69967,Reef
2267,Elbow Reef West Of,25.13147,-80.27625,Reef
2268,Eledge,40.76342,-72.70886,Ledge
2269,Elephants Trunk Tip,38.5468,-74.07533,Structure
2270,Eleven Fathom Humps,39.59183,-73.79772,Hump
2271,Elgin Ledge,30.26898,-86.3732,Ledge
2272,Elizabeth Lundstrom Reef,29.7541,-88.02839,Reef
2273,Elkhorn Reef,25.15418,-80.26885,Reef
2274,Ella,33.8549,-78.01027,Structure
2275,Ellis Reef,41.31669,-71.95521,Reef
2276,Ellis Rock Light,24.64917,-82.184,Rock
2277,Ellisrock,24.653,-82.186,Rock
2278,ELT Bledge,30.49685,-80.59198,Ledge
2279,ELT Ledge 007,30.49033,-80.526,Ledge
2280,Elton Bottom HOT Ledge Footballs,30.49244,-80.51362,Ledge
2281,Elton Groundswreck,30.3461,-80.62223,Wreck
2282,Elton Ledge,30.48915,-80.52085,Ledge
2283,Elton Ledge Grouper Snapper,30.41106,-80.47634,Ledge
2284,Elton Ledge 9,30.50517,-80.6064,Ledge
2285,Elvira,30.11156,-85.82998,Structure
2286,Emeradl Reef,25.36295,-80.16587,Reef
2287,Emerald Ledge,33.86752,-76.48525,Ledge
2288,Emerald Reef,25.67417,-80.09867,Reef
2289,Emerald Reef,25.67797,-80.09775,Reef
2290,Emerald Reef,25.67645,-80.1008,Reef
2291,Emerald Wreck,39.94977,-73.91873,Wreck
2292,Emerson Rocks,42.7102,-70.7678,Rock
2293,Emery Ledge,44.04572,-69.05128,Ledge
2294,Empire GEM,35.02972,-75.47503,Structure
2295,Empire Mica,29.31522,-85.35325,Structure
2296,Empire Mica,29.31198,-85.35368,Structure
2297,EN Rocks,40.02493,-74.01338,Rock
2298,End Of Tire Ledge,30.32975,-81.14368,Ledge
2299,Enhanced Wreck,29.78432,-87.56895,Wreck
2300,Enhanced Wreck,29.96693,-87.57576,Wreck
2301,Enhanced Wreck,30.03456,-87.69866,Wreck
2302,Enhanced Wreck,30.04562,-87.66887,Wreck
2303,Enjoy,29.0469,-84.42322,Structure
2304,Enjoy,28.90024,-84.01654,Structure
2305,Enos Ledge NO 2 EL,42.26533,-70.76082,Ledge
2306,Enriques Hump,26.59392,-78.90699,Hump
2307,Enrocks C,40.04017,-74.01833,Rock
2308,EPV,30.21154,-81.07813,Structure
2309,EPV Site Barge,30.21468,-81.07921,Reef
2310,Ernie Johnson Memorial Reef,29.72083,-85.4805,Reef
2311,Ernies Ledge,30.24078,-86.62081,Ledge
2312,Ernst Reef,27.1454,-80.04517,Reef
2313,Erojacks Dania,26.0623,-80.10725,Structure
2314,Erojacks Foot Lauderdale,26.09916,-80.0896,Structure
2315,Ertle Memorial Reef,40.01666,-74.00665,Reef
2316,Escambia Eternal Reef,30.29195,-87.23343,Reef
2317,Escarosa,30.29467,-87.21683,Structure
2318,Escarosa,30.29083,-87.21467,Structure
2319,Esers PR 16,30.18877,-87.19797,Structure
2320,Esers PR 17,30.18565,-87.19645,Structure
2321,Esers PR 19,30.1875,-87.19687,Structure
2322,Esers PR 24,30.18847,-87.19423,Structure
2323,Esers PR 27,30.18642,-87.20045,Structure
2324,Esers 000,30.19668,-87.21027,Structure
2325,Esers 001,30.19702,-87.2082,Structure
2326,Esers 002,30.19737,-87.20612,Structure
2327,Esers 006,30.19872,-87.19778,Structure
2328,Esers 007,30.19905,-87.1957,Structure
2329,Esers 008,30.19937,-87.1937,Structure
2330,Esers 012,30.20073,-87.18528,Structure
2331,Esers 014,30.20113,-87.18108,Structure
2332,Esers 018,30.20275,-87.17278,Structure
2333,Esers 019,30.20307,-87.17077,Structure
2334,Esers 020,30.20345,-87.16863,Structure
2335,Esers 024,30.20475,-87.16028,Structure
2336,Esers 025,30.20512,-87.15818,Structure
2337,Esers 026,30.20545,-87.15613,Structure
2338,Esers 028,30.20613,-87.15193,Structure
2339,Esers 030,30.2068,-87.14778,Structure
2340,Esers 032,30.20743,-87.14362,Structure
2341,Esers 037,30.20917,-87.1332,Structure
2342,Esers 038,30.20948,-87.1311,Structure
2343,Esers 039,30.20983,-87.12903,Structure
2344,Esers 043,30.21118,-87.12068,Structure
2345,Esers 045,30.21185,-87.11653,Structure
2346,Esers 047,30.21252,-87.11238,Structure
2347,Esers 049,30.2132,-87.10818,Structure
2348,Esers 051,30.21388,-87.10403,Structure
2349,Esers 053,30.21145,-87.10612,Structure
2350,Esers 055,30.21068,-87.1103,Structure
2351,Esers 152,30.20858,-87.11028,Structure
2352,Esers 154,30.20937,-87.10612,Structure
2353,Esers 155,30.20973,-87.10405,Structure
2354,Esers 158,30.20685,-87.10818,Structure
2355,Esers 256,30.20442,-87.11027,Structure
2356,Esers 258,30.2052,-87.10612,Structure
2357,Esers 259,30.20552,-87.10403,Structure
2358,Esers 262,30.20267,-87.1082,Structure
2359,Esers 311,30.18627,-87.21028,Structure
2360,Esers 312,30.18418,-87.21028,Structure
2361,Esers 361,30.2008,-87.1082,Structure
2362,Esers 363,30.20137,-87.10403,Structure
2363,Esers 366,30.1987,-87.1082,Structure
2364,Esers 415,30.1821,-87.21025,Structure
2365,Esers 416,30.18002,-87.21028,Structure
2366,Esers 464,30.19612,-87.11028,Structure
2367,Esers 466,30.19687,-87.10612,Structure
2368,Esers 470,30.19435,-87.1082,Structure
2369,Esers 472,30.19368,-87.11237,Structure
2370,Esers 522,30.1765,-87.20613,Structure
2371,Esers 524,30.1772,-87.20195,Structure
2372,Esers 526,30.17788,-87.19778,Structure
2373,Esers 528,30.17852,-87.19362,Structure
2374,Esers 530,30.17922,-87.18945,Structure
2375,Esers 532,30.17988,-87.18527,Structure
2376,Esers 534,30.18057,-87.1811,Structure
2377,Esers 536,30.18123,-87.17693,Structure
2378,Esers 538,30.18192,-87.17278,Structure
2379,Esers 540,30.1826,-87.1686,Structure
2380,Esers 542,30.18327,-87.16442,Structure
2381,Esers 548,30.18528,-87.15195,Structure
2382,Esers 550,30.18595,-87.14778,Structure
2383,Esers 552,30.18663,-87.1436,Structure
2384,Esers 553,30.18668,-87.1419,Structure
2385,Esers 554,30.1873,-87.13945,Structure
2386,Esers 558,30.18865,-87.1311,Structure
2387,Esers 559,30.189,-87.12902,Structure
2388,Esers 560,30.18932,-87.12697,Structure
2389,Esers 563,30.19033,-87.12065,Structure
2390,Esers 564,30.19068,-87.1186,Structure
2391,Esers 565,30.19103,-87.11653,Structure
2392,Esers 569,30.19238,-87.10815,Structure
2393,Esers 570,30.1927,-87.10612,Structure
2394,Esers 571,30.19305,-87.10405,Structure
2395,Esjoo,25.77735,-80.07198,Structure
2396,Esso Bonair Wreck,26.94567,-79.99383,Wreck
2397,Esso Bonaire,26.96427,-80.00785,Structure
2398,Esso Nashville Tanker,33.87735,-77.22575,Structure
2399,Esso Wreck,33.86333,-77.20002,Wreck
2400,Estuarine Reefs,35.63386,-75.61478,Reef
2401,Eternal Reef,30.09172,-87.503,Reef
2402,Eternal Reef,30.1079,-87.14957,Reef
2403,Eternal Reef,27.37623,-82.59315,Reef
2404,Eternal Reefs,30.2975,-87.22583,Reef
2405,Eternal Reefs,25.95952,-80.09798,Reef
2406,Eugenes Ledge,26.09298,-82.20707,Ledge
2407,Eugenia Moran Wreck,39.34928,-74.34893,Wreck
2408,Eureka Shipwreck,40.31417,-73.58067,Wreck
2409,Eureka Wreck,40.30938,-73.57472,Wreck
2410,Eureka Wreck,40.3145,-73.57483,Wreck
2411,Eureka Wreck,40.31563,-73.58008,Wreck
2412,Evan Thompson Reef Units,26.338,-82.08533,Reef
2413,Evans,27.32849,-82.55773,Structure
2414,Evinrude Reef,27.20352,-80.09493,Reef
2415,Excalibur Hump,26.62102,-79.30767,Hump
2416,Execusion Rocks Light,40.87835,-73.73818,Rock
2417,Execution Rock RBN,40.85885,-73.74842,Rock
2418,Exhaust Stacks,25.48693,-80.09065,Structure
2419,Experiment Reef,29.44563,-94.8556,Reef
2420,Experimental Reef,29.49167,-94.89167,Reef
2421,Exposed Rock And Coral,26.99642,-83.58135,Rock
2422,Exxon Template,29.29875,-84.61487,Structure
2423,F V Double Trouble,30.12567,-85.7575,Structure
2424,F V Taurus,30.09608,-85.72589,Structure
2425,F V Therepy Reel,30.31333,-86.56333,Structure
2426,F 106 Airplanes,30.01283,-85.96863,Structure
2427,F L A Reef,26.1762,-80.05182,Reef
2428,Fabiens Hole,27.57127,-82.88305,Hole
2429,FAD Trolling Alley Reef,27.23,-79.988,Reef
2430,Fairway Ledge,33.72703,-77.78928,Ledge
2431,Falcons Hole,30.04964,-81.21923,Hole
2432,Fallen Friends Wreck,38.96183,-74.68315,Wreck
2433,"Fallen Heroes Reef, Tank 4, Reefex",27.21142,-82.80313,Structure
2434,Fami Tug,29.96871,-85.85435,Structure
2435,FAR East Tanker,34.52335,-76.01674,Structure
2436,FAR East Tanker,34.54,-76.01667,Structure
2437,FAR East Tanker Tamauipas,34.53792,-76.01458,Structure
2438,FAR Tortuga,29.55427,-87.45697,Reef
2439,Farnham Rock,42.0946,-70.6048,Reef
2440,Fast Eddies Rock,40.99282,-71.98125,Rock
2441,Fathead Reef,39.23532,-74.35166,Reef
2442,Fays Reef,26.60117,-80.01113,Reef
2443,FB,30.66509,-81.18393,Structure
2444,FC Site 1988 Culverts,30.60481,-81.1901,Structure
2445,FC Site Culverts,30.64518,-81.18736,Structure
2446,FC Site Culverts,30.60744,-81.19541,Structure
2447,FC Site Culverts,30.61731,-81.17795,Structure
2448,FCO 5 Tankers,40.12528,-73.94129,Structure
2449,Fdep Coral Reef Monitoring Site DC 1,25.842,-80.10403,Reef
2450,Fdep Coral Reef Monitoring Site DC 2,25.842,-80.09507,Reef
2451,Fdep Coral Reef Monitoring Site DC 3,25.842,-80.0881,Reef
2452,Fdep Coral Reef Monitoring Site DC 4,25.673,-80.08835,Reef
2453,Fdep Coral Reef Monitoring Site DC 5,25.652,-80.0946,Reef
2454,Fdep Coral Reef Monitoring Site Kingfish Hole,27.122,-80.1298,Reef
2455,Fdep Coral Reef Monitoring Site MC 2,27.112,-80.12542,Reef
2456,Fdep Coral Reef Monitoring Site PB 1,26.71,-80.02857,Reef
2457,Fdep Coral Reef Monitoring Site PB 2,26.678,-80.01825,Reef
2458,Fdep Coral Reef Monitoring Site PB 3,26.71,-80.01582,Reef
2459,Fenwick Ledge,38.44413,-74.94196,Ledge
2460,Fernandina Banks 89 Culverts,30.60971,-81.17633,Structure
2461,FH 11 Reef Complex,30.36073,-86.4679,Reef
2462,FH 12 Reef Complex,30.36043,-86.4358,Reef
2463,FH 14 08 B,30.35239,-86.6152,Structure
2464,FH 14 09 A,30.35238,-86.61347,Structure
2465,FI Reef,40.59669,-73.20846,Reef
2466,FI Reef CB,40.59231,-73.19232,Reef
2467,FI Rock,34.426,-76.49633,Rock
2468,Fiberglass Boat,25.86543,-80.05398,Wreck
2469,Fiddler Ledge,44.09965,-68.92517,Ledge
2470,Fillmore Ledge,27.72253,-95.52302,Ledge
2471,Finger Ledge,43.11502,-70.11175,Ledge
2472,Finger Shoal Rock,39.45928,-75.5727,Rock
2473,Finger Tip,42.7904,-70.4426,Structure
2474,Finks Grouper Hole,26.41158,-80.05135,Hole
2475,Finns Ledge,42.37182,-70.91947,Ledge
2476,Fippennies South Ledge,42.7462,-69.31602,Ledge
2477,Fire Boat,25.78538,-80.0366,Wreck
2478,Fire Island Reef,40.59217,-73.21033,Reef
2479,Fire Island Reef,40.60167,-73.225,Reef
2480,Firemans Hole,26.49978,-96.50462,Hole
2481,Fish America Foundation,27.51955,-80.18517,Structure
2482,Fish America Foundation Reef,29.89392,-85.54392,Reef
2483,Fish Game Unlimited Reef,25.76812,-80.10458,Reef
2484,Fish Game Unlimited Reef,25.75028,-80.09475,Reef
2485,Fish Good Rock,28.0626,-80.21933,Rock
2486,Fish Haven,30.34928,-86.41373,Structure
2487,Fish Haven,28.78561,-83.06108,Structure
2488,Fish Haven,28.78156,-83.06395,Structure
2489,Fish Haven,30.36484,-86.70623,Structure
2490,Fish Haven 1 Center Patch,30.32205,-86.29792,Structure
2491,Fish Haven 13,30.35792,-86.54954,Structure
2492,Fish Haven 13,30.35792,-86.54846,Structure
2493,Fish Haven 13,30.35792,-86.5474,Structure
2494,Fish Haven 13,30.35699,-86.54954,Structure
2495,Fish Haven 13,30.35605,-86.54954,Structure
2496,Fish Haven 13,30.35605,-86.54631,Structure
2497,Fish Haven 13,30.35512,-86.54954,Structure
2498,Fish Haven 13,30.35512,-86.54846,Structure
2499,Fish Haven 13,30.35512,-86.54739,Structure
2500,Fish Haven 13,30.35511,-86.54631,Structure
2501,Fish Haven 14,30.35375,-86.61458,Structure
2502,Fish Haven 14,30.35375,-86.61296,Structure
2503,Fish Haven 14,30.35375,-86.61619,Structure
2504,Fish Haven 15,30.36345,-86.70624,Structure
2505,Fish Haven 15,30.36335,-86.7045,Structure
2506,Fish Haven 16,30.34818,-86.78125,Structure
2507,Fish Haven 16,30.34819,-86.77962,Structure
2508,Fish Haven 16,30.34959,-86.78124,Structure
2509,Fish Haven 16,30.34679,-86.78124,Structure
2510,Fish Haven 16,30.34819,-86.78285,Structure
2511,Fish Haven 17,30.33155,-86.7812,Structure
2512,Fish Haven 17,30.33293,-86.78285,Structure
2513,Fish Haven 17,30.33018,-86.77955,Structure
2514,Fish Haven 17,30.33012,-86.78279,Structure
2515,Fish Haven 18,30.36645,-86.73219,Structure
2516,Fish Haven 18,30.36644,-86.73029,Structure
2517,Fish Haven 18,30.36643,-86.72933,Structure
2518,Fish Haven 18,30.36564,-86.73315,Structure
2519,Fish Haven 18,30.36563,-86.73125,Structure
2520,Fish Haven 18,30.3656,-86.72935,Structure
2521,Fish Haven 19,30.37459,-86.59952,Structure
2522,Fish Haven 19,30.37184,-86.59622,Structure
2523,Fish Haven 19,30.37179,-86.59946,Structure
2524,Fish Haven 19 Center,30.37322,-86.59787,Structure
2525,Fish Haven 2 Center Patch,30.26853,-86.23117,Structure
2526,"Fish Haven, Site A",28.79159,-83.05583,Structure
2527,Fish Hawks Tank,39.75859,-74.02854,Structure
2528,Fish Ledge,34.19168,-77.20252,Ledge
2529,Fishermans Reef,33.83695,-78.36722,Reef
2530,Fishermans Reef,39.23934,-74.35349,Reef
2531,Fishing Club Reef,27.44135,-80.16293,Reef
2532,Fishing Club Reef,27.44675,-80.17333,Reef
2533,Fishing Ledge,41.93836,-70.30938,Ledge
2534,Fishing Reef,28.0041,-96.44278,Reef
2535,Fishing Reef,28.01492,-96.44755,Reef
2536,Fishing Reef Assoc,26.67938,-82.37343,Reef
2537,Fishing Reef At Towe,36.90009,-75.72531,Reef
2538,Five Foot Rock,41.23865,-72.82668,Rock
2539,Five Mile Reef,30.30957,-86.49126,Reef
2540,Five Mile South Reef,30.301,-86.52235,Reef
2541,Five Mile South Reef,30.30585,-86.52147,Reef
2542,Flag Tournament Reef,30.46333,-80.93357,Reef
2543,Flagler Bridge Material Site,26.79133,-80.01798,Structure
2544,Flagler Bridge Material Site,26.96213,-80.06327,Structure
2545,Flagler Bridge Material Site,26.75818,-80.02502,Structure
2546,Flagler Bridge Material Site,26.754,-80.024,Structure
2547,Flagler Bridge Material Site,26.7544,-80.026,Structure
2548,Flagler Center,29.04255,-80.88212,Structure
2549,Flagler ENE,29.04408,-80.88033,Structure
2550,Flagler ESE,29.04304,-80.87965,Structure
2551,Flagler Ledge,29.49884,-80.87833,Ledge
2552,Flagler NE Inside,29.04348,-80.88216,Structure
2553,Flagler NNE,29.04478,-80.88306,Structure
2554,Flagler NNW,29.04308,-80.88353,Structure
2555,Flagler NW,29.04414,-80.88443,Structure
2556,Flagler Reef,29.67262,-80.96213,Reef
2557,Flagler S,29.04132,-80.88123,Structure
2558,Flagler SE,29.04194,-80.88021,Structure
2559,Flagler SSW,29.04192,-80.8834,Structure
2560,Flagler SW,29.04094,-80.88266,Structure
2561,Flagler Wreck,29.485,-81.02733,Wreck
2562,Flat Rock,41.28812,-72.1488,Rock
2563,Flip Rock RG,42.4053,-70.92198,Rock
2564,Florence Wreck,40.28767,-73.38617,Wreck
2565,Florence Wreck,40.28728,-73.38783,Wreck
2566,Florida Gas Transmission Reef,29.8311,-84.5041,Reef
2567,Florida Reefs,24.83333,-80.66666,Reef
2568,Floyds Folly,30.16782,-81.15537,Structure
2569,Floyds Folly 2011,30.17164,-81.15083,Structure
2570,Floyds Hump,27.38492,-79.66879,Hump
2571,Floyds Ledge,41.00076,-73.43164,Ledge
2572,Fluke Rock,41.11676,-72.45478,Rock
2573,FM Bank,40.44667,-71.47917,Structure
2574,FM Hole,39.075,-73.725,Hole
2575,FM Hole,38.8898,-73.22575,Hole
2576,FM Hole,38.8971,-73.11615,Hole
2577,FM Ridge,40.24167,-71.875,Structure
2578,Fontainebleau Artificial Reef,30.1595,-85.89283,Reef
2579,Foote Family Modules,26.02036,-82.1101,Structure
2580,Foote Family Reef B,26.02138,-82.10995,Reef
2581,Forbes Rock,40.95412,-73.67133,Rock
2582,Forbes Rock NO 38 A,40.95658,-73.6632,Rock
2583,Fort Fisher Ledges,33.96,-77.87083,Ledge
2584,Fort Lauderdale Reef,26.13415,-80.07183,Reef
2585,Fort Lauderdale Reef,26.12142,-80.07058,Reef
2586,Fort Lauderdale Reef,26.13483,-80.06833,Reef
2587,Fort Lauderdale Reef,26.12815,-80.07723,Reef
2588,Fort Lauderdale Reef,26.1404,-80.08612,Reef
2589,Fort Lauderdale Reef,26.15273,-80.07578,Reef
2590,Fort Lauderdale Reef,26.12467,-80.09183,Reef
2591,Fort Panic Center Patch,30.33958,-86.25602,Structure
2592,Fort Walton Edge Ledge,29.99104,-86.63941,Ledge
2593,Forty Forty Reef,30.37362,-86.45239,Reef
2594,Foss Ledges NO 1 A,43.00833,-70.72307,Ledge
2595,Foster Ledges,43.86828,-68.9483,Ledge
2596,Fosters Ledge,41.02352,-73.42496,Ledge
2597,Found Reef,29.58917,-94.87917,Reef
2598,Fountainbleau Boxcars,30.15,-85.88333,Structure
2599,Four Aces,30.10508,-85.87492,Structure
2600,Four BIT Reef,29.46333,-94.84367,Reef
2601,Four Foot Rocks,40.9794,-73.64241,Rock
2602,Four Mile Reef,30.32277,-86.49433,Reef
2603,Four Mile Rock,34.46855,-76.1577,Rock
2604,Fourbit Reef,29.42025,-94.80013,Reef
2605,Fowey Lighthouse / Fowey Rocks,25.59028,-80.09667,Rock
2606,Fowey Rocks,25.59957,-80.10295,Rock
2607,FP Tower Ledge,34.99059,-75.49281,Ledge
2608,FPL Experimental Reef,27.66666,-80.33333,Reef
2609,FPL Reef,27.21218,-80.02388,Reef
2610,FPL/FIT Experimental,27.68029,-80.3334,Structure
2611,Fran S Shipwreck,40.52741,-73.73017,Wreck
2612,Fran S Wreck,40.52683,-73.72483,Wreck
2613,Frances Langford Meml Reef,27.22255,-80.01743,Reef
2614,Frangista Reef,30.31747,-86.37365,Reef
2615,Frangista Reef A,30.32483,-86.37398,Reef
2616,Frangista Reef D,30.31143,-86.37383,Reef
2617,Frangista S Reef B,30.31535,-86.38258,Reef
2618,Frangista S Reef D,30.269,-86.40617,Reef
2619,Frank Burt Smoot Conservation Reef,39.23573,-74.36399,Reef
2620,Frank Frasco Reefballs,39.74917,-74.0225,Reef
2621,Frank Ledge,41.31102,-72.07574,Ledge
2622,Franklin County Reef,29.52478,-84.4085,Reef
2623,Franklin County Reef,29.5416,-84.76268,Reef
2624,Franks Hump,38.42295,-76.60663,Hump
2625,Franks Ledge,35.48207,-75.0164,Ledge
2626,Franks Ledge BRC,41.30973,-72.0717,Ledge
2627,Fred And Daves Reef,28.05422,-80.21528,Reef
2628,Fred Eckardt Reef,39.17916,-74.54788,Reef
2629,Fred Morrow Reef,30.17268,-81.15715,Reef
2630,Freds Ledge,26.71356,-97.20518,Ledge
2631,Freeport Car Reef Brazos 305 L,28.835,-95.13467,Structure
2632,Freeport Hump,26.49793,-78.77575,Hump
2633,Freeport Liberty Ship Reef Site,28.59412,-94.8131,Reef
2634,Freight Trains Kings Ledge,30.04226,-80.27895,Ledge
2635,Freighter Wreck,29.77798,-80.93813,Wreck
2636,French Reef,25.03733,-80.34343,Reef
2637,French Reef North Of,25.03017,-80.35033,Reef
2638,French Reef SW,25.03933,-80.3545,Reef
2639,Frenzy Canyon,35.14469,-75.17192,Canyon
2640,Frtc Reef,39.7448,-74.03023,Reef
2641,Frying PAN Ledges East,33.86667,-77.82172,Ledge
2642,Frying PAN Ledges East,33.875,-77.83333,Ledge
2643,Frying PAN Tower,33.48512,-77.5899,Tower
2644,Fsfa Reef Site,28.50584,-80.21693,Reef
2645,Fsfa Reef Site,28.50112,-80.21997,Reef
2646,Foot FSH Ledge,33.93629,-77.85361,Ledge
2647,"Foot Lauderdale, C 1 Reef",26.13677,-80.08278,Reef
2648,Fuel Cell Ledge,28.09047,-83.23425,Ledge
2649,Fullbox Rock,42.7754,-70.24065,Rock
2650,Fullers Hole,38.4451,-76.63,Hole
2651,FUN Rock,34.35817,-76.68317,Rock
2652,FUN Rock,34.98905,-75.80119,Rock
2653,Funnel Ledge,41.02362,-73.41233,Ledge
2654,Future Reef,25.30963,-81.8732,Reef
2655,FW Wreck,33.74581,-77.69998,Wreck
2656,FWC,27.65583,-82.84283,Structure
2657,FWC,27.65583,-82.844,Structure
2658,FWC,27.65433,-82.844,Structure
2659,FWC EE 4 Module,30.02364,-87.16991,Structure
2660,FWC EE 6 Module,30.05463,-87.09261,Structure
2661,FWC EE 7 Module,30.02436,-87.15621,Structure
2662,FWC EE 8 Module,30.04884,-87.08501,Structure
2663,G H Reef,26.34317,-81.954,Reef
2664,G H Reef,26.3445,-81.94497,Reef
2665,G H Reef,26.34426,-81.95863,Reef
2666,G D Bloomberg Memorial Reef,29.67995,-85.96267,Reef
2667,G Merrill Clift Memorial Reef,29.74075,-85.87313,Reef
2668,G 1 Charity Ledge,43.71518,-69.9872,Reef
2669,G 1 Hart Ledge,43.94915,-69.18945,Reef
2670,G 1 Jackknife Ledge,43.72022,-69.77809,Ledge
2671,G 1 Jmswilliesledge,44.01748,-68.87925,Ledge
2672,G 1 Mcintosh Ledge,44.1558,-68.96068,Ledge
2673,G 1 Newcomb Ledge,42.50707,-70.73989,Ledge
2674,G 1 NYE Ledge,41.61762,-70.76872,Ledge
2675,G 1 PIG I Ledge,43.82404,-69.64398,Ledge
2676,G 13 Bold Ledges,44.16165,-68.61948,Ledge
2677,G 13 Ledge Shpsct R,43.85481,-69.69599,Ledge
2678,G 1 HR Hussey Rock,43.42432,-70.33891,Rock
2679,G 3 Chappel Ledge,42.51872,-70.8242,Ledge
2680,G 3 GRI HD Ledge,43.78189,-69.70657,Ledge
2681,G 3 Newcomb Ledge,42.51931,-70.75091,Ledge
2682,G 3 Taylor Reef,43.55613,-70.18734,Reef
2683,G 31 Merriman Ledge,44.30816,-68.76238,Ledge
2684,G 5 Coney Ledge,42.52787,-70.82938,Ledge
2685,G 5 Dodge Point Ledge,44.08528,-69.04466,Ledge
2686,G 5 Seal Rocks,41.68061,-70.73912,Rock
2687,G 5 Sheep I Ledge,43.80063,-69.87818,Ledge
2688,G 5 Triangle Ledge,44.05352,-68.7636,Ledge
2689,G 7 E Mark I Ledge,44.1731,-68.583,Reef
2690,G 7 Jamison Ledge,43.74501,-69.87942,Ledge
2691,G 7 Owls Head Ledge,44.09018,-69.04153,Ledge
2692,G 9 Butler Hole,41.53576,-69.9911,Hole
2693,Gales Ledge,42.55003,-70.76477,Ledge
2694,Gales Lump Oyster Sanctuary,39.20767,-76.307,Reef
2695,Gallatin Rock,41.63207,-70.78633,Rock
2696,Galley Wreck,40.11,-73.66967,Wreck
2697,Galley Wreck,40.10755,-73.6716,Wreck
2698,Galley Wreck,40.11257,-73.67488,Wreck
2699,Galveston Fishing Reef,29.48057,-94.89105,Reef
2700,Galveston Hump,28.98519,-94.25883,Hump
2701,Galveston Pipe Reef Galveston 189 L,29.1445,-94.70283,Reef
2702,Galveston A 125 Reef,28.25073,-94.7217,Reef
2703,Gangway Rock,41.3018,-71.85854,Rock
2704,Gangway Rock,41.23917,-72.79019,Rock
2705,Gangway Rock,41.2357,-72.7846,Rock
2706,Gap Ledge TO Sharpeto Drift,26.05686,-80.08672,Reef
2707,Garden North Reef,39.62933,-74.00967,Reef
2708,Garden North Reef,39.62667,-74.0115,Reef
2709,Garden North Reef,39.62928,-74.0138,Reef
2710,Garden North Reef,39.62217,-74.01417,Reef
2711,Garden North Reef,39.61867,-74.01667,Reef
2712,Garden North Reef,39.62483,-74.01717,Reef
2713,Garden North Reef,39.6225,-74.02017,Reef
2714,Garden South Reef,39.56033,-74.09167,Reef
2715,Garden South Reef,39.556,-74.09367,Reef
2716,Garden South Reef,39.55917,-74.09583,Reef
2717,Garden South Reef,39.5565,-74.09867,Reef
2718,Garden South Reef,39.55833,-74.1025,Reef
2719,Garden South Reef,39.55517,-74.1045,Reef
2720,Garden South Reef,39.559,-74.11033,Reef
2721,Garden South Reef,39.556,-74.11117,Reef
2722,Garden State N Reef,39.62565,-74.02657,Reef
2723,Garden State N Reef,39.64132,-74.00845,Reef
2724,Gardiners Rock,41.61543,-70.28942,Reef
2725,Garretts Rock,41.25927,-72.16659,Reef
2726,Garrys Hump,26.11214,-80.08193,Reef
2727,Garrys Ledge,26.10867,-80.08211,Reef
2728,Garrys Wall,30.19029,-86.68378,Reef
2729,Gary Ennis Reef,33.39028,-78.18417,Reef
2730,"Gary Service Reef, M",27.31952,-82.7194,Reef
2731,Gaspipe Reef,29.51533,-94.79083,Reef
2732,Gateway Barge,29.83717,-85.581,Reef
2733,Gazzele Rock,41.60128,-70.26378,Rock
2734,Gehmtc Reef,39.18171,-74.54991,Reef
2735,Gelmer,29.31689,-84.91657,Structure
2736,Genesis Center Reef,27.26324,-82.75841,Reef
2737,Genesis Reef,26.4775,-80.04,Reef
2738,GEO Vancouver Fish Reef,28.78095,-95.33703,Reef
2739,George Hanns Reef,29.5975,-80.90883,Reef
2740,George Summerlin Reef,34.55778,-76.43833,Reef
2741,George Touart Reef,30.11098,-87.18065,Reef
2742,George Vancouver Liberty Ship Reef,28.793,-95.3478,Reef
2743,George Wilkins Reef,30.09017,-87.181,Reef
2744,Georges Rock,41.08405,-73.32864,Rock
2745,German Wreck,40.23667,-73.795,Wreck
2746,Gibbs Ledge,41.21541,-72.00019,Ledge
2747,Gibbs Rock,40.25017,-72.6933,Rock
2748,Gidus Reef,28.376,-80.2925,Reef
2749,Giffords Ledge,25.30508,-80.1547,Ledge
2750,GIG Rock,43.8972,-69.29372,Rock
2751,Gigi,29.67355,-84.33323,Structure
2752,Gilbert 3 Tanks,39.76274,-74.02047,Structure
2753,Gills Hole,34.43034,-77.30425,Hole
2754,Gimrock 504 Barge,25.707,-80.075,Reef
2755,Gimrock/Atlas Recycling Barge,25.82042,-80.08442,Reef
2756,Ginger Hole,29.25335,-80.34118,Hole
2757,Gingers Reef,29.90488,-85.53708,Reef
2758,Gingerbread Ledge,25.87129,-78.53745,Ledge
2759,Glasrud Reef,27.21162,-80.00432,Reef
2760,Glen Bridge Reef,30.04833,-85.81217,Reef
2761,Glen Peel Memorial Reef,29.83943,-84.15728,Reef
2762,Glory Hole,39.94167,-73.23167,Hole
2763,Glory Hole,39.93333,-73.1365,Hole
2764,Glory Hole,39.93583,-73.23717,Hole
2765,Glory Hole,39.948,-73.31767,Hole
2766,Glory Hole,39.9363,-73.20045,Hole
2767,Glory Hole,39.9512,-73.30149,Hole
2768,Glory Wreck,39.43929,-74.13717,Structure
2769,Glory Wreck CF,40.0305,-73.96533,Wreck
2770,Glory Wreck??? F,39.43633,-74.129,Wreck
2771,Glovers Rock,38.09823,-73.88502,Rock
2772,GO NW Ledge,30.30833,-81.09375,Ledge
2773,Godfreys Ledge NO 1 C,42.9486,-70.75737,Ledge
2774,Godfreys Rock,43.1166,-70.6327,Rock
2775,Goggle EYE Reef,26.55048,-80.03831,Reef
2776,Golden Reef,25.97373,-80.10103,Reef
2777,Goldsmith Ledge,41.06712,-72.49161,Ledge
2778,Good Bottom Ledge?,30.37692,-80.4057,Ledge
2779,Good Fish Honey Hole,30.36379,-80.5753,Hole
2780,Good Grouper Ledge,30.0067,-80.31884,Ledge
2781,Good Hole,29.8263,-84.5383,Hole
2782,Good Hole,30.13675,-87.37992,Hole
2783,Good Hole,30.14097,-87.4648,Hole
2784,Good Hole,25.6724,-79.3218,Hole
2785,Good Hump,25.7262,-79.3103,Hump
2786,Good Hump,42.7941,-70.5599,Hump
2787,Good Ledge,33.36499,-77.17637,Ledge
2788,Good Ledge,33.41498,-77.08172,Ledge
2789,Good Ledge,33.56953,-76.95592,Ledge
2790,Good Ledge,33.69253,-76.72692,Ledge
2791,Good Ledge,33.898,-76.44562,Ledge
2792,Good Ledge,34.16357,-76.17322,Ledge
2793,Good Ledge,29.64258,-86.16642,Ledge
2794,Good Ledge,43.1124,-70.6052,Ledge
2795,Good Ledge,42.7032,-70.3073,Ledge
2796,Good Ledge,30.1443,-87.1828,Ledge
2797,Good Ledge,25.74,-79.3127,Ledge
2798,Good Ledge,42.8986,-70.7889,Ledge
2799,Good Ledge And Hole,34.6255,-75.61486,Ledge
2800,Good Rock,43.0531,-70.6683,Rock
2801,Good Rock,42.7857,-70.7421,Rock
2802,Goodledge 44,28.96111,-82.92695,Ledge
2803,Goose Rock Ledge,43.9347,-69.30987,Ledge
2804,Goose Rock Shoal,41.2363,-72.72065,Rock
2805,Gooseberry Ledge,42.51268,-70.79838,Ledge
2806,Gordon Pass 14 Mile Reef,26.2365,-82.12632,Reef
2807,Gordon Pass 5 Mile,26.08583,-81.88888,Structure
2808,Gordon Pass 5 Mile Reef,26.08117,-81.88567,Reef
2809,Gordon Pass 5 Mile Reef,26.0905,-81.895,Reef
2810,Gordon Pass 5 Mile Reef,26.09628,-81.88903,Reef
2811,Gordon Pass 9 Mile,26.06283,-81.98916,Structure
2812,Gordon Wreck,29.7445,-80.7795,Wreck
2813,Goshen Ledge,41.29356,-72.10637,Ledge
2814,Goshen Ledge,41.28288,-72.10082,Ledge
2815,Gppcba Reef,40.0493,-73.98581,Reef
2816,Gppcba Reef,40.03932,-73.98365,Reef
2817,Grady Prather Reef,29.67365,-80.97217,Reef
2818,Grady White Reef,40.01249,-73.98981,Reef
2819,Grahams Snapper Hole,27.46165,-83.03258,Hole
2820,Graigs Hole,24.98153,-82.00805,Hole
2821,Graing Rock,33.92265,-77.22875,Rock
2822,Grainger Rock,33.91667,-77.17508,Rock
2823,Grainger Wreck,33.925,-77.23333,Wreck
2824,Grand Teton Reef,27.1618,-80.05892,Reef
2825,Grants Ledge,41.12825,-71.94578,Ledge
2826,Grassy Hammock Rocks,41.07698,-73.38403,Rock
2827,Grayton 100 Reef,30.12957,-86.19738,Reef
2828,Grayton 100 Reef,30.12835,-86.13088,Reef
2829,Grayton 112 Reef,30.14785,-86.24582,Reef
2830,Grayton 113 Reef,30.14848,-86.22045,Reef
2831,Grayton Reef,30.26525,-86.18653,Reef
2832,Grayton Reef 05 A,30.13108,-86.12421,Reef
2833,Grayton Reef 05 A,30.1038,-86.11695,Reef
2834,Grayton Rock 02 A,30.26548,-86.19335,Rock
2835,Grayton Rock A,30.27123,-86.15797,Rock
2836,Grayton Rock B,30.2724,-86.16103,Rock
2837,Grayton Rock H,30.27492,-86.16997,Rock
2838,Grayton Rock J,30.15333,-86.24613,Rock
2839,Grayton Turtle Reef,30.32218,-86.15805,Reef
2840,Great Eastern Reef,38.20667,-74.73333,Reef
2841,Great Eastern Rock,41.07765,-71.82603,Rock
2842,Great Eastern Rock,41.07662,-71.82223,Rock
2843,Great Egg Reef,39.24217,-74.352,Reef
2844,Great Egg Rock,42.56396,-70.73699,Rock
2845,Great Gull Rock,41.19272,-72.11264,Rock
2846,Great Jersey Ledge,39.44927,-73.19071,Ledge
2847,Great PIG Rocks,42.46187,-70.8398,Rock
2848,Great Reef,41.04342,-73.4221,Reef
2849,Great Rock NO 4 A,41.61905,-70.29022,Rock
2850,Great Sippewisset Rock,41.5907,-70.65812,Rock
2851,Greater Jacksonville Kingfish Reef,30.36685,-80.90533,Reef
2852,Grecian Rocks,25.11185,-80.3052,Rock
2853,Grecian Rocks NE,24.48308,-81.69965,Rock
2854,Grecian Rocks NW,25.11517,-80.30333,Rock
2855,Grecian Rocks SW,25.11117,-80.301,Rock
2856,Grecian Wreck,41.07432,-71.53852,Structure
2857,Green Island Seal Ledges,43.89093,-68.9754,Ledge
2858,Green Ledge,44.18085,-68.53213,Ledge
2859,Green Ledge,41.03807,-73.44128,Ledge
2860,Green Ledge NO LA,44.1922,-68.5333,Ledge
2861,Green Marker Reef,27.54257,-82.87917,Reef
2862,Green S Hole,30.14065,-87.18478,Hole
2863,Green Tank,26.4,-80.05,Structure
2864,Greens Hole,30.1395,-87.17967,Hole
2865,Greens Hole,30.14033,-87.18383,Hole
2866,Greens Hole GPS,30.18467,-87.078,Hole
2867,Greens Ledge,41.04445,-73.43521,Ledge
2868,Greens Ledge Light,41.04168,-73.44317,Ledge
2869,Greenwich Rocks,40.9868,-73.53957,Rock
2870,Grey Ghost Blount,30.04153,-86.0949,Structure
2871,Grey Ghost Ship,30.04683,-86.09217,Wreck
2872,Greys Ledge,30.37285,-80.41085,Ledge
2873,Greys Ledge,30.38467,-81.16267,Ledge
2874,Greys Ledge,30.39542,-81.1612,Ledge
2875,Grindstone Ledge,44.03305,-69.05907,Ledge
2876,Grindstone Ledge,44.04657,-69.0423,Ledge
2877,Grouper Grotto,26.1397,-80.07213,Structure
2878,Grouper Hole,33.90833,-76.42084,Hole
2879,Grouper Hole,29.9139,-87.20495,Hole
2880,Grouper Hole,29.94167,-87.125,Hole
2881,Grouper Hole,30.14678,-87.18412,Hole
2882,Grouper Hole,28.00157,-84.16415,Hole
2883,Grouper Hole,26.9426,-80.04337,Hole
2884,Grouper Hole,26.485,-80.04,Hole
2885,Grouper Hole,26.94607,-80.04915,Hole
2886,Grouper Hole / Ledge,29.91993,-87.19225,Ledge
2887,Grouper Hole GPS,29.9085,-87.20833,Hole
2888,Grouper Hump,34.8797,-75.39486,Hump
2889,Grouper Ledge,33.76863,-77.4657,Ledge
2890,Grouper Ledge,33.9336,-77.34959,Ledge
2891,Grouper Ledge,33.96393,-77.2799,Ledge
2892,Grouper Ledge,33.97615,-77.32328,Ledge
2893,Grouper Ledge,33.97908,-77.31033,Ledge
2894,Grouper Ledge,33.98355,-77.22624,Ledge
2895,Grouper Ledge,33.98917,-77.34348,Ledge
2896,Grouper Ledge,34.01293,-77.37075,Ledge
2897,Grouper Ledge,34.11328,-77.42572,Ledge
2898,Grouper Ledge,34.42893,-76.90075,Ledge
2899,Grouper Ledge,27.1145,-82.61233,Ledge
2900,Grouper Ledge,30.24222,-80.24886,Ledge
2901,Grouper Mules Ledge,30.02799,-80.28034,Ledge
2902,Gsreef,40.49755,-73.14974,Reef
2903,GT Hump,34.74104,-75.49163,Hump
2904,Guana Hump,30.08018,-81.22533,Hump
2905,Gulf Breeze Sertoma,30.11266,-87.19191,Structure
2906,Gulf Power Steel Tower,30.20648,-87.23878,Tower
2907,Gulf Power Towers,30.20732,-87.23562,Tower
2908,Gulf Power Towers,30.21557,-87.23795,Tower
2909,Gulf Power Towers GPS,30.20233,-87.23733,Tower
2910,Gulf Stream Boynton Ledge,26.49007,-80.03867,Ledge
2911,Gulfstream Reef,26.48594,-80.02592,Reef
2912,Gulftrade Shipwreck,39.72965,-74.02124,Wreck
2913,Gull Ledge NOL,44.23242,-68.72233,Ledge
2914,Gull Rock Ledge,43.749,-69.30258,Ledge
2915,Gully Hole,30.20425,-87.14809,Hole
2916,Gully Hole,30.2108,-87.14667,Hole
2917,GUN Boat Wreck,40.36733,-73.215,Wreck
2918,GUN KAY Hump,25.58662,-79.41716,Hump
2919,GUN Ledge,25.57827,-79.35257,Ledge
2920,GUN Smoke 86 Wreck,27.55805,-83.08533,Wreck
2921,Gunboat,40.36987,-73.21987,Wreck
2922,Gunbor Reef,24.94667,-81.77,Reef
2923,Gunbor Reef,24.92355,-81.7709,Reef
2924,Gunning Rocks,43.91425,-69.24517,Rock
2925,Gunvor Wreck,24.4335,-80.29967,Wreck
2926,Guppy Hole,26.87632,-80.01405,Hole
2927,GUS Grafus Memorial Reef,40.0495,-73.98952,Reef
2928,GUS Picone Reef,39.25966,-74.25199,Reef
2929,GUY Harvey,26.21078,-80.06573,Reef
2930,Gwendolyn Steers Wreck,40.95417,-73.43417,Wreck
2931,Gwynn Island Reef,37.48083,-76.23833,Reef
2932,Gwynn Island Reef,37.49028,-76.24167,Reef
2933,H C Drewer,35.25462,-75.33875,Structure
2934,Habitat Corridor Reef,26.75458,-80.01537,Reef
2935,Hailey Glasrud,27.20967,-80.00478,Structure
2936,Hales Hole,29.8981,-85.5254,Hole
2937,Haleys Reef,29.45347,-80.9532,Reef
2938,Haleys Reef,29.45407,-80.9567,Reef
2939,Half Barge,30.21947,-87.31945,Reef
2940,Half Barge,30.22565,-87.61787,Reef
2941,Half Barges,30.21367,-87.32333,Reef
2942,Halfacre Rock,41.24863,-72.648,Rock
2943,Halftide Rock,42.34725,-70.90073,Rock
2944,Halftide Rocks,42.34858,-70.9047,Rock
2945,Halfway Hump,25.62507,-79.57438,Hump
2946,Halfway Reef,29.50833,-94.91667,Reef
2947,Halfway Rock,42.50247,-70.77498,Rock
2948,Halfway Rock Light,43.66098,-70.04438,Rock
2949,Halfway Rock NO 201 IR,43.63215,-70.00823,Rock
2950,Halfway Rocks,42.9782,-70.6207,Rock
2951,Halibut Ledge,44.0439,-68.77177,Ledge
2952,Halibut Rock NO 2 B,43.98388,-69.04923,Rock
2953,Halibut Rocks NOL,44.13588,-68.52495,Rock
2954,Hall Of Fame East Ledge,26.1905,-80.08483,Ledge
2955,Hall Of Fame East Ledge,26.195,-80.0845,Ledge
2956,Hallots Rock RBN,41.59243,-70.26172,Rock
2957,Halsey Tanker,27.33583,-80.07617,Structure
2958,Halsey Wreck,27.337,-80.07572,Wreck
2959,Hammerhead Reef,26.0875,-80.0861,Reef
2960,Haney Technical College Reef,29.92545,-85.99183,Reef
2961,Hanford Rock,41.09114,-73.35596,Rock
2962,Hang Rock,33.85767,-77.60293,Rock
2963,Hank Duke Tank,39.75784,-74.02447,Structure
2964,Hankins Wreck,40.07233,-73.89917,Wreck
2965,Hankins Wreck,39.85717,-73.96817,Wreck
2966,Hankins Wreck CF,40.072,-73.89667,Wreck
2967,Hanks Rocks,28.68326,-84.39056,Rock
2968,Hanus Ledge,44.16422,-68.50637,Ledge
2969,Happy Days Wreck,40.33852,-73.35983,Wreck
2970,Happy Days Wreck,40.33883,-73.36167,Wreck
2971,Harbor Rock,42.6749,-70.6154,Reef
2972,Harbor Reef ST 86,28.77883,-90.23883,Reef
2973,Hard Bottom And Rocks,26.30682,-80.05378,Reef
2974,Hard Bottom Inside Of Ledge,30.15429,-80.27569,Reef
2975,Hardies Reef,34.30862,-76.40222,Reef
2976,Harding Ledge 1 HL,42.31193,-70.84807,Reef
2977,Hardy Rocks,42.53592,-70.7995,Reef
2978,Harlows Ledge,29.33802,-83.86821,Reef
2979,Harms Ledge,30.32517,-80.94005,Reef
2980,Harms North Ledge,30.4106,-80.89907,Reef
2981,Harolds Hole,27.56907,-82.93077,Reef
2982,Harrison County Barge C,30.17572,-88.83777,Reef
2983,Harrison Group Wreck,38.30623,-74.89162,Reef
2984,Harry Michels Reefballs,39.75667,-74.03,Reef
2985,Harry White 3 Tanks,39.76192,-74.02779,Structure
2986,Harry's Rock Light,42.28862,-70.93465,Reef
2987,Hart Family Reef,27.367,-82.57634,Reef
2988,Harvey Cedars Humps,39.66872,-74.09083,Reef
2989,Hashamomuck Ledge,41.1173,-72.44087,Ledge
2990,Haskell,39.60012,-73.02455,Structure
2991,HAT Island Ledge,44.13938,-68.51365,Ledge
2992,Hatchett Reef,41.26572,-72.25782,Reef
2993,Hatchett Reef,41.26075,-72.26185,Reef
2994,Hathaway Span 10 Stage 1 West,30.02438,-85.9625,Structure
2995,Hathaway Span 7 Stage 1 West,29.98568,-85.95033,Structure
2996,Hathaway Span 8 Stage 1 West,29.99798,-85.9484,Structure
2997,Hathaway Span 9 Stage 1 West,30.00874,-85.94981,Structure
2998,Hathaway Bridge 1 Finish,30.05333,-85.97333,Structure
2999,Hathaway Bridge 1 Start,30.07497,-85.96857,Reef
3000,Hathaway Bridge 2 Finish,29.97837,-85.86189,Structure
3001,Hathaway Bridge 2 Start,29.98657,-85.85529,Reef
3002,Hathaway Rubble,30.06858,-85.8243,Structure
3003,Hathaway Span 1 Midway Site,30.04483,-85.72909,Structure
3004,Hathaway Span 12 Midway Site,30.03468,-85.73155,Structure
3005,Hathaway Span 13 Stage 1 East,29.95653,-85.84185,Structure
3006,Hathaway Span 14 Warsaw Site,30.07151,-85.8146,Reef
3007,Hathaway Span 2 Midway Site,30.03661,-85.72845,Structure
3008,Hathaway Span 3 A Stage 1 East,29.94469,-85.81858,Structure
3009,Hathaway Span 4 Stage 1 East,29.94483,-85.82966,Structure
3010,Hathaway Span 5 Fontainbleau,30.16411,-85.89688,Structure
3011,Hathaway Span 6 Fontainbleau,30.14873,-85.88788,Structure
3012,Hatteras Canyon North Ledge,34.85606,-75.35177,Ledge
3013,Hatteras Canyon Northern Hump,34.84892,-75.31324,Hump
3014,Hatteras Canyon Tip South,34.98313,-75.2355,Canyon
3015,Hatteras Hole,35.09069,-75.22912,Hole
3016,Hatteras Hump,34.88143,-75.40923,Hump
3017,Hatteras Ledge,34.96003,-75.37352,Ledge
3018,Hatteras Rocks,34.92775,-75.46313,Rock
3019,Haulover Culverts,25.8908,-80.07726,Structure
3020,Haulover Modules Site,25.88955,-80.07693,Structure
3021,Haulover Reef Site,25.90221,-80.0786,Reef
3022,Haunschild Reef C,25.695,-81.78133,Reef
3023,Hawk Hole Middle,28.85663,-80.32533,Hole
3024,Hawk Hole North,28.87917,-80.32812,Hole
3025,Hawk Hole South,28.8561,-80.31868,Hole
3026,Hawksbill Ledge,26.49755,-78.76504,Ledge
3027,Hawksbill Reef,25.75601,-79.30119,Reef
3028,Hazel S Reef,30.14612,-87.56337,Reef
3029,Heald Bank Rock,28.93937,-94.31978,Rock
3030,Heald Bank Rock Steeple,28.93837,-94.32533,Rock
3031,Heald Ledge,29.13589,-94.1493,Ledge
3032,Heaven Reef,30.17972,-85.89662,Reef
3033,Helens Barges,26.63175,-82.28583,Reef
3034,Helens Reef,26.63207,-82.29123,Reef
3035,Heli Wreck South DR,30.26852,-81.16122,Wreck
3036,Hellen Ledge,38.35034,-76.48405,Ledge
3037,Helmet Ledge,34.4801,-76.88549,Ledge
3038,Hempstead Reef,40.52083,-73.55583,Reef
3039,HEN And Chicken Rocks North,25.9891,-79.1233,Rock
3040,HEN And Chickens Reef,41.25342,-72.40469,Reef
3041,HEN Chickens Reef,24.93167,-80.54833,Reef
3042,HEN Rock,40.90705,-73.73195,Rock
3043,Hendry Barge,29.84188,-84.15489,Reef
3044,Henry Coghlan Memorial Reef,29.91815,-85.55674,Reef
3045,Hens Chicken Reef,24.93583,-80.54733,Reef
3046,Herman's Hole,24.6505,-81.03133,Hole
3047,Hernando Ledge,28.44451,-83.02553,Ledge
3048,Heron Neck Ledge,44.01702,-68.85682,Ledge
3049,Heron Neck Ledge,44.02267,-68.85365,Ledge
3050,Heron Tugboat,30.13645,-87.22807,Wreck
3051,Herrera Wreck,24.90543,-80.5923,Wreck
3052,Herriman Ledge,44.30033,-68.52138,Ledge
3053,Hesperus / Turtle Wreck,25.80452,-79.11225,Wreck
3054,Hetzel Shoal Ledge,28.60195,-80.39952,Ledge
3055,HG Ledge,30.21488,-81.00408,Ledge
3056,HG Reef,30.205,-81.02,Reef
3057,HH Reef,30.57818,-81.14136,Reef
3058,HH Reef,30.57529,-81.13193,Reef
3059,HH Site Shark Barge,30.62808,-81.07863,Reef
3060,Hicks Ledge,40.9037,-73.75237,Ledge
3061,Hiding Rocks,41.04337,-73.42602,Rock
3062,Higden S Reef,25.1395,-80.31317,Reef
3063,High Island A 271 Reef,28.44052,-93.71817,Reef
3064,High Island A 281 Reef,28.36367,-93.78507,Reef
3065,High Island A 285 Reef,28.3553,-93.85623,Reef
3066,High Island A 286 Reef,28.33162,-93.79662,Reef
3067,High Island A 298 Reef,28.3041,-93.76698,Reef
3068,High Island A 302 Reef,28.24118,-93.87755,Reef
3069,High Island A 317 Reef,28.21458,-93.79845,Reef
3070,High Island A 462 Reef,28.29417,-94.24373,Reef
3071,High Island A 466 Reef,28.31165,-94.01965,Reef
3072,High Island A 477 Reef,28.27237,-94.32672,Reef
3073,High Island A 480 Reef,28.28745,-94.47788,Reef
3074,High Island A 492 Reef,28.22722,-94.0588,Reef
3075,High Island A 497 Reef,28.17675,-94.03278,Reef
3076,High Island A 515 Reef,28.12857,-94.21342,Reef
3077,High Island A 520 Reef,28.12443,-93.95697,Reef
3078,High Island A 532 Reef,28.10008,-94.51197,Reef
3079,High Island A 542 Reef,28.04772,-94.15237,Reef
3080,High Island A 567 Reef,27.97515,-94.21862,Reef
3081,High Pine Ledge,42.03555,-70.60345,Ledge
3082,High Rock,33.94053,-77.91315,Rock
3083,High Rock,33.9794,-77.60358,Rock
3084,High Rock CH,41.30022,-72.15262,Rock
3085,High School Reef,30.05988,-81.10563,Reef
3086,"High School Reef, Site AA",30.05932,-81.10875,Reef
3087,Highland Ledge,26.3999,-80.05528,Ledge
3088,Highway 79 Bridge,30.05332,-85.82435,Structure
3089,Highway 79 Bridge,30.06159,-85.82272,Structure
3090,Hill Kelly Dodge Reef,30.09958,-87.41565,Reef
3091,Hilledge,30.33825,-80.95845,Ledge
3092,Hillsboro Ledge,26.29267,-80.06325,Ledge
3093,Hillsboro Outside Edge Reef,26.2825,-80.06283,Reef
3094,Historic Shipwreck Replica Reef,30.32897,-87.1812,Reef
3095,HMS Ledge,33.92708,-77.39242,Ledge
3096,Hogfish Hole,26.6432,-80.02152,Hole
3097,Hogfish Ledge,26.19165,-80.0667,Ledge
3098,Hogshead Rock,42.2703,-70.77645,Rock
3099,Hole,34.51048,-76.80873,Hole
3100,Hole,30.13597,-87.1715,Hole
3101,Hole,27.7295,-83.15967,Hole
3102,Hole,27.53852,-82.9067,Hole
3103,Hole,27.77083,-83.142,Hole
3104,Hole,30.12168,-80.57498,Hole
3105,Hole,40.83717,-71.67583,Hole
3106,Hole,40.55833,-71.60833,Hole
3107,Hole A,29.88753,-80.59317,Hole
3108,Hole IN The Bottom,28.6064,-80.35118,Hole
3109,Hole IN The Wall,27.1616,-80.1639,Hole
3110,Hole IN The Wall,26.8937,-79.98582,Hole
3111,Hole Ledge,30.02112,-80.5515,Ledge
3112,Hole M 2,30.3299,-80.47465,Hole
3113,Hole OK,30.3482,-80.44135,Hole
3114,Hole The,25.53333,-79.3625,Hole
3115,Hole The,25.625,-79.35833,Hole
3116,Hole The,27.2061,-80.12333,Hole
3117,Hole 1,27.33702,-83.33213,Hole
3118,Holed UP,39.8177,-72.01117,Hole
3119,Holland Island Ledge,38.06519,-76.09184,Ledge
3120,Hollicut Noose Reef,38.84295,-76.34692,Reef
3121,Hollywood/Hallandale Reef,25.98202,-80.08547,Reef
3122,Hollywood/Hallandale Reef,25.98362,-80.09333,Reef
3123,Hollywood/Hallandale Reef,25.99722,-80.08167,Reef
3124,Holm Ledge,25.60706,-79.32149,Ledge
3125,Holmes Rock,26.5603,-78.85132,Rock
3126,Holmes Rock CAY,26.5581,-78.84675,Rock
3127,Homeport Reef,38.95166,-74.69332,Reef
3128,Hominey Ledge,38.30542,-76.46115,Ledge
3129,Homosassa Reef,28.69385,-83.00003,Reef
3130,Homosassa Rocks,28.69413,-83.08857,Rock
3131,Honey Hole,34.10653,-77.74992,Hole
3132,Honey Hole,34.42712,-77.01165,Hole
3133,Honeymoon Rock,34.38483,-77.21133,Rock
3134,Honeymoon Rock,34.45799,-77.14866,Rock
3135,Hookers Rock,41.24356,-72.78379,Rock
3136,Hookers Rock,41.24112,-72.7765,Rock
3137,Hookers Rock NO 4 A,41.23965,-72.77278,Rock
3138,Hooper Reef A,30.10192,-86.0982,Reef
3139,Hopper Barge,25.6191,-80.0834,Reef
3140,Hopper Barge,25.80486,-80.07623,Reef
3141,Hopper Hole,29.8815,-80.60667,Hole
3142,Horn,40.8125,-71.54417,Structure
3143,Horn Island Rocks,43.0645,-70.6805,Rock
3144,Horsepen Ledge,34.7011,-76.37446,Ledge
3145,Horseshoe Ledge,26.27262,-80.0702,Ledge
3146,Horseshoe Ledge,29.74052,-80.46808,Ledge
3147,Horseshoe Ledge,29.91232,-80.56837,Ledge
3148,Horseshoe Ledge,29.75288,-80.44643,Ledge
3149,Horseshoe Reef,25.13867,-80.305,Reef
3150,Horseshoe Reef,24.66111,-80.99417,Reef
3151,Horseshoe Reef,41.30705,-72.02506,Reef
3152,Horseshoe Reef,28.92152,-80.46525,Reef
3153,Horseshoe Reef,26.60733,-80.00867,Reef
3154,Horseshoe Reef Drift Dive,26.62843,-80.0251,Reef
3155,Horton Neck Ledge,41.09943,-72.45337,Ledge
3156,Hosp Rocks,27.55892,-96.47929,Rock
3157,Hospital Grounds Flag Reef,30.22,-81.00333,Reef
3158,Hospital Grounds Shawns Reef,30.209,-80.99767,Reef
3159,Hospital Rock,27.57498,-96.48013,Rock
3160,Hospital Rock,27.67898,-96.60677,Rock
3161,HOT Rocked,30.3526,-80.46443,Rock
3162,House Ledge,42.53967,-70.80387,Ledge
3163,Hovercraft Llcat,30.07081,-85.81208,Structure
3164,Howard Chapin Reef,34.55717,-76.85667,Reef
3165,Howard Chapin Reef,34.55972,-76.85333,Reef
3166,Howard Chapin Reef,34.56187,-76.8559,Reef
3167,Howard Frankland Reef,27.91167,-82.55417,Reef
3168,Howard Frankland Reef,27.92647,-82.5547,Reef
3169,Howland Ledge,42.07927,-70.61213,Ledge
3170,Hoyt Vandenberg,24.45995,-81.73647,Structure
3171,Hudson Canyon,39.6635,-72.46717,Canyon
3172,Hudson Canyon Letters,39.50355,-72.41873,Canyon
3173,Hudson Canyon Tip,39.66873,-72.47645,Canyon
3174,Hudson Rocks,28.5052,-83.2059,Rock
3175,Hugos April Fool,25.36711,-80.13038,Structure
3176,Hull Canyon,37.24999,-74.3,Canyon
3177,Humarock,42.16538,-70.52338,Reef
3178,Humarock BWH,42.16033,-70.52125,Reef
3179,Hummingbird Reef,28.43183,-80.2313,Reef
3180,Hummingbird Reef,28.43203,-80.23855,Reef
3181,Hummingbird Space Reef,28.41834,-80.23467,Reef
3182,Hummingbird Wreck,28.43233,-80.23983,Wreck
3183,Hump,34.52629,-75.63743,Hump
3184,Hump,34.8726,-75.7673,Hump
3185,Hump,35.02599,-75.18794,Hump
3186,Hump,29.7559,-86.39142,Hump
3187,Hump,25.711,-79.9418,Hump
3188,Hump,39.25941,-75.34698,Hump
3189,Hump,29.35043,-80.4891,Hump
3190,Hump,25.7903,-79.3016,Hump
3191,Hump,42.674,-70.5806,Hump
3192,Hump,42.50577,-70.35953,Hump
3193,Hump,42.79313,-70.06645,Hump
3194,Hump,42.75512,-70.13715,Hump
3195,Hump,43.1124,-70.6119,Hump
3196,Hump,43.0971,-70.5157,Hump
3197,Hump,43.0756,-70.4342,Hump
3198,Hump B,24.80582,-80.43893,Hump
3199,Hump Check,34.80027,-75.41907,Hump
3200,Hump D,24.80987,-80.43804,Hump
3201,Hump E,24.80985,-80.42985,Hump
3202,Hump F,24.81314,-80.43744,Hump
3203,Hump K,24.58954,-80.5898,Hump
3204,Humps,30.44564,-80.34742,Hump
3205,Humps,39.28245,-73.69958,Hump
3206,Humpty Dance,25.73806,-82.17932,Hump
3207,Humpty Dumpty,40.01967,-73.7685,Hump
3208,Humpty Dumpty,40.02632,-73.71678,Hump
3209,Humpty Dumpty F,40.02333,-73.71083,Hump
3210,Hunt Reef,29.93517,-87.69773,Reef
3211,Hunter Ledge,26.48857,-78.73848,Ledge
3212,Hunter Rock,26.49029,-78.74613,Rock
3213,Hunters Hole,33.79583,-77.425,Hole
3214,Hunters Reef,29.4599,-80.95898,Reef
3215,Huron,39.91678,-73.5329,Structure
3216,Hurricane Ledge,43.99335,-69.10112,Ledge
3217,Hurricane Pass Ledge,25.98949,-81.75602,Ledge
3218,Hurricane Reef WD,28.7345,-89.73467,Reef
3219,Hurricane Reef WD,28.73883,-89.73617,Reef
3220,HWY 19 BCB,28.78847,-83.05352,Structure
3221,HWY 19 BCB,28.78908,-83.05417,Structure
3222,HWY 19 BCB,28.788,-83.0552,Structure
3223,Hydes Rock,39.82215,-73.67767,Rock
3224,Hydro Atlantic,26.325,-80.05071,Structure
3225,Hydro Atlantic Wreck,26.3095,-80.03933,Wreck
3226,I Beams,25.79635,-80.0799,Structure
3227,I 1 Lynn Silvertooth Reefball SIT,27.28757,-82.61653,Reef
3228,"I 1, Lynn Silvertooth",27.28664,-82.59755,Structure
3229,"I 1, Lynn Silvertooth, 25",27.28702,-82.59878,Structure
3230,"I 1, Lynn Silvertooth, 29",27.28536,-82.60108,Structure
3231,"I 1, Lynn Silvertooth, Reefball Site 1",27.28757,-82.60112,Reef
3232,"I 1, Lynn Silvertooth, Site",27.28646,-82.6011,Structure
3233,"I 1, Lynn Silvertooth, Site",27.28701,-82.59986,Structure
3234,"I 1, Lynn Silvertooth, Site",27.28756,-82.59741,Structure
3235,I 10 Bridge Rubble Reef,30.11167,-87.42167,Reef
3236,I 05 Tug,30.0181,-87.47248,Structure
3237,IAP Reef,30.30787,-81.13565,Reef
3238,Iberia Wreck,40.5355,-73.68317,Wreck
3239,Ighlman Island Reef,38.69333,-76.37861,Reef
3240,Immaculata Wreck,40.2795,-73.6495,Wreck
3241,Immaculata Wreck,40.2756,-73.65267,Wreck
3242,Immaculata Wreck,40.28155,-73.65443,Wreck
3243,Imor Reef,26.21747,-80.06267,Reef
3244,Inbetween Rocks,42.58362,-70.64128,Rock
3245,Indian Ledge,26.70768,-79.00853,Ledge
3246,Indian Reef,41.24097,-72.6703,Reef
3247,Indra,34.56204,-76.85178,Structure
3248,Inez Rock,41.56262,-70.90695,Rock
3249,Inner Airplane Site,29.84975,-80.98075,Structure
3250,Inner Airplane Site,29.8496,-80.98563,Structure
3251,Inner Bay Ledges,44.0711,-68.9534,Ledge
3252,Inner Bay Ledges,44.07912,-68.95738,Ledge
3253,Inner Bay Ledges,44.08113,-68.9441,Ledge
3254,Inner Bay Ledges,44.08678,-68.94643,Ledge
3255,Inner Bay Ledges,44.0868,-68.95225,Ledge
3256,Inner Cartwright,40.99617,-71.83333,Structure
3257,Inner Cartwright,41.00003,-71.83562,Structure
3258,Inner Cartwright,40.99367,-71.80966,Structure
3259,Inner Ledge,43.02097,-70.06295,Ledge
3260,Inner Ledge,42.8912,-70.7974,Ledge
3261,Inner Plane 88 Culverts,29.85017,-80.9845,Structure
3262,Inner Plane Wwii Transport,29.84783,-80.98833,Structure
3263,Inner Reef,41.24103,-72.76913,Reef
3264,Inner Reef,41.2377,-72.76355,Reef
3265,Inner Seal Rock,42.30028,-70.91302,Rock
3266,Inner Tappen Rock,42.8808,-70.8088,Rock
3267,Inside Reef,34.62695,-75.66933,Reef
3268,Interstate 10 Bridge Reef Site 3,30.11167,-87.43833,Reef
3269,Interstate 10 Bridge Reef Site 4,30.11,-87.45833,Reef
3270,Interstate 10 Bridge Reef Site 5,30.11,-87.47667,Reef
3271,Interstate 10 Bridge Reef Site 6,30.10917,-87.4925,Reef
3272,Interstate 10 Bridge Reef Site 7 Small,30.09916,-87.4325,Reef
3273,Intrepid Rock,41.29899,-72.00443,Rock
3274,Intruder Reef,29.90565,-80.80278,Reef
3275,Intruder Reef,29.9031,-80.7502,Reef
3276,IP Reef,29.869,-80.96133,Reef
3277,Irmac Wreck,40.28483,-73.34533,Wreck
3278,Iron Mast Schooner Wreck,25.0248,-80.3808,Wreck
3279,Irregular Rock,27.13112,-82.7339,Reef
3280,IRV Hurd Reef,39.17066,-74.55932,Reef
3281,Islamorada Hump,24.80292,-80.44457,Hump
3282,Islamorada Hump,24.53498,-80.7,Hump
3283,Islamorada Ledge,24.7762,-80.46619,Ledge
3284,Islamorada Reef,24.83887,-80.55958,Reef
3285,Islamorada Reef,24.84195,-80.55115,Reef
3286,Island Reefsa 471 Topper III Reef,28.24667,-94.04383,Reef
3287,Island Reefsa 492 Transco Reef,28.22417,-94.05583,Reef
3288,Isle Of Wight Reef,38.3818,-74.97844,Reef
3289,Islhump 2,24.80444,-80.4462,Hump
3290,Issac Ledge,25.95901,-78.71599,Ledge
3291,J Drew Messler Reef,39.47891,-74.17267,Reef
3292,J Paul Tyndall Reef,34.57305,-76.97167,Reef
3293,J Paul Tyndall Reef,34.57417,-76.975,Reef
3294,J Brown Liberty Ship,30.213,-86.80583,Wreck
3295,J/U Barge Dick Sharpe,29.39167,-88.9,Reef
3296,Jack Clements Reef,39.17832,-74.55332,Reef
3297,Jack Clements Reef,39.17683,-74.55682,Reef
3298,Jack Ledge,29.91022,-80.5226,Ledge
3299,Jack Macdonald Reef,27.08141,-80.03856,Reef
3300,Jack Spot Ledge,38.06836,-74.77787,Ledge
3301,Jack Spot Reef,38.09044,-74.81212,Reef
3302,Jacks Ledge,27.80657,-82.9925,Ledge
3303,Jacks Reef,38.09153,-74.7499,Reef
3304,Jacks Rock,34.14619,-77.60806,Rock
3305,Jackson Fish Camp Memorial Reef,26.0614,-82.05708,Reef
3306,Jacob Dmitruck Reefballs,39.7475,-74.01934,Structure
3307,Jakes Ledge,34.02263,-77.76372,Ledge
3308,James King Memorial,29.9421,-85.48842,Structure
3309,James Whitright Memorial,29.93823,-85.48662,Structure
3310,Jamies Hole,30.2497,-87.147,Hole
3311,Jammies Ledge,27.25686,-80.07339,Ledge
3312,Jammies Rock,42.38747,-70.08333,Rock
3313,Jams Hole,42.8356,-70.6797,Hole
3314,Janes Island Reef,37.94992,-75.9166,Reef
3315,Janice COX Memorial Reef,29.92183,-85.59458,Reef
3316,Jantzen,27.32974,-82.56381,Structure
3317,Jantzen,27.32848,-82.56415,Structure
3318,JAP Reef,30.30348,-81.16295,Reef
3319,JAP Rock,26.39138,-80.06555,Rock
3320,Japan FRP Tube Reef,30.03883,-85.78998,Reef
3321,Japan FRP Tube Reef,30.04422,-85.78948,Reef
3322,Japan Reference Concrete Reef,30.03367,-85.79183,Reef
3323,Jaycee Reef,29.83828,-85.4923,Reef
3324,JC Hole,30.12824,-86.83155,Hole
3325,JC Ledge,34.10752,-77.84928,Ledge
3326,Jcaa Redbird Reef,39.63011,-74.02521,Reef
3327,JCL Reef,30.1693,-81.16043,Reef
3328,Jcsa Rbbc Reef,40.02599,-73.98631,Reef
3329,Jeff Purcell Memorial Reef,29.91443,-85.6704,Reef
3330,Jefferys Ledge,40.12165,-73.68499,Ledge
3331,Jeffreys Ledge,42.99,-70.045,Ledge
3332,Jeffreys Ledge,42.99999,-70.05,Ledge
3333,Jeffreys Ledge,43.1872,-70.0294,Ledge
3334,Jenks Ledge,43.92087,-69.3117,Ledge
3335,Jenks Ledge,43.92387,-69.31285,Ledge
3336,Jenks Ledge 2 JL,43.92287,-69.322,Ledge
3337,Jeremys Ledge,29.23451,-88.43659,Ledge
3338,Jerry Andrews Reef,30.28862,-87.21693,Reef
3339,Jerry Combs Reef,29.89947,-85.5269,Reef
3340,Jerrys Reef,34.48281,-76.88593,Reef
3341,Jerrys Reef,30.33817,-86.59967,Reef
3342,Jersey Fresh Reef,39.26982,-74.26316,Reef
3343,Jesseledge,34.2674,-77.32795,Ledge
3344,Jessie Ledge,27.88125,-83.1891,Ledge
3345,JET Fighters,25.3675,-80.12693,Structure
3346,Jewfish Ledge,27.19798,-82.8828,Ledge
3347,Jim Ivns Reef,39.24009,-74.36495,Reef
3348,Jim Knight Reef,33.86983,-78.1667,Reef
3349,Jim Lynch 178 Tanker,40.04733,-73.993,Structure
3350,Jim Penney Barge,30.1815,-87.2945,Reef
3351,Jim Penny Barge,30.18075,-87.28258,Reef
3352,Jim Torgerson,26.22736,-80.06493,Structure
3353,Jimbo Hump Concrete,40.38267,-73.93733,Hump
3354,Jimbos Ledge,29.58366,-84.16291,Ledge
3355,Jimmie D Hole,29.90667,-87.25833,Hole
3356,Jimmies Ledge,43.0076,-70.6003,Ledge
3357,Joanie's Reef,24.64683,-81.0095,Reef
3358,Joe Bench Ledge,42.40113,-70.91183,Ledge
3359,Joe E Brown Reef,30.21372,-86.80643,Reef
3360,Joe Halusky South Reef,29.67551,-80.96396,Reef
3361,Joe Patti Memorial Reef,30.28882,-87.22925,Reef
3362,Joe Rizzie Memorial Reef,29.8953,-85.54002,Reef
3363,Joe Todd Memorial Reef,29.90633,-85.5325,Reef
3364,Joes Deep Hump,27.04333,-79.59,Hump
3365,Joes Ledge,28.40895,-95.05063,Ledge
3366,Joes Reef Tires W/Trigger,30.16425,-87.26367,Reef
3367,Joesph Matuska Tank,39.75868,-74.03064,Structure
3368,John And Melbas Reef Chief,29.7353,-85.4888,Reef
3369,John Fergone Reef,38.97503,-74.68174,Reef
3370,John Island Ledge,44.09548,-68.40688,Ledge
3371,John Knowles Memorial Reef,39.10667,-74.61665,Reef
3372,John Michael Baker Fishing Reef,26.15762,-80.0689,Reef
3373,John Michael Baker Memorial Reef Phase,26.15817,-80.07873,Reef
3374,John Pennekamp Coral Reef Park United States,25.13347,-80.35606,Reef
3375,John Sofield Memorial Reef,40.027,-74.00331,Reef
3376,John Thompson Memorial Reef,29.9028,-85.4662,Reef
3377,Johnnys Ledge,28.68305,-90.01964,Ledge
3378,Johns Honey Hole,30.00392,-80.36464,Hole
3379,Johns Pass Bridge Load,27.86261,-83.02903,Structure
3380,JON Dodrills Reef,29.76454,-85.60755,Reef
3381,Jones Reef,30.0184,-87.08023,Reef
3382,Jones Reef,30.01935,-87.07547,Reef
3383,Joseph Doherty Reef,40.0545,-73.99264,Reef
3384,Joseph Ertle Reef,40.00717,-74.00664,Reef
3385,Joseph J Palladino Reef,39.26205,-74.25558,Reef
3386,Joseph Meek,30.27306,-87.15956,Structure
3387,Josephine Marie Shipwreck,42.18196,-70.22443,Reef
3388,JRS Tank,39.26775,-74.25603,Structure
3389,Jules Ledge,41.14031,-72.36979,Ledge
3390,Jumbo Barge Stern,29.61402,-88.40987,Reef
3391,Jumbo Ledge,42.63215,-70.45418,Ledge
3392,Junes Dunes Reef,30.37655,-86.46613,Reef
3393,Junk Hole,27.25067,-80.13283,Hole
3394,Junken Ledge,43.98977,-68.98975,Ledge
3395,Juno Ball Reef,26.86548,-79.97788,Reef
3396,Juno Ledge,27.04585,-80.04288,Ledge
3397,Juno Ledge,26.86418,-80.01355,Ledge
3398,Juno Ledge,27,-79.99167,Ledge
3399,Juno Ledge,26.88333,-79.975,Ledge
3400,Juno Ledge,26.87614,-80.04021,Ledge
3401,Juno Ledge,26.87053,-80.01917,Ledge
3402,Jupiter Double Ledges Drift Dive,26.94686,-80.02201,Ledge
3403,Jupiter Dredge Hole,26.94083,-80.065,Hole
3404,Jupiter Hump,26.9385,-79.792,Hump
3405,Jupiter Ledge,26.93273,-80.01523,Ledge
3406,Jupiter Ledge,26.9325,-80.00987,Ledge
3407,Jupiter Reef,26.96683,-80.018,Reef
3408,Jupiter Reef,26.9629,-79.9855,Reef
3409,Justins 13 Fathom Hole,28.51538,-83.54503,Hole
3410,JW Reef,30.27633,-81.23067,Reef
3411,JW Reef,30.2785,-81.22633,Reef
3412,JW Site,30.27891,-81.22988,Structure
3413,JW Site MTC 120 Barge,30.27183,-81.226,Reef
3414,K Tower,29.6661,-84.3692,Tower
3415,K Tower,29.66189,-84.3731,Tower
3416,Karens Place,30.28667,-87.23567,Reef
3417,Karl Sinclair Franz Memorial Reef,29.9081,-85.47435,Reef
3418,Karpowicz Brothers Reef,40.02249,-74.00331,Reef
3419,Kathleen Riggin Wreck,38.30487,-74.88925,Wreck
3420,KAY Thomas Memorial Reef,29.72083,-85.47238,Reef
3421,Kayleighs Reef,39.47133,-74.1798,Reef
3422,KD Select Reef,27.19127,-80.02457,Reef
3423,Keegan 110 Tanker,40.35875,-73.93517,Structure
3424,Keewaydin 3 Mile,26.03483,-81.83083,Structure
3425,Keewaydin 3 Mile,26.0339,-81.82978,Structure
3426,Keewaydin 3 Mile,26.0371,-81.83281,Structure
3427,"Keewaydin 3 Mile, C D Reef",26.0364,-81.83098,Reef
3428,Keith Wadleigh Memorial Reef,29.90703,-85.52703,Reef
3429,Keller Canyon,35.54851,-74.77558,Canyon
3430,Kellys Reef,38.27681,-75.07532,Reef
3431,Kelsos Ledge,39.49278,-73.9993,Ledge
3432,KEN Hall Memorial Reef,40.03016,-73.98597,Reef
3433,KEN M Reef,27.4074,-80.02138,Reef
3434,KEN M Reef,27.40846,-80.03023,Reef
3435,"KEN Vitale, Formaly The Tracy",26.15931,-80.07938,Structure
3436,Kenneth Hitt Memorial Reef,29.73252,-85.69142,Reef
3437,Kenneth Truesdale Reef,40.1081,-73.95372,Reef
3438,Keough Boys Reef,29.80269,-87.9426,Reef
3439,Keshena Wreck,34.9935,-75.76197,Wreck
3440,Kettle Island Ledge,42.5455,-70.69917,Ledge
3441,Key Biscayne Connectivity Project Pile D,25.69655,-80.08695,Structure
3442,Key Biscayne SMZ Reef,25.6943,-80.08085,Reef
3443,Key Biscayne SMZ Reef,25.72098,-80.0932,Reef
3444,Key Biscayne SMZ Reef,25.71053,-80.07985,Reef
3445,Key Biscayne SMZ Reef,25.69838,-80.0738,Reef
3446,Key Biscayne SMZ Reef,25.7104,-80.08312,Reef
3447,Key Biscayne SMZ Reef,25.69032,-80.08087,Reef
3448,Key Biscayne SMZ Reef,25.71908,-80.12942,Reef
3449,Key Biscayne SMZ Reef,25.7,-80.08,Reef
3450,Key Largo Dry Rocks NE,24.94633,-80.45867,Reef
3451,Key Largo Dry Rocks SW,25.1235,-80.295,Reef
3452,Key Largo Hump,25.01102,-80.28,Reef
3453,Key West 50 Foot Ledge,24.46112,-81.72788,Ledge
3454,Key West Gulfside,24.69068,-81.87681,Structure
3455,Key West Gulfside Reef,24.68762,-81.8787,Reef
3456,Key West Gulfside Reef,24.69417,-81.87717,Reef
3457,Key West Gulfside Reef,24.68767,-81.894,Reef
3458,Key West Tournament Reef,24.46037,-81.77012,Reef
3459,Key West Tournament Reef,24.42788,-81.75973,Reef
3460,Key West Tournament Reef,24.4542,-81.77083,Reef
3461,Kfish Ledge,33.75516,-77.4032,Ledge
3462,Kidd Wreck,25.80567,-81.85617,Wreck
3463,Kimberler Reef,41.21067,-72.61923,Reef
3464,King Hole,33.81358,-77.84915,Hole
3465,King Ledge,33.76885,-77.31707,Ledge
3466,King Ledge,34.08833,-77.65483,Ledge
3467,King Reef,30.30425,-86.5161,Reef
3468,Kingfish Hole,29.04495,-83.17455,Hole
3469,Kingfish Hole,27.12238,-80.13103,Hole
3470,Kingfish Hole,27.11362,-80.12278,Hole
3471,Kingfish Hole Playground,27.12667,-80.12,Hole
3472,Kingledge 0,24.47729,-81.71665,Ledge
3473,Kingry Barge,30.15962,-87.2317,Reef
3474,Kingry Barge/Tanks,30.16462,-87.23217,Structure
3475,Kings Rock,34.14588,-77.66064,Rock
3476,Kirby Watkins Memorial Reef,29.77105,-85.60085,Reef
3477,Kirk Rock,41.00775,-71.93599,Rock
3478,Kitts Rock,43.0541,-70.6917,Rock
3479,Klondike,40.14927,-73.90942,Structure
3480,Kmack Hole,34.11875,-77.71848,Hole
3481,Knicklebine Barge,30.03283,-87.19167,Reef
3482,Kornahrens Reef,26.208,-80.05317,Reef
3483,Korshorn Wreck,28.20475,-80.49058,Wreck
3484,Korshorn Wreck,28.20583,-80.4775,Wreck
3485,Kramers Reef,25.43726,-81.89616,Reef
3486,Kure Ledge,33.47059,-76.96895,Ledge
3487,Kure Rock,33.99249,-77.74165,Rock
3488,KW Ledge,24.67238,-81.74049,Ledge
3489,KW Wreck,24.39869,-81.6651,Wreck
3490,Kwwreck,24.9523,-81.77568,Wreck
3491,Kyle Barron Memorial,29.76477,-85.61492,Reef
3492,Kyle Conrad Memorial Reef,27.2662,-80.01652,Reef
3493,Kyle Wahl Memorial Reef,27.53047,-80.1785,Reef
3494,L Steyermans Reef,29.99158,-86.50693,Reef
3495,LA,30.09284,-86.40291,Structure
3496,LA,30.08448,-86.3933,Structure
3497,LA 2023,30.1441,-86.41183,Structure
3498,LA 2023,30.12747,-86.41183,Structure
3499,LA 2023,30.11081,-86.41183,Structure
3500,LA 2023,30.09415,-86.41183,Structure
3501,LA 2025,30.07612,-86.3933,Structure
3502,LA 2025,30.09283,-86.3933,Structure
3503,LA 2025,30.08448,-86.38387,Structure
3504,LA 2025,30.09283,-86.38387,Structure
3505,LA,30.07613,-86.40291,Structure
3506,LA,30.08448,-86.41252,Structure
3507,LA,30.08448,-86.40291,Structure
3508,Laars Site A M 60 Tank,30.15115,-86.40215,Structure
3509,Laars Site A M 60 Tank,30.15057,-86.40078,Structure
3510,Laars Site A M 60 Tank,30.1407,-86.373,Structure
3511,Laars Site A M 60 Tank,30.1422,-86.35866,Structure
3512,Ladnier Barge,30.04607,-88.76527,Reef
3513,Ladnier Barge 0,30.04483,-88.53108,Reef
3514,Ladnier Reef,30.01663,-87.8351,Reef
3515,Lady ANN S Reef,26.59488,-80.01368,Reef
3516,Lady Free Schooner,25.69083,-80.07883,Structure
3517,Lady Luck Statues,26.22972,-80.0634,Structure
3518,Lady P TO Tug Everglade Reef Trail,29.19302,-80.76923,Reef
3519,Lady Susan,29.63355,-84.5999,Structure
3520,Laertes AKA Dutch Wreck,28.47552,-80.36405,Wreck
3521,Lainey Reef,29.75469,-88.01523,Reef
3522,Laireys Ledge,44.04668,-68.88575,Ledge
3523,Lambriola Reef,24.50035,-81.63227,Reef
3524,Lana Carol,39.99273,-73.87395,Structure
3525,Lana Carol,39.99033,-73.8685,Structure
3526,Lana Carol,39.98903,-73.87103,Structure
3527,Landing Craft LCI,25.78448,-80.04988,Structure
3528,Landing Craft Sirotkin Reef,27.21437,-80.03438,Reef
3529,Landshark Reef,30.09006,-87.11876,Reef
3530,Lang Site Wreck Washers,29.91725,-86.03597,Wreck
3531,Larchmont Wreck,41.26548,-71.82083,Reef
3532,Large Area Artificial Reef Site A,30.01618,-85.90583,Reef
3533,Large Ledge,30.37033,-81.1507,Reef
3534,Lark Reef,30.05747,-88.60615,Reef
3535,Larrys Hole,27.2025,-79.96342,Reef
3536,Larsen Tanker,40.21381,-73.70104,Structure
3537,Lasque Ledge,42.50603,-70.83042,Ledge
3538,Last Chance Ledge,28.24408,-83.27217,Ledge
3539,Latimer Reef,41.30367,-71.93301,Reef
3540,"Lauderdale Site, C",26.16058,-80.07911,Structure
3541,Lawrence Sims Reef,30.00397,-88.03593,Reef
3542,Lazygut Ledge,44.17587,-68.5625,Ledge
3543,LC 2021,30.1536,-86.56063,Structure
3544,LC 2021,30.1536,-86.55127,Structure
3545,LC 2024 01 S 01,30.11887,-86.74443,Structure
3546,LC 2024 02 S 01,30.12735,-86.74427,Structure
3547,LC 2024 03 S 01,30.1357,-86.74443,Structure
3548,LC 2024 04 S 01,30.14392,-86.74443,Structure
3549,LCM Wreck,30.16263,-86.32828,Wreck
3550,Lead Wreck,28.38985,-80.28873,Wreck
3551,Lead Wreck,28.38933,-80.29417,Wreck
3552,Lead Wreck,28.39,-80.29533,Wreck
3553,Lead Wreck S End,28.38897,-80.2954,Wreck
3554,Ledbury Reef,25.54619,-80.09871,Reef
3555,Ledge,33.75183,-77.36043,Ledge
3556,Ledge,33.78103,-77.57515,Ledge
3557,Ledge,33.80103,-77.31973,Ledge
3558,Ledge,33.80653,-77.55432,Ledge
3559,Ledge,33.814,-77.69227,Ledge
3560,Ledge,33.82933,-77.41112,Ledge
3561,Ledge,33.8528,-77.57837,Ledge
3562,Ledge,33.87392,-76.92737,Ledge
3563,Ledge,33.90198,-77.66325,Ledge
3564,Ledge,33.92908,-77.5314,Ledge
3565,Ledge,33.9375,-77.61117,Ledge
3566,Ledge,33.96646,-77.03078,Ledge
3567,Ledge,33.99018,-76.94575,Ledge
3568,Ledge,34.00388,-77.39812,Ledge
3569,Ledge,34.03598,-77.15362,Ledge
3570,Ledge,34.04563,-77.16635,Ledge
3571,Ledge,34.07622,-77.17502,Ledge
3572,Ledge,34.11328,-77.24877,Ledge
3573,Ledge,34.13772,-77.24127,Ledge
3574,Ledge,34.17793,-77.29252,Ledge
3575,Ledge,34.20783,-77.32732,Ledge
3576,Ledge,34.37417,-75.95617,Ledge
3577,Ledge,34.5381,-75.61423,Ledge
3578,Ledge,34.98023,-75.79021,Ledge
3579,Ledge,29.59098,-84.44921,Ledge
3580,Ledge,29.80845,-86.44087,Ledge
3581,Ledge,42.62283,-70.58505,Ledge
3582,Ledge,42.48865,-70.45803,Ledge
3583,Ledge,42.44622,-70.35507,Ledge
3584,Ledge,42.85133,-70.35165,Ledge
3585,Ledge,43.10687,-70.07685,Ledge
3586,Ledge,42.59795,-70.27435,Ledge
3587,Ledge,42.56028,-70.25967,Ledge
3588,Ledge,43.1057,-70.5899,Ledge
3589,Ledge,43.0909,-70.5741,Ledge
3590,Ledge,43.0712,-70.6053,Ledge
3591,Ledge,43.0535,-70.6103,Ledge
3592,Ledge,42.6578,-70.485,Ledge
3593,Ledge,42.9757,-70.5273,Ledge
3594,Ledge,29.1721,-88.5524,Ledge
3595,Ledge,29.36014,-87.29866,Ledge
3596,Ledge,29.42185,-87.86584,Ledge
3597,Ledge,29.87258,-87.23237,Ledge
3598,Ledge,29.89025,-87.22463,Ledge
3599,Ledge,30.20862,-87.29775,Ledge
3600,Ledge,28.40738,-83.15628,Ledge
3601,Ledge,28.26472,-83.16995,Ledge
3602,Ledge,28.3088,-82.99455,Ledge
3603,Ledge,28.18028,-82.91897,Ledge
3604,Ledge,27.82082,-83.06527,Ledge
3605,Ledge,27.86977,-83.19022,Ledge
3606,Ledge,28.32153,-83.10737,Ledge
3607,Ledge,28.57445,-84.14248,Ledge
3608,Ledge,28.13187,-83.22485,Ledge
3609,Ledge,26.96413,-82.6376,Ledge
3610,Ledge,26.10457,-80.09796,Ledge
3611,Ledge,25.227,-81.5532,Ledge
3612,Ledge,25.6891,-79.317,Ledge
3613,Ledge,25.8542,-79.8512,Ledge
3614,Ledge,40.98009,-73.53956,Ledge
3615,Ledge,41.00608,-73.52993,Ledge
3616,Ledge,40.99927,-73.5104,Ledge
3617,Ledge,41.10831,-73.23073,Ledge
3618,Ledge,41.04409,-73.39108,Ledge
3619,Ledge,40.78191,-72.45631,Ledge
3620,Ledge,39.64648,-72.42466,Ledge
3621,Ledge,26.32556,-82.47596,Ledge
3622,Ledge,38.38103,-76.50913,Ledge
3623,Ledge,38.4381,-73.37953,Ledge
3624,Ledge,28.7888,-80.09737,Ledge
3625,Ledge,29.72575,-80.46173,Ledge
3626,Ledge,29.85195,-80.56953,Ledge
3627,Ledge,29.90607,-80.57123,Ledge
3628,Ledge,30.19973,-80.38658,Ledge
3629,Ledge,30.22435,-80.28313,Ledge
3630,Ledge,30.52718,-81.17477,Ledge
3631,Ledge,30.00731,-80.2801,Ledge
3632,Ledge,30.005,-80.29611,Ledge
3633,Ledge,30.01311,-80.29689,Ledge
3634,Ledge,30.02916,-80.30873,Ledge
3635,Ledge,30.08747,-80.27606,Ledge
3636,Ledge,30.07414,-80.30902,Ledge
3637,Ledge,30.04813,-80.37811,Ledge
3638,Ledge,30.15884,-80.25941,Ledge
3639,Ledge,30.17722,-80.25318,Ledge
3640,Ledge,30.08028,-80.41491,Ledge
3641,Ledge,30.06157,-80.46953,Ledge
3642,Ledge,30.23025,-80.26715,Ledge
3643,Ledge,30.25089,-80.24786,Ledge
3644,Ledge,29.96976,-80.64023,Ledge
3645,Ledge,30.09585,-80.49183,Ledge
3646,Ledge,30.27043,-80.27612,Ledge
3647,Ledge,30.29356,-80.29078,Ledge
3648,Ledge,30.25264,-80.36233,Ledge
3649,Ledge,30.36461,-80.23174,Ledge
3650,Ledge,29.8961,-80.45237,Ledge
3651,Ledge,29.02923,-80.37162,Ledge
3652,Ledge,29.06618,-80.45743,Ledge
3653,Ledge,30.35927,-80.9734,Ledge
3654,Ledge,30.0536,-80.468,Ledge
3655,Ledge,29.13333,-80.4265,Ledge
3656,Ledge,29.12468,-80.41105,Ledge
3657,Ledge,30.38178,-80.4556,Ledge
3658,Ledge,29.30543,-80.3909,Ledge
3659,Ledge,29.35045,-80.46155,Ledge
3660,Ledge,29.9228,-81.20998,Ledge
3661,Ledge,30.49647,-80.58697,Ledge
3662,Ledge,30.3245,-80.44443,Ledge
3663,Ledge,30.34075,-80.44298,Ledge
3664,Ledge,26.7815,-80.00008,Ledge
3665,Ledge,26.53582,-78.83553,Ledge
3666,Ledge,25.7923,-79.3032,Ledge
3667,Ledge,28.56521,-89.69994,Ledge
3668,Ledge,28.9531,-88.9135,Ledge
3669,Ledge,42.5832,-70.67855,Ledge
3670,Ledge,40.82497,-71.80833,Ledge
3671,Ledge,27.62523,-83.0182,Ledge
3672,Ledge 100 Foot,33.69716,-77.30784,Ledge
3673,Ledge 20 Grouper Snapper,30.25857,-80.24544,Ledge
3674,Ledge 25 GR,30.302,-80.44885,Ledge
3675,Ledge 32 D,26.96195,-82.63987,Ledge
3676,Ledge 40 Foot,33.75922,-77.39015,Ledge
3677,Ledge 45 Bugs,30.49937,-80.57825,Ledge
3678,Ledge A,27.19882,-83.22453,Ledge
3679,Ledge A 1,26.96835,-82.93236,Ledge
3680,Ledge And Rocks,28.15653,-83.21307,Ledge
3681,Ledge Area,26.3794,-82.38543,Reef
3682,Ledge At 23 A,33.90153,-77.19362,Ledge
3683,Ledge At 23 B,33.89928,-77.19162,Ledge
3684,Ledge At Tower,33.9822,-77.52267,Ledge
3685,Ledge B,29.8784,-80.60258,Ledge
3686,Ledge B 1,27.43181,-82.91052,Ledge
3687,Ledge BUG,29.7387,-80.45115,Ledge
3688,Ledge Bugs,29.74622,-80.44362,Ledge
3689,Ledge Bugs,29.75965,-80.44138,Ledge
3690,Ledge Bugs,29.83943,-80.53788,Ledge
3691,Ledge Bugs,29.8582,-80.53615,Ledge
3692,Ledge Bugs,29.9077,-80.44557,Ledge
3693,Ledge Bugs,29.9119,-80.54075,Ledge
3694,Ledge Bugs,29.91233,-80.5442,Ledge
3695,Ledge Bugs,30.08833,-80.54248,Ledge
3696,Ledge Bugs,29.77483,-80.44408,Ledge
3697,Ledge C,27.28765,-83.13294,Ledge
3698,Ledge C 2,27.38175,-82.97556,Ledge
3699,Ledge Cave,30.4009,-80.35612,Ledge
3700,Ledge CK,29.9399,-81.09675,Ledge
3701,Ledge CK,30.38975,-81.05875,Ledge
3702,Ledge CK,29.77185,-80.4383,Ledge
3703,Ledge COV,29.72825,-80.469,Ledge
3704,Ledge D,30.34567,-80.63352,Ledge
3705,Ledge D 1,27.48004,-82.93924,Ledge
3706,Ledge E Dall,34.22817,-77.55934,Ledge
3707,Ledge East,30.3911,-80.5692,Ledge
3708,Ledge F,26.54225,-82.49774,Ledge
3709,Ledge G 4,26.76208,-82.90011,Ledge
3710,Ledge GO,30.37692,-81.13548,Ledge
3711,Ledge Good,30.00351,-80.55943,Ledge
3712,Ledge Good Area,30.23431,-80.27049,Reef
3713,Ledge Good Bottom,30.03053,-80.33274,Ledge
3714,Ledge Gose NE,29.6997,-80.47733,Ledge
3715,Ledge Greys,29.80018,-80.42412,Ledge
3716,Ledge Greys,30.39777,-81.06998,Ledge
3717,Ledge Grouper,30.28268,-80.4237,Ledge
3718,Ledge Grouper Snapper,30.43405,-80.35969,Ledge
3719,Ledge Groupersnapper Pinks,30.36093,-80.22467,Ledge
3720,Ledge H,26.65126,-82.55295,Ledge
3721,Ledge Inside Break,30.11341,-80.2737,Ledge
3722,Ledge K,27.38274,-82.98153,Ledge
3723,Ledge L,27.34332,-82.96655,Ledge
3724,Ledge M,26.96246,-82.87089,Ledge
3725,Ledge Mutton Grouper,30.40123,-80.38701,Ledge
3726,Ledge N WR,33.8245,-77.3125,Ledge
3727,Ledge ND,27.98926,-83.12169,Ledge
3728,Ledge NE,33.9471,-77.36147,Ledge
3729,Ledge NE WR,33.80737,-77.33844,Ledge
3730,Ledge Of Radar Domes,33.88833,-77.65833,Reef
3731,Ledge Off W,33.8115,-77.43784,Ledge
3732,Ledge Off WR,33.81682,-77.4379,Ledge
3733,Ledge OUT A,33.73688,-77.51119,Ledge
3734,Ledge OUT B,33.77095,-77.4911,Ledge
3735,Ledge OUT C,33.78215,-77.3674,Ledge
3736,Ledge OUT D,33.75881,-77.52279,Ledge
3737,Ledge Pinks,30.20077,-80.25924,Ledge
3738,Ledge Pinks,30.40366,-80.3854,Ledge
3739,Ledge PM,30.34088,-81.19755,Ledge
3740,Ledge Rock,33.81495,-77.67609,Ledge
3741,Ledge S WR 4 A,33.80237,-77.462,Ledge
3742,Ledge S WR 4 B,33.826,-77.49545,Ledge
3743,Ledge S WR 4 D,33.7561,-77.45547,Ledge
3744,Ledge Scamp,29.74933,-80.46135,Ledge
3745,Ledge SE IN,34.18887,-76.84212,Ledge
3746,Ledge SE IN,34.22802,-76.83475,Ledge
3747,Ledge Snapper,30.26525,-80.24226,Ledge
3748,Ledge South,34.47416,-76.87249,Ledge
3749,Ledge South,34.47849,-76.87334,Ledge
3750,Ledge STH,33.9175,-77.7176,Ledge
3751,Ledge STH,33.92018,-77.71878,Ledge
3752,Ledge STH,33.95273,-77.70078,Ledge
3753,Ledge SW WR,33.8575,-77.50565,Ledge
3754,Ledge SYS,33.88666,-76.53933,Ledge
3755,Ledge West,30.3667,-80.6205,Ledge
3756,Ledge WR 2 A,33.9191,-77.16607,Ledge
3757,Ledge WR 2 A,33.98007,-77.00125,Ledge
3758,Ledge WR 2 B,33.84957,-77.11072,Ledge
3759,Ledge WR 2 B,33.89538,-77.08087,Ledge
3760,Ledge WR 4 B,34.20828,-77.02322,Ledge
3761,Ledge 1141,30.38692,-81.15798,Ledge
3762,Ledge 295,30.33722,-81.12988,Ledge
3763,Ledge 296,30.25315,-80.97892,Ledge
3764,Ledge 3216,26.87828,-83.05425,Ledge
3765,Ledge 3316,26.92748,-83.04977,Ledge
3766,Ledge 370,30.31357,-81.0903,Ledge
3767,Ledge 41 A,26.88277,-82.96788,Ledge
3768,Ledge 41 B,26.88585,-82.96067,Ledge
3769,Ledge 460,30.24925,-80.9818,Ledge
3770,Ledgemang,27.10572,-82.65513,Ledge
3771,Ledges And Rocks,26.18182,-82.19518,Ledge
3772,Ledges UP TO,28.02958,-83.04728,Ledge
3773,Lee Harris Reef Center,27.20549,-80.1033,Reef
3774,Lee S Ledge,28.24017,-83.34383,Ledge
3775,Lee Woodham Memorial Site,29.7646,-85.61123,Structure
3776,Lee Collier,26.2905,-81.9175,Structure
3777,Lees Ledge,29.73833,-87.315,Ledge
3778,Legacy Coral Reef,26.75535,-80.0261,Reef
3779,Lennon / Hyde Reef,33.95862,-77.5575,Reef
3780,Leons Barge,25.77803,-80.07286,Reef
3781,Leonard Lindsey Memorial,29.91242,-85.5384,Reef
3782,Levee Reef,29.44067,-94.89383,Reef
3783,Lexington Ledge,41.03109,-73.11749,Ledge
3784,Liberty Ship,30.21268,-86.82225,Wreck
3785,Liberty Ship Thomas Hayward,30.3064,-86.60364,Reef
3786,Liberty Ship Allen,30.13035,-87.5305,Wreck
3787,Liberty Ship Allen,30.13262,-87.52557,Wreck
3788,Liberty Ship Anderson,29.98472,-88.07197,Wreck
3789,Liberty Ship Joseph Brown,30.20117,-86.80083,Wreck
3790,Liberty Ship Reef,28.57243,-94.79063,Reef
3791,Liberty Ship Reef,28.09213,-96.06535,Reef
3792,Liberty Ship Reef,27.55155,-96.83792,Reef
3793,Liberty Ship Reef,26.41912,-97.01017,Reef
3794,Liberty Ship Sparkman,29.99635,-87.71693,Reef
3795,Liberty Ship Wallace,30.08595,-87.57695,Wreck
3796,Liberty Ship Wallace,30.08782,-87.57758,Wreck
3797,Liberty Ship USS Grierson,29.98492,-85.70658,Wreck
3798,Liberty Wreck,28.20427,-80.32318,Wreck
3799,Lido Channel Markers,27.30526,-82.56538,Reef
3800,Life Boats,30.1185,-85.70333,Wreck
3801,Lighthouse Hole,26.71127,-82.26516,Hole
3802,Lightship Wreck,40.43317,-73.177,Wreck
3803,Lillian,40.02512,-73.52735,Structure
3804,Lillian,39.96167,-73.325,Structure
3805,Lillian Luckenback,36.9761,-75.41393,Wreck
3806,Limestone Boulder Piles 1,26.05275,-80.0965,Structure
3807,Limestone Ledge,30.30887,-86.43082,Ledge
3808,Linda,40.37667,-73.00833,Structure
3809,Linda Wreck,40.374,-73.0025,Wreck
3810,Lindberg Circle Reef 1 D,30.15153,-86.29455,Reef
3811,Lindberg Circle Reef 1 D,30.16523,-86.2776,Reef
3812,Lindenkohl Canyon,38.83067,-72.97967,Canyon
3813,Lipscomb/50 50 Tug,30.10282,-87.39137,Structure
3814,Liquid Storage Tanks,30.35422,-86.41552,Structure
3815,Liscomb Tug,30.08133,-87.803,Structure
3816,Little 10 Rocks,34.37722,-76.58178,Rock
3817,Little Big Rock,34.40065,-76.89287,Rock
3818,Little Bird Key Oyster Reef,27.68557,-82.71703,Reef
3819,Little Canyon,35.45757,-74.8335,Canyon
3820,Little Choptank Ledge,38.5248,-76.30276,Structure
3821,Little Conch Reef,24.9425,-80.47383,Reef
3822,Little Conch Reef,24.61233,-81.92137,Reef
3823,Little Conch Reef,24.93907,-80.47847,Reef
3824,Little Goshen Reef,41.29252,-72.11403,Reef
3825,Little Gull Ledge,41.21442,-72.10511,Ledge
3826,Little Italy,40.02167,-73.68333,Structure
3827,Little Ledge,30.12083,-87.25943,Ledge
3828,Little PIG Rocks,42.4821,-70.85747,Rock
3829,Little Rock,34.40001,-76.59452,Rock
3830,Little Rock,41.30283,-72.17466,Rock
3831,Live Rock GPS,30.17467,-86.88383,Rock
3832,Lizzy D Wreck,40.45545,-73.6582,Wreck
3833,Lobster Hole,30.2531,-86.2316,Hole
3834,Lobster Hole,29.94333,-87.44833,Hole
3835,Lobster Hole,39.26767,-74.19583,Hole
3836,Lobster Rocks,42.425,-70.94535,Rock
3837,Washington Canyon Tip,37.46747,-74.51155,Structure
3838,Logwood Wreck,40.08267,-73.83117,Wreck
3839,Lois Dubois Reef,28.45057,-80.09218,Reef
3840,Lois Dubois Wreck,28.451,-80.099,Wreck
3841,Lois Dubois Wreck,28.4505,-80.1,Wreck
3842,Lone Rock BN,41.5881,-70.40527,Rock
3843,Lone Rock NO N 4 LR,41.56085,-70.9145,Rock
3844,Lonesome Ledge,29.46341,-87.641,Ledge
3845,Lonesome Ledge,29.46355,-87.62761,Ledge
3846,Lonesome Ledge,29.46378,-87.6373,Ledge
3847,Lonesome Ledge,29.46389,-87.63375,Ledge
3848,Long Branch Rock Piles,40.30995,-73.94327,Rock
3849,Long Hump,35.03106,-75.13279,Hump
3850,Long Island Deep Ledge,27.17557,-79.62562,Ledge
3851,Long Island Hump,27.10959,-79.72451,Hump
3852,Long Key Reef,24.72755,-80.83111,Reef
3853,Long Key Reef,24.44633,-81.7645,Reef
3854,Long Key Reef,24.71002,-80.8188,Reef
3855,Long Key Reef,24.70492,-80.82073,Reef
3856,Long Key Reef,24.71863,-80.82237,Reef
3857,Long Key Reef,24.70838,-80.82317,Reef
3858,Long Key Reef,24.73175,-80.82778,Reef
3859,Long Key Reef,24.7365,-80.82642,Reef
3860,Long Key Viaduct,24.75683,-80.8185,Structure
3861,Long Ledge,33.8502,-76.92718,Ledge
3862,Long Ledge,33.94433,-77.35367,Ledge
3863,Long Ledge,44.17703,-68.54607,Ledge
3864,Long Ledge,29.91448,-80.58963,Ledge
3865,Long Reef,25.42348,-80.12669,Reef
3866,Longbranch Ledge,40.29478,-73.91485,Ledge
3867,Lookout Ledge,34.43362,-76.3999,Ledge
3868,Looks Like Wreck Good Spot,30.20108,-80.25027,Wreck
3869,Loran Tower,27.05037,-80.03253,Tower
3870,Loran Tower Hole,27.03133,-80.08303,Hole
3871,Loran Tower Ledge,27.03243,-80.04387,Ledge
3872,Loran Tower Ledge,27.0554,-80.02068,Ledge
3873,Loran Tower Reef,27.06467,-80.03467,Reef
3874,Loran Tower Reef,27.06392,-80.0313,Reef
3875,Loran Tower Reef,27.04198,-80.05063,Reef
3876,Loss Pontoon,30.01484,-85.69128,Structure
3877,Loss Pontoon,30.08894,-85.732,Structure
3878,Loss Pontoon Site Hath,30.08389,-85.72162,Structure
3879,Loss Pontoon Site,30.0828,-85.73527,Structure
3880,Lost Beazly Reef,29.47883,-94.81667,Reef
3881,Lost GUN Ledge,27.76903,-82.95825,Ledge
3882,Lost Reef,29.61167,-94.87367,Reef
3883,Lost Reef,25.16933,-80.259,Reef
3884,Lost Rock,34.04293,-77.30825,Rock
3885,Lost Rock,34.33334,-77.10102,Rock
3886,Lost Rock,34.4591,-77.1315,Rock
3887,Lost Rock,34.5313,-77.09927,Rock
3888,Lost Tug,30.20122,-86.9663,Structure
3889,Lotus,25.84912,-80.07773,Structure
3890,Lotus Wreck,25.82933,-80.063,Wreck
3891,LOW Profile Ledge,29.74808,-80.45655,Ledge
3892,LOW Rock,28.32668,-83.11533,Rock
3893,LOW Rock,28.3168,-83.0336,Rock
3894,LOW Rock,28.30702,-82.99708,Rock
3895,LOW Rocks,25.34629,-79.17758,Rock
3896,Lower Gateway Ledge,43.98635,-69.11225,Ledge
3897,Ltshipwrec,37.92571,-74.9263,Wreck
3898,Lucille Kirkenir Reef,39.47333,-74.16898,Reef
3899,Lumbo Ledges,43.67923,-69.9321,Ledge
3900,Lump,39.85968,-73.80645,Structure
3901,LUS Ledge,33.78033,-77.51283,Ledge
3902,LW Hump,26.74728,-79.99056,Hump
3903,Lynn S Reef,26.5111,-80.02165,Reef
3904,M Reef,30.44867,-81.22383,Reef
3905,M Reef,30.46333,-80.5875,Reef
3906,M Reef,30.43117,-81.2225,Reef
3907,M Reef,30.49167,-81.38383,Reef
3908,M Reef,30.46217,-81.23433,Reef
3909,M Reef,30.4415,-81.22067,Reef
3910,M 11 Reef Balls,26.98402,-82.71408,Reef
3911,M 13 Site,26.91832,-82.4647,Structure
3912,M 13 Site,26.91683,-82.46601,Structure
3913,M 4 Site,27.25248,-82.7197,Structure
3914,M 60 Tanks,30.36825,-86.58318,Structure
3915,M 60 Tanks,30.35837,-86.49347,Structure
3916,M 60 Tanks,30.3617,-86.58992,Structure
3917,M 8 Fallen Heroes,27.2099,-82.8031,Structure
3918,M A Y Reef,26.37885,-81.92305,Reef
3919,M/V Angelina B,30.12303,-86.61143,Structure
3920,M/V Castor,26.47895,-80.0372,Structure
3921,M/V Catharina,25.91575,-80.07543,Reef
3922,M/V Courageous,30.11148,-86.55502,Structure
3923,M/V Deborah,30.12519,-86.58986,Structure
3924,M/V Fantasea,30.2398,-86.5049,Structure
3925,M/V Janet Fish Haven,30.26399,-86.38508,Structure
3926,M/V Miss Joann,30.12688,-86.39152,Structure
3927,M/V Miss Nellie,30.13183,-86.29183,Structure
3928,M/V Monarch Countess,30.10582,-86.75837,Reef
3929,M/V Nekton Pilot,30.07403,-86.3081,Structure
3930,M/V Nekton Rorqual,30.07182,-86.33065,Structure
3931,M/V Shark,25.90793,-80.07645,Reef
3932,M/V Skippin SUE,30.2442,-86.50392,Structure
3933,M/V Spirit Of Norfolk,30.13235,-86.66147,Structure
3934,M/V Zion Train,26.96303,-80.00733,Structure
3935,M 17 Wreck,27.02877,-82.55968,Wreck
3936,M 2 Tom Wallin,27.31315,-82.71582,Structure
3937,M 2 Tom Wallin,27.31393,-82.71535,Structure
3938,M 9 Wreck (,27.08765,-82.68379,Wreck
3939,MAC S Reef,29.9821,-85.83912,Reef
3940,Mackerel Ledge,43.86802,-68.86155,Ledge
3941,Madeira Ledge,27.78172,-83.00396,Ledge
3942,Madeira Reef,27.799,-82.91382,Reef
3943,Madeira Reef,27.77591,-82.91451,Reef
3944,Madeira Reef,27.77167,-82.915,Reef
3945,Madison Ledge,29.18176,-85.68818,Ledge
3946,Madison Reef,41.25506,-72.61441,Reef
3947,Madison Swanson NE,29.19633,-85.68333,Structure
3948,Madison Swanson NW,29.28333,-85.63333,Structure
3949,Madison Swanson SE,29.28333,-85.83333,Structure
3950,Madison Swanson SW,29.1,-85.63333,Structure
3951,Maffit Ledge,42.35658,-70.89585,Ledge
3952,Magnus Wreck,39.7,-74.10717,Wreck
3953,Mahoney Ledge,44.21002,-68.52068,Ledge
3954,Main 14 And 15 Large Ledge,30.29717,-81.07583,Reef
3955,Main 14 And 15 Mushroom Reef,30.28633,-81.08067,Reef
3956,Main Ledge,29.1259,-80.39915,Ledge
3957,Main Ledge 2,30.29545,-81.08182,Ledge
3958,Main Pass 312 Reef Site,29.17997,-88.76442,Reef
3959,Makay Reef,30.04308,-87.05402,Reef
3960,Mako,26.18175,-80.04566,Structure
3961,Mako Area,39.52083,-73.8875,Reef
3962,Mako Hotel,40.00757,-73.1185,Structure
3963,Mako Mania 174 Tanker,40.10698,-73.69101,Structure
3964,Mako Mania Reef,40.00651,-73.99991,Reef
3965,Mako Mania Reef,40.00696,-73.99636,Reef
3966,Mako Mania Reef,40.00675,-73.99135,Reef
3967,Mako Mania Reef,40.00342,-73.99645,Reef
3968,Mako Mania Reef VI,40.00028,-73.99679,Reef
3969,Manacamp Wrecks,28.8475,-80.4305,Wreck
3970,Manasquan Wreck,40.1089,-74.02262,Wreck
3971,Manasquan Wreck,40.10217,-74.0185,Wreck
3972,Mango Hole,29.3045,-80.38867,Hole
3973,Mango Hole,29.30383,-80.38388,Hole
3974,Mango Hole N W,29.31917,-80.40188,Hole
3975,Mangos Ledge,29.73035,-80.462,Ledge
3976,Manholes,30.0553,-88.61367,Hole
3977,Manholes 0,30.05205,-88.60578,Hole
3978,Manuela Wreck,34.67692,-75.78558,Wreck
3979,MAR A Lago Reefs,26.67897,-80.0294,Reef
3980,Mara,30.09108,-87.1975,Reef
3981,Marathon East Humps,24.43862,-80.76012,Reef
3982,Marathon Hump,24.43635,-81.16796,Reef
3983,Marathon Hump,24.4255,-80.7535,Reef
3984,Marathon Hump West Hump,24.64788,-81.07742,Reef
3985,Marathon Hump Area,24.36667,-80.96667,Reef
3986,Marathon Reef,29.44825,-87.6165,Reef
3987,Marathon Reef Site,24.65083,-80.96312,Reef
3988,Marblehead Rock,42.50342,-70.82515,Reef
3989,Marco Island Bldrs Reef,25.76172,-81.95352,Reef
3990,Marco Island 2 Mile,25.93035,-81.78275,Reef
3991,Marco Island 2 Mile,25.92415,-81.77021,Reef
3992,Marco Island 2 Mile Reef,25.92325,-81.76273,Reef
3993,Marco Island 5 Mile Reef,25.86293,-81.7978,Reef
3994,Margaret Delanoy Reef,40.01249,-73.99664,Reef
3995,Margaret S Reef,30.44567,-81.22067,Reef
3996,Margot Fish Shoal Patch Reef Complex,25.44009,-80.1703,Reef
3997,Margret Wreck,40.56,-73.77033,Reef
3998,Margret Wreck,40.55703,-73.77197,Reef
3999,Marine Electric Wreck,37.8816,-74.77597,Reef
4000,Mariner,26.2345,-80.0645,Reef
4001,Mariner,26.22255,-80.05315,Reef
4002,Mariner Outboard 1 Reef,26.23128,-80.06138,Reef
4003,Maritimer,30.01521,-86.71329,Reef
4004,Mark Phillips Memorial Reef,30.1112,-85.8364,Reef
4005,Marker 32 Reef,24.47331,-81.74425,Reef
4006,Marker 58 Reef,29.51667,-94.88333,Reef
4007,Marker 79 Reef,29.62383,-94.96217,Reef
4008,Marlow S Hump,30.26933,-81.12,Reef
4009,Marquardts Barge,29.89208,-85.54008,Reef
4010,Marquesas Reef Line,24.48,-82.1325,Reef
4011,Marsh Cove Ledge NOL,44.06698,-68.67443,Reef
4012,Marshall Ledge,43.91555,-69.26363,Reef
4013,Martin Ledge,42.34625,-70.85513,Reef
4014,Martin Ledge,42.34882,-70.85047,Reef
4015,Martin Memorial,29.89067,-85.5447,Reef
4016,Martin Reef,27.21043,-80.10888,Reef
4017,Martins Hump,29.98434,-81.10885,Reef
4018,Marty Jaron Memorial Reef,29.91617,-85.5455,Reef
4019,Mary And Frank Visconti Memorial Reef,29.92433,-85.60055,Reef
4020,Mary ANN Rocks,41.91898,-70.5048,Reef
4021,Mary ANN Rocks,41.92053,-70.51003,Reef
4022,Marys Reef,26.77058,-82.30716,Reef
4023,Mason Reef,41.32381,-71.95807,Reef
4024,Masonboro Rock,34.04133,-77.36333,Rock
4025,Masonboro Wreck,34.13631,-77.72894,Wreck
4026,Masseys Canyon,38.375,-74.39167,Canyon
4027,Masthead Ledge,28.06218,-83.01038,Ledge
4028,Matagorda Island 657,28.02533,-96.6095,Reef
4029,Matagorda Island Liberty Ship Reef,28.1166,-96.08668,Reef
4030,Matagorda Island 712 Reef,27.83272,-96.50535,Reef
4031,Matagorda Island A 7 Reef,27.8555,-96.18995,Reef
4032,Matincock Rocks,40.9097,-73.63363,Rock
4033,Matinecock Reef,40.90965,-73.62902,Reef
4034,Matinicus Rock 12 MR,43.7519,-68.8464,Rock
4035,Matinicus Rock Light,43.78853,-68.86552,Rock
4036,Mattapoisett Ledge,41.626,-70.77937,Ledge
4037,Matthews Barge,30.02467,-88.76423,Reef
4038,Matts Rock,43.0549,-70.6387,Rock
4039,Maxine D Concrete Pile,29.3235,-80.7465,Structure
4040,May 1 Reef,26.38313,-81.92775,Reef
4041,May 5 Reef,26.3782,-81.91812,Reef
4042,May Reef,26.37711,-81.90788,Reef
4043,May Reef,26.37543,-81.92317,Reef
4044,May Reef,26.37298,-81.91853,Reef
4045,Mayor Whibbs Reef,30.07728,-87.19438,Reef
4046,MB,29.93847,-85.49795,Structure
4047,MB,29.91813,-85.66083,Structure
4048,MB,29.91808,-85.60525,Structure
4049,MB,29.91777,-85.5689,Structure
4050,MB,29.90443,-85.45048,Structure
4051,MB,29.90613,-85.45732,Structure
4052,MB,29.91098,-85.4555,Structure
4053,MB,29.90607,-85.46843,Structure
4054,MB,29.9129,-85.4621,Structure
4055,MB,29.91792,-85.46052,Structure
4056,MB,29.91492,-85.4692,Structure
4057,MB,29.91967,-85.46733,Structure
4058,MB,29.91627,-85.47593,Structure
4059,MB,29.92318,-85.46975,Structure
4060,MB,29.92813,-85.46793,Structure
4061,MB,29.92467,-85.47662,Structure
4062,MB,29.92997,-85.47487,Structure
4063,MB,29.93492,-85.47302,Structure
4064,MB,29.93158,-85.48162,Structure
4065,MB,29.92817,-85.49038,Structure
4066,MB,29.93163,-85.49287,Structure
4067,MB,29.94015,-85.4824,Structure
4068,MB,29.9351,-85.49538,Structure
4069,MB,29.94288,-85.48707,Structure
4070,MB,29.91536,-85.60563,Structure
4071,MB,29.76053,-85.61608,Structure
4072,MB,29.94013,-85.49416,Structure
4073,MB,29.77561,-85.6071,Structure
4074,MB,29.76093,-85.61188,Structure
4075,MB,29.73791,-85.70696,Structure
4076,MB,29.73029,-85.68243,Structure
4077,MB Rocks,34.14291,-77.79849,Rock
4078,MB 126 Set 4,29.90416,-85.54483,Structure
4079,MB 127 Set,29.90914,-85.54396,Structure
4080,MB 130 Set,29.78645,-85.69597,Structure
4081,MB,29.73539,-85.4837,Structure
4082,MB,29.72861,-85.4899,Structure
4083,MB,29.72096,-85.48336,Structure
4084,MB,29.76122,-85.59885,Structure
4085,MB,29.77516,-85.70293,Structure
4086,MB,29.91846,-85.59723,Structure
4087,MB,29.91871,-85.6667,Structure
4088,MB 178 Kerns Memorial,29.9244,-85.54465,Structure
4089,MB 224 Military And Veterans,29.91218,-85.58738,Reef
4090,MB,29.91842,-85.63425,Structure
4091,MB 249 W Reiners III Memorial,29.72347,-85.48132,Structure
4092,MB 250 JAY Frost Memorial,29.92433,-85.60668,Structure
4093,MB,29.92339,-85.67001,Structure
4094,MB,29.92306,-85.66233,Structure
4095,MB,29.92306,-85.65456,Structure
4096,MB,29.92308,-85.64645,Structure
4097,MB,29.92433,-85.62778,Structure
4098,MB 258 CCA,29.9125,-85.62722,Structure
4099,MB 263 B,29.92155,-85.5464,Structure
4100,MB,29.92165,-85.55022,Structure
4101,MB,29.90125,-85.54157,Structure
4102,MB,29.76959,-85.8532,Structure
4103,MB,29.75548,-85.8954,Structure
4104,MB 88 B,29.79138,-85.86648,Structure
4105,MB,29.74868,-85.71058,Structure
4106,MB,29.72088,-85.4886,Structure
4107,MB,29.72914,-85.68773,Structure
4108,Mbara,29.94043,-85.49733,Reef
4109,Mbara Laars,29.78309,-85.85315,Reef
4110,Mbara Laars,29.7828,-85.87313,Reef
4111,Mbara Laars,29.75553,-85.85346,Reef
4112,Mbara Laars,29.74058,-85.896,Reef
4113,MBT Reef,30.10087,-87.15904,Reef
4114,MC Comick Barge,30.07409,-85.706,Reef
4115,MC KAY Reef,30.06667,-87.06667,Reef
4116,Mcallister Tug Concrete Pile,29.19348,-80.747,Structure
4117,Mccormick Reef Outer Place,29.835,-80.96483,Reef
4118,Mckays Hole,29.91667,-87.19833,Hole
4119,Mckays Hole,30.2,-87.15733,Hole
4120,Mcmillian Barge,29.97943,-88.045,Reef
4121,MD,27.16151,-82.88436,Structure
4122,MD,27.15726,-82.88678,Structure
4123,Meares Harris Reef,34.17445,-77.74667,Reef
4124,Meares Harris Reef,34.17445,-77.75112,Reef
4125,Meat Wagon Hump,28.59789,-89.84504,Hump
4126,Mega Ledge,25.7611,-79.8579,Ledge
4127,Mega Ledge,25.7736,-79.854,Ledge
4128,Mega Ledge,41.23007,-72.06039,Ledge
4129,Memorial Reef,28.39348,-80.29658,Reef
4130,Memorial Rocks,36.01059,-75.11871,Rock
4131,Memory Rock,26.95041,-79.1035,Rock
4132,Memory Rock,26.92879,-79.08704,Rock
4133,Memory Rock,26.9468,-79.11347,Rock
4134,Mercedes,26.15667,-80.07505,Structure
4135,Mercy Hospital Reef,25.738,-80.074,Reef
4136,Mertz Ledge,27.91603,-83.10782,Ledge
4137,Metinic Island Ledge BRC,43.89397,-69.16788,Ledge
4138,MF Site,30.27466,-81.00816,Structure
4139,MG Reef,30.31617,-81.14633,Reef
4140,MG Site Japan FRP Tube Reef,30.30713,-81.1314,Reef
4141,MG 111 Barge,26.97798,-80.02527,Reef
4142,Miami Rita Wreck,25.60417,-79.29722,Wreck
4143,Michael Capizola Reef,39.24796,-74.36487,Reef
4144,Michael Depalma Reef,38.95814,-74.6955,Reef
4145,Michael Sendecki Reef,40.01299,-74.00665,Reef
4146,Mickler Memorial Reef,29.589,-84.42798,Reef
4147,Middle Ground North Ledge,30.32983,-81.12133,Ledge
4148,Middle Grounds Wreck,28.509,-84.10795,Wreck
4149,Middle Grounds Wreck,28.601,-84.13322,Wreck
4150,Middle Harbor Hole,26.82903,-82.10737,Reef
4151,Middle Hole,25.53333,-79.8375,Hole
4152,Middle Outer Hump NW,25.64257,-79.74632,Hump
4153,Middle Outer Hump SE,25.63523,-79.73088,Hump
4154,Middle Shoal Rock,41.19305,-72.14026,Rock
4155,Middlehole,26.82558,-82.1073,Hole
4156,Midway Site 331 Bridge,30.04228,-85.72436,Structure
4157,Midway Site,30.0396,-85.72248,Structure
4158,Midway Site Tires,30.03803,-85.72345,Structure
4159,Midway Site Tires,30.04478,-85.71986,Structure
4160,Mike Johnston Memorial Reef,29.48182,-84.92938,Reef
4161,Mike's Wreck,25.14455,-80.25655,Wreck
4162,Mikes Reef,26.87215,-80.0138,Reef
4163,Mikes Snapper Hole,30.16557,-88.26115,Hole
4164,Mikes Wreck,25.1443,-80.2577,Wreck
4165,Mikeys Hole,26.43553,-80.05335,Hole
4166,Mikeys Ledge,26.98389,-79.91544,Ledge
4167,Mikeys Snapper Hole,27.45703,-80.14626,Hole
4168,Mile Ledge NO 20 ML,43.68985,-69.75542,Ledge
4169,Mile Wreck,39.72113,-73.00837,Structure
4170,Mile Wreck,39.06833,-73.30133,Structure
4171,Miles Hole,27.80133,-82.86217,Hole
4172,Millers Rock,40.97206,-73.00104,Rock
4173,Mindinao Wreck Concrete Pile,29.19919,-80.74812,Wreck
4174,Mine Sweeper,25.80675,-80.0529,Structure
4175,Mingo Hole Coral GPS,30.1835,-87.1565,Hole
4176,Mingo Ledge,29.99853,-86.54863,Ledge
4177,Miniledge,27.01137,-82.70095,Ledge
4178,Minot Ledge,44.24597,-68.94038,Ledge
4179,Minots Ledge Light,42.27197,-70.76315,Ledge
4180,Miracles Express,25.6699,-80.07263,Structure
4181,Miramar Spur Ledge,29.59984,-86.23068,Reef
4182,Miramar/Frangista NE,30.33002,-86.38048,Reef
4183,Misener Barge,27.55,-82.843,Reef
4184,Misery Ledge,42.54442,-70.81125,Ledge
4185,Mislle Sinkhole,29.42822,-80.33098,Hole
4186,Miss Aline,29.65078,-84.07071,Structure
4187,Miss Diana,36.02183,-75.63629,Structure
4188,Miss Jenny Tugboat,29.96883,-87.21067,Wreck
4189,Miss Jenny Wreck,29.97163,-87.20985,Wreck
4190,Miss Karlline,25.81292,-80.08918,Reef
4191,Miss Louise,30.37168,-86.4215,Structure
4192,Miss Lucy,25.68888,-80.07621,Structure
4193,Miss Tammy,29.81854,-84.37156,Structure
4194,Missing Reef,29.50417,-94.85,Reef
4195,Missing Reef,29.45855,-94.81455,Reef
4196,Mississippi Canyon,28.15233,-89.10217,Canyon
4197,Missle Hole,29.429,-80.33,Hole
4198,Misty Blue Wreck,38.76117,-74.313,Wreck
4199,Mitchells Reef,29.14455,-94.68007,Reef
4200,Mitig Reefs,27.56423,-83.06113,Reef
4201,Mitigation Reefs,27.55952,-82.80605,Reef
4202,Mizpah,26.78625,-80.01607,Structure
4203,MK Wreck,29.9027,-81.15137,Wreck
4204,Mobile Oil Platform,30.0007,-87.51447,Platform
4205,Mobjack Bay Reef,37.2985,-76.32783,Reef
4206,Mobjack Bay Reef,37.30861,-76.33528,Reef
4207,Moby,25.6232,-80.0894,Structure
4208,Modliszewski Reef,40.03067,-74.00331,Reef
4209,Module,27.37679,-82.59383,Structure
4210,Mohawk,40.02348,-73.9046,Structure
4211,Molasses Hole,25.00558,-80.37521,Hole
4212,Molasses Ledge,25.00319,-80.37919,Ledge
4213,Molasses Reef,25.00965,-80.37452,Reef
4214,Molasses Reef NW,25.01767,-80.364,Reef
4215,Molasses Reef SE,25.01667,-80.3755,Reef
4216,Monica Lee Tugboat,30.15522,-86.37046,Wreck
4217,Monomy,26.12533,-80.0725,Structure
4218,Monster Ledge,40.11672,-73.56043,Ledge
4219,Monster Ledge,40.11433,-73.55533,Ledge
4220,Monster Ledge,39.80117,-73.728,Ledge
4221,Monster Ledge,40.10002,-73.56827,Ledge
4222,Monster Ledge,40.13167,-73.575,Ledge
4223,Montgomery Reef North Wreck,30.48233,-81.22,Reef
4224,Montgomery Reef Old Tug,30.43733,-81.22083,Reef
4225,Monty Hole,29.91833,-87.19667,Hole
4226,Moody Concrete Reef,29.98548,-80.85868,Reef
4227,Moody Culverts Barge Tank,30.4465,-81.22,Structure
4228,Moody Reef,29.9855,-80.8545,Reef
4229,Moon Rock,41.24326,-72.8095,Rock
4230,Moores Rock,43.0989,-70.6447,Rock
4231,Moria The Mermaids Fish Condo,30.05009,-87.08133,Structure
4232,Moriches Reef,40.7245,-72.77733,Reef
4233,Morris Rock,40.95098,-73.48157,Rock
4234,Morris Rocks,40.94542,-73.47037,Rock
4235,Moser Ledge,43.80992,-69.42668,Ledge
4236,Mosher Ledge NO N 4 A,41.5632,-70.85465,Ledge
4237,Mosquito Ledge,43.91742,-69.24087,Ledge
4238,Mosquito Ledge,26.61156,-78.91999,Ledge
4239,Mothers DAY Ledge,28.53648,-84.26545,Ledge
4240,Mount Dirfys,33.6164,-77.86187,Structure
4241,Mountain,41.1375,-71.105,Structure
4242,Mouth,38.7558,-72.93702,Structure
4243,Moxon Rocks,25.54303,-79.28421,Rock
4244,MR J C Reef AR,35.06133,-75.42933,Reef
4245,MR Site,30.43683,-81.21631,Structure
4246,MR Site 77 Culverts,30.44388,-81.22823,Structure
4247,MR Site Bills Barge,30.46266,-81.23833,Reef
4248,MR Site Maxies,30.42136,-81.20753,Structure
4249,MR Site Tug,30.44394,-81.21756,Structure
4250,MR J C Reef,35.10195,-75.71612,Reef
4251,Mrmtc 9 178 Tanker,40.06148,-73.98608,Structure
4252,Mrmtc Members Memorial Reef,40.05311,-73.98802,Reef
4253,Mrmtc Reef,40.05283,-73.98031,Reef
4254,Mt Fosters Reef,39.46833,-74.17497,Reef
4255,Mt Misery Eastern Ledge,40.98665,-73.07522,Ledge
4256,Mt Misery Western Ledge,40.98438,-73.08719,Ledge
4257,Mt Deerfield,26.31775,-80.062,Structure
4258,MTK Hole 1,41.04925,-71.78751,Hole
4259,Mud And Exposed Rock,25.99627,-81.7919,Rock
4260,Mud Hole,39.9755,-73.566,Hole
4261,Mud Hole,40.0525,-73.57,Hole
4262,Mud Hole,40.1165,-73.59467,Hole
4263,Mud Hole,26.24613,-82.01062,Hole
4264,Mud Hole,40.06667,-73.47083,Hole
4265,Mud Hole L,40.0755,-73.62833,Hole
4266,Mud Hole West,40.02952,-73.411,Hole
4267,Mud Hole Wreck,40.27503,-73.7925,Wreck
4268,Mud Ledge,42.39657,-70.08758,Ledge
4269,Mudholewes,40.1667,-73.69999,Hole
4270,Muir Express Subway Cars,40.10547,-73.68671,Structure
4271,Mulidhen Wreck,27.41017,-80.00702,Wreck
4272,Mullet Hump,27.61974,-83.02422,Hump
4273,Mullet Key Rock,27.66567,-82.98378,Rock
4274,Mulliphen Reef,27.407,-80.007,Reef
4275,Multiphen Wreck,27.408,-80.016,Wreck
4276,Murpghy II Barge,26.80216,-80.01833,Reef
4277,Murray Ledge,43.0687,-70.6114,Ledge
4278,Murray Rock,43.0719,-70.6083,Rock
4279,Mussel Beds,37.28851,-76.05569,Structure
4280,Mustang Island A 16 Reef GOM Shelf L L C,27.43133,-96.52467,Reef
4281,Mustang Island A 85 Reef,27.71225,-96.18163,Reef
4282,Mustang Island Liberty Ship Reef,27.5679,-96.86003,Reef
4283,Mustang Island 828 Reef,27.4498,-96.76175,Reef
4284,MV Miss Lourdies,26.3198,-80.05333,Structure
4285,Mystery Reef,25.50367,-80.10683,Reef
4286,Mystic Isle,25.68793,-80.06746,Structure
4287,N Padre Island,26.78883,-97.15617,Reef
4288,Nacho Rocks,33.35664,-77.17327,Rock
4289,Naeco Tanker,34.0255,-76.64833,Structure
4290,Naeco Tanker,34.05495,-76.5686,Structure
4291,Naftal Reef,25.70223,-81.91918,Reef
4292,Naftal Reef,25.78318,-81.68642,Reef
4293,Nahant Rock GRC,42.40773,-70.94473,Rock
4294,Nail Ship,29.95955,-88.16153,Wreck
4295,NAN And LOU Fuller Reef,39.46999,-74.16997,Reef
4296,Nandua Pungoteague Reef,37.67028,-75.96694,Reef
4297,Naples Fish Hole,26.14713,-82.05825,Hole
4298,Naples Ledges,26.14525,-82.06,Ledge
4299,Naples Mud Hole,26.26213,-82.01813,Hole
4300,Naples Snapper Hole,26.06518,-82.09207,Hole
4301,Narwal,25.91072,-80.08425,Reef
4302,Nassawadox Reef,37.31717,-76.041,Reef
4303,Nassawadox Reef,37.49283,-76.01583,Reef
4304,Nassawadox Reef,37.49917,-76.02639,Reef
4305,Natural Ledge,30.34968,-81.18267,Ledge
4306,Natural Ledges,30.24223,-80.98635,Ledge
4307,Naui Reef,28.13808,-80.19652,Reef
4308,Navarre Deep Edge Ledge,30.11954,-86.8482,Reef
4309,Navy Barge,30.18565,-87.24525,Reef
4310,Navy Barge,30.18662,-87.2371,Reef
4311,Navy Camel Barge,30.18838,-87.243,Reef
4312,Navy Dive Tender YDT,30.08833,-87.16,Structure
4313,Navy Dive Tender YDT,30.08762,-87.15948,Structure
4314,Navy Tower A,36.22523,-75.2495,Tower
4315,Navy Tower B,36.06493,-74.98279,Tower
4316,Navy Tower G,35.78666,-75.09467,Tower
4317,NE Bigrock,34.2069,-76.07455,Rock
4318,NE Boiler,39.4961,-73.86383,Structure
4319,NE Hole,30.4609,-81.26182,Hole
4320,NE Ledge,30.26058,-80.97665,Ledge
4321,NE Rock,34.34234,-76.37999,Rock
4322,NE Site Steel Tanks,30.39366,-81.17566,Structure
4323,NE Wreck,39.77197,-74.03198,Wreck
4324,Near 17 Hole,30.04333,-87.23667,Reef
4325,Near 17 Hole,30.09433,-87.24433,Reef
4326,Neigeux Hole,33.95904,-76.16078,Hole
4327,Nelson Reef,29.81863,-87.86038,Reef
4328,Neptune Memorial Reef,25.69591,-80.13522,Reef
4329,Neptune Memorial Reef,25.6902,-80.09075,Reef
4330,Netherton Reef,29.68236,-80.96848,Reef
4331,Nevado Hole,34.89821,-75.32928,Hole
4332,Neverfail Ledge,42.56728,-70.73352,Ledge
4333,New Ledge,29.8532,-80.57282,Ledge
4334,New Ledge,29.8981,-80.57215,Ledge
4335,New London Ledge,41.30556,-72.07778,Ledge
4336,New Moon,29.63355,-84.46656,Structure
4337,New Orlean VOR Platform,30.03498,-90.17397,Platform
4338,Newcomb Ledge,42.50852,-70.74488,Ledge
4339,Newy Reef,28.39707,-80.30613,Reef
4340,NF Ledge,27.77223,-83.32362,Ledge
4341,NH Ledge,28.7198,-80.3335,Ledge
4342,NHL Culverts,30.41049,-80.911,Structure
4343,NHL Site Powerful,30.41,-80.89517,Structure
4344,Nice Hump,43.0554,-70.6155,Hump
4345,Nice Ledge,30.37201,-80.40342,Ledge
4346,Nikeswreck,36.94515,-76.03902,Wreck
4347,Nine Mile East Grouper Hole,30.39217,-81.115,Hole
4348,Nine Mile Humps,25.905,-79.95833,Hump
4349,Nine Mile North Reef,29.91298,-81.11697,Reef
4350,Nine Mile Reef,29.91233,-81.12733,Reef
4351,Nine Mile Reef,29.91333,-81.1215,Reef
4352,Nine Mile Reef,29.155,-80.81267,Reef
4353,Nine Mile Reef,29.87217,-81.13283,Reef
4354,Nine Mile Reef,29.92883,-81.12217,Reef
4355,Nine Mile Reef,29.93583,-81.10183,Reef
4356,Nine Mile Reef,29.15733,-80.82608,Reef
4357,Nine Mile Reef,29.89166,-81.13166,Reef
4358,Nine Mile Reef Site,30.3842,-81.16957,Reef
4359,Nine Mile South Ledges Cars And Tires,29.87367,-81.055,Structure
4360,Niveis Hole,34.9528,-75.29788,Hole
4361,Nixon's Ledge,25.68303,-79.31788,Ledge
4362,NJ State Aquarium Reef,39.26545,-74.25604,Reef
4363,NM Reef,30.39533,-81.17117,Reef
4364,NM Reef,30.40717,-81.16217,Reef
4365,NM Site Barge,30.40297,-81.1772,Reef
4366,NM Site Culverts,30.38577,-81.17848,Structure
4367,NM Site Fishing Boat,30.40633,-81.16283,Wreck
4368,NM Site NM Barge,30.38887,-81.17703,Reef
4369,NM Site Tar Barge,30.39222,-81.17105,Reef
4370,NM Site Tug,30.39033,-81.17366,Structure
4371,NM Site Tugboat,30.39456,-81.17166,Wreck
4372,NNE Of 1700 Rocks,34.58063,-76.37405,Rock
4373,NO Name Reef,24.85823,-80.5662,Reef
4374,NO Name Wreck,27.2875,-83.15917,Wreck
4375,Noah Smith Wreck,28.16245,-80.20268,Wreck
4376,Norfolk Canyon,37.03325,-74.59717,Canyon
4377,Norfolk Canyon Tip,37.09276,-74.77637,Canyon
4378,Norfolk Hump,37.10193,-74.74135,Hump
4379,Normans WOE Ledge,42.5781,-70.69042,Ledge
4380,North 9 Mile Reef Site,29.89947,-81.11957,Reef
4381,North BAR Reef,29.54083,-94.86217,Reef
4382,North Bimini Hump,25.77728,-79.30271,Hump
4383,North Bimini Ledge,25.73256,-79.31356,Ledge
4384,North Boca Ledge,26.41676,-80.04945,Ledge
4385,North Breakers Reef,26.71332,-80.02418,Reef
4386,North Canyon,24.63775,-81.09345,Canyon
4387,North County Reef,28.03355,-83.01265,Reef
4388,North County Reef,28.00038,-83.0129,Reef
4389,North County Reef,28.0496,-83.0122,Reef
4390,North County Reef,28.05805,-83.0103,Reef
4391,North County Reef,28.05828,-83.01458,Reef
4392,North County Reef,28.04165,-83.01035,Reef
4393,North County Reef,28.0415,-83.0145,Reef
4394,North Diamond Rocks,35.14581,-75.18852,Rock
4395,North Dry Rocks / Minnow Cave,25.13067,-80.29433,Rock
4396,North Dry Rocks OR Minnow Cave,25.1335,-80.295,Rock
4397,North End Ledge,27.10538,-79.19968,Ledge
4398,North Fork Ledge,41.00022,-72.64217,Ledge
4399,North Heyes Canyon,38.24999,-73.53333,Canyon
4400,North Hole,25.62083,-79.80417,Hole
4401,North Hole,25.7125,-79.7875,Hole
4402,North Hole,24.8793,-80.59142,Hole
4403,North Ledge,26.04973,-79.0482,Ledge
4404,North N Dry Rocks,30.31667,-80.23333,Rock
4405,North Nine Mile,29.91116,-81.11973,Structure
4406,North Nine Mile,29.91198,-81.12076,Structure
4407,North Nine Mile Reef,29.9017,-81.1234,Reef
4408,North North Dry Rocks,25.13778,-80.28889,Rock
4409,North Of Harms Ledge,30.41001,-80.90364,Reef
4410,North Padre Island 967 Reef,26.86733,-97.04965,Reef
4411,North Padre Island A 58 Reef,26.93548,-96.75273,Reef
4412,North Padre Island A 72 Reef,26.87282,-96.77227,Reef
4413,North Pompano Ledge,26.23417,-80.0825,Ledge
4414,North Rock,25.79858,-79.25778,Rock
4415,North Rock,25.80337,-79.27845,Rock
4416,North Rocks,41.21216,-72.6677,Rock
4417,North Turtle Rocks Reef,25.66884,-79.30626,Reef
4418,Northeast Rock,34.33972,-76.37785,Rock
4419,Northeast Wreck,39.7675,-74.02683,Wreck
4420,Northern Neck Reef,37.80167,-76.15806,Reef
4421,Northwest Ledge,44.04705,-69.04628,Ledge
4422,Northwest Ledges,43.0034,-70.6075,Ledge
4423,Northwest Reef,41.23506,-72.77644,Reef
4424,Norton Island Ledges,43.96982,-69.15595,Ledge
4425,Noula Express,26.3213,-80.05746,Structure
4426,Nova A R,26.11996,-80.06441,Structure
4427,Nova A R,26.11708,-80.06866,Structure
4428,Nova Deep Reefballs,26.127,-80.0815,Reef
4429,Nova Reef,26.148,-80.08017,Reef
4430,Nova Reef ROC Artificial Reef,26.15167,-80.08658,Reef
4431,Nova Tire Chip,26.12433,-80.098,Structure
4432,Nova/Swiss Cheese Deep,26.1865,-80.0825,Structure
4433,Nova/Swiss Cheese Shallow,26.1355,-80.0965,Structure
4434,Novak Reef,26.8095,-82.32833,Reef
4435,Noyes Rock,41.32126,-71.9232,Rock
4436,NRDA,30.1005,-85.9704,Structure
4437,NRDA,30.10972,-85.99197,Structure
4438,NRDA,30.10698,-85.99483,Structure
4439,NRDA 1 A,30.08867,-85.90322,Structure
4440,NRDA 11 B,30.0875,-85.90422,Structure
4441,NRDA 12 B,30.08317,-85.9043,Structure
4442,NRDA 13 B,30.085,-85.90155,Structure
4443,NRDA 1 Print,30.35095,-86.61638,Structure
4444,NRDA 1 Print,30.34978,-86.77945,Structure
4445,NRDA 1 Print,30.34978,-86.78305,Structure
4446,NRDA 1 Print,30.34672,-86.77943,Structure
4447,NRDA 1 Print,30.34673,-86.78303,Structure
4448,NRDA 1 Print,30.37395,-86.6463,Structure
4449,NRDA 1 Print,30.35915,-86.64632,Structure
4450,NRDA 1 Print,30.37392,-86.62932,Structure
4451,NRDA 1 Print,30.2531,-86.51732,Structure
4452,NRDA 1 Print,30.23825,-86.51737,Structure
4453,NRDA 1 Print,30.23828,-86.50053,Structure
4454,NRDA 1 Print,30.2532,-86.50057,Structure
4455,NRDA 1 Print,30.35397,-86.44768,Structure
4456,NRDA 1 Print,30.33898,-86.44767,Structure
4457,NRDA 1 Print,30.33898,-86.43067,Structure
4458,NRDA 1 Print,30.35397,-86.43068,Structure
4459,NRDA 2 A,30.0839,-85.90287,Structure
4460,NRDA 5 B,30.10333,-85.94977,Structure
4461,NRDA 7 B,30.1006,-85.96775,Structure
4462,NRDA 8 B,30.09892,-85.92733,Structure
4463,NRDA 9 B,30.0966,-85.92523,Structure
4464,NRDA Phase 3 Cell,30.1895,-87.15145,Structure
4465,NRDA Phase 3 Cell,30.1934,-87.11443,Structure
4466,NRDA Phase 3 Cell,30.1887,-87.1436,Structure
4467,NRDA Phase 3 Cell,30.19005,-87.13528,Structure
4468,NRDA Phase 3 Cell,30.1914,-87.12695,Structure
4469,NRDA Phase 3 Cell,30.19273,-87.1186,Structure
4470,NRDA Phase 3 Cell,30.19448,-87.12068,Structure
4471,NRDA Phase 3 Cell,30.19315,-87.12902,Structure
4472,NRDA Phase 3 Cell,30.1918,-87.13735,Structure
4473,NRDA Phase 3 Cell,30.19045,-87.1457,Structure
4474,NRDA Phase 3 Cell,30.19325,-87.15403,Structure
4475,NRDA Phase 3 Cell,30.19192,-87.16237,Structure
4476,NRDA Phase 3 Cell,30.18532,-87.16443,Structure
4477,NRDA Phase 3 Cell,30.184,-87.17272,Structure
4478,NRDA Phase 3 Cell,30.18263,-87.18112,Structure
4479,NRDA Phase 3 Cell,30.18127,-87.18945,Structure
4480,NRDA Phase 3 Cell,30.1799,-87.19782,Structure
4481,NRDA Phase 3 Cell,30.17857,-87.20617,Structure
4482,NRDA Phase 3 Cell,30.19308,-87.11652,Structure
4483,NRDA Phase 3 Cell,30.19242,-87.12068,Structure
4484,NRDA Phase 3 Cell,30.19348,-87.12693,Structure
4485,NRDA Phase 3 Cell,30.19215,-87.13525,Structure
4486,NRDA Phase 3 Cell,30.19078,-87.14362,Structure
4487,NRDA Phase 3 Cell,30.18735,-87.15192,Structure
4488,NRDA Phase 3 Cell,30.19038,-87.1332,Structure
4489,NRDA Phase 3 Cell,30.18905,-87.14152,Structure
4490,NRDA Phase 3 Cell,30.18768,-87.14987,Structure
4491,NRDA Phase 3 Cell,30.19295,-87.1561,Structure
4492,NRDA Phase 3 Cell,30.18983,-87.16235,Structure
4493,NRDA Phase 3 Cell,30.17827,-87.20818,Structure
4494,NRDA Phase 3 Cell,30.17962,-87.19985,Structure
4495,NRDA Phase 3 Cell,30.18095,-87.19152,Structure
4496,NRDA Phase 3 Cell,30.18298,-87.17902,Structure
4497,NRDA Phase 3 Cell,30.18365,-87.17485,Structure
4498,NRDA Phase 3 Cell,30.185,-87.16652,Structure
4499,NRDA WM LA,30.04167,-86.40707,Structure
4500,NRDA WM LA,30.05842,-86.40703,Structure
4501,NRDA WM LA,30.06672,-86.407,Structure
4502,NRDA WM LA,30.0833,-86.407,Structure
4503,NRDA WM LA,30.04167,-86.34997,Structure
4504,NRDA WM LA,30.05832,-86.35,Structure
4505,NRDA WM LA,30.0667,-86.34997,Structure
4506,NRDA WM LA,30.075,-86.35,Structure
4507,NRDA WM LA,30.08273,-86.3498,Structure
4508,NRDA WM LA,30.04167,-86.37807,Structure
4509,NRDA WM LA,30.05838,-86.37803,Structure
4510,NRDA WM LA,30.06668,-86.37795,Structure
4511,NRDA WM LA,30.07498,-86.37797,Structure
4512,NRDA WM LB,29.97497,-86.51798,Structure
4513,NRDA WM LB,29.95835,-86.51785,Structure
4514,NRDA WM LB,29.94168,-86.51798,Structure
4515,NRDA WM LB,29.89213,-86.51805,Structure
4516,NRDA WM LB,29.87492,-86.51802,Structure
4517,NRDA WM LB,29.97655,-86.45338,Structure
4518,NRDA WM LB,29.94165,-86.45315,Structure
4519,NRDA WM LB,29.92492,-86.45317,Structure
4520,NRDA WM LB,29.90827,-86.45318,Structure
4521,NRDA WM LB,29.89167,-86.45323,Structure
4522,NRDA WM LB,29.87502,-86.45322,Structure
4523,NRDA WM LB,29.8584,-86.45323,Structure
4524,NRDA WM LB,29.84168,-86.45323,Structure
4525,NRDA WM LB,29.97505,-86.38835,Structure
4526,NRDA WM LB,29.95832,-86.38838,Structure
4527,NRDA WM LB,29.94168,-86.38837,Structure
4528,NRDA WM LB,29.92502,-86.3884,Structure
4529,NRDA WM LB,29.90832,-86.38827,Structure
4530,NRDA WM LB,29.89168,-86.3883,Structure
4531,NRDA WM LB,29.875,-86.3883,Structure
4532,NRDA WM LB,29.85837,-86.38835,Structure
4533,NRDA WM LB,29.84165,-86.38827,Structure
4534,NRDA WM LB,29.82498,-86.38838,Structure
4535,NRDA WM LB,29.8167,-86.38833,Structure
4536,NRDA WM LB,29.97487,-86.48588,Structure
4537,NRDA WM LB,29.96665,-86.48598,Structure
4538,NRDA WM LB,29.9582,-86.48592,Structure
4539,NRDA WM LB,29.94982,-86.4859,Structure
4540,NRDA WM LB,29.9415,-86.48602,Structure
4541,NRDA WM LB,29.9333,-86.48607,Structure
4542,NRDA WM LB,29.92482,-86.48605,Structure
4543,NRDA WM LB,29.91665,-86.4861,Structure
4544,NRDA WM LB,29.90823,-86.486,Structure
4545,NRDA WM LB,29.89997,-86.48602,Structure
4546,NRDA WM LB,29.89168,-86.48603,Structure
4547,NRDA WM LB,29.88325,-86.48605,Structure
4548,NRDA WM LB,29.87485,-86.48607,Structure
4549,NRDA WM LB,29.86667,-86.48608,Structure
4550,NRDA WM LB,29.85825,-86.4861,Structure
4551,NRDA WM LB,29.82502,-86.48612,Structure
4552,NRDA WM LB,29.8168,-86.48615,Structure
4553,NRDA WM LB,29.96662,-86.41993,Structure
4554,NRDA WM LB,29.95828,-86.42003,Structure
4555,NRDA WM LB,29.9416,-86.42007,Structure
4556,NRDA WM LB,29.93333,-86.41998,Structure
4557,NRDA WM LB,29.91663,-86.42007,Structure
4558,NRDA WM LB,29.90828,-86.42,Structure
4559,NRDA WM LB,29.89165,-86.42003,Structure
4560,NRDA WM LB,29.88337,-86.42003,Structure
4561,NRDA WM LB,29.86665,-86.42005,Structure
4562,NRDA WM LB,29.8583,-86.4201,Structure
4563,NRDA WM LB,29.84168,-86.42003,Structure
4564,NRDA WM LB,29.83335,-86.42,Structure
4565,NRDA WM LC,30.13675,-86.82245,Structure
4566,NRDA WM LC,30.13638,-86.81493,Structure
4567,NRDA WM LC,30.13628,-86.8065,Structure
4568,NRDA WM LC,30.13628,-86.79815,Structure
4569,NRDA WM LC,30.13622,-86.78982,Structure
4570,NRDA WM LC,30.13632,-86.78153,Structure
4571,NRDA WM LC,30.13625,-86.7732,Structure
4572,NRDA WM LC,30.1362,-86.76482,Structure
4573,NRDA WM LC,30.1363,-86.74822,Structure
4574,NRDA WM LC,30.13627,-86.73153,Structure
4575,NRDA WM LC,30.1363,-86.71488,Structure
4576,NRDA WM LC,30.13623,-86.70648,Structure
4577,NRDA WM LC,30.13628,-86.6898,Structure
4578,NRDA WM LC,30.13632,-86.67325,Structure
4579,NRDA WM LC,30.13627,-86.65653,Structure
4580,NRDA WM LC,30.13633,-86.63978,Structure
4581,NRDA WM LC,30.13627,-86.62313,Structure
4582,NRDA WM LC,30.11913,-86.81483,Structure
4583,NRDA WM LC,30.11918,-86.79818,Structure
4584,NRDA WM LC,30.11917,-86.78983,Structure
4585,NRDA WM LC,30.1192,-86.78152,Structure
4586,NRDA WM LC,30.11923,-86.77317,Structure
4587,NRDA WM LC,30.11913,-86.76485,Structure
4588,NRDA WM LC,30.11903,-86.74822,Structure
4589,NRDA WM LC,30.11913,-86.73157,Structure
4590,NRDA WM LC,30.11918,-86.71487,Structure
4591,NRDA WM LC,30.11915,-86.69817,Structure
4592,NRDA WM LC,30.11927,-86.68467,Structure
4593,NRDA WM LC,30.11915,-86.6648,Structure
4594,NRDA WM LC,30.11918,-86.64815,Structure
4595,NRDA WM LC,30.11918,-86.63153,Structure
4596,NRDA WM LC,30.11918,-86.62312,Structure
4597,NRDA WM LC,30.14073,-86.54165,Structure
4598,NRDA WM LC,30.13498,-86.54165,Structure
4599,NRDA WM LC,30.12917,-86.5417,Structure
4600,NRDA WM LC,30.12335,-86.54157,Structure
4601,NRDA WM LC,30.13942,-86.5975,Structure
4602,NRDA WM LC,30.12977,-86.58223,Structure
4603,NRDA WM LC,30.12038,-86.56728,Structure
4604,NRDA WM LC,30.15072,-86.59317,Structure
4605,NRDA WM LC,30.13947,-86.578,Structure
4606,NRDA WM LC,30.12978,-86.56303,Structure
4607,NRDA WM LC,30.1204,-86.54912,Structure
4608,NSS Site Coppedge,30.28934,-80.96478,Structure
4609,NSS Site Coppage Culverts,30.28817,-80.964,Structure
4610,NTH Ledge,34.0305,-77.34567,Ledge
4611,NTH Rock,34.03438,-77.3469,Rock
4612,NTH Rock,34.43692,-76.62403,Rock
4613,NW Bigrock,34.2069,-76.18653,Rock
4614,NW Ledge CH,30.31173,-81.08625,Ledge
4615,NW May Reef,26.3795,-81.92855,Reef
4616,NW Rocks,34.58103,-76.9467,Rock
4617,Nwreef,34.438,-76.62467,Reef
4618,NYE Ledge NO 9 A,41.619,-70.773,Ledge
4619,O Tower,29.53667,-84.6178,Tower
4620,O Tower Barge AKA Carrabelle Reef Barge,29.53315,-84.62,Structure
4621,O L Bodenhamer,25.8979,-80.0718,Structure
4622,Okeefe Reef,29.73405,-85.69427,Reef
4623,O'cilley Ledge,43.88592,-69.24135,Ledge
4624,OAK Rock,42.64263,-70.57972,Rock
4625,Oar 2 K Reef,29.91167,-84.21867,Reef
4626,Oar Carrabelle,29.7545,-84.57234,Structure
4627,Oar 2 K Reef,29.89342,-84.12782,Reef
4628,Oar/Wakulla DZ 1,29.72681,-84.30051,Reef
4629,Oar/Wakulla DZ 2,29.72798,-84.30518,Reef
4630,Oar/Wakulla DZ 2,29.72864,-84.30833,Reef
4631,Oar/Wakulla DZ 3,29.73209,-84.2857,Reef
4632,Oar/Wakulla DZ 3,29.73405,-84.28888,Reef
4633,Obstruction,35.46073,-75.56627,Structure
4634,Obstruction,30.09521,-86.94163,Structure
4635,Obstruction,30.34251,-86.71101,Structure
4636,Obstruction,30.10958,-85.6839,Structure
4637,Obstruction,30.13053,-85.72456,Structure
4638,Obstruction,30.11239,-85.70237,Structure
4639,Obstruction,29.00024,-84.56656,Structure
4640,Obstruction,43.26398,-70.42866,Structure
4641,Obstruction,43.31675,-70.43977,Structure
4642,Obstruction,44.26334,-68.82583,Structure
4643,Obstruction,44.22427,-68.81376,Structure
4644,Obstruction,44.23536,-68.80086,Structure
4645,Obstruction,44.0677,-68.90001,Structure
4646,Obstruction,44.18025,-68.42817,Structure
4647,Obstruction,43.94122,-69.03321,Structure
4648,Obstruction,43.74823,-70.16168,Structure
4649,Obstruction,43.70122,-70.15911,Structure
4650,Obstruction,43.70838,-70.19144,Structure
4651,Obstruction,44.26924,-68.7103,Structure
4652,Obstruction,43.93555,-69.14254,Structure
4653,Obstruction,43.96034,-69.03937,Structure
4654,Obstruction,43.65153,-70.22782,Structure
4655,OC Ledge,38.3272,-74.8346,Ledge
4656,OC Ledge,38.3181,-74.8441,Ledge
4657,Occohannock Reef,37.57639,-76.01917,Reef
4658,Occohannock Reef,37.5725,-76.01583,Reef
4659,Ocean City Reef,40.54168,-73.83563,Reef
4660,Ocean City Reef,39.17417,-74.543,Reef
4661,Ocean City Reef,39.17583,-74.54767,Reef
4662,Ocean City Reef,39.16817,-74.55267,Reef
4663,Ocean City Reef,39.16417,-74.56133,Reef
4664,Ocean Venus Lead Wreck,28.388,-80.29417,Wreck
4665,Ocean Wreck 165 Tanker,40.00979,-73.99258,Structure
4666,Ocean Wreck 5 Tanks,40.12085,-73.94702,Structure
4667,Ocean Wreck 85 Tanker,40.12917,-73.93909,Structure
4668,Ocean Wreck Divers,39.55709,-74.09953,Wreck
4669,Oceaneering Reel,30.05087,-85.93723,Structure
4670,Oceaneering Reel 1 B,30.02635,-85.92623,Structure
4671,Ocracoke Rock Pile NE,34.87354,-75.48613,Rock
4672,Ocracoke Rocks North,34.95793,-75.7398,Rock
4673,Ocracoke Rocks South,34.90285,-75.74645,Rock
4674,Offsh Ledge,33.88145,-77.21703,Ledge
4675,Ohio Ledge Bell,41.68625,-71.32617,Ledge
4676,Oil Platform Gulf Of Mexico,28.89308,-89.58939,Platform
4677,Oil Wreck,40.204,-73.76733,Wreck
4678,Oil Wreck,40.2082,-73.75866,Wreck
4679,Oil Wreck,40.20829,-73.76675,Wreck
4680,Oil Wreck C,40.20617,-73.76,Wreck
4681,Oil Wreck L,40.20833,-73.755,Wreck
4682,Okaloosa County Lap Site B,29.97336,-86.52068,Structure
4683,Okaloosa County Lap Site C,30.1395,-86.81775,Structure
4684,Okaloosa County Lap Site C,30.13968,-86.81613,Structure
4685,Okaloosa County Lap Site C,30.13846,-86.81598,Structure
4686,Okaloosa County Lap Site C,30.13411,-86.60495,Structure
4687,Okaloosa County Site,30.15675,-86.76515,Structure
4688,Okaloosa County Site,30.15735,-86.766,Structure
4689,Okaloosa CTY Reef,30.36185,-86.41872,Reef
4690,Okaloosa Millenium Reef,30.14213,-86.81885,Reef
4691,Okaloosa Reef Odyssey,30.14883,-86.6768,Reef
4692,Okinawa Reef,26.23352,-80.07017,Reef
4693,Old Anthony Rock,43.53918,-70.18023,Rock
4694,Old Anthony Rock,43.53535,-70.18573,Rock
4695,Old Bay WAY Bridge Reef,27.72144,-82.97397,Reef
4696,Old Cellar Rock,42.8988,-70.8012,Reef
4697,Old Duke Ledges NO 2 B,44.03088,-68.796,Ledge
4698,Old Elton Grounds Ship Wreck,30.40436,-80.43953,Wreck
4699,Old Field Ledge,40.98664,-73.13224,Ledge
4700,Old Henry Rocks,42.9974,-70.596,Rock
4701,Old Horse Ledge NO 2 A,43.99835,-68.83303,Ledge
4702,Old MAN Ledge NO 20 M,43.83635,-69.31463,Ledge
4703,Old Neck Hole,40.91335,-73.58917,Hole
4704,Old Silas Rock,41.19151,-72.14597,Rock
4705,Old Sound Rocket,28.78467,-80.155,Rock
4706,Old Ugly Wreck,35.56538,-75.31657,Wreck
4707,Oldvesselp,36.97448,-75.38571,Structure
4708,Oleys Humps,39.76617,-73.65793,Hump
4709,One More Time Addition,29.70599,-84.623,Structure
4710,One Twenty Wreck,40.0695,-73.87383,Wreck
4711,Onslow Bay Sport Fishing Club Reef,34.6092,-77.03648,Reef
4712,Oops Barge,30.21888,-87.23022,Reef
4713,Oops Barge,30.22028,-87.23317,Reef
4714,OP Reef,29.8385,-80.955,Reef
4715,OP Reef,29.83883,-80.9595,Reef
4716,Opal Towers,26.3007,-80.06827,Tower
4717,Orange Ledge,24.92924,-79.18438,Ledge
4718,Oregon Wreck Broadcast Wreck,40.56025,-73.58697,Wreck
4719,Orford Reef,41.27427,-72.13378,Reef
4720,Orion,25.691,-80.08633,Structure
4721,Oriskany Memorial Reef,30.04258,-87.00662,Reef
4722,Osborne,26.10748,-80.06493,Structure
4723,Ostwind,25.77978,-80.05683,Structure
4724,OUT Cartwright,40.97617,-71.824,Structure
4725,Outcast Fishing And Hunting,30.28963,-87.23596,Structure
4726,Outer Cartwright,40.98007,-71.82628,Structure
4727,Outer Heron Island Ledge,43.76915,-69.56302,Ledge
4728,Outer Hump Middle,25.63981,-79.74002,Hump
4729,Outer Hump Middle South,25.62028,-79.6971,Hump
4730,Outer Hump NW,25.65924,-79.77897,Hump
4731,Outer Hump SE,25.61329,-79.67063,Hump
4732,Outer Ledge,42.84765,-70.17557,Ledge
4733,Outer Ledge,42.8969,-70.7937,Ledge
4734,Outer Plane,29.83792,-80.95084,Structure
4735,Outer Plane Reef,29.83866,-80.95018,Structure
4736,Outer Plane Reef Boat Molds,29.846,-80.952,Structure
4737,Outer Plane Reef Boat Molds,29.82933,-80.94067,Structure
4738,Outer Plane Reef Boat Molds,29.84583,-80.9485,Structure
4739,Outer Plane Reef Plane,29.8345,-80.96083,Structure
4740,Outer Plane Reef Ship,29.84633,-80.94766,Structure
4741,Outer Tappen Rock,42.8827,-70.8059,Rock
4742,Outer Plane,29.83915,-80.95382,Structure
4743,Outreef 1,27.10168,-83.05175,Reef
4744,Owens Wreck,27.9708,-80.41283,Wreck
4745,Oyster Reef,28.92439,-82.7241,Reef
4746,Oyster Reef,39.02144,-76.28394,Reef
4747,Oyster Reef,38.04114,-75.90506,Reef
4748,Oyster Rocks Long Shoal,35.56345,-75.8306,Rock
4749,Oyster Rocks Raccon Island,35.09037,-76.39123,Rock
4750,Oyster Rocks West Bluff,35.30243,-76.17127,Rock
4751,Ozark,29.91838,-86.5821,Reef
4752,Ozark Hook,29.89001,-86.59189,Reef
4753,P Hole,29.85363,-80.48642,Hole
4754,P 38 Airplane,28.27997,-82.95158,Structure
4755,Pablo Grounds Browns Ledge,30.34133,-81.211,Ledge
4756,Pace,26.51833,-82.28167,Structure
4757,Pace,26.52025,-82.2831,Structure
4758,Pace RUB,26.52081,-82.28233,Structure
4759,Pace RUB,26.52065,-82.2844,Structure
4760,Paces Place 1 Big Rubble,26.51783,-82.2835,Structure
4761,Pacific Reef,25.37067,-80.14005,Reef
4762,Packard Ledge,41.00868,-73.39537,Reef
4763,Paddle Wheeler Wreck,25.36995,-80.13915,Wreck
4764,Palm Island Barge Reef,26.82035,-82.53132,Reef
4765,Palm Island Ferry Limestone,26.81973,-82.53252,Structure
4766,Pamlico Canyon,34.82683,-75.41833,Canyon
4767,PAN Dallas,29.61188,-84.95491,Structure
4768,Panther,40.8452,-72.39032,Structure
4769,Panther Wreck,40.84217,-72.38567,Wreck
4770,Paolos Reef,30.10217,-87.17667,Reef
4771,Papas Reef,26.23503,-80.05638,Reef
4772,Papoose Tanker,34.1445,-76.652,Structure
4773,Paradise Hole,30.2147,-87.16795,Reef
4774,Paradise Hole,30.2153,-87.1625,Reef
4775,Paradise Hole,30.21583,-87.174,Reef
4776,Paradiso Wreck,25.72414,-80.12741,Reef
4777,Paraiso Ship,25.70153,-80.0873,Reef
4778,Parker And Humble Reef,29.5125,-94.96,Reef
4779,Parks Recreation,30.59546,-81.26606,Reef
4780,Parramore Reef,37.53333,-75.43783,Reef
4781,Party Grounds S E Tip,29.16217,-80.53828,Reef
4782,Party Reef,38.96867,-74.67502,Reef
4783,Pascagoula,25.81866,-80.08161,Structure
4784,Pasco,28.29399,-83.01835,Structure
4785,Pasco,28.29401,-83.01718,Structure
4786,Pasco Ledge,28.36314,-82.98663,Ledge
4787,Pasco Reef,28.29175,-83.01973,Reef
4788,Pasco Reef,28.37097,-82.94998,Reef
4789,Pasco Reef 4 Hudson,28.3743,-82.94998,Reef
4790,Pass A Grille Reef,27.66657,-82.99963,Reef
4791,Pass A Grille Reef,27.70457,-82.99848,Reef
4792,Pass A Grille Reef,27.68125,-82.95097,Reef
4793,Passage Ledge,27.56569,-82.78655,Ledge
4794,PAT Donnelly Reef,30.0781,-87.18575,Reef
4795,Patch Reef,24.45326,-81.89582,Reef
4796,Patch Reef,24.45704,-81.89727,Reef
4797,Patch Reef,24.45918,-81.91098,Reef
4798,Patch Reef,24.46654,-81.89737,Reef
4799,Patch Reef,24.46767,-81.87215,Reef
4800,Patch Reef,24.47176,-81.87341,Reef
4801,Patch Reef,24.47267,-82.0856,Reef
4802,Patch Reef,24.47437,-81.89809,Reef
4803,Patch Reef,24.47613,-81.88258,Reef
4804,Patch Reef,24.4778,-81.87222,Reef
4805,Patch Reef,24.47584,-81.87507,Reef
4806,Patch Reef,24.47771,-81.93303,Reef
4807,Patch Reef,24.47775,-82.05461,Reef
4808,Patch Reef,24.47865,-81.88628,Reef
4809,Patch Reef,24.47658,-82.01603,Reef
4810,Patch Reef,24.47973,-81.93975,Reef
4811,Patch Reef,24.48082,-81.93354,Reef
4812,Patch Reef,24.48245,-81.85548,Reef
4813,Patch Reef,24.47265,-81.95523,Reef
4814,Patch Reef,24.48481,-81.76278,Reef
4815,Patch Reef,24.48433,-81.8289,Reef
4816,Patch Reef,24.48546,-81.88157,Reef
4817,Patch Reef,24.4874,-82.01157,Reef
4818,Patch Reef,24.49235,-81.70359,Reef
4819,Patch Reef,24.49557,-81.73214,Reef
4820,Patch Reef,24.49676,-81.69897,Reef
4821,Patch Reef,24.49912,-81.69215,Reef
4822,Patch Reef,24.49861,-81.7304,Reef
4823,Patch Reef,24.50162,-81.66722,Reef
4824,Patch Reef,24.50129,-81.67983,Reef
4825,Patch Reef,24.50516,-81.72092,Reef
4826,Patch Reef,24.51657,-81.61409,Reef
4827,Patch Reef,24.52129,-81.66232,Reef
4828,Patch Reef,24.52157,-81.66566,Reef
4829,Patch Reef,24.52497,-81.62942,Reef
4830,Patch Reef,24.52626,-81.65749,Reef
4831,Patch Reef,24.5268,-81.63753,Reef
4832,Patch Reef,24.52796,-81.64836,Reef
4833,Patch Reef,24.52879,-81.63369,Reef
4834,Patch Reef,24.52852,-81.64476,Reef
4835,Patch Reef,24.52959,-81.61396,Reef
4836,Patch Reef,24.53016,-81.62341,Reef
4837,Patch Reef,24.53121,-81.64803,Reef
4838,Patch Reef,24.5316,-81.6345,Reef
4839,Patch Reef,24.53258,-81.60926,Reef
4840,Patch Reef,24.53409,-81.61827,Reef
4841,Patch Reef,24.5375,-81.59407,Reef
4842,Patch Reef,24.53828,-81.62888,Reef
4843,Patch Reef,24.54064,-81.61658,Reef
4844,Patch Reef,24.54292,-81.60184,Reef
4845,Patch Reef,24.54472,-81.5761,Reef
4846,Patch Reef,24.54563,-81.57913,Reef
4847,Patch Reef,24.54641,-81.59585,Reef
4848,Patch Reef,24.54637,-81.60589,Reef
4849,Patch Reef,24.54743,-81.56665,Reef
4850,Patch Reef,24.54939,-81.52963,Reef
4851,Patch Reef,24.54947,-81.59321,Reef
4852,Patch Reef,24.5494,-81.57686,Reef
4853,Patch Reef,24.55099,-81.58148,Reef
4854,Patch Reef,24.55289,-81.52306,Reef
4855,Patch Reef,24.55357,-81.62083,Reef
4856,Patch Reef,24.55477,-81.61591,Reef
4857,Patch Reef,24.55767,-81.54562,Reef
4858,Patch Reef,24.55849,-81.51333,Reef
4859,Patch Reef,24.56322,-81.49098,Reef
4860,Patch Reef,24.55711,-81.50959,Reef
4861,Patch Reef,24.56573,-81.46903,Reef
4862,Patch Reef,24.56959,-81.38163,Reef
4863,Patch Reef,24.57574,-81.45024,Reef
4864,Patch Reef,24.57756,-81.44775,Reef
4865,Patch Reef,24.57864,-81.43876,Reef
4866,Patch Reef,24.58266,-81.43603,Reef
4867,Patch Reef,24.58619,-81.4123,Reef
4868,Patch Reef,24.5879,-81.4049,Reef
4869,Patch Reef,24.58942,-81.39523,Reef
4870,Patch Reef,24.59086,-81.37887,Reef
4871,Patch Reef,24.59046,-81.40197,Reef
4872,Patch Reef,24.59453,-81.37724,Reef
4873,Patch Reef,24.59658,-81.32177,Reef
4874,Patch Reef,24.59773,-81.38518,Reef
4875,Patch Reef,24.60051,-81.32223,Reef
4876,Patch Reef,24.60221,-81.31936,Reef
4877,Patch Reef,24.61998,-81.27112,Reef
4878,Patch Reef,24.66423,-81.07367,Reef
4879,Patch Reef,24.68849,-81.03747,Reef
4880,Patch Reef,24.69013,-81.03392,Reef
4881,Patch Reef,24.69381,-81.04048,Reef
4882,Patch Reef,24.69877,-80.95556,Reef
4883,Patch Reef,24.70115,-80.96556,Reef
4884,Patch Reef,24.71299,-80.97304,Reef
4885,Patch Reef,24.71768,-80.96051,Reef
4886,Patch Reef,24.72768,-80.92625,Reef
4887,Patch Reef,24.73227,-80.83226,Reef
4888,Patch Reef,24.93953,-80.54902,Reef
4889,Patch Reef,24.94409,-80.50252,Reef
4890,Patch Reef,24.95122,-80.53486,Reef
4891,Patch Reef,24.9534,-80.4935,Reef
4892,Patch Reef,24.95597,-80.49554,Reef
4893,Patch Reef,24.97978,-80.43978,Reef
4894,Patch Reef,24.98339,-80.44204,Reef
4895,Patch Reef,24.98604,-80.44944,Reef
4896,Patch Reef,24.99568,-80.46182,Reef
4897,Patch Reef,24.99901,-80.42266,Reef
4898,Patch Reef,25.00355,-80.42152,Reef
4899,Patch Reef,25.00776,-80.41347,Reef
4900,Patch Reef,25.00989,-80.44629,Reef
4901,Patch Reef,25.01086,-80.41206,Reef
4902,Patch Reef,25.01254,-80.41872,Reef
4903,Patch Reef,25.01466,-80.41125,Reef
4904,Patch Reef,25.01725,-80.43056,Reef
4905,Patch Reef,25.01935,-80.39546,Reef
4906,Patch Reef,25.02228,-80.39478,Reef
4907,Patch Reef,25.02273,-80.40554,Reef
4908,Patch Reef,25.02585,-80.38649,Reef
4909,Patch Reef,25.02746,-80.38297,Reef
4910,Patch Reef,25.02951,-80.3668,Reef
4911,Patch Reef,25.02945,-80.3983,Reef
4912,Patch Reef,25.03085,-80.38295,Reef
4913,Patch Reef,25.03358,-80.39106,Reef
4914,Patch Reef,25.03376,-80.36644,Reef
4915,Patch Reef,25.03665,-80.36077,Reef
4916,Patch Reef,25.03999,-80.41747,Reef
4917,Patch Reef,25.04057,-80.425,Reef
4918,Patch Reef,25.04151,-80.42054,Reef
4919,Patch Reef,25.0425,-80.37214,Reef
4920,Patch Reef,25.04724,-80.36898,Reef
4921,Patch Reef,25.06202,-80.35968,Reef
4922,Patch Reef,25.06721,-80.39479,Reef
4923,Patch Reef,25.07244,-80.37724,Reef
4924,Patch Reef,25.07223,-80.35378,Reef
4925,Patch Reef,25.07577,-80.3798,Reef
4926,Patch Reef,25.07778,-80.38831,Reef
4927,Patch Reef,25.09672,-80.3581,Reef
4928,Patch Reef,25.10418,-80.34469,Reef
4929,Patch Reef,25.10904,-80.33887,Reef
4930,Patch Reef,25.11964,-80.30346,Reef
4931,Patch Reef,25.12118,-80.30816,Reef
4932,Patch Reef,25.1252,-80.30036,Reef
4933,Patch Reef,25.1307,-80.30362,Reef
4934,Patch Reef,25.13863,-80.2999,Reef
4935,Patch Reef,25.14199,-80.28313,Reef
4936,Patch Reef,25.14368,-80.26879,Reef
4937,Patch Reef,25.1478,-80.26987,Reef
4938,Patch Reef,25.18064,-80.28762,Reef
4939,Patch Reef,25.18466,-80.29392,Reef
4940,Patch Reef,25.18717,-80.25106,Reef
4941,Patch Reef,25.18901,-80.24739,Reef
4942,Patch Reef,25.19875,-80.28613,Reef
4943,Patch Reef,25.20774,-80.28342,Reef
4944,Patch Reef,25.20834,-80.27181,Reef
4945,Patch Reef,25.20962,-80.22376,Reef
4946,Patch Reef,25.2109,-80.22999,Reef
4947,Patch Reef,25.21517,-80.27426,Reef
4948,Patch Reef,25.21537,-80.26483,Reef
4949,Patch Reef,25.21606,-80.22463,Reef
4950,Patch Reef,25.2167,-80.26163,Reef
4951,Patch Reef,25.2215,-80.28091,Reef
4952,Patch Reef,25.22558,-80.22031,Reef
4953,Patch Reef,25.22849,-80.27539,Reef
4954,Patch Reef,25.23109,-80.25596,Reef
4955,Patch Reef,25.23153,-80.25079,Reef
4956,Patch Reef,25.23386,-80.24422,Reef
4957,Patch Reef,25.23538,-80.21664,Reef
4958,Patch Reef,25.23593,-80.2548,Reef
4959,Patch Reef,25.23806,-80.27051,Reef
4960,Patch Reef,25.23981,-80.25645,Reef
4961,Patch Reef,25.24551,-80.21146,Reef
4962,Patch Reef,25.24715,-80.20639,Reef
4963,Patch Reef,25.25388,-80.22357,Reef
4964,Patch Reef,25.25544,-80.2154,Reef
4965,Patch Reef,25.25709,-80.22104,Reef
4966,Patch Reef,25.27011,-80.24878,Reef
4967,Patch Reef,25.27219,-80.23087,Reef
4968,Patch Reef,25.27818,-80.20583,Reef
4969,Patch Reef,25.28027,-80.2397,Reef
4970,Patch Reef,25.28235,-80.23557,Reef
4971,Patch Reef,25.28697,-80.20232,Reef
4972,Patch Reef,25.2906,-80.22968,Reef
4973,Patch Reef,25.28991,-80.17161,Reef
4974,Patch Reef,25.29331,-80.20177,Reef
4975,Patch Reef,25.29026,-80.21393,Reef
4976,Patch Reef,25.29731,-80.19722,Reef
4977,Patch Reef,25.29922,-80.23005,Reef
4978,Patch Reef,25.29981,-80.19596,Reef
4979,Patch Reef,25.3002,-80.21896,Reef
4980,Patch Reef,25.30324,-80.22964,Reef
4981,Patch Reef,25.30589,-80.22759,Reef
4982,Patch Reef,25.30895,-80.20019,Reef
4983,Patch Reef,25.31062,-80.19761,Reef
4984,Patch Reef,25.32056,-80.21479,Reef
4985,Patch Reef,25.32989,-80.19994,Reef
4986,Patch Reef,25.33143,-80.17592,Reef
4987,Patch Reef,25.33238,-80.19112,Reef
4988,Patch Reef,25.33421,-80.20429,Reef
4989,Patch Reef,25.33612,-80.19758,Reef
4990,Patch Reef,25.34091,-80.20152,Reef
4991,Patch Reef,25.34288,-80.17263,Reef
4992,Patch Reef,25.34558,-80.18947,Reef
4993,Patch Reef,25.34575,-80.18641,Reef
4994,Patch Reef,25.34756,-80.19982,Reef
4995,Patch Reef,25.34758,-80.19275,Reef
4996,Patch Reef,25.34672,-80.17149,Reef
4997,Patch Reef,25.34967,-80.19776,Reef
4998,Patch Reef,25.35029,-80.1744,Reef
4999,Patch Reef,25.35311,-80.17332,Reef
5000,Patch Reef,25.35516,-80.15702,Reef
5001,Patch Reef,25.35652,-80.18606,Reef
5002,Patch Reef,25.35829,-80.15075,Reef
5003,Patch Reef,25.36047,-80.1624,Reef
5004,Patch Reef,25.36112,-80.18167,Reef
5005,Patch Reef,25.36243,-80.17045,Reef
5006,Patch Reef,25.36441,-80.1566,Reef
5007,Patch Reef,25.36526,-80.17184,Reef
5008,Patch Reef,25.36581,-80.16795,Reef
5009,Patch Reef,25.36758,-80.18578,Reef
5010,Patch Reef,25.36829,-80.15211,Reef
5011,Patch Reef,25.36928,-80.18237,Reef
5012,Patch Reef,25.37018,-80.16015,Reef
5013,Patch Reef,25.37142,-80.18856,Reef
5014,Patch Reef,25.37224,-80.18292,Reef
5015,Patch Reef,25.37608,-80.18345,Reef
5016,Patch Reef,25.37708,-80.17487,Reef
5017,Patch Reef,25.37818,-80.17165,Reef
5018,Patch Reef,25.3786,-80.18631,Reef
5019,Patch Reef,25.37908,-80.16764,Reef
5020,Patch Reef,25.37955,-80.15079,Reef
5021,Patch Reef,25.38138,-80.17816,Reef
5022,Patch Reef,25.38206,-80.16979,Reef
5023,Patch Reef,25.38298,-80.1661,Reef
5024,Patch Reef,25.38601,-80.17024,Reef
5025,Patch Reef,25.39048,-80.14825,Reef
5026,Patch Reef,25.39287,-80.15809,Reef
5027,Patch Reef,25.39352,-80.17384,Reef
5028,Patch Reef,25.39443,-80.16133,Reef
5029,Patch Reef,25.39759,-80.15406,Reef
5030,Patch Reef,25.39916,-80.20042,Reef
5031,Patch Reef,25.39989,-80.15963,Reef
5032,Patch Reef,25.40486,-80.17367,Reef
5033,Patch Reef,25.4052,-80.161,Reef
5034,Patch Reef,25.40816,-80.17038,Reef
5035,Patch Reef,25.40842,-80.15232,Reef
5036,Patch Reef,25.4093,-80.14181,Reef
5037,Patch Reef,25.41087,-80.17091,Reef
5038,Patch Reef,25.41348,-80.14092,Reef
5039,Patch Reef,25.41477,-80.15197,Reef
5040,Patch Reef,25.41572,-80.16685,Reef
5041,Patch Reef,25.41744,-80.13914,Reef
5042,Patch Reef,25.4184,-80.16585,Reef
5043,Patch Reef,25.42028,-80.13667,Reef
5044,Patch Reef,25.42209,-80.16755,Reef
5045,Patch Reef,25.42267,-80.16446,Reef
5046,Patch Reef,25.43068,-80.13167,Reef
5047,Patch Reef,25.43129,-80.13797,Reef
5048,Patch Reef,25.43403,-80.1929,Reef
5049,Patch Reef,25.43796,-80.13754,Reef
5050,Patch Reef,25.44314,-80.13852,Reef
5051,Patch Reef,25.44517,-80.14177,Reef
5052,Patch Reef,25.44666,-80.1617,Reef
5053,Patch Reef,25.44836,-80.14237,Reef
5054,Patch Reef,25.45086,-80.15465,Reef
5055,Patch Reef,25.45154,-80.1515,Reef
5056,Patch Reef,25.45244,-80.14288,Reef
5057,Patch Reef,25.45425,-80.14847,Reef
5058,Patch Reef,25.45542,-80.14161,Reef
5059,Patch Reef,25.45638,-80.15876,Reef
5060,Patch Reef,25.45449,-80.13711,Reef
5061,Patch Reef,25.4573,-80.13343,Reef
5062,Patch Reef,25.45982,-80.15159,Reef
5063,Patch Reef,25.46155,-80.14617,Reef
5064,Patch Reef,25.463,-80.13815,Reef
5065,Patch Reef,25.46476,-80.12991,Reef
5066,Patch Reef,25.46574,-80.13514,Reef
5067,Patch Reef,25.4681,-80.15104,Reef
5068,Patch Reef,25.47094,-80.14917,Reef
5069,Patch Reef,25.47077,-80.14236,Reef
5070,Patch Reef,25.47368,-80.15068,Reef
5071,Patch Reef,25.47422,-80.14766,Reef
5072,Patch Reef,25.48092,-80.14084,Reef
5073,Patch Reef,25.48382,-80.14224,Reef
5074,Patch Reef,25.48614,-80.1512,Reef
5075,Patch Reef,25.48751,-80.13355,Reef
5076,Patch Reef,25.48834,-80.1424,Reef
5077,Patch Reef,25.48943,-80.12787,Reef
5078,Patch Reef,25.49042,-80.13457,Reef
5079,Patch Reef,25.49088,-80.13987,Reef
5080,Patch Reef,25.49379,-80.13472,Reef
5081,Patch Reef,25.4967,-80.1416,Reef
5082,Patch Reef,25.50134,-80.13195,Reef
5083,Patch Reef,25.50424,-80.1302,Reef
5084,Patch Reef,25.50943,-80.14015,Reef
5085,Patch Reef,25.51421,-80.12391,Reef
5086,Patch Reef,25.51629,-80.12143,Reef
5087,Patch Reef,25.5218,-80.11267,Reef
5088,Patch Reef,25.52387,-80.11803,Reef
5089,Patch Reef,25.52526,-80.1341,Reef
5090,Patch Reef,25.52991,-80.14205,Reef
5091,Patch Reef,25.54592,-80.13735,Reef
5092,Patch Reef,25.56193,-80.12581,Reef
5093,Patch Reef,24.88383,-81.70033,Reef
5094,Patch Reef,26.99012,-80.02497,Reef
5095,Patch Reef,24.53528,-81.47092,Reef
5096,Patchreef 0,25.05843,-80.34657,Reef
5097,Patchreeff,24.55839,-81.37843,Reef
5098,Patchwreck,24.55976,-81.62018,Wreck
5099,Paul Jacquin Reef,27.3987,-80.04965,Reef
5100,Paul Mains Reef,30.331,-81.18367,Reef
5101,Paul S Reef,26.64262,-80.0094,Reef
5102,Paulrussel,37.98822,-74.81373,Structure
5103,Pauls Reef,26.65272,-80.02082,Reef
5104,Pavilion Key 6 Mile Reef,25.68833,-81.46667,Reef
5105,Pavilion Key 6 Mile Reef,25.6827,-81.4635,Reef
5106,Pavilion Key Reef,25.69358,-81.4678,Reef
5107,PB Sword Hole,26.1157,-79.8274,Hole
5108,Pbff Reef,26.79435,-80.0024,Reef
5109,PC Barge Towers,30.18588,-87.22448,Reef
5110,Pcmi Barge,30.11658,-85.82623,Reef
5111,Pcmi Barge Site Tires,30.11318,-85.82613,Reef
5112,Pcmi Barge Site Tires,30.12026,-85.82211,Reef
5113,Peanut Island,26.7734,-80.0433,Structure
5114,Peanut Reef,30.13645,-88.10559,Reef
5115,Peanut Reef East,30.13466,-88.10147,Reef
5116,Peck Ledge,41.07509,-73.3738,Ledge
5117,Peck Ledge,41.07507,-73.36357,Ledge
5118,Peck Ledge Light,41.07835,-73.36817,Ledge
5119,Pegasus Tugboat,26.55216,-82.72358,Wreck
5120,Pemaquid Ledge BRC,43.81572,-69.51965,Ledge
5121,Penfield Reef,41.11726,-73.21853,Reef
5122,Penhall II Reef,30.08333,-87.18333,Reef
5123,Penhall Reef,30.092,-87.19167,Reef
5124,Penn Reels Reef,39.61983,-74.02233,Reef
5125,Penn Reels Reef,39.625,-74.03019,Reef
5126,Pennels Reef,26.31967,-80.068,Reef
5127,Pens Fishingforum Reef,30.09537,-87.1474,Reef
5128,Pensacola Bay Fishing Bridge Reef Site,30.11217,-87.204,Reef
5129,Pensacola Bay Fishing Bridge Reef Site,30.112,-87.16117,Reef
5130,Pensbaybr 004,30.29633,-87.223,Structure
5131,Perry Ledge NO 2 A,43.99412,-68.9414,Ledge
5132,PET Wreck,39.32693,-74.2996,Wreck
5133,Pete Brown King Rock,34.365,-77.41267,Rock
5134,Pete Tide II Ship,30.146,-87.23367,Wreck
5135,Pfleuger Reef,25.83488,-80.08567,Reef
5136,Pflueger Reef,25.81062,-80.0659,Reef
5137,Pflueger Reef,25.82023,-80.0935,Reef
5138,Pflueger Reef,25.82535,-80.0722,Reef
5139,Pflueger Reef,25.79012,-80.06385,Reef
5140,Pflueger Reef,25.80552,-80.06837,Reef
5141,Pflueger Reef,25.80785,-80.06095,Reef
5142,Pflueger Reef,25.80638,-80.08785,Reef
5143,Pflueger Reef,25.79912,-80.08485,Reef
5144,Pflueger Reef,25.80303,-80.08345,Reef
5145,Pflueger Reef Site,25.82612,-80.08464,Reef
5146,PG,30.33179,-81.18716,Structure
5147,PG Reef Drop,30.33683,-81.18922,Reef
5148,PG Site Barge,30.33866,-81.1965,Reef
5149,PG Site Culverts,30.33483,-81.19566,Structure
5150,PG Site Mattox Culverts,30.33283,-81.19483,Structure
5151,PG Site Moody Culverts,30.34673,-81.20998,Structure
5152,"Phase 1, Drop",28.78839,-83.05828,Structure
5153,"Phase 4, 2008 Drop",28.79049,-83.05733,Structure
5154,Phil Weintraub Memorial Reef,39.27405,-74.25601,Reef
5155,Philip Cameron JR Reef,38.96318,-74.68972,Reef
5156,Philip Tugboat,30.13283,-87.22217,Wreck
5157,Phillip Wolfe Reef,34.01055,-77.84472,Reef
5158,Phillip Wolfe Reef,34.03033,-77.86883,Reef
5159,Phillips Ledge,43.0574,-70.6747,Ledge
5160,Phinizy Reef,29.90258,-85.474,Reef
5161,Phoenix,26.7597,-82.47405,Structure
5162,PIC Rock,28.79423,-94.27592,Rock
5163,PIC Rock,28.79168,-94.27715,Rock
5164,PIC Rock,28.78872,-94.28268,Rock
5165,PIC Rock,28.78917,-94.27873,Rock
5166,Picket Rock,40.86075,-73.677,Rock
5167,Pickett Ledge,42.55822,-70.76028,Ledge
5168,Pickles Reef,25.94717,-82.875,Reef
5169,Picnic Island Reef,27.83634,-82.56071,Reef
5170,Picnic Island Reef,27.83278,-82.5601,Reef
5171,Piece Reef,39.58211,-74.1346,Reef
5172,PIG Rock,42.28195,-70.94132,Rock
5173,Pigeon Rocks,42.6758,-70.6207,Rock
5174,Pigs Rock,42.28491,-70.93968,Rock
5175,Pilgrim Ledge,42.548,-70.77287,Ledge
5176,Pimelious,25.83597,-80.08206,Structure
5177,Pine Tree Ledge,43.60955,-70.18247,Ledge
5178,Pinellas,27.87901,-83.185,Structure
5179,Pinellas,27.88089,-83.18371,Structure
5180,Pinellas,27.88112,-83.18461,Structure
5181,Pinellas,27.88048,-83.18535,Structure
5182,Pinellas II Reef,27.87982,-83.18597,Reef
5183,Pinellas South Site,27.72427,-82.97367,Structure
5184,Pinellas South Site 5,27.72411,-82.97683,Structure
5185,Pinta Wreck,40.23045,-73.84375,Wreck
5186,Pioneer,25.53198,-80.0839,Structure
5187,Pipe And Pontoon,26.13508,-80.07976,Structure
5188,Pipe Ledge,30.35898,-80.54808,Ledge
5189,Pipe Ledge,30.43017,-80.50043,Ledge
5190,Pipe Reef,30.20708,-87.1916,Reef
5191,Pipe T 33,30.19466,-87.2425,Structure
5192,Pipeline Hump,30.13858,-88.08478,Hump
5193,Piquet Rocks,25.62627,-79.31461,Rock
5194,Pirate Harbor Hole,26.7961,-82.10163,Reef
5195,Pirates Lady Wreck,29.10107,-84.35485,Wreck
5196,Pirates Lady Wreck,29.1055,-84.352,Wreck
5197,Pittman Rock,28.528,-80.35117,Rock
5198,Plane,39.493,-74.012,Structure
5199,Platform,29.2,-87.95833,Platform
5200,Platform,29.52575,-88.28063,Platform
5201,Platform,30.0875,-87.88333,Platform
5202,Platform,41.00072,-72.64543,Platform
5203,Platform,30.0718,-90.297,Platform
5204,Platform,30.06919,-90.32236,Platform
5205,Platform,29.41893,-89.51376,Platform
5206,Platform Margin Reef,24.43808,-81.90037,Reef
5207,Platform Margin Reef,24.44893,-81.92011,Reef
5208,Platform Margin Reef,24.45053,-81.91748,Reef
5209,Platform Margin Reef,24.4514,-81.92427,Reef
5210,Platform Margin Reef,24.45256,-81.92727,Reef
5211,Platform Margin Reef,24.45298,-82.00158,Reef
5212,Platform Margin Reef,24.45598,-81.97772,Reef
5213,Platform Margin Reef,24.45233,-82.03384,Reef
5214,Platform Margin Reef,24.45663,-81.99918,Reef
5215,Platform Margin Reef,24.45822,-81.8733,Reef
5216,Platform Margin Reef,24.45784,-81.88363,Reef
5217,Platform Margin Reef,24.45622,-81.93058,Reef
5218,Platform Margin Reef,24.45817,-82.05183,Reef
5219,Platform Margin Reef,24.46263,-81.85445,Reef
5220,Platform Margin Reef,24.46375,-81.85022,Reef
5221,Platform Margin Reef,24.46457,-81.98324,Reef
5222,Platform Margin Reef,24.44978,-82.10009,Reef
5223,Platform Margin Reef,24.47257,-81.77063,Reef
5224,Platform Margin Reef,24.47378,-81.91362,Reef
5225,Platform Margin Reef,24.47532,-81.78115,Reef
5226,Platform Margin Reef,24.47703,-81.80753,Reef
5227,Platform Margin Reef,24.48045,-81.83256,Reef
5228,Platform Margin Reef,24.4808,-81.78506,Reef
5229,Platform Margin Reef,24.48171,-81.73361,Reef
5230,Platform Margin Reef,24.48395,-81.72985,Reef
5231,Platform Margin Reef,24.47784,-82.0344,Reef
5232,Platform Margin Reef,24.50964,-81.58292,Reef
5233,Platform Margin Reef,24.51361,-81.58055,Reef
5234,Platform Margin Reef,24.51618,-81.58184,Reef
5235,Platform Margin Reef,24.51775,-81.58471,Reef
5236,Platform Margin Reef,24.51851,-81.59718,Reef
5237,Platform Margin Reef,24.52567,-81.55214,Reef
5238,Platform Margin Reef,24.53014,-81.52497,Reef
5239,Platform Margin Reef,24.53259,-81.49198,Reef
5240,Platform Margin Reef,24.53474,-81.48205,Reef
5241,Platform Margin Reef,24.53704,-81.47533,Reef
5242,Platform Margin Reef,24.53877,-81.47144,Reef
5243,Platform Margin Reef,24.54364,-81.47105,Reef
5244,Platform Margin Reef,24.54479,-81.39589,Reef
5245,Platform Margin Reef,24.53973,-81.44165,Reef
5246,Platform Margin Reef,24.54798,-81.44614,Reef
5247,Platform Margin Reef,24.55266,-81.40285,Reef
5248,Platform Margin Reef,24.55346,-81.42429,Reef
5249,Platform Margin Reef,24.55423,-81.43014,Reef
5250,Platform Margin Reef,24.55695,-81.36698,Reef
5251,Platform Margin Reef,24.56472,-81.3456,Reef
5252,Platform Margin Reef,24.56601,-81.33832,Reef
5253,Platform Margin Reef,24.5703,-81.32479,Reef
5254,Platform Margin Reef,24.57296,-81.31563,Reef
5255,Platform Margin Reef,24.57413,-81.31075,Reef
5256,Platform Margin Reef,24.5694,-81.29565,Reef
5257,Platform Margin Reef,24.57714,-81.30162,Reef
5258,Platform Margin Reef,24.57697,-81.27888,Reef
5259,Platform Margin Reef,24.57963,-81.284,Reef
5260,Platform Margin Reef,24.58042,-81.27395,Reef
5261,Platform Margin Reef,24.58282,-81.27908,Reef
5262,Platform Margin Reef,24.5906,-81.25716,Reef
5263,Platform Margin Reef,24.59705,-81.20155,Reef
5264,Platform Margin Reef,24.59922,-81.25631,Reef
5265,Platform Margin Reef,24.60256,-81.24362,Reef
5266,Platform Margin Reef,24.61631,-81.15629,Reef
5267,Platform Margin Reef,24.61871,-81.18681,Reef
5268,Platform Margin Reef,24.62421,-81.13562,Reef
5269,Platform Margin Reef,24.62673,-81.1449,Reef
5270,Platform Margin Reef,24.63214,-81.1316,Reef
5271,Platform Margin Reef,24.63953,-81.08702,Reef
5272,Platform Margin Reef,24.64353,-81.06337,Reef
5273,Platform Margin Reef,24.64754,-81.05474,Reef
5274,Platform Margin Reef,24.65275,-81.03525,Reef
5275,Platform Margin Reef,24.65794,-81.03557,Reef
5276,Platform Margin Reef,24.61987,-81.13543,Reef
5277,Platform Margin Reef,24.66056,-80.99713,Reef
5278,Platform Margin Reef,24.6629,-80.99165,Reef
5279,Platform Margin Reef,24.66601,-80.99021,Reef
5280,Platform Margin Reef,24.66963,-80.9737,Reef
5281,Platform Margin Reef,24.67965,-80.97169,Reef
5282,Platform Margin Reef,24.68252,-80.9427,Reef
5283,Platform Margin Reef,24.68255,-80.97148,Reef
5284,Platform Margin Reef,24.68608,-80.95973,Reef
5285,Platform Margin Reef,24.68816,-80.95184,Reef
5286,Platform Margin Reef,24.69129,-80.94757,Reef
5287,Platform Margin Reef,24.69556,-80.93759,Reef
5288,Platform Margin Reef,24.6937,-80.90846,Reef
5289,Platform Margin Reef,24.70821,-80.89743,Reef
5290,Platform Margin Reef,24.71095,-80.88166,Reef
5291,Platform Margin Reef,24.72107,-80.83656,Reef
5292,Platform Margin Reef,24.73425,-80.8217,Reef
5293,Platform Margin Reef,24.75806,-80.77316,Reef
5294,Platform Margin Reef,24.77377,-80.74319,Reef
5295,Platform Margin Reef,24.77504,-80.73888,Reef
5296,Platform Margin Reef,24.77842,-80.75012,Reef
5297,Platform Margin Reef,24.77951,-80.7542,Reef
5298,Platform Margin Reef,24.78944,-80.7515,Reef
5299,Platform Margin Reef,24.7978,-80.73763,Reef
5300,Platform Margin Reef,24.81324,-80.68892,Reef
5301,Platform Margin Reef,24.81931,-80.68552,Reef
5302,Platform Margin Reef,24.82755,-80.65976,Reef
5303,Platform Margin Reef,24.83529,-80.65381,Reef
5304,Platform Margin Reef,24.83864,-80.64868,Reef
5305,Platform Margin Reef,24.86112,-80.61331,Reef
5306,Platform Margin Reef,24.87212,-80.58661,Reef
5307,Platform Margin Reef,24.87538,-80.59858,Reef
5308,Platform Margin Reef,24.87047,-80.59871,Reef
5309,Platform Margin Reef,24.88568,-80.58567,Reef
5310,Platform Margin Reef,24.88927,-80.58134,Reef
5311,Platform Margin Reef,24.89139,-80.57755,Reef
5312,Platform Margin Reef,24.89449,-80.57302,Reef
5313,Platform Margin Reef,24.89741,-80.56559,Reef
5314,Platform Margin Reef,24.90152,-80.56816,Reef
5315,Platform Margin Reef,24.90429,-80.55384,Reef
5316,Platform Margin Reef,24.90536,-80.53149,Reef
5317,Platform Margin Reef,24.90992,-80.55635,Reef
5318,Platform Margin Reef,24.91572,-80.53389,Reef
5319,Platform Margin Reef,24.91828,-80.53571,Reef
5320,Platform Margin Reef,24.91917,-80.51709,Reef
5321,Platform Margin Reef,24.92025,-80.53924,Reef
5322,Platform Margin Reef,24.92822,-80.49008,Reef
5323,Platform Margin Reef,24.93543,-80.4799,Reef
5324,Platform Margin Reef,24.93728,-80.47308,Reef
5325,Platform Margin Reef,24.94099,-80.49454,Reef
5326,Platform Margin Reef,24.94439,-80.48499,Reef
5327,Platform Margin Reef,24.95256,-80.48815,Reef
5328,Platform Margin Reef,24.9566,-80.47058,Reef
5329,Platform Margin Reef,24.96208,-80.44246,Reef
5330,Platform Margin Reef,24.97581,-80.45213,Reef
5331,Platform Margin Reef,24.97929,-80.46009,Reef
5332,Platform Margin Reef,25.00141,-80.40355,Reef
5333,Platform Margin Reef,25.00962,-80.39412,Reef
5334,Platform Margin Reef,25.04897,-80.35135,Reef
5335,Platform Margin Reef,25.06455,-80.3316,Reef
5336,Platform Margin Reef,25.0798,-80.33112,Reef
5337,Platform Margin Reef,25.08496,-80.32595,Reef
5338,Platform Margin Reef,25.08844,-80.32313,Reef
5339,Platform Margin Reef,25.09247,-80.31384,Reef
5340,Platform Margin Reef,25.09668,-80.32402,Reef
5341,Platform Margin Reef,25.09846,-80.3138,Reef
5342,Platform Margin Reef,25.10143,-80.31192,Reef
5343,Platform Margin Reef,25.10135,-80.32735,Reef
5344,Platform Margin Reef,25.11242,-80.31009,Reef
5345,Platform Margin Reef,25.11718,-80.30713,Reef
5346,Platform Margin Reef,25.1247,-80.28387,Reef
5347,Platform Margin Reef,25.13927,-80.29514,Reef
5348,Platform Margin Reef,25.15503,-80.26,Reef
5349,Platform Margin Reef,25.16294,-80.26077,Reef
5350,Platform Margin Reef,25.17078,-80.25259,Reef
5351,Platform Margin Reef,25.19175,-80.23717,Reef
5352,Platform Margin Reef,25.19477,-80.23864,Reef
5353,Platform Margin Reef,25.20209,-80.23248,Reef
5354,Platform Margin Reef,25.20719,-80.22711,Reef
5355,Platform Margin Reef,25.21306,-80.22666,Reef
5356,Platform Margin Reef,25.21456,-80.21817,Reef
5357,Platform Margin Reef,25.21726,-80.21667,Reef
5358,Platform Margin Reef,25.22037,-80.216,Reef
5359,Platform Margin Reef,25.22656,-80.21142,Reef
5360,Platform Margin Reef,25.23366,-80.22472,Reef
5361,Platform Margin Reef,25.23585,-80.2087,Reef
5362,Platform Margin Reef,25.24252,-80.21214,Reef
5363,Platform Margin Reef,25.24592,-80.21455,Reef
5364,Platform Margin Reef,25.24872,-80.22089,Reef
5365,Platform Margin Reef,25.25869,-80.19823,Reef
5366,Platform Margin Reef,25.26128,-80.19285,Reef
5367,Platform Margin Reef,25.26415,-80.19888,Reef
5368,Platform Margin Reef,25.26525,-80.19418,Reef
5369,Platform Margin Reef,25.26809,-80.19152,Reef
5370,Platform Margin Reef,25.26938,-80.1944,Reef
5371,Platform Margin Reef,25.27191,-80.19869,Reef
5372,Platform Margin Reef,25.27931,-80.1895,Reef
5373,Platform Margin Reef,25.28409,-80.18591,Reef
5374,Platform Margin Reef,25.29648,-80.17366,Reef
5375,Platform Margin Reef,25.30245,-80.17008,Reef
5376,Platform Margin Reef,25.31154,-80.1858,Reef
5377,Platform Margin Reef,25.32574,-80.16133,Reef
5378,Platform Margin Reef,25.33093,-80.16404,Reef
5379,Platform Margin Reef,25.33494,-80.16365,Reef
5380,Platform Margin Reef,25.3386,-80.16677,Reef
5381,Platform Margin Reef,25.3515,-80.15364,Reef
5382,Platform Margin Reef,25.35327,-80.16848,Reef
5383,Platform Margin Reef,25.36436,-80.14752,Reef
5384,Platform Margin Reef,24.95225,-80.45207,Reef
5385,Platform Margin Reef,25.46265,-80.12704,Reef
5386,Platform Margin Reef,25.46637,-80.12542,Reef
5387,Platform Margin Reef,25.46808,-80.12232,Reef
5388,Platform Margin Reef,25.46875,-80.11829,Reef
5389,Platform Margin Reef,25.4832,-80.12225,Reef
5390,Platform Margin Reef,25.50848,-80.10995,Reef
5391,Platform Margin Reef,25.51132,-80.10932,Reef
5392,Platform Margin Reef,25.50479,-80.11571,Reef
5393,Platform Margin Reef,25.5424,-80.09767,Reef
5394,Platform Margin Reef,25.53341,-80.11398,Reef
5395,Platform Margin Reef,25.55125,-80.09707,Reef
5396,Platform Margin Reef,25.55688,-80.09665,Reef
5397,Platform Margin Reef,25.56037,-80.1078,Reef
5398,Platform Margin Reef,25.56411,-80.11507,Reef
5399,Platform Margin Reef,25.56804,-80.11639,Reef
5400,Platform Margin Reef,25.57499,-80.10585,Reef
5401,Platform Margin Reef,25.57341,-80.10165,Reef
5402,Platform Margin Reef,25.57995,-80.1014,Reef
5403,Platform Margin Reef,25.57957,-80.09771,Reef
5404,Platform Margin Reef,25.66838,-80.09498,Reef
5405,Platform Margin Reef,25.67442,-80.09454,Reef
5406,Platform Margin Reef,25.68704,-80.10047,Reef
5407,Platform Margin Reef,25.70175,-80.10162,Reef
5408,Platform Margin Reef,25.70776,-80.09815,Reef
5409,Platform Margin Reef,25.6899,-80.09871,Reef
5410,Platform Margin Reef,25.71192,-80.09828,Reef
5411,Platform Pilings,30.07495,-90.28953,Platform
5412,Plum Hump,41.18255,-72.24045,Hump
5413,Plum Island Rock,41.17501,-72.17838,Rock
5414,Plum Rock,41.17926,-72.1747,Rock
5415,PM Site Banana And Pogey Boats,30.33632,-81.1859,Wreck
5416,PM Site Lindens Car Bodies,30.331,-81.1855,Structure
5417,PM Site North Barge,30.33749,-81.18583,Reef
5418,Pollock Rock,43.1137,-70.4907,Rock
5419,Pollys Rocky Road,28.14733,-83.02078,Rock
5420,POM Mitigation Modules,25.77147,-80.10512,Structure
5421,Pompano 3 RD Reef Ridge,26.22767,-80.0695,Reef
5422,Pompano Ledge,26.18417,-80.08483,Ledge
5423,Pompano Ledge Moorings,26.2189,-80.08363,Ledge
5424,Ponte Vedra Good Spot Ledge,30.20017,-81.16117,Ledge
5425,Poormans Canyon,37.87007,-74.087,Canyon
5426,Poormans Hump,37.85218,-74.097,Hump
5427,Poormans Tip,37.87333,-74.10833,Structure
5428,POP Warner Reef,29.93983,-81.09183,Reef
5429,Poquoson Reef,37.21833,-76.34389,Reef
5430,Port Aransas Reef,27.75437,-96.94667,Reef
5431,Port Authority Reef,29.01917,-80.6885,Reef
5432,Port Authority Reef,28.92067,-80.71017,Reef
5433,Port Authority Reef,29.16967,-80.693,Reef
5434,Port Authority Site,28.50636,-80.22206,Structure
5435,Port Everglades Reef,26.06268,-80.10575,Reef
5436,Port Everglades Reef,26.1103,-80.06472,Reef
5437,Port Everglades Reef,26.1053,-80.066,Reef
5438,Port Everglades Reef,26.09768,-80.09718,Reef
5439,Port Everglades Reef,26.11512,-80.07693,Reef
5440,Port Everglades Reef,26.11267,-80.06733,Reef
5441,Port Isabel/SO Padre Isalnd Reef SO Padr,26.9695,-97.06667,Reef
5442,Port Manatee Reef,27.66317,-82.579,Reef
5443,Port Manatee Site,27.66229,-82.57905,Structure
5444,Port Mansfield Liberty Ship Reef SO Padre,26.425,-97.025,Reef
5445,Port Mansfield Liberty Ship Reef,26.42498,-97.02095,Reef
5446,Port Mansfield Liberty Ship Reef,26.42973,-97.02413,Reef
5447,Port Mansfield Liberty Ship Reef,26.42782,-97.02658,Reef
5448,Port Mansfield Reef,26.52558,-97.15357,Reef
5449,Port Of Miami Gabion Baskets,25.76998,-80.10608,Structure
5450,Port Orange Hole,29.1781,-80.21372,Hole
5451,Port Saint Joe C Of C Reef,29.83533,-85.49467,Reef
5452,Porta Allegra Wreck,33.85467,-76.96433,Wreck
5453,Portsmouth Hump,34.80693,-75.55006,Hump
5454,Portsmouth Ledge,34.57942,-75.77315,Ledge
5455,Portsmouth Ledge,34.6021,-75.74817,Ledge
5456,Portsmouth Ledge,34.62131,-75.728,Ledge
5457,POS Ledge,26.7756,-82.88571,Ledge
5458,Potato Ledge NOL,44.17605,-68.55057,Ledge
5459,Pothole,29.7551,-80.45723,Hole
5460,Pourtales Escarpment,24.25,-81.75,Structure
5461,Pourtales Escarpment,24.25,-81.08332,Structure
5462,Poveromo Canyon,25.95833,-79.74167,Canyon
5463,Powell Barge,26.13146,-80.05741,Reef
5464,Power Plant Wreck,27.35332,-80.2275,Wreck
5465,Power Pole Reef,26.68262,-82.3745,Reef
5466,Powers,27.31448,-82.57153,Structure
5467,PRE Big Rock Report FOR Hatteras,34.69807,-75.57348,Rock
5468,Preparation H Ledge,28.18233,-83.22498,Reef
5469,Prewitt Tugboat,30.06145,-86.30714,Wreck
5470,Princess Anne,26.7936,-80.00383,Structure
5471,Princess Britney,25.70048,-80.08683,Structure
5472,Progress Energy Reef,29.78575,-85.70048,Reef
5473,Proteus,34.7653,-75.7835,Structure
5474,Proteus Wreck,25.70482,-80.08718,Wreck
5475,Pulpit Rock,41.28731,-71.99622,Rock
5476,Puppy Hole,37.95723,-75.93265,Hole
5477,Pups Rock,34.38148,-76.84436,Rock
5478,Purnells Reef,38.35,-75.05832,Reef
5479,Push Button Hole,27.19583,-79.968,Hole
5480,Push Button Hole,27.17397,-79.96255,Hole
5481,PV Site,30.20533,-81.14566,Structure
5482,PV Site Navy,30.20617,-81.16383,Structure
5483,PVC Modules BY Arcoa,30.15982,-87.23513,Reef
5484,PVC Modules BY Arcoa,30.16966,-87.23135,Reef
5485,Pygmy Canyon,26.50514,-78.6155,Canyon
5486,Qualman Barge,26.29961,-80.06181,Reef
5487,Qualmann Barge,26.11763,-80.05561,Reef
5488,Quarantine Rocks,42.30862,-70.96462,Reef
5489,Queens Rock,34.13043,-77.65821,Rock
5490,R 2 Rock,34.6192,-76.56243,Rock
5491,R Tower,25.79983,-82.2145,Tower
5492,R/V Dolphin,30.12723,-86.40218,Structure
5493,R/V Manta,30.14383,-86.6532,Structure
5494,R 083002,30.05261,-87.19399,Structure
5495,R 083003,30.05731,-87.18708,Structure
5496,R 083004,30.05283,-87.18753,Structure
5497,R 083005,30.04946,-87.18731,Structure
5498,R 083006,30.04529,-87.18755,Structure
5499,R 083007,30.05588,-87.18265,Structure
5500,R 083008,30.05109,-87.18303,Structure
5501,R 083009,30.04706,-87.18436,Structure
5502,R 083010,30.04283,-87.18351,Structure
5503,R 083011,30.04939,-87.1799,Structure
5504,R 083012,30.04604,-87.17825,Structure
5505,R 083013,30.04321,-87.17948,Structure
5506,R 083014,30.06058,-87.17525,Structure
5507,R 083015,30.05574,-87.17583,Structure
5508,R 083016,30.05109,-87.17576,Structure
5509,R 083017,30.04823,-87.1749,Structure
5510,R 083018,30.04356,-87.1754,Structure
5511,R 083019,30.06068,-87.1703,Structure
5512,R 10 Green I Ledge,43.76683,-70.08798,Ledge
5513,R 10 Harding Ledge,43.84773,-69.68741,Reef
5514,R 12 Haskell Ledge,44.16572,-68.60771,Ledge
5515,R 2 Grays Rock,42.52097,-70.83374,Rock
5516,R 2 Newcomb Ledge,42.50773,-70.76009,Ledge
5517,R 2 Rockport Brkw,42.66711,-70.58718,Rock
5518,R 6 Boston Ledge,42.33458,-70.86341,Ledge
5519,R 6 Gales Ledge,42.5468,-70.76465,Ledge
5520,R 6 Snow Rock,41.63703,-70.79038,Rock
5521,R 6 Whaleboat Ledge,43.75027,-70.0747,Wreck
5522,R 8 Butler Hole E,41.54455,-69.98132,Hole
5523,R 8 Mayflower Ledge,42.60083,-70.66869,Ledge
5524,R 8 Stave I Ledge,43.72501,-70.07913,Ledge
5525,Rabbit Rocks,25.52586,-79.27606,Rock
5526,Rabbits Lair Wood Wreck,30.52183,-81.17433,Wreck
5527,Race Rock,41.2434,-72.05135,Rock
5528,Race Rock,41.24314,-72.04741,Rock
5529,Race Rock Light,41.24652,-72.05292,Rock
5530,Race Rocks,41.23938,-72.05025,Rock
5531,Racoon Reef,30.38783,-81.084,Reef
5532,Raffields Reef,29.91707,-85.8128,Reef
5533,Ragged Ledge,42.56767,-70.70895,Ledge
5534,Railcar Reef At 8 A,37.83512,-75.24785,Structure
5535,Railcar Reef At 8 A,37.83957,-75.24785,Structure
5536,Railroad Barge,25.5507,-80.08588,Reef
5537,Rainbow Reef,25.74677,-79.29523,Reef
5538,Ralphs Black Hole,40.54248,-71.99091,Hole
5539,RAM Island Ledge LT,43.62906,-70.18701,Ledge
5540,RAM Island Ledge,43.46572,-70.34493,Ledge
5541,RAM Reef,41.30568,-71.97498,Reef
5542,Ramseys Ledge,34.48007,-75.71827,Ledge
5543,Randy Hopper Reef,30.03568,-87.6044,Reef
5544,Randys Rocks,27.56867,-82.84558,Rock
5545,Randys Rocks,28.86728,-83.15998,Rock
5546,Randys Rocks,27.12143,-82.75392,Rock
5547,Ranger,40.58822,-71.78945,Structure
5548,Ranger Wreck,40.17001,-73.83508,Wreck
5549,Rankin Wreck 550 Ship,27.19075,-80.01465,Wreck
5550,Rankin Wreck Bow,27.1894,-80.01422,Wreck
5551,Ranzells Rock,27.04083,-96.70535,Rock
5552,Rapa NUI,26.31678,-80.062,Structure
5553,Rapid Rock,41.28786,-72.10189,Rock
5554,Rapid Rock NR,41.28412,-72.09617,Rock
5555,RAT Hole,30.18845,-87.23888,Hole
5556,Ratican,26.94683,-79.99378,Structure
5557,RAY Hole Submerged Spring,29.7525,-84.03717,Hole
5558,RAY Jones Reef,30.08933,-87.1755,Reef
5559,Raychel,25.8202,-80.07938,Structure
5560,Raymond Rocks,41.0723,-73.39919,Rock
5561,Raynes Rock,43.1018,-70.6495,Rock
5562,Rays Edge Hole,30.06667,-86.975,Hole
5563,Rebeccas Hump,26.99794,-79.91267,Hump
5564,Rebel Reef,26.17148,-80.07317,Reef
5565,Rebel Reef,29.10967,-80.63333,Reef
5566,Red And White Reef,33.4,-77.25,Reef
5567,Red Bluff Reef,29.60983,-94.9685,Reef
5568,Red Bluff Reef,29.5882,-94.95443,Reef
5569,Red Church Hump,40.2783,-73.96725,Hump
5570,Red Fish Pass Reef 2 Reef Lee County FL,26.56089,-82.24125,Reef
5571,Red Hole,33.6695,-77.5105,Hole
5572,Red Reef,41.32611,-71.93902,Reef
5573,Red Sea Tugboat,30.01596,-85.70005,Wreck
5574,Redbird Reef,39.62555,-74.02069,Reef
5575,Redbird Reef,39.6222,-74.03306,Reef
5576,Redbird Reef,38.89265,-74.67115,Reef
5577,Redbird Reef,38.976,-74.17749,Reef
5578,Redbird Reef,39.24267,-74.21716,Reef
5579,Redbird Reef,39.25016,-74.22248,Reef
5580,Redbird Reef,38.88667,-74.66482,Reef
5581,Redbird Reef,38.85534,-74.69182,Reef
5582,Redbird Reef VII,38.98217,-74.18731,Reef
5583,Redbird Reef Viii,38.97231,-74.17715,Reef
5584,Redbird Reef X,38.969,-74.17848,Reef
5585,Redd S Hump,28.4225,-84.30785,Hump
5586,Redd S Ledge,28.2643,-83.04015,Ledge
5587,Redfish BAR Reef Complex,29.5,-94.83333,Reef
5588,Redfish Island Ledge,29.52249,-94.89095,Ledge
5589,Redfish Pass Reef,26.56088,-82.23665,Reef
5590,Redfish Pass Reef,26.55832,-82.2428,Reef
5591,Redhook Reef,39.17336,-74.55661,Reef
5592,Redstone Rocket,28.60217,-80.21883,Rock
5593,Reef,34.30882,-76.41032,Reef
5594,Reef,28.9356,-85.13373,Reef
5595,Reef,30.35692,-86.54697,Reef
5596,Reef,30.36953,-86.5611,Reef
5597,Reef,29.98612,-86.0447,Reef
5598,Reef,29.92738,-86.48322,Reef
5599,Reef,30.3032,-86.54887,Reef
5600,Reef,30.3066,-86.61497,Reef
5601,Reef,30.3085,-86.48327,Reef
5602,Reef,30.33042,-86.59248,Reef
5603,Reef,30.3498,-86.65005,Reef
5604,Reef,30.36002,-86.51672,Reef
5605,Reef,30.00113,-86.5273,Reef
5606,Reef,30.21067,-86.67997,Reef
5607,Reef,30.36813,-86.62998,Reef
5608,Reef,30.045,-86.88333,Reef
5609,Reef,29.095,-88.6582,Reef
5610,Reef,30.14033,-87.1984,Reef
5611,Reef,30.2084,-87.13285,Reef
5612,Reef,26.95973,-82.60623,Reef
5613,Reef,27.61985,-83.08813,Reef
5614,Reef,28.29492,-83.01825,Reef
5615,Reef,26.14575,-80.08257,Reef
5616,Reef,25.46068,-82.01495,Reef
5617,Reef,25.7127,-79.3144,Reef
5618,Reef,25.70687,-82.88358,Reef
5619,Reef,26.74945,-97.25223,Reef
5620,Reef,26.75857,-80.0047,Reef
5621,Reef,25.86691,-78.97907,Reef
5622,Reef,29.0925,-88.7215,Reef
5623,Reef,40.79833,-72.475,Reef
5624,Reef / Hole,29.98437,-87.33405,Reef
5625,Reef B H Welzer,30.08758,-87.11301,Reef
5626,Reef Ball,30.0344,-88.69477,Reef
5627,Reef Ball 5 EA,30.10612,-87.19083,Reef
5628,Reef Ball Reef,28.54705,-82.94148,Reef
5629,Reef Ball Reef,28.49978,-82.97392,Reef
5630,Reef Ball Reef,28.50058,-82.97833,Reef
5631,Reef Balls,30.02948,-88.69567,Reef
5632,Reef Balls South Culverts,29.11678,-80.69767,Reef
5633,Reef Barge,40.11517,-73.94383,Reef
5634,Reef Barge CF,40.03267,-73.97033,Reef
5635,Reef Barges,30.35478,-86.4928,Reef
5636,Reef CR 1,25.58897,-82.48292,Reef
5637,Reef CR 1,25.58335,-82.47513,Reef
5638,Reef CR 1,25.58727,-82.47708,Reef
5639,Reef CR 2,25.4566,-82.55408,Reef
5640,Reef CR 2,25.44508,-82.55945,Reef
5641,Reef Culverts,29.92767,-80.84607,Reef
5642,Reef Dart Reef,26.77235,-79.96934,Reef
5643,Reef EX East Site,29.98718,-85.85112,Reef
5644,Reef EX West Site,30.00197,-85.87823,Reef
5645,Reef F,27.31733,-82.72516,Reef
5646,Reef R,24.57862,-82.08623,Reef
5647,Reef R,24.63438,-82.08822,Reef
5648,Reef R,24.77667,-82.03653,Reef
5649,Reef Shark,35.2233,-75.4667,Reef
5650,Reef Site,28.25688,-82.95032,Reef
5651,Reef Site,28.25527,-82.95392,Reef
5652,Reef Site,28.25247,-82.95657,Reef
5653,Reef Site,28.29385,-83.0227,Reef
5654,Reef Site,28.30112,-83.03213,Reef
5655,Reef Site,28.2858,-82.95657,Reef
5656,Reef,34.27665,-76.64215,Reef
5657,Reef,34.17032,-76.23015,Reef
5658,Reef At C 12,37.32119,-76.04746,Reef
5659,Reef/Ledge,30.12117,-87.25165,Reef
5660,Reef 114,26.50658,-78.61757,Reef
5661,Reefarea 4,27.27768,-82.72156,Reef
5662,Reefball 5 EA,30.08868,-87.15782,Reef
5663,Reefball 5 EA,30.10118,-87.17047,Reef
5664,Reefball 5 EA,30.10292,-87.18628,Reef
5665,Reefball 5 EA,30.10778,-87.16403,Reef
5666,Reefex 98,40.80204,-72.47793,Reef
5667,Reefmaker Module,29.95658,-87.19455,Reef
5668,Reefmaker Modules,30.15628,-87.23537,Reef
5669,Reefmat 1,27.2863,-82.59659,Reef
5670,Reefv L Keegan,40.36072,-73.93548,Reef
5671,Reggie Shipwreck,40.4618,-73.16567,Wreck
5672,Reggie Wreck,40.46117,-73.16033,Wreck
5673,Reggies Ledge,26.35334,-80.05546,Ledge
5674,Rehoboth Ledge,38.74521,-74.91773,Ledge
5675,Reid Reef,28.40048,-80.30312,Reef
5676,Reliance Wreck,39.68033,-73.7685,Wreck
5677,Relief Shipwreck,40.45347,-73.81766,Wreck
5678,Republic Wreck,27.0105,-80.0435,Wreck
5679,Research Ledge,38.32241,-74.9422,Reef
5680,Resor Wreck,39.77583,-73.41633,Wreck
5681,Resor Wreck,39.77273,-73.4194,Wreck
5682,Restore Rubble 9,30.10777,-85.83298,Structure
5683,Restore SM 1 1 C,30.1079,-85.83688,Structure
5684,Restore SM 1 1 D,30.11127,-85.8325,Structure
5685,Restore SM 1 1 G,30.10933,-85.83268,Structure
5686,Reuben Reef,26.12083,-80.07667,Reef
5687,RFA Redbird Reef,39.263,-74.24116,Reef
5688,Rfra Reef,30.29788,-87.23443,Reef
5689,Rfra Reef,30.29476,-87.23526,Reef
5690,Ricardos Rock,28.32083,-83.53667,Structure
5691,Riccie Wreck,40.03267,-73.96,Wreck
5692,Richard S Ledge,28.2825,-83.1075,Reef
5693,Richard S Rocks,28.2485,-83.0995,Reef
5694,Richard Scott Spence Memorial Reef,30.30958,-86.16093,Reef
5695,Richardson Hump,28.50939,-82.94338,Reef
5696,Richardson Reef,28.5125,-82.92217,Reef
5697,Richardson Reef,28.515,-82.92,Reef
5698,Richardson Reef,28.50833,-82.93,Reef
5699,Richey Ledge,28.24622,-83.00071,Ledge
5700,Richs Ledge,44.08187,-68.57692,Ledge
5701,Richs Wreck,33.9255,-77.1,Wreck
5702,Rick S Humps,28.31667,-83.05933,Hump
5703,Ricks 6 Ledge,27.96783,-82.852,Ledge
5704,Ricks Big Ledge,28.07385,-83.79655,Ledge
5705,Ricks Dump Ledge,30.16025,-88.11347,Ledge
5706,Ricks Hump,25.73,-79.88167,Hump
5707,Ricks Rocks,28.18833,-82.939,Rock
5708,Ricky Rays Hole,30.237,-87.30917,Hole
5709,Rickys Ledge,42.88055,-70.38,Ledge
5710,Rickys Ledge,29.7787,-87.335,Ledge
5711,Riks Wreck,28.28848,-94.63147,Wreck
5712,Rinker Deep Site,26.12435,-80.08156,Structure
5713,Rinker Experimental Deep,26.1225,-80.0915,Structure
5714,Rinker Experimental Shallow,26.12436,-80.08966,Structure
5715,RIO Miami,25.70276,-80.0872,Structure
5716,RIP Hole,30.1669,-87.08157,Hole
5717,RIP Rock,41.21798,-72.07835,Rock
5718,RIP Rocks,41.2147,-72.0741,Rock
5719,Ripper Reef,30.36377,-80.90235,Reef
5720,Rising States Ledge,42.53398,-70.80347,Ledge
5721,RJ Diving Reef Site,25.59123,-80.09083,Reef
5722,RL Site Barge,30.53433,-81.16183,Reef
5723,Rlsledge,30.52022,-81.2001,Ledge
5724,RMS Atlantis,30.24218,-86.51012,Structure
5725,RMS Cyclops,30.34713,-86.43732,Structure
5726,Robbins Reef Light,40.5432,-73.84312,Reef
5727,Robby Redding Memorial Reef,29.66022,-84.50027,Reef
5728,Robbys Ledge,25.83964,-79.27683,Ledge
5729,Robert Almeda Reef,39.24828,-74.35112,Reef
5730,Robert Edmister,26.15305,-80.08035,Structure
5731,Roberts Ledge,26.66708,-78.98442,Ledge
5732,Roberts Ledge North,26.67002,-78.98782,Ledge
5733,Roberts Reef,29.53083,-94.84117,Reef
5734,Robins Island Rocks,40.9613,-72.47657,Rock
5735,Robinson Reef,25.70342,-82.22652,Reef
5736,Robinson Rock,44.14945,-68.97888,Rock
5737,Roccos Ledge,26.68015,-78.99727,Ledge
5738,Rock,33.92917,-77.45834,Rock
5739,Rock,34.2265,-76.39,Rock
5740,Rock,34.27432,-76.83965,Rock
5741,Rock,34.2975,-76.86667,Rock
5742,Rock,34.32117,-76.67533,Rock
5743,Rock,34.54586,-77.14776,Rock
5744,Rock,28.3806,-83.09875,Rock
5745,Rock,28.72903,-82.99317,Rock
5746,Rock,28.33188,-83.12097,Rock
5747,Rock,28.6692,-83.09518,Rock
5748,Rock,28.5791,-82.92637,Rock
5749,Rock,40.95247,-73.66487,Rock
5750,Rock,40.97731,-73.53965,Rock
5751,Rock,41.14348,-73.20123,Rock
5752,Rock,41.09776,-73.21147,Rock
5753,Rock,40.14478,-73.90673,Rock
5754,Rock,41.129,-73.21716,Rock
5755,Rock,40.47594,-72.98548,Rock
5756,Rock,41.0326,-72.54248,Rock
5757,Rock,41.03633,-72.5255,Rock
5758,Rock,30.1918,-80.25995,Rock
5759,Rock,42.54253,-70.8063,Rock
5760,Rock,28.11277,-95.78167,Rock
5761,Rock And 3 Foot Peak,28.57393,-83.05342,Rock
5762,Rock And 3 Foot Peak,28.60085,-83.00663,Rock
5763,Rock And 3 Foot Peaks,28.58287,-82.98015,Rock
5764,Rock And 4 Foot Peak,28.63572,-83.19892,Rock
5765,Rock And 4 Foot Peaks,28.60523,-83.00247,Rock
5766,Rock And 4 Foot Peaks,28.63188,-83.19058,Rock
5767,Rock And 4 Foot Peaks,28.65582,-83.0894,Rock
5768,Rock And 4 Foot Peaks,28.66293,-83.08617,Rock
5769,Rock And 4 Foot Peaks,28.59518,-83.03607,Rock
5770,Rock And 5 Foot Peak,28.58117,-82.93535,Rock
5771,Rock And 5 Foot Peak,28.58175,-82.9904,Rock
5772,Rock And 5 Foot Peak,28.58427,-82.9962,Rock
5773,Rock And 5 Foot Peak,28.5978,-83.00367,Rock
5774,Rock And 6 Foot Peak,28.65042,-83.06913,Rock
5775,Rock And 6 Foot Peak,28.58212,-82.93877,Rock
5776,Rock And 6 Foot Peaks,28.66478,-83.08365,Rock
5777,Rock And 7 Foot Peak,28.59573,-83.00593,Rock
5778,Rock And Coral,26.17938,-82.19915,Rock
5779,Rock And Gravel Flat,26.32945,-82.2824,Rock
5780,Rock And Rubble,30.34843,-86.4925,Rock
5781,Rock And Shell,26.7636,-82.84923,Rock
5782,Rock And Shell,26.83087,-82.35088,Rock
5783,Rock And Shell,27.32295,-82.88373,Rock
5784,Rock Asphalt,39.97083,-73.99,Rock
5785,Rock At Huttn,34.47656,-76.90389,Rock
5786,Rock Big,28.6772,-94.71485,Rock
5787,Rock Big R,28.67438,-94.71465,Rock
5788,Rock Bottom,30.34857,-86.47393,Rock
5789,Rock Bottom,40.14355,-72.99378,Rock
5790,Rock Bottom,40.1945,-73.0057,Rock
5791,Rock Bottom,38.40277,-73.92038,Rock
5792,Rock Bottom,34.04818,-77.43042,Rock
5793,Rock Bottom,35.0525,-75.2651,Rock
5794,Rock Cliffs,30.08833,-86.865,Rock
5795,Rock Coral,26.3335,-80.04833,Rock
5796,Rock Coral Sponges,28.08275,-83.45018,Rock
5797,Rock Coral Sponges,25.72275,-82.8712,Rock
5798,Rock Depressions,27.59877,-82.93385,Rock
5799,Rock Depressions,28.4654,-84.20848,Rock
5800,Rock Drop,34.87232,-75.49019,Rock
5801,Rock Formations,27.09752,-82.89995,Rock
5802,Rock G,28.68777,-94.69222,Rock
5803,Rock G,28.6815,-94.70113,Rock
5804,Rock G,28.66668,-94.67597,Rock
5805,Rock Hind,33.75,-76.75,Rock
5806,Rock Hind,34.1132,-76.5268,Rock
5807,Rock Hind,28.15833,-95.175,Rock
5808,Rock Hind,27.83333,-84.33333,Rock
5809,Rock Hind,28.28333,-84.13333,Rock
5810,Rock Hind,25.24679,-80.19869,Rock
5811,Rock Hind,24.52353,-81.51291,Rock
5812,Rock Hind,24.5097,-81.57219,Rock
5813,Rock Hind,24.61868,-81.1265,Rock
5814,Rock Hind,24.4764,-81.7267,Rock
5815,Rock Hind,24.46678,-81.83067,Rock
5816,Rock Hind,24.56633,-81.39149,Rock
5817,Rock Hind,25.41167,-80.18667,Rock
5818,Rock Hind,24.84844,-80.61684,Rock
5819,Rock Hind,24.52543,-81.52188,Rock
5820,Rock Hind,24.56702,-81.46357,Rock
5821,Rock Hind,24.4419,-81.94203,Rock
5822,Rock Hind,24.55141,-81.38075,Rock
5823,Rock Hind,24.49444,-81.65417,Rock
5824,Rock Hind,24,-80.43333,Rock
5825,Rock Hind,24.85909,-80.6885,Rock
5826,Rock Hind,27.03988,-96.54239,Rock
5827,Rock Hind,27.54596,-96.2614,Rock
5828,Rock Hind,26.1,-79.46667,Rock
5829,Rock Key,24.46434,-81.81793,Rock
5830,Rock Ledge,35.05943,-75.30615,Ledge
5831,Rock Ledge,29.2265,-88.4454,Ledge
5832,Rock Ledge,29.9152,-87.13003,Ledge
5833,Rock Patches,26.54547,-82.34927,Rock
5834,Rock PIL,34.85416,-75.525,Rock
5835,Rock PIL,24.50952,-81.80341,Rock
5836,Rock PIL,24.53428,-81.83387,Rock
5837,Rock Pile,29.72522,-86.36698,Rock
5838,Rock Pile,42.31333,-70.18667,Rock
5839,Rock Pile,37.66667,-74.31667,Rock
5840,Rock Pile,28.93635,-80.5422,Rock
5841,Rock Pile,30.16798,-80.51045,Rock
5842,Rock Pile,26.76443,-80.02212,Rock
5843,Rock Pile Ledge,34.85632,-75.45052,Ledge
5844,Rock Pile 59,24.54074,-81.74937,Rock
5845,Rock Piles,42.56412,-70.63287,Rock
5846,Rock Piles,40.093,-72.90917,Rock
5847,Rock Piles,40.14033,-72.98783,Rock
5848,Rock Piles,40.19133,-72.99983,Rock
5849,Rock Reef NW,24.458,-81.85583,Reef
5850,Rock Reef SE,24.4575,-81.86083,Reef
5851,Rock Reefs And Coral,24.53055,-81.29468,Reef
5852,Rock Reef NE,40.54549,-73.83199,Rock
5853,Rock Reef NW,40.54549,-73.8535,Rock
5854,Rock Reef SE,40.53667,-73.83199,Rock
5855,Rock Reef SW,40.53667,-73.8535,Rock
5856,Rock Sand,26.69762,-82.26753,Rock
5857,Rock SE,33.97488,-77.30627,Rock
5858,Rock SE 23 Mile Rock,33.96667,-77.30808,Rock
5859,Rock Set,28.88673,-93.31278,Rock
5860,Rock Set,28.88843,-93.31935,Rock
5861,Rock Set E,28.88507,-93.31013,Rock
5862,Rock South Of AR,33.95833,-77.70833,Reef
5863,Rock Sponge,27.48967,-83.31623,Rock
5864,Rock Spot,38.11307,-73.85105,Rock
5865,Rock STH,34.39182,-76.90432,Rock
5866,Rock The,28.70678,-80.5656,Rock
5867,Rock Wreck,33.79267,-77.42195,Wreck
5868,Rock Wreck,33.94895,-77.35834,Wreck
5869,Rock Wreck,34.06828,-77.45733,Wreck
5870,Rock R 62 Bay,37.81267,-76.1665,Rock
5871,Rockaway Shoal,40.54258,-73.94695,Rock
5872,Rockefeler,35.11676,-75.11411,Rock
5873,Rockfish Trench,37.16116,-76.064,Rock
5874,Rockland,40.13419,-73.9309,Rock
5875,Rockland,40.13385,-73.92522,Rock
5876,Rockland HBR BKW,44.10298,-69.07708,Rock
5877,Rockpile,34.19353,-76.375,Rock
5878,Rockpileno,34.87371,-75.4815,Rock
5879,Rockport ICW Harbor,27.9947,-97.0451,Reef
5880,Rocks And Coral,28.60945,-90.29028,Rock
5881,Rocks And Flats,25.74833,-82.59708,Rock
5882,Rocks And Shell,27.19827,-82.6839,Rock
5883,Rocks Tip,35.08982,-75.20372,Rock
5884,Rocky Area 400,27.29963,-83.31712,Reef
5885,Rocky Bottom,33.75001,-76.84493,Rock
5886,Rocky Burrous Reef,29.48182,-84.9249,Reef
5887,Rocky Channel 1,25.06063,-81.01583,Rock
5888,Rocky Cliff,29.3614,-80.55905,Rock
5889,Rocky Cliff,29.2515,-80.7268,Rock
5890,Rocky Cliffs And Coral,24.44522,-81.58457,Rock
5891,Rocky Cliffs And Coral,24.4616,-81.60103,Rock
5892,Rocky Cliffs And Coral,24.49583,-81.53482,Rock
5893,Rocky Hill,40.99417,-71.92768,Rock
5894,Rocky Ledge,38.6776,-74.74495,Ledge
5895,Rocky Ledges,28.92733,-83.37685,Ledge
5896,Rocky Ledges,27.31503,-82.81702,Ledge
5897,Rocky Ledges,28.80083,-80.10083,Ledge
5898,Rocky Ledges,28.99845,-79.87483,Ledge
5899,Rocky Ledges,28.77547,-80.16025,Ledge
5900,Rocky Ledges,29.81932,-80.27133,Ledge
5901,Rocky Reef,24.455,-81.8525,Reef
5902,Rocky Ridge,29.50818,-86.14488,Rock
5903,Rocky Ridge,29.49467,-86.14635,Rock
5904,Rocky Ridge,29.48252,-86.1403,Rock
5905,Rocky Steep Sides,26.17923,-82.01648,Rock
5906,Rocky 1,41.02822,-71.88534,Rock
5907,Rodeo,26.23107,-80.06377,Structure
5908,Rodeo Reef,26.22717,-80.06338,Reef
5909,Rodeo Reef,26.23678,-80.06128,Reef
5910,Rodeo Reef,26.20233,-80.05667,Reef
5911,Rodeo Reef,26.2067,-80.05727,Reef
5912,Rodeo Reef,26.20617,-80.08503,Reef
5913,Rodeo Reef,26.21353,-80.05153,Reef
5914,Rodeo Reef,26.22633,-80.05995,Reef
5915,Rodeo Site Boating Magazine,26.23426,-80.0611,Wreck
5916,Rodeo Site JAY Dorman,26.23098,-80.06711,Structure
5917,Rodeo Site Johnny Morris,26.2397,-80.05685,Structure
5918,Rodeo Site Renegade,26.22266,-80.06033,Structure
5919,Rodeo Lowrance,26.22003,-80.06066,Structure
5920,Rodgers Hill Reef,30.3215,-86.65315,Reef
5921,Rodgers Rock,40.94297,-72.47327,Rock
5922,Rodneys Hole,27.25928,-82.79045,Hole
5923,Rodneys Hole,27.2651,-82.7903,Hole
5924,Rodneys Snapper Hole,26.71733,-82.43121,Hole
5925,Rods Reef,30.12088,-87.3084,Reef
5926,Rods Reef,30.15438,-87.30692,Reef
5927,Roger Ledge,30.4616,-80.93052,Ledge
5928,Roger Ledge 1,30.50101,-80.98232,Ledge
5929,Roger Ledge 2,30.50375,-80.96873,Ledge
5930,Rogers Hill Reef,30.3178,-86.66565,Reef
5931,Rogers Ledge,28.96844,-94.29067,Ledge
5932,Rogers Reef,41.06792,-73.40366,Reef
5933,Romano Hump,25.73024,-81.94091,Hump
5934,Romano Ledge,25.73275,-81.75079,Ledge
5935,Rompidas Ledge,23.78333,-80.46666,Ledge
5936,RON Stol Wreck,40.11317,-73.62367,Wreck
5937,Ronald B Johnson,26.23133,-80.05741,Structure
5938,Rons Hole,30.06833,-86.995,Hole
5939,Rookie Barge,30.13712,-87.53528,Reef
5940,Rooney Reef 2015 2 B,25.90316,-82.24083,Reef
5941,Rooney Reef 2015 2 E,25.9035,-82.23758,Reef
5942,Rooster Rock,34.37206,-76.10007,Rock
5943,Rossmerry,25.90421,-80.07705,Structure
5944,Rotary Reef,29.91545,-84.2356,Reef
5945,Rotary Reef,29.91843,-84.23477,Reef
5946,Rotary Reef Tires,29.9005,-84.23467,Reef
5947,Rothenbach Reef,38.88946,-74.66332,Reef
5948,Rough Ledges,28.18235,-83.03618,Ledge
5949,Roughtip Grenadier,29.0766,-88.4067,Structure
5950,Roughtip Grenadier,29.3333,-80.0833,Structure
5951,Round Rock,41.23033,-72.87858,Rock
5952,Round Rock,42.8767,-70.8115,Rock
5953,Round Rock Shoal,42.5835,-70.68332,Rock
5954,RR Ledge,28.39088,-83.19488,Ledge
5955,Rube Allyn,27.92089,-83.0224,Structure
5956,Rube Allyn,27.92566,-83.02416,Structure
5957,Rube Allyn,27.92894,-83.02263,Structure
5958,Rube Allyn,27.93691,-83.02126,Structure
5959,Rube Allyn,27.92764,-83.02321,Structure
5960,Rube Allyn North,27.93554,-83.02221,Structure
5961,Rube Allyn Reef,27.93192,-83.0238,Reef
5962,Rube Allyn Reef,27.92177,-83.02168,Reef
5963,Rube Allyn Reef,27.91952,-83.02595,Reef
5964,Rube Allyn Reef,28.04342,-82.92602,Reef
5965,Rube Allyn Reef,27.93545,-83.02323,Reef
5966,Rube Allyn Reef Site 8 Load,27.9308,-83.0291,Reef
5967,Rube Allyn Sand Key Bridge,27.92091,-83.02351,Structure
5968,Rugged Coral And Rocks,24.6272,-81.1249,Rock
5969,Rugged Rocky Peaks,24.70878,-80.49303,Rock
5970,Rump Wreck,40.00817,-73.99783,Wreck
5971,Russ Rhodes Reef,30.06915,-86.63352,Reef
5972,Russells Reef,38.26833,-75.03002,Reef
5973,Russiantra,36.09383,-74.93383,Structure
5974,Russsian Trawler,36.0975,-74.94999,Structure
5975,Rusty B Reef,30.07922,-87.18973,Reef
5976,Rustys Reef,30.0895,-86.86433,Reef
5977,RW Hole South,29.1849,-80.3817,Hole
5978,Ryan’s Horn,40.76333,-71.45,Structure
5979,RYE Ledge,42.9708,-70.7568,Ledge
5980,Ryon Reefballs,39.74583,-74.023,Reef
5981,RZ Sandy Safley North,29.66518,-84.5002,Structure
5982,RZ Sandy Safley South,29.66424,-84.5002,Structure
5983,S C Loveland,29.00024,-84.38322,Structure
5984,S Redfish Reef,29.49417,-94.84417,Reef
5985,S Riding Rock Anchorage,25.21364,-79.13552,Rock
5986,S Side Ledge,28.84912,-80.60397,Ledge
5987,S Tower,29.29933,-84.61092,Tower
5988,S Tower Barge,29.28417,-84.60783,Reef
5989,S V EL Tigre,29.76833,-83.97,Structure
5990,S WR 4 Ledge,33.7543,-77.44247,Ledge
5991,S Baker's Rock,27.68435,-96.28777,Rock
5992,S R County Reef Balls,30.10218,-87.19442,Reef
5993,S R County Reef Balls,30.10683,-87.17128,Reef
5994,S R County Reefballs Srrb 01,30.08808,-87.16167,Reef
5995,S 1 S Reef,29.41667,-87.48721,Reef
5996,Sabine Ledge,29.38908,-93.28902,Ledge
5997,Sabine Reef,29.30357,-93.92183,Reef
5998,Saddleback Ledge,44.01297,-68.72479,Ledge
5999,Saddleback Ledge Shoal,44.02277,-68.73885,Ledge
6000,Saddleback Ledge SL,44.01278,-68.71477,Ledge
6001,Sagaponack Rock,40.90332,-72.24197,Rock
6002,Sahlmans Gulley Barge,30.66859,-81.15933,Reef
6003,Sailboat Wreck,27.76615,-83.61373,Wreck
6004,Sally Sheeran Reef,40.03299,-73.98665,Reef
6005,Salt Reef,29.35857,-93.83433,Reef
6006,Salt Rock,42.56301,-70.75442,Rock
6007,Salvo Ledge,35.44992,-74.86075,Ledge
6008,SAM And Carlys Reef,40.02567,-73.99331,Structure
6009,SAM Haines Reefballs,39.76367,-74.02867,Reef
6010,Same OLE Hole,33.4165,-77.06667,Hole
6011,Sammy Rock,42.47133,-70.86638,Rock
6012,Sammys Ledge,28.97914,-85.50642,Ledge
6013,Sampsons Ledge,34.6941,-76.36255,Ledge
6014,Sams Ledge,25.84889,-82.27023,Ledge
6015,Samuels Reef,26.39991,-82.49415,Reef
6016,SAN Diego,40.5401,-73.0418,Structure
6017,SAN Pablo Ship,30.18866,-87.21731,Wreck
6018,SAN Raphael,25.8302,-80.06806,Structure
6019,Sanctuary Reef,30.42917,-81.14817,Reef
6020,Sand Dollar Reef,30.14583,-86.71458,Reef
6021,Sand Dollar Reef,30.14717,-86.71842,Reef
6022,Sand Dollar Reef,30.14967,-86.71683,Reef
6023,Sand Dollar Reef,30.14398,-86.71693,Reef
6024,Sand Flea Reef Complex,30.35999,-86.44129,Reef
6025,Sand Key Nourishment Reefimr 16,27.89145,-83.8537,Reef
6026,Sand Key Wreck,24.42513,-81.89548,Wreck
6027,Sand Shell Coral Rock,27.2,-80.03833,Rock
6028,Sanders Ledge,43.1017,-70.4781,Ledge
6029,Sandflea Reef,30.36732,-86.44498,Reef
6030,Sandflea Reef,30.35795,-86.43365,Reef
6031,Sandflea Reef,30.35682,-86.43663,Reef
6032,Sandflea Reef,30.35663,-86.44462,Reef
6033,Sandflea Reef,30.36355,-86.4447,Reef
6034,Sandflea Reef,30.36352,-86.4368,Reef
6035,Sandflea Reef,30.36757,-86.4372,Reef
6036,Sandflea Reef,30.36567,-86.43212,Reef
6037,Sandflea Reef,30.36153,-86.43195,Reef
6038,Sandiegowreck,40.53754,-73.03737,Wreck
6039,Sandy Hook Reef,40.34983,-73.92683,Reef
6040,Sandy Hook Reef,40.363,-73.92883,Reef
6041,Sandy Hook Reef,40.3595,-73.93,Reef
6042,Sandy Hook Reef,40.35183,-73.93033,Reef
6043,Sandy Hook Reef,40.366,-73.932,Reef
6044,Sandy Hook Reef,40.34733,-73.9365,Reef
6045,Sandy Hook Reefs,40.3684,-73.93609,Reef
6046,Sandy Hook Wreck,40.45983,-73.82017,Wreck
6047,Sandy Hook Wreck,40.45553,-73.82182,Wreck
6048,Sandy Hook Wreck,40.45925,-73.82523,Wreck
6049,Sandy Reef,29.66405,-85.68723,Reef
6050,Sandy Reef,29.9002,-85.68595,Reef
6051,Sandy Reef,29.6668,-85.68683,Reef
6052,Sanibel Ledge,26.4015,-82.3679,Ledge
6053,Sanibel Reef,26.40909,-82.02461,Reef
6054,Sanibel Reef,26.55447,-82.2263,Reef
6055,Sanibel Reef,26.35017,-81.95208,Reef
6056,Sanibel Reef,26.34872,-82.08713,Reef
6057,Sanibel Reef,26.32695,-82.08473,Reef
6058,Sanibel Reef,26.41567,-82.05267,Reef
6059,Sanibel Reef C,26.40713,-82.05063,Reef
6060,Sanibel Reef D,26.40405,-82.05917,Reef
6061,Santa Clara Center Patch,30.30123,-86.12247,Reef
6062,Santa Reef,29.51233,-94.80517,Reef
6063,Santa Rita,25.38751,-80.09233,Structure
6064,Santa Rosa Ledge,30.0599,-86.75035,Ledge
6065,Santa Rosa Marine Resort,30.08224,-87.17371,Reef
6066,Santa Rosa Marine Resort,30.08166,-87.195,Reef
6067,Santa Rosa Marine Resort,30.05753,-87.19888,Reef
6068,Santa Rosa Marine Resort IV,30.07489,-87.18712,Reef
6069,Santa Rosa Marine Resort IV,30.07599,-87.1906,Reef
6070,Santore Wreck,36.9,-75.78333,Wreck
6071,Sapona Wreck,25.65125,-79.29358,Wreck
6072,Sargents Reef,39.47832,-74.18665,Reef
6073,Sash Cords Tarpon Hole,30.3695,-81.36,Reef
6074,Sashimi Hump,26.8944,-79.27842,Hump
6075,Satisfaction Rock,42.57815,-70.39813,Rock
6076,Saturday Night Ledge,42.53282,-70.68915,Ledge
6077,Scallop Boat Wreck,28.175,-80.5435,Wreck
6078,Scallop Cove,29.72367,-85.47233,Structure
6079,Scallop King Wreck,28.42533,-80.302,Wreck
6080,Scantum Ledge,42.90433,-70.45322,Ledge
6081,Scarface,26.94043,-80.05923,Structure
6082,Scatreefy 1,24.48443,-81.90481,Reef
6083,Scattered Rock Hard Bottom,28.48135,-83.14898,Reef
6084,School BUS,26.59958,-82.4725,Structure
6085,School BUS,26.60061,-82.47083,Structure
6086,School BUS Reef,26.60617,-82.47035,Reef
6087,Schooner,37.68053,-74.59016,Structure
6088,Schooner,40.03,-72.875,Structure
6089,Schooner Reef,27.20027,-80.15445,Reef
6090,Schooner Wreck,25.39873,-80.16085,Wreck
6091,Schooner Bay C 1,37.75512,-75.82347,Structure
6092,Scotland Wreck,40.43394,-73.88273,Wreck
6093,Scott Barge,29.98633,-88.029,Reef
6094,Scott Ledge,33.86784,-77.22907,Ledge
6095,Scott Mason Chaite,25.38476,-80.1183,Structure
6096,Scott Reefs,29.57567,-94.99067,Reef
6097,Scotts Ledge,33.77813,-77.58234,Ledge
6098,Scrap Steel,30.13943,-87.22161,Structure
6099,Scuba Steves Ledge,37.44313,-75.3463,Ledge
6100,Sculpin Ledge,42.31692,-70.98458,Ledge
6101,SE Bigrock,34.15681,-76.11002,Rock
6102,SE Limestone Ledge,30.31822,-86.45393,Ledge
6103,SE Of Rocks,30.30157,-81.11498,Rock
6104,SE Ridge / Ledge,29.867,-87.25952,Ledge
6105,SE Rocks,30.333,-86.46883,Rock
6106,SE Rocks A,30.34693,-86.44767,Rock
6107,SE Rocks C,30.32908,-86.44376,Rock
6108,SE Rocks D,30.3391,-86.47321,Rock
6109,SE Swan Reef,29.33067,-94.87083,Reef
6110,Sea Breeze JOY,30.12519,-85.76989,Structure
6111,Sea Creature Ledge,24.86124,-79.19125,Ledge
6112,Sea Emperor,26.32265,-80.05909,Structure
6113,Sea Girt Reef,40.13067,-73.93017,Reef
6114,Sea Girt Reef,40.12317,-73.9395,Reef
6115,Sea Girt Reef,40.12017,-73.942,Reef
6116,Sea Girt Reef,40.102,-73.9475,Reef
6117,Sea Girt Reef,40.11567,-73.95333,Reef
6118,Sea Girt Reefs,40.12379,-73.94842,Reef
6119,Sea Girt Wreck,40.07945,-73.84792,Wreck
6120,Sea Girt Wreck,40.077,-73.84233,Wreck
6121,Sea Inspector Tug Reef,26.97693,-80.01608,Reef
6122,Sea Isle Hump,39.12397,-74.63607,Hump
6123,Sea King,39.9121,-72.02337,Structure
6124,Sea Mist,26.95813,-79.9851,Structure
6125,Sea Plane Basin Park,27.9099,-82.45332,Structure
6126,Sea Ranger,40.71678,-71.36615,Structure
6127,Sea Rest Module,30.09763,-87.17412,Structure
6128,Sea Star II Wreck,26.52519,-78.58426,Reef
6129,Seaflower Reef,41.29611,-72.03389,Reef
6130,Seagrant Star Reef Site,29.99232,-87.79638,Reef
6131,Seagrove Reef,30.25155,-86.15365,Reef
6132,Seagrove Reef,30.29078,-86.10828,Reef
6133,Seagrove Rock,30.25617,-86.15013,Rock
6134,Seagrove Rock 01 B,30.25155,-86.15095,Rock
6135,Seagrove Rock 01 C,30.25103,-86.15997,Rock
6136,Seahorse Reef,29.04997,-83.1179,Reef
6137,Seahorse Reef,30.35634,-86.27777,Reef
6138,Seahorse Reef Light,28.975,-83.15333,Reef
6139,Seal Cove Mingo Rock,43.00137,-70.6014,Rock
6140,Seal Ledge,44.07713,-68.93578,Ledge
6141,Seal Ledge NOL,44.08427,-68.47443,Ledge
6142,Seal Ledges,43.876,-69.34025,Ledge
6143,Seal Rock,41.28987,-72.22733,Rock
6144,Seal Rocks,41.29557,-71.92736,Rock
6145,Seal Rocks,41.66065,-70.66147,Rock
6146,Sean Gucken,27.5154,-82.8171,Structure
6147,Searover Services Dive Trail,27.39944,-80.03944,Reef
6148,Sears Island Ledge,44.41787,-68.8732,Reef
6149,Seatons Ledge,30.13213,-87.25612,Ledge
6150,Seavey Ledges,43.97847,-69.16377,Ledge
6151,Seaweed,29.79854,-84.33323,Structure
6152,Secret Reef,30.30947,-86.4276,Reef
6153,Secret Reef,30.33051,-86.40713,Reef
6154,SEE List Left,39.16233,-72.69363,Structure
6155,Semarca Wreck Concrete Pile,29.15296,-80.6773,Reef
6156,Sertoma Cars Scrap Iron,30.0114,-87.79797,Structure
6157,Set 1,29.74906,-85.69886,Structure
6158,Set 10,29.71768,-85.6797,Structure
6159,Set 13,29.71764,-85.68631,Structure
6160,Set 2,29.74576,-85.70156,Structure
6161,Set 3,29.74551,-85.71143,Structure
6162,Set 4,29.73403,-85.69928,Structure
6163,Set 7,29.73251,-85.68475,Structure
6164,Set 8,29.73254,-85.68021,Structure
6165,Set 9,29.72938,-85.69226,Structure
6166,Settlement Ledge,26.68982,-79.00443,Ledge
6167,Seven Mile Bridge Reef,24.60555,-81.16667,Reef
6168,Seven Mile Bridge Reef,24.58367,-81.15598,Reef
6169,Seven Mile Bridge Reef,24.58283,-81.15983,Reef
6170,Seymore Rock,41.09748,-73.36055,Rock
6171,Sfma Public Reef,29.6388,-83.74848,Reef
6172,Sfma Public Reef,29.66793,-83.75562,Reef
6173,Sfma Public Reef,29.64752,-83.74047,Reef
6174,Sfma Public Reef,29.65513,-83.74597,Reef
6175,Sfma Public Reef,29.63859,-83.76178,Reef
6176,Sfma Public Reef,29.64234,-83.74973,Reef
6177,Sfma Public Reef,29.65276,-83.7587,Reef
6178,Sfma Public Reef,29.66024,-83.75178,Reef
6179,SGT James Taylor Waldron Reef,30.0766,-87.1443,Reef
6180,Shag Rock,43.0033,-70.6041,Rock
6181,Shag Rocks,42.41428,-70.90652,Rock
6182,Shagwong Reef,41.11345,-71.91846,Reef
6183,Shagwong Reef,41.11667,-71.915,Reef
6184,Shagwong Rock,41.09183,-71.89973,Rock
6185,Shallow Hole,30.47963,-81.2136,Hole
6186,Shamrock Towing Reef,39.16559,-74.56566,Reef
6187,Shanskys Reef,30.3313,-86.58067,Reef
6188,Shark Canyon,26.86948,-80.019,Reef
6189,Shark Ledge,40.14327,-73.91321,Reef
6190,Shark Ledge,40.14852,-73.9027,Reef
6191,Shark Ledge,40.03092,-73.67033,Reef
6192,Shark Ledge,26.405,-80.05133,Reef
6193,Shark Reef,24.8485,-80.62467,Reef
6194,Sharks Ledge,40.03633,-73.662,Reef
6195,Sharks Ledge,41.06667,-71.47308,Reef
6196,Sharks Reef,25.1475,-80.29267,Reef
6197,Sharl Ledge,28.14293,-83.2795,Reef
6198,Sharps Island Ledge,38.61323,-76.35024,Reef
6199,Shasha Boekanier,26.75078,-80.0099,Structure
6200,Sheep Island Ledge,44.02673,-68.7892,Ledge
6201,Sheephead Rock,33.93833,-77.91667,Rock
6202,Shelby Lee,28.31861,-80.20028,Structure
6203,Shell Rock,36.241,-75.8437,Rock
6204,Sheri LYN,25.70232,-80.08605,Structure
6205,Sheridan Wreck,27.87603,-83.18566,Wreck
6206,Sherman X Tug Boat,29.91776,-85.67443,Wreck
6207,Shermans Reef Barge,26.548,-82.4155,Reef
6208,Shermans Reef,30.2655,-86.02784,Reef
6209,Shewsbury Rocks,40.3375,-73.95317,Rock
6210,Shewsbury Rocks C,40.3395,-73.9305,Rock
6211,Shewsbury Rocks F,40.3405,-73.939,Rock
6212,Shewsbury Rocks L,40.33883,-73.91983,Rock
6213,Shiftys Ledge,40.9572,-69.8368,Ledge
6214,Shinnecock,40.811,-72.4967,Structure
6215,Shinnecock Reef,40.80241,-72.47312,Reef
6216,Ship And Barges Ledge,44.22592,-68.42802,Reef
6217,Ship Island Barge A,30.16922,-88.90012,Reef
6218,Ship Island Barge C,30.18172,-88.89838,Reef
6219,Ship Rock,40.93179,-73.7093,Wreck
6220,Ship Wreck,28.78443,-80.0012,Wreck
6221,Ship Wreck 93 Culvert Placement,29.773,-80.93733,Wreck
6222,Ship Wreck Boew Of Wwii Ship,29.77883,-80.939,Wreck
6223,Ship Wreck Middle Box Wreckage,29.777,-80.93867,Wreck
6224,Ship Wreck South Pinnacle,29.77467,-80.93717,Wreck
6225,Shipwreck,28.78867,-80.00417,Wreck
6226,Shipwreck Reef,29.77292,-80.9328,Reef
6227,Shirley D Shrimp Boat,26.54898,-82.41393,Wreck
6228,Shirley D Shrimp Boat Reef,26.54999,-82.41308,Reef
6229,Shoal Ledge,35.9171,-75.7352,Ledge
6230,Shoal Ledge,28.57023,-80.36667,Ledge
6231,Shoals Hump,35.12125,-75.49105,Hump
6232,Shoalwreck,34.43338,-76.46965,Wreck
6233,Shopping Cart,40.0605,-73.93267,Structure
6234,Shopping Cart,40.0283,-73.95488,Structure
6235,Shopping Cart C,40.06217,-73.9435,Structure
6236,Shopping Carts,30.14897,-87.12207,Structure
6237,Shortys BOY,29.62355,-84.90157,Structure
6238,Shoulder Tug,30.11213,-87.31425,Structure
6239,Shrewsrock,40.3342,-73.95001,Rock
6240,Shrimp Boat Frank Taylor Reef,30.0481,-88.75805,Reef
6241,Shrimp Boat Reef,27.69585,-83.29262,Reef
6242,Shrimp Boat Wreck,28.0935,-80.14017,Wreck
6243,Sill Rock,40.96664,-72.9004,Rock
6244,Silver Nail,27.69613,-83.29131,Structure
6245,Silvertooth,27.28417,-82.60097,Structure
6246,Silvertooth,27.28425,-82.59967,Structure
6247,Silvertooth,27.286,-82.5992,Structure
6248,Silvertooth,27.28603,-82.60013,Structure
6249,Simons Reef,26.21379,-82.16133,Reef
6250,Simpsons Barge,26.78767,-80.0135,Reef
6251,Singer Island Mitigation Site,26.78567,-80.03067,Structure
6252,Sink Hole The,26.19783,-80.07433,Hole
6253,Sinkhole/Rock/Grass,28.6343,-83.11998,Rock
6254,Sinking Ships Barges And Platforms,40.64432,-74.16318,Reef
6255,SIR Scott,25.52981,-80.08738,Structure
6256,Sirotkin FLA Special Patch 2 Center,27.22126,-80.03608,Structure
6257,Sirotkin FLA Special Patch 3 Southern,27.21943,-80.03806,Structure
6258,Sirotkin Alpha,27.21733,-80.0051,Structure
6259,Sirotkin Bravo,27.21559,-80.00466,Structure
6260,Sirotkin Site,27.20441,-80.03866,Structure
6261,Sirotkin Site,27.20536,-80.0389,Structure
6262,Sirotkin Site,27.20628,-80.03916,Structure
6263,Site,27.09091,-80.0347,Structure
6264,Site,27.08868,-80.02903,Structure
6265,Site,27.08654,-80.02846,Structure
6266,Site,27.08859,-80.03446,Structure
6267,Site,27.08649,-80.034,Structure
6268,Site,27.08663,-80.024,Structure
6269,Site 12 2001 Center,29.27373,-80.6986,Structure
6270,Site 1,29.11999,-80.6975,Structure
6271,Site 1,29.11783,-80.69716,Structure
6272,Site 1 2010 South,29.11659,-80.69468,Structure
6273,Site 1 2011 NE,29.12308,-80.69053,Structure
6274,Site 1 2011 NW,29.12274,-80.69923,Structure
6275,Site 1 2012 SW,29.11433,-80.70018,Structure
6276,Site 10 1998,29.35814,-80.82956,Structure
6277,Site 10 1999,29.35619,-80.82971,Structure
6278,Site 10 1999,29.35754,-80.8246,Structure
6279,Site 10 2003,29.35588,-80.82786,Structure
6280,Site 10 2003,29.35941,-80.82743,Structure
6281,Site 10 2011 6/11,29.35331,-80.82921,Structure
6282,Site 10 2012 W,29.35716,-80.83293,Structure
6283,Site 11 2001,29.27469,-80.697,Structure
6284,Site 11 2001,29.27486,-80.69996,Structure
6285,Site 11 2001,29.27169,-80.69595,Structure
6286,Site 11 2001,29.27211,-80.6997,Structure
6287,Site 11 2011 E,29.27366,-80.69506,Structure
6288,Site 11 2011 W,29.27349,-80.70228,Structure
6289,Site 11 2012 N,29.27849,-80.69851,Structure
6290,Site 11 2012 S,29.26836,-80.6988,Structure
6291,Site 12,29.19766,-80.7755,Structure
6292,Site 12 2010 SW,29.19483,-80.77808,Structure
6293,Site 12 2011 E,29.19801,-80.76825,Structure
6294,Site 12 2011 SE,29.19456,-80.77233,Structure
6295,Site 12 2012 S,29.19324,-80.77463,Structure
6296,Site 12 2012 W,29.19816,-80.77986,Structure
6297,Site 13 2002,29.17068,-80.69215,Structure
6298,Site 13 2002,29.16829,-80.69085,Structure
6299,Site 13 2010 NE,29.17269,-80.68773,Structure
6300,Site 13 2011 NNW,29.17339,-80.69325,Structure
6301,Site 13 2011 SW,29.16544,-80.69425,Structure
6302,Site 2,29.15613,-80.67166,Structure
6303,Site 2 1983,29.16166,-80.6775,Structure
6304,Site 2 1983,29.15999,-80.67583,Structure
6305,Site 2,29.16928,-80.68835,Structure
6306,Site 2,29.15616,-80.67283,Structure
6307,Site 2,29.15333,-80.67533,Structure
6308,Site 2 1997,29.15336,-80.66983,Structure
6309,Site 2 1997,29.15633,-80.67783,Structure
6310,Site 2 2012 Middle,29.15988,-80.67733,Structure
6311,Site 3,29.20017,-80.7475,Structure
6312,Site 3,29.19516,-80.74566,Structure
6313,Site 3 2012 SE,29.19053,-80.7384,Structure
6314,Site 3 2012 SW,29.19958,-80.75128,Structure
6315,Site 4,29.32083,-80.74466,Structure
6316,Site 4,29.31964,-80.74216,Structure
6317,Site 4 2011 NNE,29.32499,-80.74126,Structure
6318,Site 4 2011 NNW,29.32613,-80.7496,Structure
6319,Site 4 2011 SW,29.31698,-80.74931,Structure
6320,Site 4 2012 S,29.31704,-80.7443,Structure
6321,Site 5 1990,29.11966,-80.80533,Structure
6322,Site 5,29.12,-80.80433,Structure
6323,Site 5 2011 NE,29.12404,-80.8017,Structure
6324,Site 5 2011 NW,29.12481,-80.81095,Structure
6325,Site 5 2011 SE,29.11531,-80.80048,Structure
6326,Site 5 2011 SW,29.11489,-80.81056,Structure
6327,Site 5 2012 E,29.11946,-80.8005,Structure
6328,Site 5 2012 W,29.11979,-80.81058,Structure
6329,Site 6,29.05014,-80.71278,Structure
6330,Site 6,29.05064,-80.72333,Structure
6331,Site 6 2010 SE,29.04776,-80.71958,Structure
6332,Site 6 2011 SW,29.04608,-80.72391,Structure
6333,Site 6 2012 NNE,29.05586,-80.71525,Structure
6334,Site 6 2012 SSE,29.04651,-80.71531,Structure
6335,Site 7,29.01966,-80.69066,Structure
6336,Site 7,29.02099,-80.68383,Structure
6337,Site 7 2010 South,29.01686,-80.68365,Structure
6338,Site 7 2011 E,29.02029,-80.67866,Structure
6339,Site 7 2011 N,29.02434,-80.684,Structure
6340,Site 7 2012 SE,29.01566,-80.67971,Structure
6341,Site 7 2012 SW,29.01586,-80.68808,Structure
6342,Site 8,28.92179,-80.71046,Structure
6343,Site 8,28.92116,-80.71116,Structure
6344,Site 9,29.35416,-80.36233,Structure
6345,Site 01 2013 S,29.11436,-80.69496,Structure
6346,Site 01 2013 SE,29.11456,-80.69011,Structure
6347,Site 01 2013 W,29.11919,-80.70043,Structure
6348,Site 02 2013 NE,29.15938,-80.67348,Structure
6349,Site 02 2013 NNE,29.16161,-80.6735,Structure
6350,Site 02 2013 SSE,29.15149,-80.6732,Structure
6351,Site 02 2013 SW,29.15158,-80.68286,Structure
6352,Site 02 2013 W,29.15656,-80.68268,Structure
6353,Site 03 2013 E,29.19449,-80.74103,Structure
6354,Site 03 2013 NE,29.19956,-80.74176,Structure
6355,Site 04 2013 E,29.32143,-80.73923,Structure
6356,Site 04 2013 W,29.32113,-80.74983,Structure
6357,Site 05 2013 N,29.12458,-80.80513,Structure
6358,Site 05 2013 S,29.11473,-80.80518,Structure
6359,Site 06 2013 N,29.05626,-80.71973,Structure
6360,Site 06 2013 NW,29.05569,-80.72405,Structure
6361,Site 06 2013 S,29.04581,-80.7196,Structure
6362,Site 07 2013 NE,29.02431,-80.67885,Structure
6363,Site 07 2013 NW,29.02409,-80.6881,Structure
6364,Site 10 NE Inside,29.36012,-80.82255,Structure
6365,Site 10 2013 N,29.36243,-80.82908,Structure
6366,Site 10 2013 NNE,29.36218,-80.82461,Structure
6367,Site 10 2013 NW,29.36224,-80.83438,Structure
6368,Site 10 2013 SSE,29.35264,-80.82441,Structure
6369,Site 10 2014 SE B,29.35576,-80.82432,Structure
6370,Site 10 2014 SW,29.35281,-80.8346,Structure
6371,Site 11 2013 NE,29.27764,-80.69401,Structure
6372,Site 11 2013 SSE,29.26878,-80.69423,Structure
6373,Site 11 2013 SSW,29.26873,-80.70375,Structure
6374,Site 12 2013 NNW,29.20169,-80.7792,Structure
6375,Site 12 2014 NNE,29.20207,-80.77082,Structure
6376,Site 13 2013 E,29.16879,-80.68611,Structure
6377,Site 13 2013 SSE,29.16601,-80.68376,Structure
6378,Site 13 2014 N,29.17442,-80.68963,Structure
6379,Site 13 2014 NNE,29.17409,-80.68433,Structure
6380,Site 13 2014 SE,29.16409,-80.68383,Structure
6381,Site 2 2014 NW,29.16037,-80.68265,Structure
6382,Site 3 2014 SSE,29.18996,-80.74253,Structure
6383,Site 3 2014 W,29.19421,-80.75117,Structure
6384,Site 4 SE Inside,29.31817,-80.7386,Structure
6385,Site 4 2014 N,29.32542,-80.7449,Structure
6386,Site 5 2014 WNW,29.12266,-80.80925,Structure
6387,Site 6 Center N,29.05153,-80.71807,Structure
6388,Site 7 NO Name Barge Concrete,29.02015,-80.68359,Reef
6389,Site 7 2014 ESE,29.01797,-80.67858,Structure
6390,Site 8,28.918,-80.70533,Structure
6391,Site 9,29.3586,-80.35843,Structure
6392,Site 9,29.35692,-80.36543,Structure
6393,Site 9,29.35092,-80.35803,Structure
6394,Site 9,29.35112,-80.35702,Structure
6395,Site 9,29.35137,-80.3652,Structure
6396,Site B Pompano Rodeo Reef,26.21999,-80.05708,Reef
6397,Site C Bill Boyd Reef,26.15133,-80.064,Reef
6398,Site C Bruce Mueller Reef,26.1686,-80.07843,Reef
6399,Site C Deep Reef Balls,26.13038,-80.07347,Reef
6400,Site C Rebel,26.17088,-80.0722,Structure
6401,Site C FLA League Of Anglers,26.16916,-80.056,Structure
6402,Site C 1 Broward Deep Reef,26.16023,-80.06667,Reef
6403,Site C 3 Broward Shallow Reef,26.14776,-80.09158,Reef
6404,Site D Joes Nightmare Barge,26.07041,-80.07041,Reef
6405,Site D Marriott Reef,26.09132,-80.06577,Reef
6406,Site D Nswc Cable Spools,26.1325,-80.07716,Structure
6407,Site D TE AMO,26.08645,-80.05351,Structure
6408,Site D Coral Reef,24.87896,-80.56961,Reef
6409,Site E Hollywood Reef Site,26.00765,-80.09366,Reef
6410,Site E 1 Tenneco Deep Reef,25.98879,-80.08584,Reef
6411,Site E 2 Tenneco Shallow Reef,25.98884,-80.10817,Reef
6412,Site VII,27.31317,-82.5725,Reef
6413,SIX Mile Reef,27.21445,-80.04277,Reef
6414,SIX Mile Reef,27.16792,-80.03012,Reef
6415,SIX Mile Reef,27.06838,-80.038,Reef
6416,SIX Mile Reef Section,27.1915,-80.0406,Reef
6417,Skippy Wreck,40.36633,-73.21617,Wreck
6418,Slab Rocks,35.41513,-75.43318,Rock
6419,Slabs,39.28913,-74.1829,Rock
6420,Slevins Ledge,29.63893,-86.143,Ledge
6421,Slim Jim Reef,29.48917,-94.8,Reef
6422,Slobodna Winch Hole,25.3394,-80.16573,Hole
6423,Sloop Ledge,43.76455,-69.72737,Ledge
6424,Slough,40.04612,-73.62618,Structure
6425,SM Ledge,33.88655,-76.91107,Ledge
6426,SM Ledge,34.2902,-77.59245,Ledge
6427,SM Ledge,34.34395,-77.19519,Ledge
6428,SM Ledge,34.79082,-76.36541,Ledge
6429,Small Hole,28.56315,-94.49997,Hole
6430,Small Hole,30.28197,-80.49837,Hole
6431,Small Hump,34.77963,-75.45688,Hump
6432,Small Hump,25.9759,-81.7392,Hump
6433,Small Ledge,26.7279,-82.30202,Ledge
6434,Small Ledge,25.3019,-81.5422,Ledge
6435,Small Ledge,29.84895,-80.53755,Ledge
6436,Small Ledge,29.85048,-80.56163,Ledge
6437,Small Ledge,29.86177,-80.53873,Ledge
6438,Small Ledge,29.93473,-80.56352,Ledge
6439,Small Ledge,30.04465,-80.49262,Ledge
6440,Small Ledge Bugs,29.90838,-80.51332,Ledge
6441,Small Ledge Bugs,29.91345,-80.53795,Ledge
6442,Small Paradise Hole,30.23883,-87.15183,Reef
6443,Small Plane,30.08643,-80.69813,Structure
6444,Small Reef,30.05,-80.48331,Reef
6445,Smith Barge Site 331 Bridge,30.08059,-85.7599,Reef
6446,Smithown Reef,40.9339,-73.18313,Reef
6447,Smokehouse Ledge,29.76337,-84.46717,Ledge
6448,Smurfit Stone,29.89714,-85.54266,Structure
6449,Smurfit Stone,29.91234,-85.54183,Structure
6450,Smurfit Stone,29.88716,-85.54043,Structure
6451,Snap Hole,27.1855,-82.87017,Hole
6452,Snapper Hole,28.3934,-95.02197,Hole
6453,Snapper Hole,30.18517,-87.15733,Hole
6454,Snapper Hole,30.39999,-80.30142,Hole
6455,Snapper Hump,28.33833,-94.41488,Hump
6456,Snapper Ledge,24.982,-80.42167,Ledge
6457,Snapper Ledge Reef,24.98217,-80.43638,Reef
6458,Snapper Reef,28.06667,-90.26333,Reef
6459,Snapper Rocks,26.76539,-96.70219,Rock
6460,Snapper Reef ST,28.6705,-90.26333,Reef
6461,Snapr Hole,34.0098,-77.38442,Hole
6462,Sneads Ferry Big Rock,34.13667,-77.19167,Rock
6463,Sneads Rock,34.46615,-75.93338,Rock
6464,Snowy Ledge,34.86069,-75.40545,Ledge
6465,Sombrero Reef,24.62533,-81.11217,Reef
6466,Soule Barge Towers,30.18273,-87.22962,Reef
6467,Soule Modules Concrete,30.20613,-87.24741,Structure
6468,Soule Modules Concrete,30.17916,-87.24643,Structure
6469,Soule Modules Concrete,30.19108,-87.2445,Structure
6470,Soule Modules Concrete,30.20293,-87.24946,Structure
6471,Sounder Canyon,29.06666,-88.13333,Canyon
6472,South 45 Reef,29.4395,-94.833,Reef
6473,South Canyon,24.60692,-81.18325,Canyon
6474,South County Site,27.10492,-80.03833,Structure
6475,South County Site,27.10338,-80.04003,Structure
6476,South County Site,27.10528,-80.04138,Structure
6477,South Double Ledge,26.73002,-80.00183,Ledge
6478,South Double Ledges,26.74083,-80.014,Ledge
6479,South East Rock,34.27761,-76.58434,Rock
6480,South East Rocks,30.27182,-86.40222,Rock
6481,South East Rocks,30.27613,-86.40705,Rock
6482,South East Rocks,30.29278,-86.4436,Rock
6483,South East Rocks,30.3089,-86.45345,Rock
6484,South East Rocks,30.31508,-86.47657,Rock
6485,South East Rocks,30.31812,-86.455,Rock
6486,South East Rocks,30.34215,-86.47817,Rock
6487,South Heyes Canyon,38.21666,-73.56667,Canyon
6488,South Hole,35.071,-75.718,Hole
6489,South Hole,30.10328,-86.33528,Hole
6490,South Hole,25.47717,-79.86333,Hole
6491,South Jack Wreck,27.44167,-82.998,Wreck
6492,South Ledges,34.45867,-76.42501,Ledge
6493,South Nine Mile Site,29.87178,-81.04545,Structure
6494,South Of 13 Rocks,34.39141,-76.89175,Rock
6495,South Reef,30.34775,-86.51577,Reef
6496,South Reef,40.99899,-73.56853,Reef
6497,South Rock,42.8593,-70.7817,Rock
6498,South Seas,25.6651,-80.07028,Structure
6499,South Turtle Rocks Reef,25.65789,-79.30838,Reef
6500,South Vries Canyon,38.08333,-73.66667,Canyon
6501,South Wilmington Canyon,38.26666,-73.46667,Canyon
6502,Southeast 16 And 17 19 Fathom Hole,30.2565,-80.97117,Hole
6503,Southeast 16 And 17 Carols Tabletop,30.257,-80.96633,Structure
6504,Southeast 16 And 17 Sweet Spot Ledge,30.25417,-80.96567,Ledge
6505,Southeast Of JAX Wreck,30.17667,-81.25209,Wreck
6506,Southeast Rocks,35.05465,-75.26785,Rock
6507,Southeast Rocks,35.257,-75.40834,Rock
6508,Southeast Tampa Bay Bridge Reef,27.54782,-82.67377,Reef
6509,Southeast Wreck,39.731,-74.01717,Wreck
6510,Southeastern Humps,39.9238,-73.90598,Hump
6511,Southern Canyon Tip,34.654,-75.488,Canyon
6512,Southrock,34.18162,-77.31296,Rock
6513,Southwest Ledge,34.42883,-76.91,Ledge
6514,Southwest Ledge,34.42933,-76.88333,Ledge
6515,Southwest Ledge,41.11081,-71.6646,Ledge
6516,Southwest Ledge,41.65732,-70.67312,Ledge
6517,Southwest Rock,34.41973,-76.50832,Rock
6518,Southwest Rock,30.10223,-86.20472,Rock
6519,Southwest Rocks,34.27515,-76.58112,Rock
6520,Southwest Tournament Reef,30.46167,-81.0115,Reef
6521,Spaghetti Barge,26.12933,-80.07033,Reef
6522,Spanish Shanty Barge,30.11176,-85.7041,Reef
6523,Spanish Wreck,39.78383,-73.92167,Wreck
6524,Sparkles Reef,29.68568,-85.73393,Reef
6525,Sparky Lee Hole,26.21492,-81.89972,Reef
6526,SPB Hump,26.58555,-79.78551,Hump
6527,SPC Tip,34.814,-75.395,Structure
6528,Spearmans Barge,26.79316,-80.00583,Reef
6529,Spidermans Ledge,30.20093,-86.72549,Ledge
6530,Spiegel Grove,25.06666,-80.31083,Structure
6531,Spike Reef,30.37488,-80.89498,Reef
6532,Spindle Rock,41.629,-70.33693,Rock
6533,Spirt Of Hemingway Boat,25.70953,-80.07533,Wreck
6534,Spirt Of Miami Airplane,25.698,-80.087,Structure
6535,Sponge Rock,34.42905,-77.02627,Rock
6536,Sponge Rock,34.44387,-77.03618,Rock
6537,Sportfish Anglers Reef,27.35133,-82.59805,Reef
6538,Spotfin Reef,26.098,-80.08417,Reef
6539,Spotfin Reef Tip,26.1009,-80.0832,Reef
6540,Spotty Reef Line,27.5,-80.07917,Reef
6541,Sprague Ledge WPT,44.34858,-68.93457,Ledge
6542,Spring Hole,26.26394,-82.01743,Hole
6543,Spurgeon,29.45238,-86.97816,Structure
6544,Square Rock,42.976,-70.6295,Reef
6545,Square Rocks,25.30442,-79.16785,Reef
6546,Squash Channel Barge A,30.1715,-88.84217,Reef
6547,Squash Channel Barge B,30.17783,-88.8355,Reef
6548,Squirrel Rock,34.98533,-75.42983,Rock
6549,SR 27 Patch Reef,30.35038,-86.84373,Reef
6550,SR 27 Patch Reef,30.35483,-86.84453,Reef
6551,SR 27 Patch Reef,30.34605,-86.87393,Reef
6552,SR 27 Patch Reef,30.35915,-86.84548,Reef
6553,SR 27 Patch Reef,30.35627,-86.8655,Reef
6554,SR 27 Patch Reef,30.35445,-86.87832,Reef
6555,SR 27,30.35555,-86.87428,Structure
6556,SR 27,30.35595,-86.86785,Structure
6557,SR 27 27 B,30.35495,-86.86027,Structure
6558,SS Benwood Wreck,25.0524,-80.33214,Wreck
6559,SS Nicaragua,26.41695,-97.19236,Structure
6560,SS Papoose,35.62599,-74.8911,Structure
6561,ST George Island Bridge Reef Center,29.5,-84.8178,Reef
6562,ST George Island Bridge Reef East Central,29.49925,-84.81093,Reef
6563,ST George Island Bridge Reef East End,29.50023,-84.80297,Reef
6564,ST George Island Bridge Reef West Central,29.49992,-84.82377,Reef
6565,ST George Island Bridge Reef West End,29.50087,-84.83228,Reef
6566,ST Lucie Ledge,27.27178,-80.06799,Ledge
6567,ST Marks Reef A 1,30.00281,-84.15293,Reef
6568,ST Anne D Auray,25.61788,-80.09107,Structure
6569,ST Augustine Hump,29.93834,-80.19604,Hump
6570,ST Augustine Wreck,29.76417,-80.93317,Wreck
6571,ST Augustne Wreck,29.77417,-80.93633,Wreck
6572,ST Joe,29.91817,-85.652,Structure
6573,ST Lucie Hump NE,27.16467,-80.14583,Hump
6574,ST Lucie Hump NW,27.13333,-79.96667,Hump
6575,ST Lucie Hump SE,27.13333,-80,Hump
6576,ST Lucie Humps,27.25,-79.59583,Hump
6577,ST Lucie Humps,27.2,-79.59583,Hump
6578,ST Lucie Humps,27.22443,-79.61704,Hump
6579,ST Marks Reef B 8,30.00002,-84.15279,Reef
6580,ST Petersburg Bay Reef,27.7855,-82.59767,Reef
6581,Stage 1 East Boxcars,29.96852,-85.81347,Structure
6582,Stage 1 East Boxcars,29.96695,-85.81528,Structure
6583,Stage I East Hathaway,29.94438,-85.81993,Structure
6584,Stan Blum Memorial,27.4342,-80.16145,Structure
6585,Stanchion Wreck,36.84661,-75.57721,Wreck
6586,Standish Reef,30.02048,-81.09807,Reef
6587,Stans Reef,27.40753,-79.99915,Reef
6588,Stans Reef,27.40557,-79.99468,Reef
6589,Stans Rock,30.29958,-86.5315,Rock
6590,Star Reef,25.52781,-80.10188,Reef
6591,Star Reef,25.532,-80.10383,Reef
6592,Starborough Wine Reef 2023,30.3514,-86.6146,Reef
6593,"Starfish Reef, Patch",30.14375,-86.62783,Reef
6594,"Starfish Reef, Patch",30.14658,-86.63112,Reef
6595,Stargazer Reef,24.455,-81.86667,Reef
6596,Starship Reef,30.16998,-81.15508,Reef
6597,State Line Hole,30.25248,-86.65777,Hole
6598,Station Rock,34.58733,-77.06517,Rock
6599,Station Rock,34.58783,-77.06849,Rock
6600,Steam Wreck,33.8625,-77.15,Wreck
6601,Steamship Wreck,40.4655,-73.86967,Wreck
6602,Steamship Wreck,40.46425,-73.87506,Wreck
6603,Stebbins Hole,39.01532,-74.341,Hole
6604,Stebbins Ledge,34.28305,-77.59693,Ledge
6605,Steel Barge,30.19367,-87.23133,Reef
6606,Steel Boxes,30.20267,-87.24467,Structure
6607,Steel Boxes,30.19468,-87.24833,Structure
6608,Steel Boxes,30.19953,-87.24588,Structure
6609,Steel Dredge Boat,29.77866,-85.83383,Wreck
6610,Steel Nasa Test Fixture Cylinder,28.33333,-80.20417,Structure
6611,"Steel Radio Towers, FAA Site",30.18746,-87.23536,Tower
6612,Steel Sailboat,28.49897,-80.21065,Wreck
6613,Steel Storage Tanks,25.79237,-80.07988,Structure
6614,Steel Tower,28.97383,-83.15725,Tower
6615,Steel Tower And Tires,39.17752,-74.53343,Tower
6616,Steel Water Tower Pipes,30.19048,-87.24215,Tower
6617,Steel Wreck,40.4652,-73.58232,Wreck
6618,Steel Wreck,40.46333,-73.57783,Wreck
6619,Steel Wreck,40.48659,-73.57335,Wreck
6620,Stefanie B Reef,39.47666,-74.17664,Reef
6621,Steinhatchee Reef,29.66444,-83.62743,Reef
6622,Steinhatchee Reef,29.66694,-83.62376,Reef
6623,Steinhatchee Reef,29.65799,-83.62483,Reef
6624,Stelters Reef,30.1611,-86.44558,Reef
6625,Stephen A Cook Reef,29.7822,-85.71185,Reef
6626,Steve Langford Reef,29.32734,-83.43535,Reef
6627,Steves Rock,34.40916,-76.98233,Rock
6628,STH Ledge,34.45866,-77.425,Ledge
6629,Stock Hump,24.37807,-81.69907,Hump
6630,Stolt Dagali Wreck,39.98683,-73.65943,Wreck
6631,Stone Harbor Humps,39.15378,-74.5124,Reef
6632,Stone Island Reef,41.25289,-72.51348,Reef
6633,Stone Ledge,42.56288,-70.72918,Ledge
6634,Stone Rock,34.00234,-77.69459,Rock
6635,Stones Rock,43.1072,-70.6349,Rock
6636,Sub Wreck,37.8672,-75.0565,Wreck
6637,Subchaser,37.25342,-75.50645,Structure
6638,Subchaser,40.13419,-73.19963,Structure
6639,Sublette Dump Reef,30.1581,-86.65043,Reef
6640,Submarine Wreck,28.57,-80.316,Reef
6641,Submerg,36.25849,-75.46629,Structure
6642,Submerge,35.39812,-75.11524,Structure
6643,Subway Cars,40.11253,-73.95133,Structure
6644,Suffolk,40.88012,-71.21948,Structure
6645,Sufix I,28.33417,-80.20417,Structure
6646,Sugar Reef,41.29465,-71.87904,Reef
6647,Sugar Reef Passage,41.2919,-71.86973,Reef
6648,Sugar Wreck,27.05272,-79.1605,Reef
6649,Sullivans Hump,27.42093,-83.14698,Hump
6650,Sullivans Ledge,29.75546,-81.08356,Ledge
6651,Suloide,34.54479,-76.89501,Structure
6652,Sunglow ESE,29.15401,-80.95275,Structure
6653,Sunglow NE,29.15592,-80.95378,Structure
6654,Sunglow NW,29.15389,-80.95723,Structure
6655,Sunglow SE,29.15166,-80.95363,Structure
6656,Sunglow SE Inside,29.15311,-80.9545,Structure
6657,Sunglow SW,29.15091,-80.95553,Structure
6658,Sunglow W,29.15222,-80.95645,Structure
6659,Sunken Ledge Quincy Bay,42.29265,-70.98208,Ledge
6660,Sunken Meadow Ledge,40.92395,-73.24347,Ledge
6661,Sunny Isles Hump,25.885,-80.09147,Hump
6662,Sunny Isles Ledge,25.94673,-80.08871,Ledge
6663,Sunny Isles Offsite Mitigation Reef,25.90786,-80.08976,Reef
6664,Sunny Isles Reef,25.88132,-80.07918,Reef
6665,Sunny Isles Reef,25.90797,-80.08138,Reef
6666,Sunny Isles Reef,25.88333,-80.06863,Reef
6667,Sunny Isles Reef,25.85635,-80.07657,Reef
6668,Sunny Isles Reef,25.9085,-80.09717,Reef
6669,Sunny Isles Reef,25.87833,-80.09055,Reef
6670,Sunny Isles Reef,25.86805,-80.09722,Reef
6671,Super Deep Hole,34.65,-75.49,Hole
6672,Super Ledge,29.38028,-83.76125,Ledge
6673,Susan TAY Fruitticher Reef,30.06327,-87.19202,Reef
6674,Susans Rock,39.59575,-72.11829,Rock
6675,Susie S Red Snapper Hole,27.79493,-83.79095,Hole
6676,Susies Fishing Hole,28.62795,-80.32761,Hole
6677,Susies Ledge,34.294,-77.60287,Ledge
6678,Suwanne Reef E,29.08467,-83.4065,Reef
6679,Suwannee Reef,29.146,-83.4965,Reef
6680,Suwannee Reef,29.19717,-83.51783,Reef
6681,Suwannee Reef,28.9915,-83.38967,Reef
6682,Suwannee Reef,29.03178,-83.35802,Reef
6683,Suwannee Reef,29.05595,-83.39325,Reef
6684,Suwannee Reef,29.05283,-83.43717,Reef
6685,Suwannee Reef,29.11533,-83.47267,Reef
6686,Suwannee Reef A,28.98463,-83.3216,Reef
6687,Suwannee Reef D,29.04367,-83.35715,Reef
6688,Suwannee Reef E,29.0845,-83.40317,Reef
6689,Suwannee Regional Reef,29.07182,-83.39215,Reef
6690,Suwannee Regional Reef,29.02112,-83.34978,Reef
6691,Suwannee Regional Reef,29.068,-83.449,Reef
6692,Suwannee Regional Reef,29.09627,-83.4129,Reef
6693,Suwannee Regional Reef,28.98635,-83.31772,Reef
6694,Suwannee Regional Reef,29.04473,-83.35417,Reef
6695,Suwannee Regional Reef,29.30726,-83.50266,Reef
6696,Suwannee Regional Reef,29.34799,-83.52838,Reef
6697,Suwannee Regional Reef,29.25269,-83.4934,Reef
6698,Suwannee Reef,29.19115,-83.48467,Reef
6699,SW 100 Foot Reef,30.30198,-86.5917,Reef
6700,SW Bigrock,34.16006,-76.19421,Rock
6701,SW End Of Ledge,30.52662,-81.17088,Ledge
6702,SW Hole,33.86368,-76.42943,Hole
6703,SW Ledge,34.39463,-76.89862,Ledge
6704,SW Ledge,34.43166,-76.90667,Ledge
6705,SW Ledge,41.11183,-71.672,Ledge
6706,SW Of Big Carlos Pass,26.37556,-81.91806,Structure
6707,Swansb Hole,33.83386,-76.53816,Hole
6708,Swansboro Hole,33.83003,-76.55037,Hole
6709,Swansboro Hole,33.9575,-76.38883,Hole
6710,Swansboro Rotary Club Reef,34.53568,-76.97455,Reef
6711,Swansboro Rotary Club Reef,34.53833,-76.97555,Reef
6712,Swingle Reef,29.06907,-87.09372,Reef
6713,Swingle Reef,29.4024,-87.59372,Reef
6714,Swingle Reef,29.41933,-87.59333,Reef
6715,Switch 0 VER Reef,29.50833,-94.89167,Reef
6716,Swordfish,26.47833,-80.03883,Structure
6717,Swordfish Hole,26.15,-79.92083,Hole
6718,Swordfish Hole,26.19167,-79.8625,Hole
6719,Swordfish Ledge,34.22616,-75.84749,Ledge
6720,Swordfish Ledge,24.29503,-80.70276,Ledge
6721,Swordfish Ledge Center,34.87539,-75.31449,Ledge
6722,Swordfish Ledge NE,34.88412,-75.30024,Ledge
6723,Swordfish Ledge SW,34.86173,-75.3411,Ledge
6724,Swpc Tip,34.794,-75.404,Structure
6725,Sylvia Tugboat,30.185,-87.23667,Wreck
6726,Sylvina Express,26.7945,-79.98617,Structure
6727,T S Wreck,25.18693,-80.23987,Wreck
6728,T Square Reef,29.62521,-85.92836,Reef
6729,T Square Reef,29.61805,-85.91805,Reef
6730,T 33 Airplane,30.11995,-85.77463,Structure
6731,Table Rock,34.40012,-76.9567,Rock
6732,Table Top Ledge,30.32256,-81.12803,Ledge
6733,Tacoma,25.70016,-80.08445,Structure
6734,Tacos Rocks,29.2112,-85.66212,Rock
6735,Tangier Ledge,37.78216,-76.09097,Ledge
6736,Tangier Sound Reef,37.92023,-75.94436,Reef
6737,Tank,30.14575,-86.38678,Structure
6738,Tank,30.36055,-86.58967,Structure
6739,Tank,29.84063,-87.74682,Structure
6740,Tank,29.86276,-87.76806,Structure
6741,Tank,29.87245,-87.7517,Structure
6742,Tank,29.87678,-87.73518,Structure
6743,Tank,29.88905,-87.75367,Structure
6744,Tank,29.89455,-87.72073,Structure
6745,Tank,29.90583,-87.7555,Structure
6746,Tank,29.91062,-87.72217,Structure
6747,Tank,29.9228,-87.75645,Structure
6748,Tank,29.92733,-87.72348,Structure
6749,Tank,29.93475,-87.58183,Structure
6750,Tank,29.94353,-87.74183,Structure
6751,Tank,29.94457,-87.72557,Structure
6752,Tank,29.95565,-88.09975,Structure
6753,Tank,29.95793,-87.7596,Structure
6754,Tank,29.96117,-87.72742,Structure
6755,Tank,29.96759,-87.63189,Structure
6756,Tank,29.97308,-87.77368,Structure
6757,Tank,29.97457,-88.00947,Structure
6758,Tank,29.97753,-87.72857,Structure
6759,Tank,29.99403,-87.76222,Structure
6760,Tank,29.99525,-87.72985,Structure
6761,Tank,29.99922,-87.62802,Structure
6762,Tank,30.01152,-87.73185,Structure
6763,Tank,30.1523,-87.23465,Structure
6764,Tank,30.15658,-87.23933,Structure
6765,Tank Removed,28.95452,-90.96598,Structure
6766,Tank 102 A,30.00863,-88.00245,Structure
6767,Tank 102 A,30.00881,-88.00026,Structure
6768,Tank 3 Cars,30.16245,-87.2389,Structure
6769,Tank 70 B,29.93965,-87.75797,Structure
6770,Tank 74 B,29.97815,-87.7766,Structure
6771,Tank 76 B,29.93033,-87.68958,Structure
6772,Tank 77 B,29.93192,-87.66463,Structure
6773,Tank 78 A,29.93375,-87.62375,Structure
6774,Tank 78 C,29.93383,-87.62233,Structure
6775,Tank 81 C,29.85208,-87.61562,Structure
6776,Tank 82 A,29.8538,-87.57227,Structure
6777,Tank 82 B,29.85508,-87.57242,Structure
6778,Tank 85 A,30.01408,-87.66975,Structure
6779,Tank 85 B,30.01367,-87.67058,Structure
6780,Tank 86 B,30.01583,-87.62975,Structure
6781,Tank 88 B,30.01642,-87.58808,Structure
6782,Tank 89 A,30.03272,-87.56625,Structure
6783,Tank 90 A,30.06542,-87.56975,Structure
6784,Tank 90 C,30.0643,-87.57038,Structure
6785,Tank 93 A,29.99855,-87.69935,Structure
6786,Tank 94 B,29.97141,-88.07456,Structure
6787,Tank 94 A,29.97172,-88.07643,Structure
6788,Tank 95 A/B,29.9893,-88.10393,Structure
6789,Tank 96 A,30.0107,-88.11363,Structure
6790,Tank 97 A,29.97242,-88.09807,Structure
6791,Tank 97 B,29.97258,-88.09347,Structure
6792,Tank 99 A,29.9901,-88.11498,Structure
6793,Tank Broz A/B,30.00513,-88.03005,Structure
6794,Tank Reef Site,29.97307,-88.09885,Structure
6795,Tank Reef Site,29.98038,-87.77712,Structure
6796,Tank Reef Site,29.98948,-88.10568,Structure
6797,Tank Reef Site,30.01083,-88.1147,Structure
6798,Tank Sims A,30.00493,-88.0351,Structure
6799,Tank Turrets,30.15673,-86.81793,Structure
6800,Tank B,30.07433,-90.23012,Structure
6801,Tanker,34.17461,-77.74789,Structure
6802,Tanker,40.38667,-72.35833,Structure
6803,Tanker 5277 GT,27.00417,-80.086,Structure
6804,Tanker 5287 GT,27.05833,-80.04167,Structure
6805,Tanker Wreck,24.69017,-80.85667,Structure
6806,Tankreef At 8 A,37.83565,-75.25303,Structure
6807,Tanks Culverts,29.96267,-87.2095,Structure
6808,Tanks Culverts,29.9661,-87.2076,Structure
6809,Tarantula Wreck,40.30012,-73.26598,Reef
6810,Target Rock,40.93046,-73.4279,Reef
6811,Tarpon,30.09503,-85.94258,Reef
6812,Tarpon Hole,24.8945,-80.56822,Reef
6813,Tarpon Ledge,26.71224,-82.26291,Reef
6814,Tarpon Springs Reef,28.1375,-82.93017,Reef
6815,Tarpon Springs Reef,28.14202,-82.93523,Reef
6816,Tarpon Springs Reef,28.13522,-82.9325,Reef
6817,Tarpon Springs Reef,28.14038,-82.93087,Reef
6818,Tarpon Springs Reef Concrete,27.79393,-82.89512,Reef
6819,Tarponhole,26.81858,-82.09995,Reef
6820,Tarpoon,25.62192,-80.09097,Reef
6821,Tavers Hump,29.55345,-84.02959,Hump
6822,Taylor Memorial Reef,30.34048,-86.43065,Reef
6823,Taylors Island Reef,38.46833,-76.36167,Reef
6824,Taylors Island Reef South,38.45916,-76.35547,Reef
6825,Taylors Ledge,38.48164,-76.36748,Ledge
6826,TD Ledge,33.70946,-76.79845,Ledge
6827,TDC Reef,30.05708,-87.19388,Reef
6828,TDC Reef,30.06358,-87.18142,Reef
6829,TEA CUP Ledges,26.13133,-82.0335,Ledge
6830,Ten Fathom Wreck,27.6494,-83.0524,Wreck
6831,Ten Foot Hole,29.7237,-84.9812,Hole
6832,Ten Reef E Live Bott,34.382,-76.55883,Reef
6833,Ten Reef E Live Bott,34.39333,-76.5785,Reef
6834,Ten Thousand Ledge,25.8516,-81.95781,Ledge
6835,Ten Fathom Ledge,24.43283,-81.95033,Ledge
6836,Tenneco Platform,29.99522,-87.0853,Platform
6837,Tenneco Platforms,25.9825,-80.0835,Platform
6838,Tenneco Reef Sailfish Bends,25.975,-80.075,Reef
6839,Tenneco Tower Shallow,25.98222,-80.08669,Tower
6840,Tenneco Towers Deep,25.9815,-80.07033,Tower
6841,Tenneco Towers Deep,25.98168,-80.07998,Tower
6842,Tennessee Chuck Mckibbon Reef,29.92036,-85.54263,Reef
6843,Tennessee Reef NW,24.74917,-80.779,Reef
6844,Tennessee Reef SE,24.74617,-80.78533,Reef
6845,Tennessee Reef SW,24.74467,-80.7765,Reef
6846,Tensaw Bridge Reef,29.9437,-88.04167,Reef
6847,Tensaw Bridge Reef,29.9707,-88.11003,Reef
6848,Tension Barge,27.22544,-80.00435,Reef
6849,Terceltug,36.9654,-75.34768,Structure
6850,Tern Reef,29.6,-94.84583,Reef
6851,Terry S 4 N/S Ledge,27.83177,-83.23762,Ledge
6852,Terry S 5 Ledge,27.75773,-83.16908,Ledge
6853,Terry S Ledge And Rocks,27.7947,-83.124,Ledge
6854,Terry S Little Ledge,27.92495,-83.0761,Ledge
6855,Terrys Hole,37.44711,-76.08249,Hole
6856,Terrys Rocky Road,27.57748,-82.97103,Rock
6857,Terrys Rocky Road,27.3726,-83.2971,Rock
6858,Tessie Steel Boat,30.19394,-87.24086,Wreck
6859,Tetrehedron Reef C,27.208,-80.03912,Reef
6860,Tetrehedron Stack Reef,27.21347,-80.03903,Reef
6861,Tewksbury Rock,42.34502,-70.86882,Rock
6862,TEX Edwards Barge,30.26896,-87.16928,Reef
6863,Texacotank,37.24798,-76.0761,Structure
6864,Texas Reef Reefmaker,27.19023,-80.10871,Reef
6865,Texas Tower,41.01448,-69.49206,Tower
6866,Texas Tower,39.80432,-72.65913,Tower
6867,Texas Tower,39.79973,-72.67018,Tower
6868,Texas Tower,39.79682,-72.67067,Tower
6869,Texas Tower,39.79273,-72.668,Tower
6870,Texas Tower Number,39.79417,-72.66483,Tower
6871,Texeco Wreck,37.24933,-76.08472,Wreck
6872,Texel,38.96678,-73.21622,Wreck
6873,Thaxter Rocks,43.0937,-70.6505,Rock
6874,The 1300 Rock,29.32247,-80.51113,Rock
6875,The 408 Hump,24.60128,-80.59538,Hump
6876,"The Bulkhead Reef, 04",27.55345,-82.70613,Reef
6877,The Bull Ledge,28.53013,-80.41065,Ledge
6878,The Canyons,28.6063,-84.26018,Canyon
6879,The Cell Reef,37.40417,-76.06139,Reef
6880,The Cigar,38.9045,-74.13888,Reef
6881,The Deep,39.0141,-72.74615,Structure
6882,The Deep,38.96955,-72.81038,Structure
6883,The Deep,39.93765,-73.2267,Structure
6884,The Deep,38.95602,-72.84905,Structure
6885,The DIP,39.90833,-71.725,Structure
6886,The Drop,38.82422,-72.98592,Structure
6887,The Farms,40.28333,-73.84,Reef
6888,The Fish Holes,28.7905,-79.98667,Hole
6889,The Hole,39.61663,-74.02403,Hole
6890,The Hole,39.01445,-74.34238,Hole
6891,The Hole,39.01483,-74.34007,Hole
6892,The Hook Seahorse Reef,28.99883,-83.13633,Reef
6893,The Hump,29.45162,-85.92763,Hump
6894,The Hump,24.80132,-80.44503,Hump
6895,The Hump Caves,29.46732,-85.92182,Hump
6896,The Humps,28.41138,-80.29065,Hump
6897,The Ledge,29.3004,-85.63315,Ledge
6898,The Ledge,29.90783,-80.28333,Ledge
6899,The Ledger,29.4199,-87.91285,Ledge
6900,The Nipple,29.87083,-86.89167,Hump
6901,The Nipple,29.85,-87.1,Hump
6902,The Nipple,29.85973,-87.0942,Hump
6903,The Nipple,29.861,-87.179,Hump
6904,The Nipple,29.99167,-86.9875,Hump
6905,The Nipple Center,29.69983,-87.26033,Hump
6906,The Nipple East,29.8874,-87.0744,Hump
6907,The Nipple West,29.7582,-87.33685,Hump
6908,The North Hole,24.85817,-80.58827,Hole
6909,The Playground,26.77,-79.98145,Structure
6910,The Playground,26.7895,-79.9965,Structure
6911,The Point,35.53,-74.8375,Ledge
6912,The Rise Hump,34.01347,-76.37879,Hump
6913,The Rock,28.70642,-80.56002,Rock
6914,The Rock Pile Center,34.86713,-75.50673,Rock
6915,The Rockpile,42.356,-70.468,Rock
6916,The Rockpile,42.34999,-70.45,Rock
6917,The Rocks,33.95963,-77.94397,Rock
6918,The Rocks,24.94367,-80.537,Rock
6919,The Sink Hole,29.87208,-79.9499,Hole
6920,The Slabs,30.02872,-86.73413,Structure
6921,The Slice,30.08084,-86.70866,Structure
6922,The Slice Ledge,30.08145,-86.71807,Ledge
6923,The Spring Wreck,27.5731,-83.49232,Wreck
6924,The Star,39.56192,-73.55717,Reef
6925,The Ten Three Hole,29.05767,-83.30317,Hole
6926,The Tires,39.61667,-74.075,Structure
6927,The West Hump,24.43538,-80.76,Hump
6928,The Wings Ledge,29.34353,-86.05925,Ledge
6929,Thelma,29.63355,-85.94993,Structure
6930,Thiorva Wreck,25.28353,-80.20763,Wreck
6931,Thomas H Wreck Concrete Pile,29.19549,-80.74813,Wreck
6932,Thompson Wreck,29.99458,-87.15505,Wreck
6933,Thousand Island Ledge,28.3105,-80.36402,Ledge
6934,Thozina,26.75166,-80.00983,Structure
6935,Three Barges,30.29121,-87.2213,Reef
6936,Three Fairs Wreck,40.3507,-73.3088,Wreck
6937,Three Fairs Wreck,40.34867,-73.30967,Wreck
6938,Three Mile Barge,30.22848,-87.54922,Reef
6939,Three Sisters Shipwreck,40.38425,-73.6014,Wreck
6940,Three Sisters Wreck,40.3864,-73.5916,Wreck
6941,Three Tugs,26.97599,-80.01633,Structure
6942,Thumper,41.29822,-71.96872,Hump
6943,Thunderbolt,24.658,-80.965,Structure
6944,Thunderbolt Wreck,24.66128,-80.9637,Wreck
6945,Tiger Red,28.36521,-80.27778,Structure
6946,Tiger Red Wreck,28.38467,-80.30367,Wreck
6947,Tile Hole,26.235,-79.89167,Hole
6948,Tillies Ledge,42.53505,-70.38135,Ledge
6949,Tillies North Ledge,42.55397,-70.40972,Ledge
6950,Tillmans Ledge,30.01433,-86.68496,Ledge
6951,Timber Hole,30.16348,-86.89138,Hole
6952,Timber Hole,30.1812,-86.85782,Hole
6953,Timber Hole,30.155,-86.83667,Hole
6954,Timber Hole,30.16018,-86.90823,Hole
6955,Timber Hole,30.12513,-87.02718,Hole
6956,Timber Hole,30.15482,-86.96467,Hole
6957,Timber Hole,30.15815,-86.95493,Hole
6958,Timber Hole Barge,30.2175,-86.8235,Reef
6959,Timber Holes,30.12103,-87.02315,Hole
6960,Timberhole,30.18557,-86.8589,Hole
6961,Timberhole,30.18619,-86.85808,Hole
6962,Timberhole Jacks,30.2008,-86.86863,Hole
6963,Timberholes,30.18472,-86.85963,Hole
6964,Times Square Ledge,27.68083,-82.92227,Reef
6965,Tims Hole,29.21478,-84.01952,Hole
6966,Tims Ledge,29.23062,-84.03883,Ledge
6967,TIN CUP Ledge,29.46325,-87.61572,Ledge
6968,Tindell S Reef,26.57142,-80.01408,Reef
6969,Tinkers Ledge,42.48733,-70.80275,Ledge
6970,Tinkers Rock,42.48353,-70.81813,Rock
6971,Tip,39.0064,-72.8017,Structure
6972,Tip,38.91912,-72.90805,Structure
6973,Tip,38.83538,-73.02807,Structure
6974,Tip TOE,29.69167,-87.39833,Structure
6975,Tire Barge,30.11415,-87.36235,Reef
6976,Tire Reef,30.30153,-86.46988,Reef
6977,Tire Reef,37.32018,-76.05105,Reef
6978,Tire Reef,27.68428,-82.75337,Reef
6979,Tire Reef,39.16603,-74.57515,Reef
6980,Tire Reef,39.17585,-74.53352,Reef
6981,Tire Reef,27.15383,-80.05803,Reef
6982,Tire Reef Boat,30.22538,-87.07453,Reef
6983,Tires Debris Reef,30.29182,-86.69902,Reef
6984,Tires Debris Reef,30.3074,-86.7052,Reef
6985,Tires Debris Reef,30.35967,-86.6198,Reef
6986,Titan,27.18683,-80.0435,Structure
6987,Titan II Transporter Site,28.33466,-80.20548,Structure
6988,Titan II Transporter Site,28.33481,-80.20731,Structure
6989,Titan II Transporter Site,28.33199,-80.20098,Structure
6990,Titan II Transporter Site,28.34974,-80.203,Structure
6991,Titan II Transporter Site,28.33348,-80.20716,Structure
6992,Titan II Transporter Site,28.33548,-80.2065,Structure
6993,Titan II Transporter Site,28.33733,-80.20466,Structure
6994,Titan II Transporter Site,28.33668,-80.20408,Structure
6995,Titan II Transporter Site,28.33336,-80.20581,Structure
6996,Titan Transporter,28.33536,-80.20456,Structure
6997,Titty Hole,30.44369,-80.34779,Hole
6998,TNT Reef,40.06567,-73.99332,Reef
6999,TOD Sirod Reef B,26.1304,-82.03925,Reef
7000,Tolechester Reef,39.24268,-76.27027,Reef
7001,Tolten Shipwreck,39.89912,-73.80124,Wreck
7002,Tolten Wreck,39.89678,-73.8029,Structure
7003,Tom Boyette Reef,34.2625,-77.50933,Reef
7004,Tom Mcglammery Reef,33.85,-78.11028,Reef
7005,Tom Moore Rock,42.49518,-70.8298,Rock
7006,Tom Rock,43.73037,-69.71718,Rock
7007,Tom Russinelli Reef,39.47499,-74.18981,Reef
7008,Tom Tom Reef,29.48067,-94.7775,Reef
7009,Tom Wallin Reef M,27.31242,-82.71668,Reef
7010,Tommys Rock,42.48262,-70.79887,Rock
7011,Tongue Of The Reef,26.49397,-80.0383,Reef
7012,Tonys Hole,37.02321,-74.74278,Hole
7013,Tonys Hole,25.5872,-82.002,Hole
7014,Tonys Ledge,27.08342,-79.9686,Ledge
7015,Top Sail Ledge,34.26977,-77.55763,Ledge
7016,Topsail Reef,30.28538,-86.33983,Reef
7017,Topsail Reef,30.29312,-86.27545,Reef
7018,Topsail Reef,30.2867,-86.33123,Reef
7019,Topsail Reef,34.34972,-77.60305,Reef
7020,Topsail Reef 02 C,30.30023,-86.31432,Reef
7021,Topsail Reef 03 B,30.29583,-86.49468,Reef
7022,Topsl Ledge,34.18,-77.3118,Ledge
7023,Topsl Rock,34.0587,-77.20017,Rock
7024,Topsl Rock,34.39485,-77.16085,Rock
7025,Tote Machines,26.19683,-80.05516,Structure
7026,Tournament Reef,30.06505,-80.63596,Reef
7027,Tower,25.75303,-80.108,Tower
7028,Tower,25.8,-82.21667,Tower
7029,Tower Reef,36.9059,-75.71503,Reef
7030,Tower Reef,36.90361,-75.72639,Reef
7031,Tower Reef,39.18133,-74.54513,Reef
7032,Tower Spot,35.139,-75.294,Tower
7033,Towers,30.19027,-87.22787,Tower
7034,Towers,30.20728,-87.23178,Tower
7035,Towers,30.20807,-87.23775,Tower
7036,Towers,30.2107,-87.2328,Tower
7037,Townshead Ledge,41.20655,-72.85765,Ledge
7038,TR Rock,34.00271,-76.45574,Rock
7039,TR Rock,34.0077,-76.45573,Rock
7040,TR Site Anna,30.46299,-80.9295,Structure
7041,Tracy Teasure Tank,39.75352,-74.02923,Structure
7042,Train Wheel Wreck,25.142,-80.25783,Wreck
7043,Training Reef,30.37233,-86.50602,Reef
7044,Training Reef,30.37032,-86.49372,Reef
7045,Transport Rock,40.96101,-73.66566,Rock
7046,Trawler Wreck,40.39595,-73.85792,Wreck
7047,Treasure Island,27.75274,-82.88716,Structure
7048,Treasure Island,27.77643,-82.9129,Structure
7049,Treasure Island II Northeast Cluster,27.69479,-83.29066,Structure
7050,Treasure Island II Southeast Cluster,27.69368,-83.29028,Structure
7051,Treasure Island II Southwest Cluster,27.69356,-83.29156,Structure
7052,Treasure Island Reef,27.74553,-82.88086,Reef
7053,Treasure Island Reef,27.74167,-82.88083,Reef
7054,Trecarrell,37.85346,-75.2663,Structure
7055,Tremblay Reef,26.80583,-82.37833,Reef
7056,Trevors Ledge,38.48096,-76.65576,Ledge
7057,TRI Ledge,26.65055,-82.8818,Ledge
7058,TRI County Reef,26.74762,-80.00305,Reef
7059,Triangle Ledge,25.64706,-79.32172,Ledge
7060,Triangle Ledge,25.69746,-82.1058,Ledge
7061,Triangle Reef,29.50833,-94.84167,Reef
7062,Triangle Reef,36.99667,-75.40833,Reef
7063,Triangle Reef Ledge,27.33686,-82.83143,Reef
7064,Triangle Rocks,25.64714,-79.31256,Rock
7065,Trigger Hole,33.8521,-76.71713,Hole
7066,Trigger Hole,30.1776,-87.07958,Hole
7067,Trigger Ledge,35.14932,-75.15813,Ledge
7068,Trigger Ledge,27.55703,-80.09281,Ledge
7069,Triggerfish Hole,29.99667,-87.37833,Hole
7070,Triggerfish Reef,29.90001,-85.54417,Reef
7071,Trilevel Ledge,29.74162,-80.44182,Ledge
7072,Trio Bravo,26.14533,-80.07158,Structure
7073,Triple Nipple,27.37742,-80.14298,Hump
7074,Triple Wreck Area,39.51033,-72.78783,Reef
7075,Triple Wreck Area,39.57433,-72.96117,Reef
7076,Triple Wrecks,40.4285,-73.90333,Wreck
7077,Triple Wrecks,40.42917,-73.91383,Wreck
7078,Triumph Reef,25.48677,-80.11542,Reef
7079,Triumph Reef,25.4795,-80.11533,Reef
7080,Triumph Reef Light 2 TR,25.47833,-80.11217,Reef
7081,Trole Hole,29.82333,-87.185,Hole
7082,Trolly Car,30.00888,-87.07037,Structure
7083,Troop Carrier,39.69483,-74.1235,Structure
7084,Trout Rock,34.104,-77.84217,Rock
7085,Trout Rock,34.10802,-77.84509,Rock
7086,Trysler 01 Reef,29.92075,-87.5236,Reef
7087,Trysler 02 Reef,29.98593,-87.48343,Reef
7088,Trysler 05 Reef,29.91773,-87.45307,Reef
7089,Trysler 06 Reef,29.94565,-87.45532,Reef
7090,Trysler 11 Reef,29.94548,-87.38632,Reef
7091,Trysler LG Reef,29.95785,-87.41655,Reef
7092,Trysler Reef,29.95467,-87.40593,Reef
7093,Trysler Reef 1 GPS,29.89117,-87.47867,Reef
7094,Trysler Reef 2 GPS,29.93133,-87.523,Reef
7095,Tubbys Hole,34.09437,-77.67776,Hole
7096,Tug,29.00198,-87.71866,Structure
7097,Tug,29.06418,-87.70696,Structure
7098,Tug,30.0642,-87.70702,Structure
7099,Tug Boat,30.09875,-87.27505,Wreck
7100,Tug Boat Gerald Corcoran,29.99212,-88.51017,Wreck
7101,Tug Boat Grantee,29.62173,-88.40445,Wreck
7102,Tug Boat LEO,30.03347,-88.6942,Wreck
7103,Tug Boat Wreck,30.21027,-87.34013,Wreck
7104,Tug Born Again,30.13438,-87.23822,Structure
7105,Tug Born Again Towers,30.13872,-87.23695,Tower
7106,Tug Deliverance,30.18152,-87.23482,Structure
7107,Tug Kathleen,27.39683,-80.02495,Structure
7108,Tug Lesley Lee Reef,27.40219,-80.01857,Reef
7109,Tug Ocean Wind,30.18325,-87.20028,Structure
7110,Tug Phillip,30.13287,-87.21167,Structure
7111,Tug Upside Down Barge,29.96013,-87.67,Reef
7112,Tug Wreck,30.12065,-87.34467,Wreck
7113,Tug Wreck,28.255,-83.34322,Wreck
7114,Tug Wreck,40.53117,-73.739,Wreck
7115,Tug 1,37.83408,-75.24595,Structure
7116,Tug 2,37.83289,-75.32901,Structure
7117,Tugboa,30.15495,-86.74152,Structure
7118,Tugboat Wreck,28.13083,-80.48333,Wreck
7119,Tugboat Zuess,30.15698,-86.74137,Wreck
7120,Turbine Stacks,25.48495,-80.09195,Structure
7121,Turkey Buzzard Ledge,38.49415,-76.66471,Reef
7122,Turner Wreck,40.49372,-73.87068,Wreck
7123,Turner Wreck P,40.49683,-73.867,Wreck
7124,Turtle Reef,25.28212,-80.20708,Reef
7125,Turtle Reef,25.275,-80.21667,Reef
7126,Turtle Reef North Of,24.93383,-81.96667,Reef
7127,Turtle Rocks,25.30417,-80.20972,Rock
7128,Turtle Rocks North,25.66257,-79.30917,Rock
7129,Turtle Towers Ledge,29.71753,-84.50402,Ledge
7130,TW Site Barge,30.51116,-80.9397,Reef
7131,TW Site Tug,30.49228,-80.95991,Structure
7132,Twelve Fathom Rock NW,33.825,-77.65833,Rock
7133,Twin Humps,28.8388,-80.65623,Hump
7134,Twin Ledge,27.18138,-82.98969,Ledge
7135,Twin Rocks,28.82222,-80.1037,Rock
7136,Twin Wrecks,38.22267,-74.761,Wreck
7137,Twin Wrecks,37.05354,-75.85392,Wreck
7138,Two Bridges Reef,27.44167,-80.16833,Reef
7139,Two Bridges Reef,27.5075,-80.2762,Reef
7140,Two Dogs Culverts,29.76534,-84.52809,Structure
7141,Two Dogs Reefballs,29.76792,-84.52459,Reef
7142,Two Hole Greys,29.74828,-80.41525,Hole
7143,Two Humps,28.83848,-80.65152,Hump
7144,Two Wrecks,33.59959,-77.46609,Wreck
7145,Tyner Reef,30.33352,-86.49398,Reef
7146,U 85 German Sub,35.90666,-75.291,Structure
7147,U 869 Wreck,39.5637,-73.0344,Wreck
7148,U S S Mohawk CGC Veterans Memorial Reef,26.55075,-82.72148,Reef
7149,Ultra Freeze,25.62903,-80.08712,Structure
7150,Uncle Jerrys Hole,26.44889,-97.05648,Hole
7151,Uncle Willies Ledge,25.15258,-79.17708,Ledge
7152,Undercut Ledge,26.79267,-80.01283,Ledge
7153,Underwater Cypress Forest Hole,30.10203,-87.80956,Hole
7154,Unidentified Trawler Shipwreck,42.31218,-70.29738,Wreck
7155,United Caribbean,26.32225,-80.0615,Structure
7156,United Caribbean,26.32113,-80.05898,Structure
7157,Unknown Hump,24.48984,-80.6608,Hump
7158,Unknown Shipwreck,27.49873,-84.24567,Wreck
7159,Unknown Shipwreck,24.543,-81.82583,Wreck
7160,Unknown Tug,30.20367,-86.9655,Structure
7161,Unknown Wreck,33.61564,-77.85279,Wreck
7162,Unknown Wreck,26.76367,-82.84633,Wreck
7163,Unknown Wreck,26.7917,-80.01509,Wreck
7164,Unknown Wreck,26.90086,-79.09624,Wreck
7165,Unknown Wreck,27.04123,-79.15802,Wreck
7166,Urchin Reef Complex,30.36147,-86.46257,Reef
7167,"Urchin Reef, Units",30.35433,-86.47017,Reef
7168,"Urchin Reef, Units 10",30.35783,-86.47983,Reef
7169,"Urchin Reef, Units 14",30.35567,-86.46733,Reef
7170,"Urchin Reef, Units 18",30.35783,-86.462,Reef
7171,"Urchin Reef, Units 20",30.36,-86.4585,Reef
7172,"Urchin Reef, Units 24",30.3645,-86.45867,Reef
7173,"Urchin Reef, Units 26",30.35033,-86.4585,Reef
7174,"Urchin Reef, Units 36",30.36467,-86.46533,Reef
7175,Ursinus College Reef,38.96149,-74.69865,Reef
7176,US Army Tanks,25.8112,-80.09083,Structure
7177,US Concrete Pipe,26.12133,-80.075,Structure
7178,Usaf Big Dawg,30.15078,-86.57373,Structure
7179,USCG R C Mohawk,40.41701,-73.75268,Structure
7180,USCGC Cuyahoga,36.96505,-75.37997,Wreck
7181,USNS Clark,36.9889,-75.36307,Wreck
7182,USNS Haviland,36.99098,-75.36367,Wreck
7183,USNS Webster,36.99482,-75.36133,Wreck
7184,USNS Garrison,36.9932,-75.36303,Wreck
7185,USS Blenny Wreck,38.14992,-74.95105,Wreck
7186,USS Bone,37.7579,-75.19158,Structure
7187,USS Chippewa,29.96167,-85.80367,Structure
7188,USS Curb,24.43686,-81.76878,Structure
7189,USS Cyclops Wrack,37.435,-74.70193,Structure
7190,USS Fred T Berry,24.459,-81.5537,Structure
7191,USS Kendrick,24.46013,-81.60106,Structure
7192,USS Mohawk CGC V M R,26.55125,-82.72468,Structure
7193,USS New Jersey,35.03218,-75.29044,Structure
7194,USS Rankin,27.18886,-80.02385,Structure
7195,USS S 16 Sub,24.42035,-82.03989,Structure
7196,USS Saufley,24.44903,-81.5829,Structure
7197,USS Shamal,30.081,-86.61267,Structure
7198,USS Strength,30.03227,-85.70688,Structure
7199,USS Strength,30.03228,-85.70853,Structure
7200,USS Virgina,35.01929,-75.28594,Structure
7201,USS Zephyr,30.07035,-86.56577,Structure
7202,Utopia Wreck,27.69765,-82.61433,Wreck
7203,UWF Five Car 65,30.19467,-87.236,Structure
7204,UWF Five Car 65,30.19513,-87.24608,Structure
7205,UWF Four Car 65,30.19065,-87.24562,Structure
7206,UWF One Car,30.21107,-87.24548,Structure
7207,UWF One Car 65,30.19062,-87.24705,Structure
7208,UWF One Car 65,30.20075,-87.2258,Structure
7209,UWF Three Car 65,30.18953,-87.22472,Structure
7210,UWF Three Car 65,30.20183,-87.24763,Structure
7211,UWF Two Car 65,30.19392,-87.23407,Structure
7212,UWF Two Car 65,30.20975,-87.24127,Structure
7213,V Tower,29.4155,-84.33433,Tower
7214,V Tower,29.41608,-84.3443,Tower
7215,Valiant Rock,41.227,-72.06663,Rock
7216,Valient Rocks,41.22367,-72.06253,Rock
7217,Valparaiso,30.14633,-86.67975,Reef
7218,Valparaiso 1999 Reef Complex,30.37072,-86.51493,Reef
7219,Valparaiso Reef,30.16498,-86.41022,Reef
7220,Valparaiso Reef,30.14633,-86.82975,Reef
7221,Vamar,29.89248,-85.4665,Reef
7222,Vandenberg Artificial Reef/Wreck,24.44715,-81.73554,Reef
7223,Vans Wreck,27.80822,-83.08958,Wreck
7224,Varanger,39.00972,-74.08973,Reef
7225,Varanger,39.00333,-74.0755,Reef
7226,Venice Reef Site,27.10493,-82.48183,Reef
7227,Vera Cruz Wreck,28.7185,-80.38483,Wreck
7228,Vera Cruz Wreck,28.7192,-80.38395,Wreck
7229,Vester Reef,26.3138,-82.02382,Reef
7230,Veterans Reef,28.0444,-83.01232,Reef
7231,Veterans Reef,28.03333,-83,Reef
7232,Veterans Reef 40 Steel Hulled Sailboat,28.0512,-83.0014,Reef
7233,Veturia Wreck,35.13892,-75.4075,Wreck
7234,Victors Ledge,25.58254,-81.6366,Ledge
7235,Victory Hole,30.28333,-86.68667,Hole
7236,Victory Reef,25.48182,-79.27033,Reef
7237,Victory Reef,25.48126,-79.25728,Reef
7238,Victory Wreck,40.56,-73.58483,Wreck
7239,Viking,29.40356,-85.01658,Structure
7240,Village,26.33038,-81.97092,Structure
7241,Village,26.33098,-81.97003,Structure
7242,Virginia Reef,29.84732,-85.52507,Reef
7243,Virginia Reef,29.84245,-85.52517,Reef
7244,Virginia Wreck L,40.124,-72.872,Wreck
7245,Visible Wreck,24.8887,-80.54918,Wreck
7246,Vixen Ledge,41.30671,-72.04829,Ledge
7247,Vixen Wreck,39.79567,-73.43133,Wreck
7248,Vixen Wreck,26.5473,-82.41322,Wreck
7249,Volcano Reef SS,28.14367,-91.325,Reef
7250,Volcano Reef SS,28.137,-91.32033,Reef
7251,W Central Tower,25.36667,-82.46667,Tower
7252,W E Hutton,34.49899,-76.89786,Structure
7253,W E Hutton Wreck,34.49983,-76.89798,Wreck
7254,W Elbow/Hudson Canyon,39.54898,-72.43545,Canyon
7255,W Snake Island Reef,29.3605,-94.86717,Reef
7256,W K Popp Russells Reef,38.26267,-75.044,Reef
7257,"W 2 Kyle Jackson Trail, Landingcraft",27.20896,-82.80181,Structure
7258,"W 2 Kyle Jackson Trail, Tanks 5",27.21069,-82.80361,Structure
7259,Wachapreague Reef,37.5505,-75.54017,Reef
7260,Wachapreague Reef,37.55083,-75.54472,Reef
7261,Wakulla Big Bend Regional Reef,29.96933,-84.132,Reef
7262,Wakulla Big Bend Regional Reef,29.96899,-84.13961,Reef
7263,Wakulla HS Reef,29.69252,-85.98188,Reef
7264,WAL 505 Wreck,40.4524,-73.81778,Wreck
7265,Walcott Wreck,40.58067,-72.9755,Wreck
7266,Walke Q,25.8261,-80.08166,Structure
7267,Walker Reef,27.37968,-82.59597,Reef
7268,Walker Reef,27.37152,-82.59167,Reef
7269,Walker Reef,27.37797,-82.60022,Reef
7270,Walker Reef,27.38323,-82.59897,Reef
7271,Wall,39.07442,-72.73145,Structure
7272,Wall Cave Ledge,30.51073,-81.11325,Ledge
7273,Wall S Ledge,30.22583,-86.6825,Ledge
7274,Wall S Ledge,30.19167,-86.65083,Ledge
7275,Walter Reef Cave,30.35923,-86.62925,Reef
7276,Walton,30.25086,-86.02675,Structure
7277,Warr Canyon,37.91667,-73.56667,Reef
7278,Warrens Hole,34.34455,-77.50639,Reef
7279,Warrens Ledge,25.5297,-81.72333,Reef
7280,Warsaw Reef,30.05513,-85.81375,Reef
7281,Warsaw Site Tires,30.07659,-85.81278,Reef
7282,Wasabi Reef,40.01808,-74.00075,Reef
7283,Wash Rockpile,37.63252,-74.3564,Rock
7284,Washington Canyon,37.45,-74.48333,Canyon
7285,Washington Tip,37.48667,-74.50833,Structure
7286,Wasmer Reef A,26.03288,-81.97595,Reef
7287,Watch Hill Reef,41.2951,-71.86415,Reef
7288,Water Tower Reef,25.82498,-80.08092,Reef
7289,Watson S Reef,25.186,-80.2425,Reef
7290,Watsonapos;s Reef,24.967,-80.31643,Reef
7291,Watsonapos;s Reef SW Of,25.17823,-80.25363,Reef
7292,Wayne Gerth Memorial Reef,29.92433,-85.59158,Reef
7293,Wedge Rocks,25.50989,-79.26857,Rock
7294,Weldon Hall Wreck,34.28417,-77.34633,Wreck
7295,Wellfleet Harbor,41.90164,-70.03737,Reef
7296,Wendy S Reef,27.48933,-80.27617,Reef
7297,Wendys Reef,27.48917,-80.2705,Reef
7298,West,27.16224,-80.06426,Structure
7299,West,38.9505,-73.24542,Structure
7300,West 10 Foot Ledge,29.55667,-87.27,Ledge
7301,West Big Rock,34.15243,-76.16998,Rock
7302,West Cavallo Hump,28.41667,-96.38832,Hump
7303,West End,25.7909,-80.04911,Structure
7304,West Hole,29.955,-87.415,Hole
7305,West Hole,30.12767,-87.33883,Hole
7306,West Hump,24.42547,-80.75765,Hump
7307,West Hump,38.40205,-73.59162,Hump
7308,West Island Ledges N 2 A,41.55778,-70.88,Ledge
7309,West Ledge,41.60042,-70.2992,Ledge
7310,West Ledge Wsil,41.58997,-70.3042,Ledge
7311,West Mud Hole,40.11958,-73.60048,Hole
7312,West Of CM Hole,30.111,-86.924,Hole
7313,West Rock,34.28097,-76.57955,Rock
7314,West Rock,34.29766,-76.58432,Rock
7315,West Rock,34.32613,-76.6105,Rock
7316,West Rocks,34.29677,-76.57103,Rock
7317,West Sister Rock,43.0617,-70.6721,Rock
7318,West Southwest Ledge,41.59242,-70.30685,Ledge
7319,West Virginia,41.58833,-69.87417,Structure
7320,West Wall,38.97365,-72.82448,Structure
7321,West Wall,38.81227,-73.05083,Structure
7322,West Wreck,25.75133,-80.067,Wreck
7323,West Wreck,39.83087,-72.86766,Wreck
7324,Westbrook Ledge,41.22473,-72.41223,Ledge
7325,Westbrook Lobster Rock,41.26835,-72.44152,Rock
7326,Western Dry Rocks,24.44467,-81.9265,Rock
7327,Western Dry Rocks,24.43417,-81.92667,Rock
7328,Western Dry Rocks,24.43133,-81.93533,Rock
7329,Western Dry Rocks,24.43833,-81.92667,Rock
7330,Western Edge,42.355,-70.352,Structure
7331,Western Edge,42.34999,-70.35,Structure
7332,Western Spur,42.309,-70.356,Structure
7333,Western Spur,42.29999,-70.35,Structure
7334,WET And Wild Site,30.08954,-85.7367,Structure
7335,Wewa/PSJ HS Reef,29.7522,-85.97162,Reef
7336,Whale Key Reef Sbep 2024,27.39187,-82.60388,Reef
7337,Whale Rock NE,41.60898,-70.82128,Rock
7338,Whale Rock SE,41.60567,-70.82128,Rock
7339,Whaleback Reef,43.0587,-70.696,Reef
7340,Whaleback Rock,41.3103,-71.98601,Rock
7341,Whartons Tire Reef,29.13028,-80.86037,Reef
7342,Wheaton Reef,41.23568,-72.77024,Reef
7343,Whip Rock,33.98797,-77.33288,Rock
7344,White City Bridge,29.16684,-83.64963,Structure
7345,White Hill Reef,30.31695,-86.58317,Reef
7346,White Island Reef,43.0592,-70.6855,Reef
7347,White Rock,41.32268,-71.93784,Rock
7348,White Rock,41.06757,-73.40821,Rock
7349,White Rock,41.29548,-72.17135,Rock
7350,Whitehill Reef,30.30473,-86.64917,Reef
7351,Whitehill Reef,30.3135,-86.5855,Reef
7352,Whitehill Reef,30.32457,-86.58477,Reef
7353,Whitehill Reef,30.33182,-86.60128,Reef
7354,Whiteman Tug Boat,30.06353,-86.7954,Wreck
7355,Whiteman Tug Boat,30.19868,-86.96713,Wreck
7356,Whiteman Tug Boat,30.0615,-86.7975,Wreck
7357,Whittakers Snapper Hole,30.64519,-81.2108,Hole
7358,Whittakers Snapper Hole Tug,30.65563,-81.23123,Hole
7359,Wicopesset Rock,41.29592,-71.90464,Rock
7360,Widdah,41.88344,-69.94946,Structure
7361,Wiggins Pass 14 Mile Reef,26.24767,-82.09717,Reef
7362,Wiggins Pass 3 Mile C D,26.3054,-81.87376,Structure
7363,Wiggins Pass 4. 5 Mile Reef,26.29112,-81.9194,Reef
7364,Wiggins Pass 5 Mile,26.29123,-81.93013,Structure
7365,Wiggins Pass 9 Mile,26.2335,-82.12893,Structure
7366,Wild Duck,39.9755,-71.4565,Structure
7367,Wildcat Knoll,42.485,-69.905,Structure
7368,Wildcat Knoll,42.49999,-69.91667,Structure
7369,Wildcat Knoll North,42.43548,-69.97937,Structure
7370,Wildcat Knoll South,42.38029,-69.9883,Structure
7371,Wildmans Reef,26.51997,-82.28503,Reef
7372,Wildwood Reef,38.95783,-74.679,Reef
7373,Wilkes Barre Bow Section,24.4849,-81.55336,Reef
7374,Wilkes Ledge,27.23439,-82.86287,Ledge
7375,Wilkinson Basin,42.66666,-69.66667,Structure
7376,Wilkinson Divide,42.74999,-69.83333,Structure
7377,Wilkinson Divide,42.77687,-69.90292,Structure
7378,William A Machen,42.95009,-70.49949,Structure
7379,William Berndt Memorial Reef,39.75351,-74.0308,Reef
7380,William C Carnegie,40.73343,-72.81454,Structure
7381,William Lundstrom Reef,29.75444,-88.02362,Reef
7382,Williams Reef 1 A,30.16508,-86.40062,Reef
7383,Williams Reef 1 E,30.16368,-86.39573,Reef
7384,Williams Reef 1 B,30.16729,-86.40395,Reef
7385,Williams Reef 1 C,30.16999,-86.39938,Reef
7386,Williams Reef 1 D,30.16929,-86.39508,Reef
7387,Williams Reef 1 E,30.15423,-86.39583,Reef
7388,Willie Krause Reef,29.88528,-85.5493,Reef
7389,Wilmington,42.00011,-68.99944,Structure
7390,Wilmington Canyon,38.37611,-73.48755,Canyon
7391,Wilmington Ledge,34.03543,-77.53403,Ledge
7392,Wimble Shoals Wreck,35.55,-75.25017,Wreck
7393,Winhole Shoal,40.6326,-73.81685,Hole
7394,Winifred Martin,41.53234,-69.99779,Reef
7395,Winkys Hole,25.98425,-80.0894,Hole
7396,Winslow,40.4501,-71.83283,Structure
7397,Winsor,42.1551,-70.56281,Structure
7398,Winter Quarters Ltship,37.92953,-74.93633,Reef
7399,Witch Rock,43.62207,-70.17682,Rock
7400,Witch Rock NOL,43.61757,-70.16348,Rock
7401,Withlacoochee Reefs,29.0222,-82.79455,Reef
7402,WJ Shrimpboat,27.69476,-83.29245,Wreck
7403,Wledge,40.75754,-72.72191,Ledge
7404,WM H Machen,42.95009,-70.51282,Structure
7405,Wolcott,40.58537,-72.97922,Structure
7406,Wolfe Reef,26.26667,-82.11667,Reef
7407,Womr FM,42.09426,-70.13669,Structure
7408,Womr FM Tower,42.081,-70.08855,Structure
7409,Wood Boat,25.875,-80.05348,Wreck
7410,Wood End,42.01819,-70.17597,Structure
7411,Wood End LT,42.01546,-70.1787,Structure
7412,Wood Reef,26.74388,-79.02867,Reef
7413,Woodburn Hole,30.0958,-87.13165,Hole
7414,Woodburn Reef,29.33333,-87.06667,Reef
7415,Woodburn Reef,29.98702,-87.12483,Reef
7416,Woodburn Reef,30.00864,-87.06666,Reef
7417,Woodburns Hole,30.10668,-87.15497,Hole
7418,Woodburns Hole,30.1099,-87.12203,Hole
7419,Woodys Marlin Hole,25.67283,-79.34583,Reef
7420,WPB Canyon,26.7481,-79.97921,Canyon
7421,WPB Hump,26.73811,-79.99166,Hump
7422,WR 4 Wreck,33.86458,-77.4793,Wreck
7423,WR,33.86743,-77.48148,Structure
7424,Wreck,33.48349,-77.66635,Wreck
7425,Wreck,33.59847,-77.72292,Wreck
7426,Wreck,33.74183,-77.1705,Wreck
7427,Wreck,33.7585,-77.22132,Wreck
7428,Wreck,33.84182,-77.45801,Wreck
7429,Wreck,33.85016,-77.46773,Wreck
7430,Wreck,33.85572,-77.44135,Wreck
7431,Wreck,33.91183,-77.23716,Wreck
7432,Wreck,33.95516,-77.65024,Wreck
7433,Wreck,33.96557,-77.0303,Wreck
7434,Wreck,33.97516,-77.65801,Wreck
7435,Wreck,33.98348,-76.99965,Wreck
7436,Wreck,34.00018,-75.36625,Wreck
7437,Wreck,34.04165,-76.77499,Wreck
7438,Wreck,34.1335,-75.16621,Wreck
7439,Wreck,34.14349,-76.6523,Wreck
7440,Wreck,34.17016,-76.24294,Wreck
7441,Wreck,34.31349,-76.54463,Wreck
7442,Wreck,34.33006,-76.5613,Wreck
7443,Wreck,34.37467,-76.69117,Wreck
7444,Wreck,34.38666,-76.54832,Wreck
7445,Wreck,34.40349,-76.59131,Wreck
7446,Wreck,34.47499,-76.55831,Wreck
7447,Wreck,34.50016,-75.66625,Wreck
7448,Wreck,34.51854,-76.7543,Wreck
7449,Wreck,34.52849,-76.24229,Wreck
7450,Wreck,34.54925,-76.02265,Wreck
7451,Wreck,34.55853,-76.85423,Wreck
7452,Wreck,34.62039,-76.57341,Wreck
7453,Wreck,34.63309,-76.57499,Wreck
7454,Wreck,34.67518,-76.6732,Wreck
7455,Wreck,34.68349,-75.81627,Wreck
7456,Wreck,34.69182,-75.58459,Wreck
7457,Wreck,34.7335,-75.58293,Wreck
7458,Wreck,34.76405,-75.78348,Wreck
7459,Wreck,34.82516,-75.54959,Wreck
7460,Wreck,34.8996,-75.74959,Wreck
7461,Wreck,35.02683,-75.29623,Wreck
7462,Wreck,35.03044,-75.47597,Wreck
7463,Wreck,35.03071,-75.24958,Wreck
7464,Wreck,35.07849,-75.39458,Wreck
7465,Wreck,35.08127,-75.38986,Wreck
7466,Wreck,35.08349,-75.33292,Wreck
7467,Wreck,35.09516,-75.58125,Wreck
7468,Wreck,35.13183,-75.46624,Wreck
7469,Wreck,35.14516,-75.59124,Wreck
7470,Wreck,35.15016,-75.53125,Wreck
7471,Wreck,35.17017,-75.32874,Wreck
7472,Wreck,35.18183,-75.35291,Wreck
7473,Wreck,35.22683,-75.44791,Wreck
7474,Wreck,29.725,-86.365,Wreck
7475,Wreck,30.09993,-86.72617,Wreck
7476,Wreck,29.75,-87,Wreck
7477,Wreck,30.22083,-86.70333,Wreck
7478,Wreck,29.23333,-85.98333,Wreck
7479,Wreck,29.82,-86.27333,Wreck
7480,Wreck,29.91667,-86.58333,Wreck
7481,Wreck,29.96667,-86.58917,Wreck
7482,Wreck,29.90333,-86.76833,Wreck
7483,Wreck,29.535,-85.66083,Wreck
7484,Wreck,29.8375,-85.69333,Wreck
7485,Wreck,30.0675,-85.78333,Wreck
7486,Wreck,29.99833,-85.89,Wreck
7487,Wreck,29.789,-84.663,Wreck
7488,Wreck,42.00844,-70.18947,Wreck
7489,Wreck,42.05177,-70.15114,Wreck
7490,Wreck,42.51724,-70.43475,Wreck
7491,Wreck,29.34,-94.675,Wreck
7492,Wreck,29.30833,-94.61,Wreck
7493,Wreck,28.98903,-93.74777,Wreck
7494,Wreck,28.9887,-93.78481,Wreck
7495,Wreck,28.91739,-93.3082,Wreck
7496,Wreck,29.3584,-94.70675,Wreck
7497,Wreck,29.3414,-94.67922,Wreck
7498,Wreck,28.42558,-95.98319,Wreck
7499,Wreck,28.55025,-95.93362,Wreck
7500,Wreck,29.42784,-88.81628,Wreck
7501,Wreck,29.62455,-88.39358,Wreck
7502,Wreck,29.94833,-87.55833,Wreck
7503,Wreck,30.05,-87.135,Wreck
7504,Wreck,30.08385,-87.68105,Wreck
7505,Wreck,30.13333,-87.76667,Wreck
7506,Wreck,30.15667,-87.69083,Wreck
7507,Wreck,30.16897,-87.51133,Wreck
7508,Wreck,30.19583,-87.93583,Wreck
7509,Wreck,30.20338,-87.22445,Wreck
7510,Wreck,30.21968,-88.98374,Wreck
7511,Wreck,36.40692,-75.80988,Wreck
7512,Wreck,28.11675,-83.72917,Wreck
7513,Wreck,27.605,-83.02,Wreck
7514,Wreck,27.5684,-82.7651,Wreck
7515,Wreck,27.70833,-82.825,Wreck
7516,Wreck,28.38305,-83.10305,Wreck
7517,Wreck,27.69667,-82.94667,Wreck
7518,Wreck,25.46717,-80.11667,Wreck
7519,Wreck,25.9,-80.07167,Wreck
7520,Wreck,24.50722,-81.83806,Wreck
7521,Wreck,24.79008,-82.05086,Wreck
7522,Wreck,24.95203,-81.95447,Wreck
7523,Wreck,25.68861,-81.64635,Wreck
7524,Wreck,41.23898,-72.42264,Wreck
7525,Wreck,40.81119,-73.77908,Wreck
7526,Wreck,40.83296,-73.78233,Wreck
7527,Wreck,40.87143,-73.73667,Wreck
7528,Wreck,40.91505,-73.65477,Wreck
7529,Wreck,40.96751,-73.50826,Wreck
7530,Wreck,40.97657,-73.49836,Wreck
7531,Wreck,40.99144,-73.44484,Wreck
7532,Wreck,40.99682,-73.44985,Wreck
7533,Wreck,41.00062,-73.4223,Wreck
7534,Wreck,40.99775,-73.43742,Wreck
7535,Wreck,40.80255,-73.78436,Wreck
7536,Wreck,41.14341,-72.43238,Wreck
7537,Wreck,41.06472,-72.96153,Wreck
7538,Wreck,40.95871,-73.52704,Wreck
7539,Wreck,41.00503,-73.37894,Wreck
7540,Wreck,40.97115,-73.48647,Wreck
7541,Wreck,40.81587,-73.77209,Wreck
7542,Wreck,41.16653,-72.41788,Wreck
7543,Wreck,40.55286,-74.01772,Wreck
7544,Wreck,40.57189,-73.90878,Wreck
7545,Wreck,41.16628,-71.83536,Wreck
7546,Wreck,41.30065,-71.88643,Wreck
7547,Wreck,41.23297,-72.77061,Wreck
7548,Wreck,41.17472,-72.42546,Wreck
7549,Wreck,40.91757,-73.64372,Wreck
7550,Wreck,40.9885,-73.44333,Wreck
7551,Wreck,40.99369,-73.4345,Wreck
7552,Wreck,40.99422,-73.42956,Wreck
7553,Wreck,40.99775,-73.43017,Wreck
7554,Wreck,40.98978,-73.45069,Wreck
7555,Wreck,40.99983,-73.435,Wreck
7556,Wreck,40.99553,-73.42658,Wreck
7557,Wreck,41.00542,-73.38547,Wreck
7558,Wreck,41.00363,-73.40264,Wreck
7559,Wreck,41.00594,-73.39744,Wreck
7560,Wreck,41.01258,-73.39531,Wreck
7561,Wreck,41.00456,-73.39311,Wreck
7562,Wreck,40.5615,-74.00433,Wreck
7563,Wreck,41.11969,-72.76958,Wreck
7564,Wreck,41.0069,-73.37617,Wreck
7565,Wreck,41.00936,-73.39322,Wreck
7566,Wreck,40.9975,-73.4415,Wreck
7567,Wreck,40.99436,-73.43269,Wreck
7568,Wreck,41.00294,-73.41803,Wreck
7569,Wreck,38.87,-75.15694,Wreck
7570,Wreck,38.88522,-74.67835,Wreck
7571,Wreck,38.35178,-76.31158,Wreck
7572,Wreck,38.03956,-76.15483,Wreck
7573,Wreck,28.96608,-80.20387,Wreck
7574,Wreck,28.64583,-80.11265,Wreck
7575,Wreck,28.30569,-80.4581,Wreck
7576,Wreck,29.78829,-80.6241,Wreck
7577,Wreck,30.0027,-80.55795,Wreck
7578,Wreck,28.20783,-80.48667,Wreck
7579,Wreck,30.38767,-80.58978,Wreck
7580,Wreck,27.01368,-80.08538,Wreck
7581,Wreck,27.39492,-80.06077,Wreck
7582,Wreck,27.39417,-80.05017,Wreck
7583,Wreck,27.06933,-80.06167,Wreck
7584,Wreck,26.78256,-80.01081,Wreck
7585,Wreck,41.60847,-70.89819,Wreck
7586,Wreck,39.88806,-73.9775,Wreck
7587,Wreck,40.38012,-71.41115,Wreck
7588,Wreck 110 Barge,27.9169,-83.03257,Reef
7589,Wreck,30.43317,-81.1705,Wreck
7590,Wreck,39.22068,-74.28771,Wreck
7591,Wreck A,33.98033,-77.68325,Wreck
7592,Wreck And Coral Bottom,33.95,-77.59175,Wreck
7593,Wreck Arundo,40.19713,-73.66922,Reef
7594,Wreck B,33.96305,-77.02922,Wreck
7595,Wreck B 1,27.27631,-82.59933,Wreck
7596,Wreck C,33.73258,-77.4199,Wreck
7597,Wreck Car Float,39.3385,-74.3182,Structure
7598,Wreck Caryru,39.09237,-73.77928,Structure
7599,Wreck CLE,34.51677,-76.92468,Wreck
7600,Wreck Columbra,40.40128,-72.37163,Wreck
7601,Wreck D,33.76398,-77.94614,Wreck
7602,Wreck Dodger,40.48405,-73.20917,Wreck
7603,Wreck Dunlap,40.49343,-73.85988,Wreck
7604,Wreck E,33.95055,-77.59812,Wreck
7605,Wreck F,33.95332,-77.59689,Wreck
7606,Wreck G,33.7768,-77.54205,Wreck
7607,Wreck Groupertrigger,30.11616,-80.48829,Wreck
7608,Wreck H,34.42968,-76.9021,Wreck
7609,Wreck HOT,29.98515,-80.58035,Wreck
7610,Wreck Hudson Canyon,39.65815,-72.57388,Wreck
7611,Wreck I,34.09181,-77.76407,Wreck
7612,Wreck Iberia,40.5372,-73.6879,Wreck
7613,Wreck J,34.49907,-76.62842,Wreck
7614,Wreck J H North,39.64955,-73.21542,Wreck
7615,Wreck J H South,39.53927,-73.0413,Wreck
7616,Wreck Jacob Haskell,39.63287,-73.04892,Wreck
7617,Wreck John Smith,27.85338,-83.61952,Wreck
7618,Wreck K,34.05557,-76.61075,Wreck
7619,Wreck L,34.2653,-77.04107,Wreck
7620,Wreck LSM,27.85117,-83.02963,Wreck
7621,Wreck M,34.28538,-77.32025,Wreck
7622,Wreck Margret,40.56112,-73.77552,Reef
7623,Wreck Middle,39.81288,-72.8161,Wreck
7624,Wreck Mohawk,40.02235,-73.9059,Wreck
7625,Wreck N Of Freighter,30.20828,-87.2235,Wreck
7626,Wreck NO Name,40.43633,-73.18155,Wreck
7627,Wreck Of The Sufix I Concrete Sailboat,28.33411,-80.20277,Wreck
7628,Wreck Oregon,40.5093,-73.0489,Wreck
7629,Wreck Palm,26.82167,-82.53366,Wreck
7630,Wreck Pinta,40.23088,-73.84277,Wreck
7631,Wreck Rumrunner,40.47265,-73.65333,Wreck
7632,Wreck S S SAN Jose,39.24647,-74.15027,Wreck
7633,Wreck Sagun,39.83323,-72.17248,Wreck
7634,Wreck Site,33.7965,-76.69517,Wreck
7635,Wreck Three Sisters,40.38565,-73.6008,Wreck
7636,Wreck Turner DD,40.49775,-73.87242,Wreck
7637,Wreck West Wreck,39.8331,-72.88157,Wreck
7638,Wreck Winncone,39.45648,-72.75205,Wreck
7639,Wreck Wreck,40.4888,-73.82595,Wreck
7640,Wreck,40.29019,-73.37072,Wreck
7641,Wreck,40.27646,-73.31993,Wreck
7642,Wreck,41.13668,-73.21983,Wreck
7643,Wreck,29.06768,-83.10234,Wreck
7644,Wreck,43.17361,-69.29528,Wreck
7645,Wreck,25.41333,-79.22167,Wreck
7646,Wreck,41.29637,-72.01738,Wreck
7647,Wreck,27.62463,-82.65843,Wreck
7648,Wreck,27.62075,-82.65953,Wreck
7649,Wreck,41.1916,-71.95775,Wreck
7650,Wreck,28.83347,-89.78256,Wreck
7651,Wreck,41.10281,-71.94622,Wreck
7652,Wreck,41.10953,-71.89463,Wreck
7653,Wreck,38.92904,-76.38664,Wreck
7654,Wreck,38.93988,-76.386,Wreck
7655,Wreck,38.93329,-76.38388,Wreck
7656,Wreck,38.99016,-76.3722,Wreck
7657,Wreck,39.01343,-76.37175,Wreck
7658,Wreck,38.94096,-76.38686,Wreck
7659,Wreck,38.99677,-76.3861,Wreck
7660,Wreck,38.94578,-76.39397,Wreck
7661,Wreck,40.47639,-73.97831,Wreck
7662,Wreck,40.46756,-73.92597,Wreck
7663,Wreck,40.47392,-73.90733,Wreck
7664,Wreck,40.42539,-73.87636,Wreck
7665,Wreck,40.43942,-73.89014,Wreck
7666,Wreck,40.46044,-73.88119,Wreck
7667,Wreck,40.48194,-73.91969,Wreck
7668,Wreck,40.54668,-74.0437,Wreck
7669,Wreck,40.55014,-73.8916,Wreck
7670,Wreck,40.54411,-73.88768,Wreck
7671,Wreck,38.19992,-76.13696,Wreck
7672,Wreck,28.92882,-90.69245,Wreck
7673,Wreck,29.01989,-90.44816,Wreck
7674,Wreck,29.06583,-90.59207,Wreck
7675,Wreck,29.08349,-90.59978,Wreck
7676,Wreck,28.76985,-90.52552,Wreck
7677,Wreck,28.6546,-90.49317,Wreck
7678,Wreck,28.86622,-90.83061,Wreck
7679,Wreck,28.92172,-90.65791,Wreck
7680,Wreck,29.05932,-90.52291,Wreck
7681,Wreck,28.31877,-96.29889,Wreck
7682,Wreck,28.23517,-96.30844,Wreck
7683,Wreck,28.17199,-96.66689,Wreck
7684,Wreck,28.18304,-96.35851,Wreck
7685,Wreck,38.77219,-74.74264,Wreck
7686,Wreck,42.34816,-70.68308,Wreck
7687,Wreck,42.33817,-70.68265,Wreck
7688,Wreck,42.50324,-70.64108,Wreck
7689,Wreck,42.44028,-70.67069,Wreck
7690,Wreck,42.45057,-70.69946,Wreck
7691,Wreck,42.42926,-70.63517,Wreck
7692,Wreck,42.50025,-70.26826,Wreck
7693,Wreck,42.55047,-70.24964,Wreck
7694,Wreck,42.17491,-70.1766,Wreck
7695,Wreck,42.27643,-70.60734,Wreck
7696,Wreck,42.34197,-70.34984,Wreck
7697,Wreck,42.36751,-70.61855,Wreck
7698,Wreck,42.38338,-70.56559,Wreck
7699,Wreck,42.44964,-70.53406,Wreck
7700,Wreck,42.48996,-70.52659,Wreck
7701,Wreck,42.35068,-70.33272,Wreck
7702,Wreck,42.32652,-70.66976,Wreck
7703,Wreck,42.35043,-70.71299,Wreck
7704,Wreck,42.36402,-70.70394,Wreck
7705,Wreck,42.36842,-70.7178,Wreck
7706,Wreck,42.35235,-70.70302,Wreck
7707,Wreck,42.36268,-70.68797,Wreck
7708,Wreck,42.36383,-70.66567,Wreck
7709,Wreck,42.43889,-70.41114,Wreck
7710,Wreck,42.53351,-70.61631,Wreck
7711,Wreck,42.55545,-70.60958,Wreck
7712,Wreck,42.50029,-70.41656,Wreck
7713,Wreck,42.5105,-70.38019,Wreck
7714,Wreck,42.35111,-70.66333,Wreck
7715,Wreck,42.35611,-70.65806,Wreck
7716,Wreck,42.37932,-70.65718,Wreck
7717,Wreck,42.37377,-70.64724,Wreck
7718,Wreck,42.39261,-70.67411,Wreck
7719,Wreck,42.4075,-70.64917,Wreck
7720,Wreck,26.55916,-82.23636,Wreck
7721,Wreck,24.48014,-81.40564,Wreck
7722,Wreck,28.77955,-89.43482,Wreck
7723,Wreck,28.96409,-89.46687,Wreck
7724,Wreck,28.94592,-89.23055,Wreck
7725,Wreck,28.9437,-89.44369,Wreck
7726,Wreck,28.82142,-89.42574,Wreck
7727,Wreck,28.86982,-89.68147,Wreck
7728,Wreck,28.82768,-89.66498,Wreck
7729,Wreck,28.86861,-89.58974,Wreck
7730,Wreck,28.86415,-89.6085,Wreck
7731,Wreck,36.43645,-75.74595,Wreck
7732,Wreck,36.59866,-75.69817,Wreck
7733,Wreck,40.53662,-73.71767,Wreck
7734,Wreck,40.53601,-73.71582,Wreck
7735,Wreck,29.07135,-94.77003,Wreck
7736,Wreck,27.72836,-82.55193,Wreck
7737,Wreck,26.55872,-97.01682,Wreck
7738,Wreck,27.01337,-97.13184,Wreck
7739,Wreck,26.58403,-97.05014,Wreck
7740,Wreck,27.7908,-82.46789,Wreck
7741,Wreck,27.72525,-96.99305,Wreck
7742,Wreck,27.8499,-96.93046,Wreck
7743,Wreck,27.33942,-96.91102,Wreck
7744,Wreck,27.5167,-97.18384,Wreck
7745,Wreck,27.27033,-97.27066,Wreck
7746,Wreck,27.22526,-97.35028,Wreck
7747,Wreck,27.422,-97.25876,Wreck
7748,Wreck,27.81519,-82.44577,Wreck
7749,Wreck,38.81308,-75.06772,Wreck
7750,Wreck,27.68276,-96.95942,Wreck
7751,Wreck,27.39047,-96.92548,Wreck
7752,Wreck,27.61009,-97.11025,Wreck
7753,Wreck,27.89846,-96.98701,Wreck
7754,Wreck,28.17233,-96.66817,Wreck
7755,Wreck,38.80807,-75.04835,Wreck
7756,Wreck,38.84404,-75.0752,Wreck
7757,Wreck,29.05078,-95.13355,Wreck
7758,Wreck,28.58336,-95.06704,Wreck
7759,Wreck,28.83345,-95.45087,Wreck
7760,Wreck,39.47149,-75.5751,Wreck
7761,Wreck,28.70003,-95.72534,Wreck
7762,Wreck,28.76029,-95.27181,Wreck
7763,Wreck,29.06765,-95.01729,Wreck
7764,Wreck,28.58432,-95.01478,Wreck
7765,Wreck,28.9678,-95.06717,Wreck
7766,Wreck,28.63953,-95.19324,Wreck
7767,Wreck,28.70379,-95.69376,Wreck
7768,Wreck,28.80024,-95.48396,Wreck
7769,Wreck,28.63229,-95.08003,Wreck
7770,Wreck,28.98384,-95.20053,Wreck
7771,Wreck,26.40057,-97.01704,Wreck
7772,Wreck,29.10499,-94.43994,Wreck
7773,Wreck,29.23604,-94.42046,Wreck
7774,Wreck,27.75493,-82.51835,Wreck
7775,Wreck,41.29064,-71.99991,Wreck
7776,Wreck,29.16703,-94.09961,Wreck
7777,Wreck,29.27053,-94.49688,Wreck
7778,Wreck,39.4156,-75.50804,Wreck
7779,Wreck,29.21164,-94.0999,Wreck
7780,Wreck,39.53324,-75.54103,Wreck
7781,Wreck,39.35631,-75.4504,Wreck
7782,Wreck,27.89887,-96.81933,Wreck
7783,Wreck,27.78219,-82.49397,Wreck
7784,Wreck,28.93903,-95.08077,Wreck
7785,Wreck,29.56678,-94.31662,Wreck
7786,Wreck,28.69546,-95.42183,Wreck
7787,Wreck,39.3536,-75.43409,Wreck
7788,Wreck,27.81373,-82.43543,Wreck
7789,Wreck,28.83365,-95.42797,Wreck
7790,Wreck,37.25485,-75.62045,Wreck
7791,Wreck,37.29796,-75.5883,Wreck
7792,Wreck,37.22213,-75.60927,Wreck
7793,Wreck,38.29116,-74.7531,Wreck
7794,Wreck,38.34978,-74.89565,Wreck
7795,Wreck,39.41617,-75.51102,Wreck
7796,Wreck,37.48445,-75.28584,Wreck
7797,Wreck,39.53683,-75.5406,Wreck
7798,Wreck,29.29995,-93.95023,Wreck
7799,Wreck,39.42867,-75.52521,Wreck
7800,Wreck,29.57461,-93.81809,Wreck
7801,Wreck,39.39651,-75.50328,Wreck
7802,Wreck,29.35,-93.63333,Wreck
7803,Wreck,29.43931,-93.58681,Wreck
7804,Wreck,38.43133,-74.95715,Wreck
7805,Wreck,28.2015,-82.918,Wreck
7806,Wreck,41.29864,-71.98658,Wreck
7807,Wreck,37.5348,-75.23013,Wreck
7808,Wreck,41.30695,-71.95893,Wreck
7809,Wreck,41.29588,-71.86494,Wreck
7810,Wreck,37.00072,-75.37186,Wreck
7811,Wreck,37.0784,-75.38602,Wreck
7812,USNS Morgan,37.00125,-75.407983,Wreck
7813,Wreck,36.81745,-75.39621,Wreck
7814,Wreck,37.88888,-74.25531,Wreck
7815,Wreck,27.9773,-82.94783,Wreck
7816,Wreck,28.11692,-82.90026,Wreck
7817,Wreck,27.78683,-82.82508,Wreck
7818,Wreck,36.39126,-75.35899,Wreck
7819,Wreck,36.81764,-75.39742,Wreck
7820,Wreck,28.1421,-82.86894,Wreck
7821,Wreck,42.3703,-69.76601,Wreck
7822,Wreck,42.6344,-69.68273,Wreck
7823,Wreck,42.88227,-69.38329,Wreck
7824,Wreck,42.3336,-69.16689,Wreck
7825,Wreck,28.02584,-82.88797,Wreck
7826,Wreck,42.79035,-69.79305,Wreck
7827,Wreck,42.74948,-68.09173,Wreck
7828,Wreck,43.44946,-68.19824,Wreck
7829,Wreck,43.21552,-68.88493,Wreck
7830,Wreck,43.24821,-68.41532,Wreck
7831,Wreck,43.06635,-69.09985,Wreck
7832,Wreck,43.33291,-68.58464,Wreck
7833,Wreck,43.53121,-66.87659,Wreck
7834,Wreck,43.46501,-69.06791,Wreck
7835,Wreck,25.21529,-78.96585,Wreck
7836,Wreck,25.21354,-79.1274,Wreck
7837,Wreck,25.41976,-79.22477,Wreck
7838,Wreck,28.06308,-82.90914,Wreck
7839,Wreck,27.93667,-82.93667,Wreck
7840,Wreck,29.95851,-80.44175,Wreck
7841,Wreck,29.9637,-81.013,Wreck
7842,Wreck,28.11658,-96.24734,Wreck
7843,Wreck,28.08419,-96.20435,Wreck
7844,Wreck,26.9106,-82.36387,Wreck
7845,Wreck,26.67648,-82.30956,Wreck
7846,Wreck,25.41587,-79.22447,Wreck
7847,Wreck,25.208,-79.13597,Wreck
7848,Wreck,25.54697,-79.28957,Wreck
7849,Wreck,27.27846,-82.57664,Wreck
7850,Wreck,28.88,-94.45333,Wreck
7851,Wreck,29.21692,-93.44158,Wreck
7852,Wreck,29.24672,-93.53147,Wreck
7853,Wreck,28.38488,-94.56359,Wreck
7854,Wreck,28.4506,-91.3488,Wreck
7855,Wreck,28.44398,-91.10115,Wreck
7856,Wreck,28.44312,-91.54282,Wreck
7857,Wreck,28.39732,-91.21279,Wreck
7858,Wreck,26.69593,-82.30895,Wreck
7859,Wreck,28.39833,-95.79861,Wreck
7860,Wreck,28.4227,-91.58055,Wreck
7861,Wreck,28.56598,-91.5278,Wreck
7862,Wreck,28.23103,-90.86683,Wreck
7863,Wreck,28.16727,-90.71599,Wreck
7864,Wreck,28.19144,-90.84423,Wreck
7865,Wreck,28.79026,-91.58324,Wreck
7866,Wreck,28.3495,-91.30584,Wreck
7867,Wreck,28.5341,-90.98731,Wreck
7868,Wreck,29.10491,-93.77364,Wreck
7869,Wreck,28.36708,-90.83204,Wreck
7870,Wreck,27.275,-82.59847,Wreck
7871,Wreck,28.77537,-91.61242,Wreck
7872,Wreck,28.56604,-90.98051,Wreck
7873,Wreck,28.23306,-90.81649,Wreck
7874,Wreck,28.48012,-90.51799,Wreck
7875,Wreck,28.48303,-90.35966,Wreck
7876,Wreck,28.22104,-91.35823,Wreck
7877,Wreck,28.29936,-91.21423,Wreck
7878,Wreck,28.50485,-90.98731,Wreck
7879,Wreck,28.36493,-90.74341,Wreck
7880,Wreck,28.583,-91.51548,Wreck
7881,Wreck,28.53636,-91.5008,Wreck
7882,Wreck,28.21566,-91.44839,Wreck
7883,Wreck,28.47869,-90.90915,Wreck
7884,Wreck,28.84644,-91.68328,Wreck
7885,Wreck,28.24839,-89.22156,Wreck
7886,Wreck,29.15002,-88.45016,Wreck
7887,Wreck,28.7254,-89.25388,Wreck
7888,Wreck,28.83721,-93.73157,Wreck
7889,Wreck,28.50003,-90.21607,Wreck
7890,Wreck,28.16655,-89.79942,Wreck
7891,Wreck,28.63267,-89.55728,Wreck
7892,Wreck,28.73302,-89.39538,Wreck
7893,Wreck,29.31651,-88.66645,Wreck
7894,Wreck,26.92333,-82.45192,Wreck
7895,Wreck,29.91957,-88.40938,Wreck
7896,Wreck,29.87993,-88.33467,Wreck
7897,Wreck,28.58149,-90.13483,Wreck
7898,Wreck,29.49826,-88.48646,Wreck
7899,Wreck,28.57497,-90.15807,Wreck
7900,Wreck,29.19324,-88.63638,Wreck
7901,Wreck,28.68299,-89.64977,Wreck
7902,Wreck,29.24979,-88.58364,Wreck
7903,Wreck,27.78457,-82.59503,Wreck
7904,Wreck,28.69982,-90.13289,Wreck
7905,Wreck,28.50701,-90.17004,Wreck
7906,Wreck,28.66641,-89.38277,Wreck
7907,Wreck,28.64662,-88.96813,Wreck
7908,Wreck,29.64393,-88.534,Wreck
7909,Wreck,29.2033,-88.48512,Wreck
7910,Wreck,29.52456,-86.5566,Wreck
7911,Wreck,29.43236,-88.09452,Wreck
7912,Wreck,29.78853,-87.16292,Wreck
7913,Wreck,29.90482,-86.76689,Wreck
7914,Wreck,29.20013,-83.8672,Wreck
7915,Wreck,26.7837,-82.35829,Wreck
7916,Wreck,26.29618,-82.83495,Wreck
7917,Wreck,29.98711,-87.90037,Wreck
7918,Wreck,26.98206,-82.42959,Wreck
7919,Wreck,29.25909,-84.69115,Wreck
7920,Wreck,26.69413,-82.3025,Wreck
7921,Wreck,39.90614,-73.2885,Wreck
7922,Wreck,27.10834,-82.5166,Wreck
7923,Wreck,27.32035,-82.59621,Wreck
7924,Wreck,34.99453,-75.76311,Wreck
7925,Wreck,27.11984,-82.49418,Wreck
7926,Wreck,34.02495,-76.64759,Wreck
7927,Wreck,42.55019,-68.96552,Wreck
7928,Wreck,42.46735,-68.58242,Wreck
7929,Wreck,25.71969,-80.07656,Wreck
7930,Wreck,25.5071,-80.25897,Wreck
7931,Wreck,25.53333,-80.1,Wreck
7932,Wreck,25.57119,-80.12583,Wreck
7933,Wreck,25.64987,-80.21681,Wreck
7934,Wreck,27.93288,-82.91861,Wreck
7935,Wreck,25.54167,-80.14333,Wreck
7936,Wreck,25.7765,-80.08182,Wreck
7937,Wreck,25.21705,-80.29653,Wreck
7938,Wreck,25.32554,-80.2161,Wreck
7939,Wreck,25.42542,-80.12756,Wreck
7940,Wreck,25.34338,-80.16428,Wreck
7941,Wreck,25.44436,-80.11967,Wreck
7942,Wreck,25.44403,-80.12157,Wreck
7943,Wreck,25.4121,-80.12874,Wreck
7944,Wreck,25.21524,-80.28981,Wreck
7945,Wreck,25.40015,-80.13337,Wreck
7946,Wreck,25.42487,-80.12567,Wreck
7947,Wreck,25.20002,-80.31162,Wreck
7948,Wreck,25.16708,-80.19982,Wreck
7949,Wreck,24.98887,-80.41557,Wreck
7950,Wreck,24.93471,-80.55059,Wreck
7951,Wreck,24.88384,-80.57475,Wreck
7952,Wreck,25.00046,-80.4503,Wreck
7953,Wreck,25.06619,-80.31257,Wreck
7954,Wreck,24.70116,-80.86658,Wreck
7955,Wreck,24.75381,-80.81633,Wreck
7956,Wreck,26.12298,-80.08088,Wreck
7957,Wreck,25.82576,-80.07684,Wreck
7958,Wreck,25.8272,-80.07798,Wreck
7959,Wreck,25.83082,-80.0726,Wreck
7960,Wreck,25.83409,-80.07703,Wreck
7961,Wreck,25.83814,-80.07433,Wreck
7962,Wreck,26.57259,-80.02732,Wreck
7963,Wreck,26.5004,-80.03289,Wreck
7964,Wreck,25.88383,-80.09127,Wreck
7965,Wreck,26.26357,-80.06485,Wreck
7966,Wreck,26.31668,-80.06504,Wreck
7967,Wreck,26.32372,-80.06793,Wreck
7968,Wreck,26.36336,-80.06166,Wreck
7969,Wreck,26.51713,-80.03285,Wreck
7970,Wreck,27.52821,-80.3406,Wreck
7971,Wreck,27.52989,-80.33971,Wreck
7972,Wreck,26.87544,-80.01807,Wreck
7973,Wreck,26.91699,-80.04991,Wreck
7974,Wreck,27.01887,-80.07944,Wreck
7975,Wreck,26.48363,-82.21641,Wreck
7976,Wreck,26.34535,-81.90333,Wreck
7977,Wreck,26.48333,-82.20207,Wreck
7978,Wreck,26.38609,-81.89597,Wreck
7979,Wreck,25.96027,-81.77497,Wreck
7980,Wreck,25.90862,-81.76654,Wreck
7981,Wreck,30.46181,-81.23755,Wreck
7982,Wreck,30.40731,-81.26131,Wreck
7983,Wreck,30.41308,-81.25988,Wreck
7984,Wreck,30.42761,-81.24047,Wreck
7985,Wreck,30.42264,-81.2248,Wreck
7986,Wreck,30.42892,-81.22375,Wreck
7987,Wreck,30.38848,-81.17015,Wreck
7988,Wreck,30.40132,-81.37905,Wreck
7989,Wreck,30.40153,-81.38083,Wreck
7990,Wreck,30.38921,-81.34732,Wreck
7991,Wreck,30.40854,-81.39651,Wreck
7992,Wreck,30.39809,-81.38034,Wreck
7993,Wreck,30.34693,-81.21461,Wreck
7994,Wreck,29.92374,-85.43182,Wreck
7995,Wreck,29.78333,-85.39333,Wreck
7996,Wreck,29.63362,-85.36665,Wreck
7997,Wreck,29.64833,-85.33833,Wreck
7998,Wreck,29.61196,-85.13004,Wreck
7999,Wreck,29.61192,-85.11337,Wreck
8000,Wreck,29.63417,-85.3,Wreck
8001,Wreck,29.61695,-85.1167,Wreck
8002,Wreck,29.62362,-85.15672,Wreck
8003,Wreck,29.58744,-85.00557,Wreck
8004,Wreck,29.60002,-85.13338,Wreck
8005,Wreck,29.64198,-85.36672,Wreck
8006,Wreck,29.80667,-84.645,Wreck
8007,Wreck,29.71606,-84.62547,Wreck
8008,Wreck,26.82431,-79.97245,Wreck
8009,Wreck,29.79321,-84.66583,Wreck
8010,Wreck,29.61707,-84.61682,Wreck
8011,Wreck,29.69,-84.60056,Wreck
8012,Wreck,29.76167,-84.65833,Wreck
8013,Wreck,29.80694,-84.66271,Wreck
8014,Wreck,30.0833,-85.70407,Wreck
8015,Wreck,30.08365,-85.76655,Wreck
8016,Wreck,30.14833,-85.685,Wreck
8017,Wreck,30.15003,-85.69999,Wreck
8018,Wreck,30.11677,-85.70002,Wreck
8019,Wreck,30.37342,-86.50665,Wreck
8020,Wreck,30.09023,-85.76542,Wreck
8021,Wreck,28.41725,-80.39101,Wreck
8022,Wreck,28.39711,-80.53482,Wreck
8023,Wreck,30.12499,-85.6987,Wreck
8024,Wreck,28.38869,-80.62568,Wreck
8025,Wreck,30.11553,-85.70287,Wreck
8026,Wreck,30.1208,-85.69898,Wreck
8027,Wreck,30.13739,-85.70811,Wreck
8028,Wreck,30.11051,-85.70221,Wreck
8029,Wreck,28.86653,-80.76184,Wreck
8030,Wreck,29.07699,-80.90424,Wreck
8031,Wreck,29.0795,-80.90913,Wreck
8032,Wreck,29.56701,-81.14966,Wreck
8033,Wreck,29.86571,-81.24834,Wreck
8034,Wreck,27.46298,-80.27175,Wreck
8035,Wreck,27.46758,-80.31887,Wreck
8036,Wreck,24.60883,-81.88328,Wreck
8037,Wreck,24.63536,-81.88526,Wreck
8038,Wreck,24.45848,-81.80497,Wreck
8039,Wreck,24.43333,-81.71674,Wreck
8040,Wreck,24.42942,-81.89132,Wreck
8041,Wreck,24.45931,-81.97677,Wreck
8042,Wreck,24.46937,-81.98567,Wreck
8043,Wreck,24.45373,-81.91481,Wreck
8044,Wreck,24.50867,-81.74005,Wreck
8045,Wreck,24.57377,-81.84565,Wreck
8046,Wreck,24.50401,-81.83227,Wreck
8047,Wreck,24.50988,-81.8409,Wreck
8048,Wreck,24.52033,-81.83078,Wreck
8049,Wreck,24.54842,-81.40831,Wreck
8050,Wreck,24.55886,-81.47318,Wreck
8051,Wreck,24.57823,-81.40864,Wreck
8052,Wreck,24.60059,-81.38323,Wreck
8053,Wreck,24.55027,-81.4667,Wreck
8054,Wreck,24.55869,-81.41647,Wreck
8055,Wreck,24.68351,-81.15024,Wreck
8056,Wreck,24.63,-81.10505,Wreck
8057,Wreck,24.65001,-81.10837,Wreck
8058,Wreck,24.6666,-81.08337,Wreck
8059,Wreck,24.67039,-80.96319,Wreck
8060,Wreck,24.67345,-80.93618,Wreck
8061,Wreck,24.62874,-81.96986,Wreck
8062,Wreck,24.62547,-82.01149,Wreck
8063,Wreck,24.62549,-81.98091,Wreck
8064,Wreck,24.63333,-81.88333,Wreck
8065,Wreck,24.48904,-81.67736,Wreck
8066,Wreck,24.65726,-81.89819,Wreck
8067,Wreck,24.65648,-81.88422,Wreck
8068,Wreck,24.66736,-81.79965,Wreck
8069,Wreck,24.64407,-81.07181,Wreck
8070,Wreck,29.41927,-93.35188,Wreck
8071,Wreck,29.63598,-93.37804,Wreck
8072,Wreck,29.41667,-93.29999,Wreck
8073,Wreck,29.75028,-93.3511,Wreck
8074,Wreck,29.75025,-93.35,Wreck
8075,Wreck,29.34997,-93.17497,Wreck
8076,Wreck,29.68332,-93.33995,Wreck
8077,Wreck,29.69801,-93.34193,Wreck
8078,Wreck,29.74598,-93.34464,Wreck
8079,Wreck,29.75021,-93.29476,Wreck
8080,Wreck,29.71833,-93.36629,Wreck
8081,Wreck,29.39167,-88.9917,Wreck
8082,Wreck,29.47549,-89.14994,Wreck
8083,Wreck,29.489,-89.12337,Wreck
8084,Wreck,29.4928,-89.12755,Wreck
8085,Wreck,29.49354,-89.13073,Wreck
8086,Wreck,29.48333,-89.15007,Wreck
8087,Wreck,29.49999,-89.11669,Wreck
8088,Wreck,29.52649,-89.22872,Wreck
8089,Wreck,29.5334,-89.2331,Wreck
8090,Wreck,29.57882,-89.26503,Wreck
8091,Wreck,29.58835,-89.23701,Wreck
8092,Wreck,29.58001,-89.25672,Wreck
8093,Wreck,29.55028,-89.23967,Wreck
8094,Wreck,29.52985,-89.19159,Wreck
8095,Wreck,29.55085,-89.20916,Wreck
8096,Wreck,29.52497,-89.05506,Wreck
8097,Wreck,29.55024,-89.05004,Wreck
8098,Wreck,29.58361,-89.01655,Wreck
8099,Wreck,29.42336,-89.16698,Wreck
8100,Wreck,29.39196,-89.06031,Wreck
8101,Wreck,29.39612,-89.1067,Wreck
8102,Wreck,29.36846,-89.10963,Wreck
8103,Wreck,29.48,-89.23694,Wreck
8104,Wreck,29.47668,-89.3167,Wreck
8105,Wreck,29.57834,-89.11663,Wreck
8106,Wreck,29.57629,-89.2649,Wreck
8107,Wreck,29.55835,-89.30835,Wreck
8108,Wreck,29.56392,-89.17333,Wreck
8109,Wreck,29.02192,-90.21621,Wreck
8110,Wreck,29.01844,-90.28111,Wreck
8111,Wreck,29.00528,-90.27025,Wreck
8112,Wreck,28.91717,-90.17742,Wreck
8113,Wreck,29.02158,-90.13994,Wreck
8114,Wreck,28.97122,-90.24086,Wreck
8115,Wreck,28.96539,-90.03306,Wreck
8116,Wreck,29.30833,-93.24,Wreck
8117,Wreck,29.0965,-90.58322,Wreck
8118,Wreck,29.10023,-90.55223,Wreck
8119,Wreck,28.9841,-89.13695,Wreck
8120,Wreck,28.88873,-89.43725,Wreck
8121,Wreck,28.98336,-89.13324,Wreck
8122,Wreck,28.96398,-89.14441,Wreck
8123,Wreck,28.90481,-89.43026,Wreck
8124,Wreck,30.11534,-89.81284,Wreck
8125,Wreck,30.14174,-89.80853,Wreck
8126,Wreck,30.14699,-89.78673,Wreck
8127,Wreck,29.19362,-90.03839,Wreck
8128,Wreck,29.18839,-90.02829,Wreck
8129,Wreck,28.65356,-89.78669,Wreck
8130,Wreck,28.73983,-89.8155,Wreck
8131,Wreck,28.75333,-89.81,Wreck
8132,Wreck,28.93332,-89.71654,Wreck
8133,Wreck,42.75843,-70.78132,Wreck
8134,Wreck,42.58536,-70.67503,Wreck
8135,Wreck,42.57236,-70.67146,Wreck
8136,Wreck,42.56446,-70.61849,Wreck
8137,Wreck,42.62439,-70.55481,Wreck
8138,Wreck,42.67663,-70.58542,Wreck
8139,Wreck,42.57167,-70.60166,Wreck
8140,Wreck,42.65002,-70.58244,Wreck
8141,Wreck,42.67802,-70.58277,Wreck
8142,Wreck,42.57333,-70.655,Wreck
8143,Wreck,42.61682,-70.55936,Wreck
8144,Wreck,42.67911,-70.58484,Wreck
8145,Wreck,42.58033,-70.61937,Wreck
8146,Wreck,42.64936,-70.56951,Wreck
8147,Wreck,42.3886,-70.90973,Wreck
8148,Wreck,30.18181,-88.05727,Wreck
8149,Wreck,42.36991,-70.76605,Wreck
8150,Wreck,42.39146,-70.88837,Wreck
8151,Wreck,42.39124,-70.73872,Wreck
8152,Wreck,42.38957,-70.91851,Wreck
8153,Wreck,42.39518,-70.86385,Wreck
8154,Wreck,42.39489,-70.88479,Wreck
8155,Wreck,42.32966,-71.00264,Wreck
8156,Wreck,42.3306,-71.00267,Wreck
8157,Wreck,42.33733,-70.98917,Wreck
8158,Wreck,30.2137,-88.03562,Wreck
8159,Wreck,42.214,-70.71105,Wreck
8160,Wreck,42.27508,-70.70624,Wreck
8161,Wreck,42.53725,-70.82708,Wreck
8162,Wreck,30.17208,-88.03687,Wreck
8163,Wreck,42.43593,-70.8426,Wreck
8164,Wreck,42.41635,-70.85899,Wreck
8165,Wreck,42.41511,-70.85793,Wreck
8166,Wreck,42.41238,-70.81268,Wreck
8167,Wreck,42.4467,-70.78392,Wreck
8168,Wreck,42.545,-70.668,Wreck
8169,Wreck,42.93643,-70.73637,Wreck
8170,Wreck,42.54612,-70.6677,Wreck
8171,Wreck,42.91675,-70.74548,Wreck
8172,Wreck,42.49992,-70.69929,Wreck
8173,Wreck,42.73748,-70.67208,Wreck
8174,Wreck,42.4768,-70.72281,Wreck
8175,Wreck,42.74435,-70.67781,Wreck
8176,Wreck,41.52764,-70.56671,Wreck
8177,Wreck,41.57646,-70.33793,Wreck
8178,Wreck,41.57566,-70.24441,Wreck
8179,Wreck,41.57144,-70.24216,Wreck
8180,Wreck,41.58946,-70.26805,Wreck
8181,Wreck,41.46129,-70.43518,Wreck
8182,Wreck,41.33841,-70.43278,Wreck
8183,Wreck,41.47264,-70.4835,Wreck
8184,Wreck,41.47956,-70.53384,Wreck
8185,Wreck,41.47453,-70.44958,Wreck
8186,Wreck,40.98366,-71.89124,Wreck
8187,Wreck,41.06895,-71.81887,Wreck
8188,Wreck,41.11929,-71.97081,Wreck
8189,Wreck,41.09762,-71.77439,Wreck
8190,Wreck,41.1918,-72.19535,Wreck
8191,Wreck,41.10037,-71.78187,Wreck
8192,Wreck,42.39863,-70.8755,Wreck
8193,Wreck,41.57755,-70.69943,Wreck
8194,Wreck,41.51687,-70.63281,Wreck
8195,Wreck,41.5355,-70.60154,Wreck
8196,Wreck,41.50165,-70.62502,Wreck
8197,Wreck,30.21881,-88.04164,Wreck
8198,Wreck,41.72009,-70.70789,Wreck
8199,Wreck,41.78583,-70.48358,Wreck
8200,Wreck,41.27086,-70.43798,Wreck
8201,Wreck,41.49671,-70.55361,Wreck
8202,Wreck,42.05011,-70.24951,Wreck
8203,Wreck,42.04847,-70.25983,Wreck
8204,Wreck,42.00602,-70.59006,Wreck
8205,Wreck,41.82514,-70.18287,Wreck
8206,Wreck,41.82389,-70.15718,Wreck
8207,Wreck,41.83018,-70.14236,Wreck
8208,Wreck,41.83134,-70.04363,Wreck
8209,Wreck,41.9375,-70.1205,Wreck
8210,Wreck,41.75009,-70.3646,Wreck
8211,Wreck,41.63673,-69.91305,Wreck
8212,Wreck,41.66818,-69.91508,Wreck
8213,Wreck,41.31183,-70.1134,Wreck
8214,Wreck,41.27159,-70.33785,Wreck
8215,Wreck,41.39969,-69.925,Wreck
8216,Wreck,41.40276,-70.16469,Wreck
8217,Wreck,41.37336,-69.9394,Wreck
8218,Wreck,41.40429,-70.21612,Wreck
8219,Wreck,41.40844,-70.25786,Wreck
8220,Wreck,41.44495,-70.20298,Wreck
8221,Wreck,41.37092,-70.15281,Wreck
8222,Wreck,41.45224,-70.30137,Wreck
8223,Wreck,41.45386,-70.24452,Wreck
8224,Wreck,41.59055,-69.87517,Wreck
8225,Wreck,41.49395,-70.02976,Wreck
8226,Wreck,41.39998,-69.9,Wreck
8227,Wreck,41.55019,-69.96283,Wreck
8228,Wreck,41.55275,-69.90251,Wreck
8229,Wreck,41.57,-69.94329,Wreck
8230,Wreck,41.53508,-70.0128,Wreck
8231,Wreck,41.52757,-69.98447,Wreck
8232,Wreck,41.56166,-69.90254,Wreck
8233,Wreck,41.58587,-69.96203,Wreck
8234,Wreck,41.52374,-70.00209,Wreck
8235,Wreck,41.51483,-69.96943,Wreck
8236,Wreck,41.54603,-69.94602,Wreck
8237,Wreck,41.51771,-70.00514,Wreck
8238,Wreck,41.52279,-69.99226,Wreck
8239,Wreck,41.54947,-69.97967,Wreck
8240,Wreck,41.55556,-69.90441,Wreck
8241,Wreck,39.21793,-76.51773,Wreck
8242,Wreck,39.21592,-76.51618,Wreck
8243,Wreck,41.5888,-70.6669,Wreck
8244,Wreck,39.04402,-76.34206,Wreck
8245,Wreck,39.09497,-76.29639,Wreck
8246,Wreck,39.06847,-76.27063,Wreck
8247,Wreck,39.07778,-76.2585,Wreck
8248,Wreck,39.25672,-76.3248,Wreck
8249,Wreck,39.15436,-76.44986,Wreck
8250,Wreck,38.86314,-76.48234,Wreck
8251,Wreck,38.86199,-76.47895,Wreck
8252,Wreck,38.78639,-76.50859,Wreck
8253,Wreck,38.88842,-76.48456,Wreck
8254,Wreck,38.86581,-76.43642,Wreck
8255,Wreck,38.88151,-76.48199,Wreck
8256,Wreck,38.89882,-76.40137,Wreck
8257,Wreck,38.90186,-76.44963,Wreck
8258,Wreck,38.85824,-76.30789,Wreck
8259,Wreck,38.79446,-76.44835,Wreck
8260,Wreck,38.86044,-76.3952,Wreck
8261,Wreck,38.8094,-76.3791,Wreck
8262,Wreck,38.89463,-76.41789,Wreck
8263,Wreck,38.8872,-76.43202,Wreck
8264,Wreck,38.79424,-76.4127,Wreck
8265,Wreck,38.82854,-76.39468,Wreck
8266,Wreck,39.30335,-76.32996,Wreck
8267,Wreck,39.32314,-76.19611,Wreck
8268,Wreck,39.31663,-76.22502,Wreck
8269,Wreck,39.58101,-75.5493,Wreck
8270,Wreck,38.66666,-76.5205,Wreck
8271,Wreck,38.50734,-76.39273,Wreck
8272,Wreck,38.51179,-76.39188,Wreck
8273,Wreck,38.65992,-76.28302,Wreck
8274,Wreck,38.59587,-76.41171,Wreck
8275,Wreck,38.74013,-76.48856,Wreck
8276,Wreck,38.75668,-76.52376,Wreck
8277,Wreck,38.61744,-76.40885,Wreck
8278,Wreck,38.75135,-76.52265,Wreck
8279,Wreck,38.76839,-76.49353,Wreck
8280,Wreck,38.62636,-76.42037,Wreck
8281,Wreck,38.72119,-76.48567,Wreck
8282,Wreck,38.5755,-76.37282,Wreck
8283,Wreck,38.58354,-76.47831,Wreck
8284,Wreck,38.69393,-76.52077,Wreck
8285,Wreck,38.77779,-76.43143,Wreck
8286,Wreck,38.74581,-76.45763,Wreck
8287,Wreck,38.7324,-76.40727,Wreck
8288,Wreck,38.70691,-76.416,Wreck
8289,Wreck,38.70312,-76.42454,Wreck
8290,Wreck,38.60754,-76.43023,Wreck
8291,Wreck,38.75074,-76.44904,Wreck
8292,Wreck,38.90862,-76.23612,Wreck
8293,Wreck,38.29841,-76.36122,Wreck
8294,Wreck,38.38399,-76.3388,Wreck
8295,Wreck,38.30668,-76.35531,Wreck
8296,Wreck,38.42516,-76.41604,Wreck
8297,Wreck,38.46219,-76.3651,Wreck
8298,Wreck,38.46694,-76.35112,Wreck
8299,Wreck,38.32927,-76.30043,Wreck
8300,Wreck,38.31155,-76.34371,Wreck
8301,Wreck,38.3416,-76.30416,Wreck
8302,Wreck,38.42409,-76.39077,Wreck
8303,Wreck,38.31425,-76.35675,Wreck
8304,Wreck,38.98749,-76.38064,Wreck
8305,Wreck,39.06689,-76.41628,Wreck
8306,Wreck,39.01766,-76.3561,Wreck
8307,Wreck,38.9901,-76.3992,Wreck
8308,Wreck,39.09868,-76.42061,Wreck
8309,Wreck,39.05162,-76.55378,Wreck
8310,Wreck,38.97907,-76.41036,Wreck
8311,Wreck,38.93266,-76.39366,Wreck
8312,Wreck,38.97267,-76.38957,Wreck
8313,Wreck,38.99085,-76.36033,Wreck
8314,Wreck,38.30586,-76.45078,Wreck
8315,Wreck,38.31381,-76.4405,Wreck
8316,Wreck,38.31364,-76.42511,Wreck
8317,Wreck,38.31275,-76.41669,Wreck
8318,Wreck,38.97371,-76.44543,Wreck
8319,Wreck,38.94417,-76.43111,Wreck
8320,Wreck,38.20456,-76.72888,Wreck
8321,Wreck,43.54678,-70.20796,Wreck
8322,Wreck,43.64388,-70.16355,Wreck
8323,Wreck,43.70817,-70.19416,Wreck
8324,Wreck,43.53524,-70.2038,Wreck
8325,Wreck,43.53037,-70.17191,Wreck
8326,Wreck,43.52035,-70.10568,Wreck
8327,Wreck,43.56475,-70.02315,Wreck
8328,Wreck,43.56641,-70.00916,Wreck
8329,Wreck,43.56526,-70.00098,Wreck
8330,Wreck,43.81731,-69.86687,Wreck
8331,Wreck,43.73011,-69.62309,Wreck
8332,Wreck,43.8152,-69.40944,Wreck
8333,Wreck,43.85314,-69.34715,Wreck
8334,Wreck,43.88848,-69.25635,Wreck
8335,Wreck,43.85171,-69.20257,Wreck
8336,Wreck,43.76751,-69.37224,Wreck
8337,Wreck,43.90615,-69.08559,Wreck
8338,Wreck,43.92086,-69.06905,Wreck
8339,Wreck,44.00006,-68.79939,Wreck
8340,Wreck,44.10366,-69.05268,Wreck
8341,Wreck,44.0975,-69.06558,Wreck
8342,Wreck,30.22886,-88.82903,Wreck
8343,Wreck,30.20013,-89.30013,Wreck
8344,Wreck,30.24684,-88.90989,Wreck
8345,Wreck,30.20026,-89.04993,Wreck
8346,Wreck,30.2424,-89.2561,Wreck
8347,Wreck,30.25044,-89.18364,Wreck
8348,Wreck,30.16833,-89.27,Wreck
8349,Wreck,30.19345,-89.06178,Wreck
8350,Wreck,30.27306,-89.24444,Wreck
8351,Wreck,30.20667,-89.03833,Wreck
8352,Wreck,30.24,-88.95167,Wreck
8353,Wreck,30.21592,-88.9111,Wreck
8354,Wreck,30.22521,-88.88177,Wreck
8355,Wreck,30.24944,-88.86211,Wreck
8356,Wreck,30.17518,-89.11687,Wreck
8357,Wreck,30.18001,-89.23472,Wreck
8358,Wreck,30.23692,-88.77831,Wreck
8359,Wreck,30.24833,-89.10833,Wreck
8360,Wreck,30.17865,-89.2384,Wreck
8361,Wreck,30.15176,-89.34743,Wreck
8362,Wreck,30.245,-88.82841,Wreck
8363,Wreck,30.21926,-89.23979,Wreck
8364,Wreck,30.18952,-89.23847,Wreck
8365,Wreck,30.22333,-88.79175,Wreck
8366,Wreck,30.23036,-88.77343,Wreck
8367,Wreck,30.23419,-88.75667,Wreck
8368,Wreck,30.2395,-88.82008,Wreck
8369,Wreck,30.22334,-88.72835,Wreck
8370,Wreck,30.25,-88.45167,Wreck
8371,Wreck,30.24035,-88.43495,Wreck
8372,Wreck,30.24913,-88.4359,Wreck
8373,Wreck,30.24967,-88.43334,Wreck
8374,Wreck,30.24038,-88.40989,Wreck
8375,Wreck,30.1828,-88.20702,Wreck
8376,Wreck,30.25,-88.61667,Wreck
8377,Wreck,33.85042,-78.1094,Wreck
8378,Wreck,33.81356,-77.96753,Wreck
8379,Wreck,33.85226,-78.10941,Wreck
8380,Wreck,34.74566,-76.60694,Wreck
8381,Wreck,34.61847,-76.54298,Wreck
8382,Wreck,34.98524,-76.08789,Wreck
8383,Wreck,35.13332,-76.29951,Wreck
8384,Wreck,35.13844,-76.27876,Wreck
8385,Wreck,35.1204,-76.212,Wreck
8386,Wreck,35.10814,-76.14206,Wreck
8387,Wreck,35.03173,-76.02427,Wreck
8388,Wreck,35.07343,-76.56779,Wreck
8389,Wreck,30.21469,-88.78005,Wreck
8390,Wreck,30.20512,-88.51635,Wreck
8391,Wreck,35.08833,-76.54653,Wreck
8392,Wreck,35.10085,-76.50283,Wreck
8393,Wreck,35.10208,-76.50115,Wreck
8394,Wreck,35.99338,-75.96646,Wreck
8395,Wreck,36.02001,-75.945,Wreck
8396,Wreck,33.89182,-78.05933,Wreck
8397,Wreck,36.05826,-75.96687,Wreck
8398,Wreck,35.78678,-75.51682,Wreck
8399,Wreck,35.78594,-75.53038,Wreck
8400,Wreck,36.12332,-76.02165,Wreck
8401,Wreck,40.50423,-74.20837,Wreck
8402,Wreck,40.47513,-74.17233,Wreck
8403,Wreck,40.48008,-74.13459,Wreck
8404,Wreck,40.48926,-74.13907,Wreck
8405,Wreck,40.48781,-74.20283,Wreck
8406,Wreck,35.78411,-75.5184,Wreck
8407,Wreck,40.68802,-74.12481,Wreck
8408,Wreck,40.68441,-74.12527,Wreck
8409,Wreck,39.30162,-74.55666,Wreck
8410,Wreck,39.27513,-74.54997,Wreck
8411,Wreck,39.33652,-74.43879,Wreck
8412,Wreck,39.32003,-74.45204,Wreck
8413,Wreck,39.50832,-74.38311,Wreck
8414,Wreck,39.78098,-74.08702,Wreck
8415,Wreck,39.76836,-74.08452,Wreck
8416,Wreck,39.33068,-74.4652,Wreck
8417,Wreck,39.32731,-74.4186,Wreck
8418,Wreck,39.31764,-74.4669,Wreck
8419,Wreck,39.29698,-74.41991,Wreck
8420,Wreck,39.30017,-74.5498,Wreck
8421,Wreck,39.51681,-74.26628,Wreck
8422,Wreck,39.5002,-74.27977,Wreck
8423,Wreck,39.49303,-74.27248,Wreck
8424,Wreck,40.47482,-74.20617,Wreck
8425,Wreck,39.77464,-74.08621,Wreck
8426,Wreck,40.50234,-74.138,Wreck
8427,Wreck,38.90205,-74.85581,Wreck
8428,Wreck,40.4817,-74.13782,Wreck
8429,Wreck,40.48573,-74.17445,Wreck
8430,Wreck,38.84524,-74.90064,Wreck
8431,Wreck,40.50342,-74.19801,Wreck
8432,Wreck,38.99854,-74.76496,Wreck
8433,Wreck,39.36841,-74.38695,Wreck
8434,Wreck,39.36672,-74.40202,Wreck
8435,Wreck,39.69521,-74.09448,Wreck
8436,Wreck,40.06112,-74.00815,Wreck
8437,Wreck,40.17165,-73.97482,Wreck
8438,Wreck,40.32464,-73.95012,Wreck
8439,Wreck,40.07703,-73.97539,Wreck
8440,Wreck,40.1943,-73.94675,Wreck
8441,Wreck,40.3328,-73.92691,Wreck
8442,Wreck,39.85247,-74.06525,Wreck
8443,Wreck,40.2036,-73.98753,Wreck
8444,Wreck,40.14198,-73.97051,Wreck
8445,Wreck,40.17683,-73.98151,Wreck
8446,Wreck,39.74351,-74.06447,Wreck
8447,Wreck,40.0321,-73.97133,Wreck
8448,Wreck,40.10919,-73.96907,Wreck
8449,Wreck,40.03382,-73.9659,Wreck
8450,Wreck,40.11596,-73.95931,Wreck
8451,Wreck,40.26897,-73.94288,Wreck
8452,Wreck,39.60878,-74.17787,Wreck
8453,Wreck,39.76004,-74.09153,Wreck
8454,Wreck,40.02594,-73.98286,Wreck
8455,Wreck,40.38569,-73.94343,Wreck
8456,Wreck,40.80127,-73.84934,Wreck
8457,Wreck,40.95056,-73.45135,Wreck
8458,Wreck,40.94229,-73.43916,Wreck
8459,Wreck,40.79981,-73.85739,Wreck
8460,Wreck,40.94816,-73.46533,Wreck
8461,Wreck,40.97665,-73.57548,Wreck
8462,Wreck,40.96939,-73.53449,Wreck
8463,Wreck,40.98428,-73.49678,Wreck
8464,Wreck,40.94777,-73.4664,Wreck
8465,Wreck,40.97609,-73.57267,Wreck
8466,Wreck,40.97273,-73.56499,Wreck
8467,Wreck,40.97413,-73.52096,Wreck
8468,Wreck,40.98958,-73.41932,Wreck
8469,Wreck,40.98623,-73.53775,Wreck
8470,Wreck,40.93294,-73.52315,Wreck
8471,Wreck,40.9772,-73.51859,Wreck
8472,Wreck,40.98375,-73.46401,Wreck
8473,Wreck,40.95633,-73.45683,Wreck
8474,Wreck,40.99026,-73.43311,Wreck
8475,Wreck,40.96588,-73.53745,Wreck
8476,Wreck,40.96602,-73.48234,Wreck
8477,Wreck,40.99647,-73.5761,Wreck
8478,Wreck,40.99337,-73.55506,Wreck
8479,Wreck,40.9461,-73.53932,Wreck
8480,Wreck,40.98092,-73.50563,Wreck
8481,Wreck,39.44671,-74.30889,Wreck
8482,Wreck,40.98759,-73.43411,Wreck
8483,Wreck,39.50148,-74.27907,Wreck
8484,Wreck,40.91206,-73.4108,Wreck
8485,Wreck,40.91175,-73.42018,Wreck
8486,Wreck,40.91976,-73.39375,Wreck
8487,Wreck,40.91943,-73.38351,Wreck
8488,Wreck,40.9116,-73.38385,Wreck
8489,Wreck,40.91426,-73.38199,Wreck
8490,Wreck,40.91931,-73.37466,Wreck
8491,Wreck,40.91895,-73.3947,Wreck
8492,Wreck,40.91486,-73.39962,Wreck
8493,Wreck,40.92298,-73.41851,Wreck
8494,Wreck,39.01715,-74.76779,Wreck
8495,Wreck,40.9454,-73.41855,Wreck
8496,Wreck,39.01396,-74.76728,Wreck
8497,Wreck,39.00898,-74.76764,Wreck
8498,Wreck,40.94573,-73.42341,Wreck
8499,Wreck,40.94771,-73.42376,Wreck
8500,Wreck,38.84106,-74.92695,Wreck
8501,Wreck,40.94055,-73.42562,Wreck
8502,Wreck,40.9415,-73.43092,Wreck
8503,Wreck,40.95896,-73.43752,Wreck
8504,Wreck,40.96163,-73.43554,Wreck
8505,Wreck,40.98203,-73.42663,Wreck
8506,Wreck,39.36047,-74.40479,Wreck
8507,Wreck,40.9836,-73.41907,Wreck
8508,Wreck,40.98793,-73.4091,Wreck
8509,Wreck,40.98486,-73.40919,Wreck
8510,Wreck,40.98315,-73.43137,Wreck
8511,Wreck,40.89278,-73.74189,Wreck
8512,Wreck,40.89482,-73.72217,Wreck
8513,Wreck,40.83442,-73.79264,Wreck
8514,Wreck,40.8968,-73.71658,Wreck
8515,Wreck,40.84112,-73.7607,Wreck
8516,Wreck,40.80439,-73.77404,Wreck
8517,Wreck,40.87796,-73.73089,Wreck
8518,Wreck,40.87519,-73.74323,Wreck
8519,Wreck,40.84198,-73.76021,Wreck
8520,Wreck,40.88149,-73.75124,Wreck
8521,Wreck,40.84389,-73.79515,Wreck
8522,Wreck,40.87831,-73.75068,Wreck
8523,Wreck,40.86287,-73.76316,Wreck
8524,Wreck,40.8738,-73.75676,Wreck
8525,Wreck,40.87958,-73.7512,Wreck
8526,Wreck,40.80559,-73.81136,Wreck
8527,Wreck,40.79883,-73.78694,Wreck
8528,Wreck,40.88047,-73.74999,Wreck
8529,Wreck,40.88898,-73.74674,Wreck
8530,Wreck,40.89335,-73.74523,Wreck
8531,Wreck,40.82,-73.78667,Wreck
8532,Wreck,40.89371,-73.73141,Wreck
8533,Wreck,40.84068,-73.80616,Wreck
8534,Wreck,40.87581,-73.69767,Wreck
8535,Wreck,40.81554,-73.77052,Wreck
8536,Wreck,40.85238,-73.75886,Wreck
8537,Wreck,40.87225,-73.74741,Wreck
8538,Wreck,40.83778,-73.80839,Wreck
8539,Wreck,40.87801,-73.71764,Wreck
8540,Wreck,40.85584,-73.7805,Wreck
8541,Wreck,40.87715,-73.74433,Wreck
8542,Wreck,40.87236,-73.75475,Wreck
8543,Wreck,40.89426,-73.73948,Wreck
8544,Wreck,40.88229,-73.75499,Wreck
8545,Wreck,40.88505,-73.74786,Wreck
8546,Wreck,40.80236,-73.78114,Wreck
8547,Wreck,40.88333,-73.74214,Wreck
8548,Wreck,40.82757,-73.71788,Wreck
8549,Wreck,40.82162,-73.78601,Wreck
8550,Wreck,40.89337,-73.7237,Wreck
8551,Wreck,40.83061,-73.79566,Wreck
8552,Wreck,40.57736,-74.04472,Wreck
8553,Wreck,40.86491,-73.76086,Wreck
8554,Wreck,40.87853,-73.75282,Wreck
8555,Wreck,40.88074,-73.7444,Wreck
8556,Wreck,40.90965,-73.72568,Wreck
8557,Wreck,40.90275,-73.65482,Wreck
8558,Wreck,40.94965,-73.62797,Wreck
8559,Wreck,40.93212,-73.61625,Wreck
8560,Wreck,40.91225,-73.64441,Wreck
8561,Wreck,40.95631,-73.62441,Wreck
8562,Wreck,40.93028,-73.62531,Wreck
8563,Wreck,40.90512,-73.64862,Wreck
8564,Wreck,40.95575,-73.6156,Wreck
8565,Wreck,40.94717,-73.6031,Wreck
8566,Wreck,40.93645,-73.62768,Wreck
8567,Wreck,40.93912,-73.64212,Wreck
8568,Wreck,40.92702,-73.67,Wreck
8569,Wreck,40.90685,-73.71968,Wreck
8570,Wreck,40.90424,-73.70624,Wreck
8571,Wreck,40.90672,-73.69844,Wreck
8572,Wreck,40.89906,-73.71483,Wreck
8573,Wreck,40.92111,-73.69466,Wreck
8574,Wreck,40.4195,-74.00183,Wreck
8575,Wreck,40.46532,-74.04528,Wreck
8576,Wreck,40.44127,-74.00943,Wreck
8577,Wreck,40.50012,-73.99963,Wreck
8578,Wreck,40.46769,-74.12189,Wreck
8579,Wreck,40.58896,-74.01603,Wreck
8580,Wreck,40.53116,-73.98937,Wreck
8581,Wreck,40.54208,-73.98652,Wreck
8582,Wreck,40.53361,-73.99412,Wreck
8583,Wreck,40.54964,-74.04653,Wreck
8584,Wreck,40.58473,-74.05088,Wreck
8585,Wreck,40.51957,-74.08615,Wreck
8586,Wreck,40.5813,-74.06315,Wreck
8587,Wreck,40.53643,-74.06497,Wreck
8588,Wreck,40.459,-73.93485,Wreck
8589,Wreck,40.44775,-73.93561,Wreck
8590,Wreck,40.44692,-73.93175,Wreck
8591,Wreck,40.65738,-74.05086,Wreck
8592,Wreck,40.68425,-74.06263,Wreck
8593,Wreck,40.65527,-74.07625,Wreck
8594,Wreck,41.11255,-72.53586,Wreck
8595,Wreck,40.91901,-72.53456,Wreck
8596,Wreck,41.1211,-72.38363,Wreck
8597,Wreck,41.16754,-72.41819,Wreck
8598,Wreck,40.96669,-72.48303,Wreck
8599,Wreck,41.16827,-72.24375,Wreck
8600,Wreck,40.89884,-73.65724,Wreck
8601,Wreck,40.89755,-73.71768,Wreck
8602,Wreck,40.93121,-73.60366,Wreck
8603,Wreck,40.98109,-73.09708,Wreck
8604,Wreck,40.50729,-74.08062,Wreck
8605,Wreck,40.50971,-74.11408,Wreck
8606,Wreck,40.51244,-74.10198,Wreck
8607,Wreck,40.51233,-74.10322,Wreck
8608,Wreck,40.49501,-74.07659,Wreck
8609,Wreck,40.49098,-74.10331,Wreck
8610,Wreck,40.55757,-73.96845,Wreck
8611,Wreck,40.57283,-74.04023,Wreck
8612,Wreck,40.56409,-73.95933,Wreck
8613,Wreck,40.54953,-73.98896,Wreck
8614,Wreck,40.57628,-74.04293,Wreck
8615,Wreck,40.53426,-73.84838,Wreck
8616,Wreck,40.55915,-73.82355,Wreck
8617,Wreck,40.55645,-73.8218,Wreck
8618,Wreck,40.5501,-73.89957,Wreck
8619,Wreck,40.73613,-74.01922,Wreck
8620,Wreck,40.58329,-73.39932,Wreck
8621,Wreck,40.73177,-72.7893,Wreck
8622,Wreck,40.7433,-72.74338,Wreck
8623,Wreck,40.81168,-72.49433,Wreck
8624,Wreck,40.83349,-72.46618,Wreck
8625,Wreck,40.76106,-72.72933,Wreck
8626,Wreck,40.57354,-73.57907,Wreck
8627,Wreck,40.57513,-73.58619,Wreck
8628,Wreck,40.56651,-73.72784,Wreck
8629,Wreck,40.57109,-73.53332,Wreck
8630,Wreck,40.57594,-73.90371,Wreck
8631,Wreck,40.80247,-72.47428,Wreck
8632,Wreck,41.26648,-71.82121,Wreck
8633,Wreck,41.28772,-71.77076,Wreck
8634,Wreck,41.29611,-71.76036,Wreck
8635,Wreck,41.27644,-71.76817,Wreck
8636,Wreck,41.26654,-71.77341,Wreck
8637,Wreck,41.68872,-71.35001,Wreck
8638,Wreck,41.68805,-71.34856,Wreck
8639,Wreck,41.72661,-71.36549,Wreck
8640,Wreck,41.69271,-71.35029,Wreck
8641,Wreck,41.70897,-71.32489,Wreck
8642,Wreck,41.66615,-71.36204,Wreck
8643,Wreck,41.65594,-71.37577,Wreck
8644,Wreck,41.68037,-71.3405,Wreck
8645,Wreck,41.67969,-71.34776,Wreck
8646,Wreck,34.07333,-77.85931,Wreck
8647,Wreck,41.09821,-71.71872,Wreck
8648,Wreck,27.81444,-97.37667,Wreck
8649,Wreck,26.61701,-97.2837,Wreck
8650,Wreck,26.55947,-97.26615,Wreck
8651,Wreck,27.80034,-97.25865,Wreck
8652,Wreck,27.70827,-97.04857,Wreck
8653,Wreck,27.81526,-97.28877,Wreck
8654,Wreck,27.81533,-97.27878,Wreck
8655,Wreck,27.75508,-97.28504,Wreck
8656,Wreck,27.73377,-97.18326,Wreck
8657,Wreck,27.80938,-97.32652,Wreck
8658,Wreck,27.70363,-97.092,Wreck
8659,Wreck,27.66704,-97.08384,Wreck
8660,Wreck,27.81006,-97.23864,Wreck
8661,Wreck,27.80813,-97.25615,Wreck
8662,Wreck,27.80441,-97.38636,Wreck
8663,Wreck,28.01859,-97.02289,Wreck
8664,Wreck,27.77369,-97.22193,Wreck
8665,Wreck,27.79197,-97.2253,Wreck
8666,Wreck,27.8,-97.21667,Wreck
8667,Wreck,27.75283,-97.07866,Wreck
8668,Wreck,27.77516,-97.08365,Wreck
8669,Wreck,27.7771,-97.052,Wreck
8670,Wreck,27.81667,-97.15367,Wreck
8671,Wreck,27.81667,-97.15,Wreck
8672,Wreck,27.83001,-97.035,Wreck
8673,Wreck,27.84197,-97.02754,Wreck
8674,Wreck,27.75001,-97.02195,Wreck
8675,Wreck,28.61375,-96.56612,Wreck
8676,Wreck,28.50889,-96.39778,Wreck
8677,Wreck,28.5385,-96.35872,Wreck
8678,Wreck,28.52333,-96.31,Wreck
8679,Wreck,28.55383,-96.19695,Wreck
8680,Wreck,28.40962,-96.3036,Wreck
8681,Wreck,28.41523,-96.31683,Wreck
8682,Wreck,28.49783,-96.33167,Wreck
8683,Wreck,28.45003,-96.33351,Wreck
8684,Wreck,28.46583,-96.30733,Wreck
8685,Wreck,28.85037,-95.43354,Wreck
8686,Wreck,28.86713,-95.36697,Wreck
8687,Wreck,28.925,-95.29,Wreck
8688,Wreck,28.91692,-95.25021,Wreck
8689,Wreck,28.93139,-95.27917,Wreck
8690,Wreck,28.933,-95.27133,Wreck
8691,Wreck,28.93522,-95.23855,Wreck
8692,Wreck,29.47664,-94.85494,Wreck
8693,Wreck,29.36696,-94.66697,Wreck
8694,Wreck,29.35023,-94.68355,Wreck
8695,Wreck,29.35901,-94.70524,Wreck
8696,Wreck,29.41666,-94.8,Wreck
8697,Wreck,29.4149,-94.68026,Wreck
8698,Wreck,29.34834,-94.68522,Wreck
8699,Wreck,29.31682,-94.70026,Wreck
8700,Wreck,29.33336,-94.70001,Wreck
8701,Wreck,29.32856,-94.70525,Wreck
8702,Wreck,29.32446,-94.69446,Wreck
8703,Wreck,29.3253,-94.69494,Wreck
8704,Wreck,29.32177,-94.73599,Wreck
8705,Wreck,29.31069,-94.71366,Wreck
8706,Wreck,29.29352,-94.88023,Wreck
8707,Wreck,29.31667,-94.85733,Wreck
8708,Wreck,29.29384,-94.89308,Wreck
8709,Wreck,29.28168,-94.90665,Wreck
8710,Wreck,29.30084,-94.89137,Wreck
8711,Wreck,29.31014,-94.88524,Wreck
8712,Wreck,29.40166,-94.86167,Wreck
8713,Wreck,29.34477,-94.67831,Wreck
8714,Wreck,29.34847,-94.64354,Wreck
8715,Wreck,29.3383,-94.64975,Wreck
8716,Wreck,29.37187,-94.60359,Wreck
8717,Wreck,29.49829,-94.81827,Wreck
8718,Wreck,29.53413,-94.88009,Wreck
8719,Wreck,29.49656,-94.90004,Wreck
8720,Wreck,29.45479,-94.91479,Wreck
8721,Wreck,29.49184,-94.89505,Wreck
8722,Wreck,29.45025,-94.83524,Wreck
8723,Wreck,29.42694,-94.83868,Wreck
8724,Wreck,29.42263,-94.83446,Wreck
8725,Wreck,29.41947,-94.83861,Wreck
8726,Wreck,29.46984,-94.89335,Wreck
8727,Wreck,29.52967,-94.98357,Wreck
8728,Wreck,29.46847,-94.88128,Wreck
8729,Wreck,29.50133,-94.89506,Wreck
8730,Wreck,29.46685,-94.91685,Wreck
8731,Wreck,29.48165,-94.87496,Wreck
8732,Wreck,27.82863,-97.0345,Wreck
8733,Wreck,29.56736,-94.99047,Wreck
8734,Wreck,29.55313,-94.94443,Wreck
8735,Wreck,29.55491,-94.93133,Wreck
8736,Wreck,29.52498,-94.89329,Wreck
8737,Wreck,29.57469,-94.98857,Wreck
8738,Wreck,29.52498,-94.85161,Wreck
8739,Wreck,29.53329,-94.88329,Wreck
8740,Wreck,29.5335,-94.85891,Wreck
8741,Wreck,29.57163,-94.90607,Wreck
8742,Wreck,29.5847,-94.86884,Wreck
8743,Wreck,29.53349,-94.83346,Wreck
8744,Wreck,29.44996,-94.89995,Wreck
8745,Wreck,29.44997,-94.9033,Wreck
8746,Wreck,29.5501,-94.9168,Wreck
8747,Wreck,29.56212,-94.98129,Wreck
8748,Wreck,29.55619,-94.86095,Wreck
8749,Wreck,29.45012,-94.8918,Wreck
8750,Wreck,29.46165,-94.89001,Wreck
8751,Wreck,29.52512,-94.9035,Wreck
8752,Wreck,29.5302,-94.86348,Wreck
8753,Wreck,29.45002,-94.8168,Wreck
8754,Wreck,29.54691,-94.98346,Wreck
8755,Wreck,29.54616,-94.97517,Wreck
8756,Wreck,29.51239,-94.86587,Wreck
8757,Wreck,29.55829,-94.8994,Wreck
8758,Wreck,29.59353,-94.91401,Wreck
8759,Wreck,29.60029,-94.88338,Wreck
8760,Wreck,29.52331,-94.92469,Wreck
8761,Wreck,29.49412,-94.89802,Wreck
8762,Wreck,29.48715,-94.89317,Wreck
8763,Wreck,29.4948,-94.89349,Wreck
8764,Wreck,29.57333,-94.90667,Wreck
8765,Wreck,27.82914,-97.04031,Wreck
8766,Wreck,28.94875,-95.21517,Wreck
8767,Wreck,29.49834,-94.80837,Wreck
8768,Wreck,29.70063,-93.81339,Wreck
8769,Wreck,29.64831,-93.82125,Wreck
8770,Wreck,29.63347,-93.88373,Wreck
8771,Wreck,29.67075,-93.82658,Wreck
8772,Wreck,29.66122,-93.82497,Wreck
8773,Wreck,29.67166,-93.82798,Wreck
8774,Wreck,29.66597,-93.82703,Wreck
8775,Wreck,29.60088,-93.88365,Wreck
8776,Wreck,29.71689,-93.76683,Wreck
8777,Wreck,29.64858,-93.81853,Wreck
8778,Wreck,29.64575,-93.83197,Wreck
8779,Wreck,29.66827,-93.84027,Wreck
8780,Wreck,29.65559,-93.84118,Wreck
8781,Wreck,29.67995,-93.83014,Wreck
8782,Wreck,29.65077,-93.83529,Wreck
8783,Wreck,29.64684,-93.83676,Wreck
8784,Wreck,29.65139,-93.84465,Wreck
8785,Wreck,29.69191,-93.81696,Wreck
8786,Wreck,29.64658,-93.83461,Wreck
8787,Wreck,29.28333,-94.68326,Wreck
8788,Wreck,28.45633,-96.37133,Wreck
8789,Wreck,29.787,-93.91299,Wreck
8790,Wreck,29.63964,-93.85651,Wreck
8791,Wreck,29.78359,-93.92784,Wreck
8792,Wreck,29.67404,-93.95759,Wreck
8793,Wreck,29.78563,-93.9168,Wreck
8794,Wreck,29.77999,-93.90362,Wreck
8795,Wreck,29.7859,-93.91892,Wreck
8796,Wreck,29.64839,-93.84664,Wreck
8797,Wreck,29.78328,-93.91545,Wreck
8798,Wreck,29.6415,-93.81208,Wreck
8799,Wreck,29.67888,-93.82981,Wreck
8800,Wreck,29.63748,-93.93204,Wreck
8801,Wreck,29.69351,-93.81946,Wreck
8802,Wreck,29.68652,-93.82656,Wreck
8803,Wreck,29.96012,-93.849,Wreck
8804,Wreck,29.2752,-94.72489,Wreck
8805,Wreck,29.2835,-94.69992,Wreck
8806,Wreck,29.27497,-94.69329,Wreck
8807,Wreck,28.91469,-95.2775,Wreck
8808,Wreck,37.57108,-76.08748,Wreck
8809,Wreck,37.4057,-75.99196,Wreck
8810,Wreck,37.63884,-75.91635,Wreck
8811,Wreck,37.65132,-76.15967,Wreck
8812,Wreck,36.76601,-75.77132,Wreck
8813,Wreck,37.05714,-75.8993,Wreck
8814,Wreck,36.78919,-75.71496,Wreck
8815,Wreck,36.66972,-75.70575,Wreck
8816,Wreck,36.90399,-75.89138,Wreck
8817,Wreck,36.89748,-75.78098,Wreck
8818,Wreck,37.00842,-75.76285,Wreck
8819,Wreck,36.99614,-75.75607,Wreck
8820,Wreck,37.05535,-76.2213,Wreck
8821,Wreck,37.03371,-76.14742,Wreck
8822,Wreck,37.08423,-75.91948,Wreck
8823,Wreck,36.9812,-75.9935,Wreck
8824,Wreck,37.11323,-76.20448,Wreck
8825,Wreck,37.03833,-76.03366,Wreck
8826,Wreck,37.12169,-75.98687,Wreck
8827,Wreck,36.94613,-75.9192,Wreck
8828,Wreck,37.28371,-75.70052,Wreck
8829,Wreck,37.17003,-75.81949,Wreck
8830,Wreck,37.13351,-75.863,Wreck
8831,Wreck,37.31167,-76.18683,Wreck
8832,Wreck,37.32368,-76.19008,Wreck
8833,Wreck,37.14822,-76.1522,Wreck
8834,Wreck,37.29841,-76.19019,Wreck
8835,Wreck,37.80744,-76.02563,Wreck
8836,Wreck,37.78027,-76.11521,Wreck
8837,Wreck,37.79895,-76.0637,Wreck
8838,Wreck,37.99239,-76.17855,Wreck
8839,Wreck,37.74641,-75.91167,Wreck
8840,Wreck,37.71904,-76.17971,Wreck
8841,Wreck,37.96523,-75.93487,Wreck
8842,Wreck,37.84214,-76.16873,Wreck
8843,Wreck,37.86313,-76.15765,Wreck
8844,Wreck,37.88219,-76.13981,Wreck
8845,Wreck,37.88853,-76.15628,Wreck
8846,Wreck,37.89499,-76.17201,Wreck
8847,Wreck,37.94823,-76.19584,Wreck
8848,Wreck,37.81004,-76.03072,Wreck
8849,Wreck,37.75526,-76.18114,Wreck
8850,Wreck,37.71951,-76.07802,Wreck
8851,Wreck,37.93617,-75.96666,Wreck
8852,Wreck,37.86012,-76.16146,Wreck
8853,Wreck,37.9332,-75.93719,Wreck
8854,Wreck,37.89035,-76.13277,Wreck
8855,Wreck,37.71432,-76.19531,Wreck
8856,Wreck,37.84268,-76.06996,Wreck
8857,Wreck,37.77978,-76.18451,Wreck
8858,Wreck,37.92,-76.18672,Wreck
8859,Wreck,37.96236,-76.19475,Wreck
8860,Wreck,37.96367,-76.19847,Wreck
8861,Wreck,36.94976,-76.02264,Wreck
8862,Wreck,37.01326,-76.05264,Wreck
8863,Wreck,36.9826,-76.06585,Wreck
8864,Wreck,36.9889,-76.08877,Wreck
8865,Wreck,36.96078,-76.01057,Wreck
8866,Wreck,36.95965,-76.0213,Wreck
8867,Wreck,29.65433,-93.8245,Wreck
8868,Wreck,37.02576,-76.17158,Wreck
8869,Wreck,36.99468,-76.17603,Wreck
8870,Wreck,38.21236,-75.95658,Wreck
8871,Wreck,38.0515,-75.85273,Wreck
8872,Wreck,38.08905,-76.25014,Wreck
8873,Wreck,38.11554,-76.51034,Wreck
8874,Wreck,38.16,-76.29957,Wreck
8875,Wreck,38.13819,-76.57647,Wreck
8876,Wreck,38.18684,-76.29832,Wreck
8877,Wreck,41.02559,-73.11809,Wreck
8878,Wreck,38.13628,-76.55178,Wreck
8879,Wreck,38.09006,-76.22708,Wreck
8880,Wreck,38.08591,-76.24223,Wreck
8881,Wreck,38.10366,-76.22087,Wreck
8882,Wreck,38.25588,-76.32719,Wreck
8883,Wreck,38.21892,-76.24237,Wreck
8884,Wreck,38.19372,-76.30165,Wreck
8885,Wreck,38.2237,-76.25227,Wreck
8886,Wreck,41.04364,-73.07275,Wreck
8887,Wreck,38.16534,-76.22494,Wreck
8888,Wreck,37.32202,-76.1917,Wreck
8889,Wreck,37.32486,-76.19151,Wreck
8890,Wreck,41.03843,-73.27502,Wreck
8891,Wreck,37.43922,-76.18422,Wreck
8892,Wreck,29.65639,-93.82417,Wreck
8893,Wreck,37.272,-76.19197,Wreck
8894,Wreck,37.44458,-76.22476,Wreck
8895,Wreck,41.02304,-73.186,Wreck
8896,Wreck,36.946,-75.95839,Wreck
8897,Wreck,41.02972,-73.17156,Wreck
8898,Wreck,41.0091,-73.11469,Wreck
8899,Wreck,41.01167,-73.10146,Wreck
8900,Wreck,40.97505,-73.26062,Wreck
8901,Wreck,38.03834,-76.35503,Wreck
8902,Wreck,38.03071,-76.37317,Wreck
8903,Wreck,38.04128,-76.38982,Wreck
8904,Wreck,37.66511,-76.01479,Wreck
8905,Wreck,37.51106,-76.12123,Wreck
8906,Wreck,37.93879,-76.30801,Wreck
8907,Wreck,38.00516,-76.33278,Wreck
8908,Wreck,41.00965,-73.52381,Wreck
8909,Wreck,41.01799,-73.41447,Wreck
8910,Wreck,38.03058,-76.44951,Wreck
8911,Wreck,38.00329,-76.33294,Wreck
8912,Wreck,37.91453,-76.21261,Wreck
8913,Wreck,37.0411,-76.24058,Wreck
8914,Wreck,37.00435,-76.28046,Wreck
8915,Wreck,36.99917,-76.26491,Wreck
8916,Wreck,37.00008,-76.25015,Wreck
8917,Wreck,37.73381,-76.20092,Wreck
8918,Wreck,37.55562,-76.24303,Wreck
8919,Wreck,37.55122,-76.24581,Wreck
8920,Wreck,37.59545,-76.27557,Wreck
8921,Wreck,37.67454,-76.17261,Wreck
8922,Wreck,37.60792,-76.24895,Wreck
8923,Wreck,41.00167,-73.53333,Wreck
8924,Wreck,37.63827,-76.26807,Wreck
8925,Wreck,41.04016,-73.46665,Wreck
8926,Wreck,36.9964,-76.10104,Wreck
8927,Wreck,41.00734,-73.48256,Wreck
8928,Wreck,41.08398,-73.32404,Wreck
8929,Wreck,41.07253,-73.34191,Wreck
8930,Wreck,40.99724,-73.4282,Wreck
8931,Wreck,37.27106,-76.23968,Wreck
8932,Wreck,40.99939,-73.41972,Wreck
8933,Wreck,37.22503,-76.19119,Wreck
8934,Wreck,36.97264,-76.21674,Wreck
8935,Wreck,41.00153,-73.41118,Wreck
8936,Wreck,40.99673,-73.43349,Wreck
8937,Wreck,40.99112,-73.51656,Wreck
8938,Wreck,41.0034,-73.4416,Wreck
8939,Wreck,41.00129,-73.40649,Wreck
8940,Wreck,37.64198,-76.16373,Wreck
8941,Wreck,41.00498,-73.43286,Wreck
8942,Wreck,40.9941,-73.41886,Wreck
8943,Wreck,40.99483,-73.40814,Wreck
8944,Wreck,40.99779,-73.40692,Wreck
8945,Wreck,41.00128,-73.43564,Wreck
8946,Wreck,37.24319,-76.39803,Wreck
8947,Wreck,40.99659,-73.42106,Wreck
8948,Wreck,40.99125,-73.45493,Wreck
8949,Wreck,41.00168,-73.43958,Wreck
8950,Wreck,40.99792,-73.41411,Wreck
8951,Wreck,30.16112,-88.17119,Wreck
8952,Wreck,40.99669,-73.45403,Wreck
8953,Wreck,42.3917,-70.67303,Wreck
8954,Wreck,30.09537,-87.76843,Wreck
8955,Wreck,42.37933,-70.38033,Wreck
8956,Wreck,42.34034,-70.67924,Wreck
8957,Wreck,42.34937,-70.68414,Wreck
8958,Wreck,42.36298,-70.67302,Wreck
8959,Wreck,42.34451,-70.67811,Wreck
8960,Wreck,42.36021,-70.65902,Wreck
8961,Wreck,42.34948,-70.65916,Wreck
8962,Wreck,42.36422,-70.6631,Wreck
8963,Wreck,42.35726,-70.7035,Wreck
8964,Wreck,40.9995,-73.42764,Wreck
8965,Wreck,42.35321,-70.71601,Wreck
8966,Wreck,30.05849,-87.70689,Wreck
8967,Wreck,42.3737,-70.72224,Wreck
8968,Wreck,30.06544,-87.70858,Wreck
8969,Wreck,30.05863,-87.81227,Wreck
8970,Wreck,42.39347,-70.6544,Wreck
8971,Wreck,42.4083,-70.65088,Wreck
8972,Wreck,40.99059,-73.45268,Wreck
8973,Wreck,42.43331,-70.57851,Wreck
8974,Wreck,42.4342,-70.62554,Wreck
8975,Wreck,42.268,-70.51634,Wreck
8976,Wreck,42.38006,-70.38722,Wreck
8977,Wreck,40.99458,-73.41383,Wreck
8978,Wreck,40.93377,-73.1776,Wreck
8979,Wreck,42.3994,-70.61329,Wreck
8980,Wreck,42.38881,-70.59216,Wreck
8981,Wreck,42.39998,-70.59957,Wreck
8982,Wreck,42.41688,-70.57486,Wreck
8983,Wreck,42.42862,-70.55771,Wreck
8984,Wreck,42.46176,-70.57939,Wreck
8985,Wreck,42.45057,-70.53744,Wreck
8986,Wreck,41.02914,-73.17503,Wreck
8987,Wreck,42.50394,-70.65492,Wreck
8988,Wreck,40.92346,-71.70979,Wreck
8989,Wreck,42.40444,-70.45333,Wreck
8990,Wreck,40.91705,-71.957,Wreck
8991,Wreck,38.87498,-74.41614,Wreck
8992,Wreck,38.46688,-74.98021,Wreck
8993,Wreck,39.00328,-75.12505,Wreck
8994,Wreck,38.52407,-74.79116,Wreck
8995,Wreck,38.51529,-74.52595,Wreck
8996,Wreck,38.60194,-74.47461,Wreck
8997,Wreck,38.45788,-74.93919,Wreck
8998,Wreck,39.00249,-75.20496,Wreck
8999,Wreck,39.02364,-75.13424,Wreck
9000,Wreck,38.74371,-74.61083,Wreck
9001,Wreck,38.63197,-74.84567,Wreck
9002,Wreck,38.75257,-74.90654,Wreck
9003,Wreck,40.99081,-73.44282,Wreck
9004,Wreck,40.99335,-73.23632,Wreck
9005,Wreck,38.88566,-74.78863,Wreck
9006,Wreck,38.63804,-74.39931,Wreck
9007,Wreck,38.90885,-74.75772,Wreck
9008,Wreck,38.77512,-74.55889,Wreck
9009,Wreck,38.90324,-74.81481,Wreck
9010,Wreck,38.50883,-74.84235,Wreck
9011,Wreck,38.94179,-74.69781,Wreck
9012,Wreck,38.64583,-74.79981,Wreck
9013,Wreck,38.99219,-74.70969,Wreck
9014,Wreck,38.84598,-74.83504,Wreck
9015,Wreck,40.99112,-73.43739,Wreck
9016,Wreck,40.92946,-73.21799,Wreck
9017,Wreck,38.89627,-74.66612,Wreck
9018,Wreck,38.59818,-74.65791,Wreck
9019,Wreck,38.45682,-74.78523,Wreck
9020,Wreck,38.99424,-74.54325,Wreck
9021,Wreck,38.48058,-74.52945,Wreck
9022,Wreck,38.67595,-74.45239,Wreck
9023,Wreck,38.92732,-74.75933,Wreck
9024,Wreck,38.58259,-74.7458,Wreck
9025,Wreck,39.02351,-75.04461,Wreck
9026,Wreck,38.53347,-74.55972,Wreck
9027,Wreck,39.02029,-74.65412,Wreck
9028,Wreck,38.94953,-75.17535,Wreck
9029,Wreck,38.48445,-74.54389,Wreck
9030,Wreck,38.46319,-75.01384,Wreck
9031,Wreck,38.458,-74.93417,Wreck
9032,Wreck,38.99583,-75.1195,Wreck
9033,Wreck,38.46151,-74.82024,Wreck
9034,Wreck,38.74716,-74.59803,Wreck
9035,Wreck,40.99155,-73.41808,Wreck
9036,Wreck,38.74641,-74.95903,Wreck
9037,Wreck,38.94679,-75.20965,Wreck
9038,Wreck,39.01099,-75.12708,Wreck
9039,Wreck,38.5176,-74.52627,Wreck
9040,Wreck,38.88997,-75.09271,Wreck
9041,Wreck,38.50246,-74.72965,Wreck
9042,Wreck,38.77325,-74.9778,Wreck
9043,Wreck,38.76446,-74.75309,Wreck
9044,Wreck,41.0076,-73.10611,Wreck
9045,Wreck,38.77058,-74.7406,Wreck
9046,Wreck,38.88264,-74.79056,Wreck
9047,Wreck,38.67113,-74.4774,Wreck
9048,Wreck,38.86694,-74.38698,Wreck
9049,Wreck,38.94383,-74.6951,Wreck
9050,Wreck,38.80181,-74.59703,Wreck
9051,Wreck,38.50643,-74.52512,Wreck
9052,Wreck,38.60204,-74.67974,Wreck
9053,Wreck,41.03183,-73.466,Wreck
9054,Wreck,40.96949,-73.2813,Wreck
9055,Wreck,38.58743,-74.82755,Wreck
9056,Wreck,39.1133,-75.06132,Wreck
9057,Wreck,39.03929,-75.21984,Wreck
9058,Wreck,39.21482,-75.25473,Wreck
9059,Wreck,39.21602,-75.29518,Wreck
9060,Wreck,41.02826,-73.46237,Wreck
9061,Wreck,41.00134,-73.25053,Wreck
9062,Wreck,39.09566,-75.22529,Wreck
9063,Wreck,39.04246,-75.10933,Wreck
9064,Wreck,39.21075,-75.25402,Wreck
9065,Wreck,39.20138,-75.32663,Wreck
9066,Wreck,41.03019,-73.41026,Wreck
9067,Wreck,39.08102,-75.21837,Wreck
9068,Wreck,39.26506,-75.34739,Wreck
9069,Wreck,39.23315,-75.24409,Wreck
9070,Wreck,39.09469,-75.22741,Wreck
9071,Wreck,39.14115,-75.26022,Wreck
9072,Wreck,41.03621,-73.36425,Wreck
9073,Wreck,27.94378,-83.02529,Wreck
9074,Wreck,28.11657,-83.00012,Wreck
9075,Wreck,28.45776,-83.00597,Wreck
9076,Wreck,28.46524,-82.88089,Wreck
9077,Wreck,28.445,-82.88167,Wreck
9078,Wreck,28.78363,-83.04969,Wreck
9079,Wreck,41.02256,-73.45342,Wreck
9080,Wreck,28.63672,-83.00868,Wreck
9081,Wreck,28.73677,-82.92154,Wreck
9082,Wreck,28.23833,-83.17889,Wreck
9083,Wreck,28.36678,-82.88304,Wreck
9084,Wreck,28.69194,-82.99988,Wreck
9085,Wreck,28.71535,-83.00649,Wreck
9086,Wreck,28.78647,-83.01656,Wreck
9087,Wreck,41.06085,-73.31602,Wreck
9088,Wreck,28.92357,-82.92822,Wreck
9089,Wreck,29.00023,-83.39989,Wreck
9090,Wreck,28.96147,-83.08988,Wreck
9091,Wreck,41.10052,-73.2373,Wreck
9092,Wreck,41.05706,-73.16739,Wreck
9093,Wreck,29.82161,-83.76347,Wreck
9094,Wreck,27.47683,-82.76358,Wreck
9095,Wreck,27.15377,-82.88617,Wreck
9096,Wreck,41.07905,-73.30709,Wreck
9097,Wreck,37.95806,-75.00632,Wreck
9098,Wreck,37.53211,-75.23195,Wreck
9099,Wreck,38.25044,-74.8675,Wreck
9100,Wreck,26.90378,-82.70022,Wreck
9101,Wreck,24.98538,-80.25853,Wreck
9102,Wreck,38.58204,-74.74699,Wreck
9103,Wreck,25.98007,-79.16487,Wreck
9104,Wreck,25.6507,-79.29547,Wreck
9105,Wreck,36.86122,-75.60517,Wreck
9106,Wreck,38.3988,-74.67658,Wreck
9107,Wreck,36.5971,-75.70571,Wreck
9108,Wreck,25.79896,-79.11899,Wreck
9109,Wreck,37.78825,-74.69353,Wreck
9110,Wreck,41.10642,-73.22981,Wreck
9111,Wreck,41.00193,-73.37274,Wreck
9112,Wreck,38.15311,-74.96839,Wreck
9113,Wreck,26.23,-79.084,Wreck
9114,Wreck,25.97666,-79.08767,Wreck
9115,Wreck,25.90161,-79.23948,Wreck
9116,Wreck,35.5148,-75.01718,Wreck
9117,Wreck,26.14891,-79.86622,Wreck
9118,Wreck,26.03299,-79.93215,Wreck
9119,Wreck,38.53981,-74.69888,Wreck
9120,Wreck,35.82096,-74.90219,Wreck
9121,Wreck,25.86535,-79.33342,Wreck
9122,Wreck,25.76775,-79.24021,Wreck
9123,Wreck,26.06548,-79.7496,Wreck
9124,Wreck,38.77343,-74.73952,Wreck
9125,Wreck,36.49979,-74.7849,Wreck
9126,Wreck,25.75349,-79.84252,Wreck
9127,Wreck,38.48358,-74.54327,Wreck
9128,Wreck,41.12336,-73.09841,Wreck
9129,Wreck,36.85776,-75.59603,Wreck
9130,Wreck,24.61653,-80.85012,Wreck
9131,Wreck,38.68077,-74.45144,Wreck
9132,Wreck,24.66682,-80.86635,Wreck
9133,Wreck,39.00129,-74.16618,Wreck
9134,Wreck,24.79167,-80.56,Wreck
9135,Wreck,38.28385,-74.13517,Wreck
9136,Wreck,37.00852,-75.6499,Wreck
9137,Wreck,24.71166,-80.70833,Wreck
9138,Wreck,38.59522,-73.69106,Wreck
9139,Wreck,37.16738,-75.03603,Wreck
9140,Wreck,24.5751,-81.10487,Wreck
9141,Wreck,37.25575,-75.51143,Wreck
9142,Wreck,37.91233,-75.02366,Wreck
9143,Wreck,26.10278,-80.02083,Wreck
9144,Wreck,41.07907,-73.11235,Wreck
9145,Wreck,37.43627,-74.68322,Wreck
9146,Wreck,26.06487,-80.0549,Wreck
9147,Wreck,37.53915,-75.41138,Wreck
9148,Wreck,26.81353,-79.95004,Wreck
9149,Wreck,37.5008,-74.86649,Wreck
9150,Wreck,26.78222,-79.94906,Wreck
9151,Wreck,37.68279,-74.88626,Wreck
9152,Wreck,26.68271,-79.93179,Wreck
9153,Wreck,38.35066,-74.66715,Wreck
9154,Wreck,26.64079,-79.97845,Wreck
9155,Wreck,36.20096,-75.65222,Wreck
9156,Wreck,26.58175,-79.96586,Wreck
9157,Wreck,37.88132,-74.77345,Wreck
9158,Wreck,26.51665,-79.98394,Wreck
9159,Wreck,38.14056,-74.96181,Wreck
9160,Wreck,25.85,-80.05,Wreck
9161,Wreck,38.3651,-74.77027,Wreck
9162,Wreck,25.90496,-79.93743,Wreck
9163,Wreck,41.07764,-73.09813,Wreck
9164,Wreck,25.6257,-80.04967,Wreck
9165,Wreck,35.6663,-75.28306,Wreck
9166,Wreck,25.7838,-80.04915,Wreck
9167,Wreck,26.54759,-82.28947,Wreck
9168,Wreck,38.63254,-74.84385,Wreck
9169,Wreck,35.89314,-75.43391,Wreck
9170,Wreck,36.06472,-75.22677,Wreck
9171,Wreck,26.41167,-82.33,Wreck
9172,Wreck,38.76664,-74.75128,Wreck
9173,Wreck,36.25953,-74.85133,Wreck
9174,Wreck,26.58,-82.33198,Wreck
9175,Wreck,26.63496,-82.29541,Wreck
9176,Wreck,38.67248,-74.47963,Wreck
9177,Wreck,36.81629,-75.39809,Wreck
9178,Wreck,26.88153,-82.11758,Wreck
9179,Wreck,36.85775,-75.19007,Wreck
9180,Wreck,38.0678,-74.1009,Wreck
9181,Wreck,37.00123,-75.57551,Wreck
9182,Wreck,38.5524,-73.83179,Wreck
9183,Wreck,37.05961,-74.92113,Wreck
9184,Wreck,36.91667,-74.71333,Wreck
9185,Wreck,37.91873,-75.05844,Wreck
9186,Wreck,41.01086,-73.4232,Wreck
9187,Wreck,37.38505,-74.63406,Wreck
9188,Wreck,37.29119,-74.50931,Wreck
9189,Wreck,37.80198,-75.24658,Wreck
9190,Wreck,38.08358,-74.89978,Wreck
9191,Wreck,37.55069,-74.60038,Wreck
9192,Wreck,38.29355,-74.75653,Wreck
9193,Wreck,38.38413,-74.64972,Wreck
9194,Wreck,38.22285,-74.7639,Wreck
9195,Wreck,38.45866,-74.78567,Wreck
9196,Wreck,41.07593,-73.22399,Wreck
9197,Wreck,35.56126,-75.33366,Wreck
9198,Wreck,26.08972,-81.84444,Wreck
9199,Wreck,38.53441,-74.56056,Wreck
9200,Wreck,36.14976,-75.24228,Wreck
9201,Wreck,25.67544,-81.46327,Wreck
9202,Wreck,38.64633,-74.79772,Wreck
9203,Wreck,36.08389,-74.71623,Wreck
9204,Wreck,25.8084,-81.85191,Wreck
9205,Wreck,25.75272,-81.59408,Wreck
9206,Wreck,38.63788,-74.40082,Wreck
9207,Wreck,41.04251,-73.13059,Wreck
9208,Wreck,36.86445,-75.50873,Wreck
9209,Wreck,26.08353,-81.93295,Wreck
9210,Wreck,38.91184,-74.52208,Wreck
9211,Wreck,38.05094,-74.1893,Wreck
9212,Wreck,25.74667,-81.91833,Wreck
9213,Wreck,36.25886,-75.46733,Wreck
9214,Wreck,25.6674,-81.49989,Wreck
9215,Wreck,25.6667,-81.50828,Wreck
9216,Wreck,38.66743,-74.13298,Wreck
9217,Wreck,36.97628,-74.90813,Wreck
9218,Wreck,25.36198,-81.34821,Wreck
9219,Wreck,39.00716,-74.08337,Wreck
9220,Wreck,36.88273,-74.75034,Wreck
9221,Wreck,25.17197,-81.4998,Wreck
9222,Wreck,37.1791,-74.55979,Wreck
9223,Wreck,37.39094,-74.69928,Wreck
9224,Wreck,41.13894,-73.14404,Wreck
9225,Wreck,29.64339,-85.76946,Wreck
9226,Wreck,37.23508,-74.52788,Wreck
9227,Wreck,29.675,-85.69167,Wreck
9228,Wreck,37.96749,-74.9945,Wreck
9229,Wreck,29.9052,-85.8668,Wreck
9230,Wreck,37.48459,-74.56679,Wreck
9231,Wreck,29.75072,-85.42678,Wreck
9232,Wreck,38.40802,-74.70226,Wreck
9233,Wreck,29.98373,-85.66657,Wreck
9234,Wreck,37.82495,-74.7058,Wreck
9235,Wreck,38.74911,-74.96171,Wreck
9236,Wreck,38.43037,-74.76748,Wreck
9237,Wreck,41.13068,-73.21245,Wreck
9238,Wreck,29.31281,-85.35393,Wreck
9239,Wreck,35.62969,-74.89392,Wreck
9240,Wreck,29.50026,-85.08326,Wreck
9241,Wreck,38.51363,-74.69862,Wreck
9242,Wreck,29.31681,-85.24659,Wreck
9243,Wreck,35.61662,-74.8329,Wreck
9244,Wreck,29.35184,-85.20499,Wreck
9245,Wreck,38.60749,-74.60755,Wreck
9246,Wreck,29.39198,-84.97166,Wreck
9247,Wreck,36.46087,-74.94268,Wreck
9248,Wreck,29.50005,-84.68316,Wreck
9249,Wreck,38.74274,-74.61207,Wreck
9250,Wreck,29.58722,-84.94526,Wreck
9251,Wreck,36.7281,-74.75143,Wreck
9252,Wreck,29.60027,-84.73333,Wreck
9253,Wreck,38.603,-74.47593,Wreck
9254,Wreck,38.86798,-74.38785,Wreck
9255,Wreck,41.08704,-73.10828,Wreck
9256,Wreck,40.99549,-73.40501,Wreck
9257,Wreck,37.9188,-74.00358,Wreck
9258,Wreck,29.54001,-84.9598,Wreck
9259,Wreck,36.91802,-75.00097,Wreck
9260,Wreck,38.30136,-74.00174,Wreck
9261,Wreck,29.56601,-85.01099,Wreck
9262,Wreck,37.00003,-75.00085,Wreck
9263,Wreck,38.91165,-73.88345,Wreck
9264,Wreck,29.77903,-84.50278,Wreck
9265,Wreck,37.3522,-75.08206,Wreck
9266,Wreck,37.92804,-74.93455,Wreck
9267,Wreck,36.72854,-75.56917,Wreck
9268,Wreck,36.79781,-75.49274,Wreck
9269,Wreck,41.05268,-73.29736,Wreck
9270,Wreck,37.53074,-75.42701,Wreck
9271,Wreck,29.86187,-84.3969,Wreck
9272,Wreck,37.59539,-75.24668,Wreck
9273,Wreck,29.80823,-84.44676,Wreck
9274,Wreck,29.77282,-84.47963,Wreck
9275,Wreck,40.99799,-69.45087,Wreck
9276,Wreck,41.03592,-69.45692,Wreck
9277,Wreck,41.46837,-69.34726,Wreck
9278,Wreck,40.74977,-69.31557,Wreck
9279,Wreck,29.72649,-84.19678,Wreck
9280,Wreck,40.94864,-69.31661,Wreck
9281,Wreck,40.93145,-69.32416,Wreck
9282,Wreck,41.12484,-73.03604,Wreck
9283,Wreck,29.72513,-84.27517,Wreck
9284,Wreck,30.29482,-86.81723,Wreck
9285,Wreck,30.15655,-87.15324,Wreck
9286,Wreck,30.26518,-86.81555,Wreck
9287,Wreck,40.68244,-69.51573,Wreck
9288,Wreck,40.64659,-69.57405,Wreck
9289,Wreck,30.2021,-87.60441,Wreck
9290,Wreck,41.17182,-73.02865,Wreck
9291,Wreck,41.21578,-69.61446,Wreck
9292,Wreck,30.10104,-87.39167,Wreck
9293,Wreck,41.24429,-69.5626,Wreck
9294,Wreck,30.13329,-87.20004,Wreck
9295,Wreck,30.18339,-87.23365,Wreck
9296,Wreck,30.11941,-87.18678,Wreck
9297,Wreck,41.58282,-69.37844,Wreck
9298,Wreck,42.14954,-69.3736,Wreck
9299,Wreck,30.04659,-86.09333,Wreck
9300,Wreck,41.30015,-69.29043,Wreck
9301,Wreck,41.3324,-69.22171,Wreck
9302,Wreck,40.99163,-73.409,Wreck
9303,Wreck,41.3488,-69.26566,Wreck
9304,Wreck,30.35671,-86.4281,Wreck
9305,Wreck,41.36329,-69.15486,Wreck
9306,Wreck,30.2501,-85.98363,Wreck
9307,Wreck,41.46556,-69.24797,Wreck
9308,Wreck,41.59867,-69.2,Wreck
9309,Wreck,41.36829,-68.94557,Wreck
9310,Wreck,41.59851,-68.98331,Wreck
9311,Wreck,41.49034,-68.86689,Wreck
9312,Wreck,41.63979,-69.15669,Wreck
9313,Wreck,30.2241,-85.93671,Wreck
9314,Wreck,41.68428,-69.05424,Wreck
9315,Wreck,30.20129,-85.97326,Wreck
9316,Wreck,41.00399,-73.39891,Wreck
9317,Wreck,30.36165,-86.52671,Wreck
9318,Wreck,30.37275,-86.50507,Wreck
9319,Wreck,30.09392,-85.94256,Wreck
9320,Wreck,41.18219,-69.22001,Wreck
9321,Wreck,41.26097,-69.07869,Wreck
9322,Wreck,41.19919,-68.98358,Wreck
9323,Wreck,30.09981,-86.08334,Wreck
9324,Wreck,41.19997,-69.01583,Wreck
9325,Wreck,30.23489,-86.03834,Wreck
9326,Wreck,41.25101,-68.97545,Wreck
9327,Wreck,41.28276,-69.01562,Wreck
9328,Wreck,41.27848,-68.95146,Wreck
9329,Wreck,30.29798,-86.4563,Wreck
9330,Wreck,30.36781,-86.51671,Wreck
9331,Wreck,41.69932,-69.09916,Wreck
9332,Wreck,41.68278,-68.94855,Wreck
9333,Wreck,28.90828,-80.76172,Wreck
9334,Wreck,41.35045,-68.68272,Wreck
9335,Wreck,41.33806,-68.71055,Wreck
9336,Wreck,28.47895,-80.36673,Wreck
9337,Wreck,41.31477,-68.62743,Wreck
9338,Wreck,41.39964,-68.68384,Wreck
9339,Wreck,28.6621,-80.38789,Wreck
9340,Wreck,41.35747,-68.54697,Wreck
9341,Wreck,41.54911,-68.53162,Wreck
9342,Wreck,41.19807,-72.93854,Wreck
9343,Wreck,41.08759,-73.32067,Wreck
9344,Wreck,42.19892,-69.11603,Wreck
9345,Wreck,29.17205,-80.76307,Wreck
9346,Wreck,41.9736,-68.93979,Wreck
9347,Wreck,29.15808,-80.89211,Wreck
9348,Wreck,29.45336,-80.87942,Wreck
9349,Wreck,42.19985,-68.6998,Wreck
9350,Wreck,28.20288,-80.48869,Wreck
9351,Wreck,28.16105,-80.20481,Wreck
9352,Wreck,28.05821,-80.19162,Wreck
9353,Wreck,28.02193,-80.4585,Wreck
9354,Wreck,27.89978,-80.36622,Wreck
9355,Wreck,28.30828,-80.33308,Wreck
9356,Wreck,41.19501,-72.91553,Wreck
9357,Wreck,28.33259,-80.21829,Wreck
9358,Wreck,28.06683,-80.11868,Wreck
9359,Wreck,41.41667,-69.36667,Wreck
9360,Wreck,27.14849,-79.93311,Wreck
9361,Wreck,41.38059,-69.42457,Wreck
9362,Wreck,41.38019,-69.37419,Wreck
9363,Wreck,41.45795,-69.39022,Wreck
9364,Wreck,27.0696,-80.06053,Wreck
9365,Wreck,41.45727,-69.42461,Wreck
9366,Wreck,41.54839,-69.46288,Wreck
9367,Wreck,27.12673,-80.10184,Wreck
9368,Wreck,27.43864,-80.22982,Wreck
9369,Wreck,27.42801,-80.1882,Wreck
9370,Wreck,27.52493,-80.15674,Wreck
9371,Wreck,27.01016,-80.0444,Wreck
9372,Wreck,27.3056,-80.08815,Wreck
9373,Wreck,27.28895,-80.12129,Wreck
9374,Wreck,40.52722,-69.64055,Wreck
9375,Wreck,24.81352,-82.28013,Wreck
9376,Wreck,24.42059,-82.0424,Wreck
9377,Wreck,24.6392,-82.10686,Wreck
9378,Wreck,24.76323,-82.01994,Wreck
9379,Wreck,24.455,-82.10849,Wreck
9380,Wreck,41.18109,-72.86378,Wreck
9381,Wreck,24.58322,-82.17526,Wreck
9382,Wreck,24.63342,-82.16673,Wreck
9383,Wreck,24.50031,-81.48361,Wreck
9384,Wreck,24.36749,-81.84093,Wreck
9385,Wreck,24.45856,-81.60637,Wreck
9386,Wreck,24.91745,-81.49954,Wreck
9387,Wreck,24.42737,-81.58684,Wreck
9388,Wreck,24.4835,-81.40537,Wreck
9389,Wreck,24.95179,-81.77475,Wreck
9390,Wreck,37.28256,-75.66669,Wreck
9391,Wreck,24.95004,-81.49965,Wreck
9392,Wreck,41.81182,-70.3754,Wreck
9393,Wreck,24.43549,-81.61219,Wreck
9394,Wreck,41.91384,-70.50632,Wreck
9395,Wreck,24.46373,-81.55498,Wreck
9396,Wreck,41.90747,-70.49297,Wreck
9397,Wreck,41.93777,-70.49127,Wreck
9398,Wreck,24.47272,-81.51789,Wreck
9399,Wreck,41.94617,-70.48992,Wreck
9400,Wreck,41.91749,-70.44408,Wreck
9401,Wreck,24.94864,-81.89941,Wreck
9402,Wreck,41.91512,-70.38259,Wreck
9403,Wreck,24.41668,-81.84945,Wreck
9404,Wreck,41.89963,-70.36492,Wreck
9405,Wreck,24.44979,-81.5817,Wreck
9406,Wreck,41.64025,-69.8004,Wreck
9407,Wreck,41.63215,-69.76582,Wreck
9408,Wreck,41.90767,-70.26594,Wreck
9409,Wreck,41.82828,-69.88001,Wreck
9410,Wreck,41.8665,-69.78453,Wreck
9411,Wreck,41.77539,-69.69202,Wreck
9412,Wreck,41.91015,-69.8798,Wreck
9413,Wreck,42.00991,-70.53175,Wreck
9414,Wreck,42.15626,-70.56096,Wreck
9415,Wreck,42.03782,-70.00946,Wreck
9416,Wreck,42.85699,-70.39509,Wreck
9417,Wreck,43.31466,-69.53478,Wreck
9418,Wreck,41.21099,-72.86339,Wreck
9419,Wreck,42.04603,-70.49389,Wreck
9420,Wreck,42.05561,-70.48161,Wreck
9421,Wreck,42.15031,-70.56611,Wreck
9422,Wreck,42.09237,-70.42218,Wreck
9423,Wreck,42.07343,-70.32979,Wreck
9424,Wreck,42.03224,-69.93396,Wreck
9425,Wreck,42.06183,-69.93331,Wreck
9426,Wreck,38.74288,-74.61065,Wreck
9427,Wreck,42.05929,-69.89767,Wreck
9428,Wreck,42.08414,-69.91785,Wreck
9429,Wreck,42.04898,-69.8334,Wreck
9430,Wreck,42.04168,-69.74839,Wreck
9431,Wreck,42.30878,-69.5824,Wreck
9432,Wreck,42.52262,-69.8655,Wreck
9433,Wreck,42.8155,-69.76711,Wreck
9434,Wreck,43.52165,-69.6275,Wreck
9435,Wreck,43.4678,-69.31425,Wreck
9436,Wreck,41.18176,-72.60863,Wreck
9437,Wreck,43.6414,-69.17695,Wreck
9438,Wreck,42.66607,-70.46971,Wreck
9439,Wreck,42.80499,-70.60785,Wreck
9440,Wreck,42.69216,-70.32277,Wreck
9441,Wreck,42.66462,-70.2,Wreck
9442,Wreck,42.87407,-70.50097,Wreck
9443,Wreck,38.80228,-74.70742,Wreck
9444,Wreck,42.94917,-70.51094,Wreck
9445,Wreck,42.96581,-70.50097,Wreck
9446,Wreck,43.02814,-70.50501,Wreck
9447,Wreck,42.09856,-70.34538,Wreck
9448,Wreck,29.67237,-93.42751,Wreck
9449,Wreck,42.01707,-70.30282,Wreck
9450,Wreck,29.64991,-93.42516,Wreck
9451,Wreck,42.11531,-70.13352,Wreck
9452,Wreck,29.66577,-93.43932,Wreck
9453,Wreck,43.08349,-70.40931,Wreck
9454,Wreck,29.68342,-93.47446,Wreck
9455,Wreck,43.10463,-70.45406,Wreck
9456,Wreck,29.38452,-93.45045,Wreck
9457,Wreck,29.63329,-93.41657,Wreck
9458,Wreck,42.92897,-70.17585,Wreck
9459,Wreck,43.12083,-70.29743,Wreck
9460,Wreck,43.09708,-70.11162,Wreck
9461,Wreck,29.70075,-93.60817,Wreck
9462,Wreck,43.13044,-70.04601,Wreck
9463,Wreck,43.37,-70.16833,Wreck
9464,Wreck,29.69318,-93.58385,Wreck
9465,Wreck,41.20104,-72.54578,Wreck
9466,Wreck,43.3326,-70.10968,Wreck
9467,Wreck,29.67479,-93.73976,Wreck
9468,Wreck,43.5002,-70.10002,Wreck
9469,Wreck,42.942,-69.7785,Wreck
9470,Wreck,43.10417,-69.96705,Wreck
9471,Wreck,43.01528,-69.617,Wreck
9472,Wreck,42.79933,-69.34959,Wreck
9473,Wreck,29.27478,-93.34342,Wreck
9474,Wreck,43.21815,-69.9166,Wreck
9475,Wreck,43.3445,-69.948,Wreck
9476,Wreck,43.41701,-69.70134,Wreck
9477,Wreck,43.17693,-69.43871,Wreck
9478,Wreck,38.77609,-74.56034,Wreck
9479,Wreck,43.45569,-69.9465,Wreck
9480,Wreck,43.43928,-69.88627,Wreck
9481,Wreck,42.7618,-70.65504,Wreck
9482,Wreck,43.5305,-69.63767,Wreck
9483,Wreck,43.28797,-70.26203,Wreck
9484,Wreck,42.46622,-68.5844,Wreck
9485,Wreck,38.74786,-74.59863,Wreck
9486,Wreck,38.82048,-74.91612,Wreck
9487,Wreck,43.2918,-68.84787,Wreck
9488,Wreck,43.408,-68.8157,Wreck
9489,Wreck,43.50178,-69.08173,Wreck
9490,Wreck,42.74124,-68.37224,Wreck
9491,Wreck,42.73784,-67.86643,Wreck
9492,Wreck,43.48174,-67.65271,Wreck
9493,Wreck,43.11668,-67.30044,Wreck
9494,Wreck,43.44995,-67.05034,Wreck
9495,Wreck,44.06447,-67.05154,Wreck
9496,Wreck,29.11664,-91.83336,Wreck
9497,Wreck,25.57935,-80.03287,Wreck
9498,Wreck,24.49913,-81.07678,Wreck
9499,Wreck,25.16635,-80.16988,Wreck
9500,Wreck,25.25117,-81.49961,Wreck
9501,Wreck,24.89095,-81.16705,Wreck
9502,Wreck,25.17175,-81.4976,Wreck
9503,Wreck,25.62461,-80.05013,Wreck
9504,Wreck,24.69106,-80.85648,Wreck
9505,Wreck,25.99118,-80.03501,Wreck
9506,Wreck,25.97294,-80.0248,Wreck
9507,Wreck,27.30358,-80.08136,Wreck
9508,Wreck,26.1033,-80.02155,Wreck
9509,Wreck,24.39548,-79.20445,Wreck
9510,Wreck,26.01517,-80.03588,Wreck
9511,Wreck,29.26778,-91.4,Wreck
9512,Wreck,25.70179,-80.01172,Wreck
9513,Wreck,25.90505,-79.93877,Wreck
9514,Wreck,28.20023,-80.49028,Wreck
9515,Wreck,28.30973,-80.33519,Wreck
9516,Wreck,27.12569,-80.10202,Wreck
9517,Wreck,27.06796,-80.06186,Wreck
9518,Wreck,27.05107,-80.06622,Wreck
9519,Wreck,27.00933,-80.0428,Wreck
9520,Wreck,26.15021,-79.86713,Wreck
9521,Wreck,27.5496,-79.98264,Wreck
9522,Wreck,26.01897,-79.66667,Wreck
9523,Wreck,29.03356,-91.81679,Wreck
9524,Wreck,41.21343,-72.29342,Wreck
9525,Wreck,28.38839,-80.03859,Wreck
9526,Wreck,26.05905,-79.31824,Wreck
9527,Wreck,28.97619,-91.48383,Wreck
9528,Wreck,27.52529,-80.16023,Wreck
9529,Wreck,26.81213,-79.95134,Wreck
9530,Wreck,29.08508,-91.70481,Wreck
9531,Wreck,29.10006,-91.66664,Wreck
9532,Wreck,26.04879,-80.03477,Wreck
9533,Wreck,29.11689,-91.68345,Wreck
9534,Wreck,29.09441,-91.6157,Wreck
9535,Wreck,41.23171,-72.34824,Wreck
9536,Wreck,26.07408,-80.05362,Wreck
9537,Wreck,26.09302,-80.02379,Wreck
9538,Wreck,29.34553,-91.74063,Wreck
9539,Wreck,26.10029,-80.01886,Wreck
9540,Wreck,29.25877,-91.70012,Wreck
9541,Wreck,26.10081,-80.03082,Wreck
9542,Wreck,29.23357,-91.60861,Wreck
9543,Wreck,27.39575,-80.03278,Wreck
9544,Wreck,26.16667,-79.85833,Wreck
9545,Wreck,28.42505,-80.29393,Wreck
9546,Wreck,29.08346,-91.2999,Wreck
9547,Wreck,29.12135,-91.28974,Wreck
9548,Wreck,29.19004,-91.27539,Wreck
9549,Wreck,27.42679,-80.18899,Wreck
9550,Wreck,40.99338,-73.40619,Wreck
9551,Wreck,25.91,-79.925,Wreck
9552,Wreck,26.03365,-79.9337,Wreck
9553,Wreck,26.13862,-79.99961,Wreck
9554,Wreck,26.16592,-79.9997,Wreck
9555,Wreck,25.75282,-79.84333,Wreck
9556,Wreck,26.21598,-79.99403,Wreck
9557,Wreck,26.24957,-80.04104,Wreck
9558,Wreck,26.06625,-79.75024,Wreck
9559,Wreck,28.15909,-80.20803,Wreck
9560,Wreck,25.79115,-80.05247,Wreck
9561,Wreck,39.30224,-75.39027,Wreck
9562,Wreck,28.15312,-80.01152,Wreck
9563,Wreck,25.81691,-80.05126,Wreck
9564,Wreck,25.78325,-80.05106,Wreck
9565,Wreck,26.155,-79.73833,Wreck
9566,Wreck,26.28833,-82.0795,Wreck
9567,Wreck,26.82363,-79.97305,Wreck
9568,Wreck,26.25567,-81.93641,Wreck
9569,Wreck,27.28796,-80.12208,Wreck
9570,Wreck,24.95193,-81.89977,Wreck
9571,Wreck,24.98299,-81.84574,Wreck
9572,Wreck,24.99996,-81.91615,Wreck
9573,Wreck,24.58376,-82.17386,Wreck
9574,Wreck,24.98507,-81.9154,Wreck
9575,Wreck,24.625,-82.01024,Wreck
9576,Wreck,29.02669,-91.05004,Wreck
9577,Wreck,24.62761,-81.96955,Wreck
9578,Wreck,24.93455,-81.96031,Wreck
9579,Wreck,24.45512,-82.1066,Wreck
9580,Wreck,26.0285,-81.83423,Wreck
9581,Wreck,28.60006,-91.15834,Wreck
9582,Wreck,26.16717,-81.89947,Wreck
9583,Wreck,26.08352,-81.86617,Wreck
9584,Wreck,26.08391,-81.83292,Wreck
9585,Wreck,28.70344,-91.38328,Wreck
9586,Wreck,41.24497,-72.26311,Wreck
9587,Wreck,40.99122,-73.41287,Wreck
9588,Wreck,24.40777,-82.00461,Wreck
9589,Wreck,29.73385,-85.76243,Wreck
9590,Wreck,24.2115,-81.83578,Wreck
9591,Wreck,28.91694,-91.48339,Wreck
9592,Wreck,24.2512,-81.7826,Wreck
9593,Wreck,24.46093,-81.55535,Wreck
9594,Wreck,28.66638,-90.32838,Wreck
9595,Wreck,24.21596,-82.00338,Wreck
9596,Wreck,28.69241,-90.32183,Wreck
9597,Wreck,28.81012,-90.31509,Wreck
9598,Wreck,28.59988,-90.24955,Wreck
9599,Wreck,28.63728,-90.21064,Wreck
9600,Wreck,28.7,-90.3,Wreck
9601,Wreck,24.30159,-81.13336,Wreck
9602,Wreck,28.74843,-90.26978,Wreck
9603,Wreck,41.22102,-72.41178,Wreck
9604,Wreck,24.85298,-82.26363,Wreck
9605,Wreck,28.75828,-90.26633,Wreck
9606,Wreck,24.47583,-81.55183,Wreck
9607,Wreck,28.80029,-90.30827,Wreck
9608,Wreck,28.81356,-90.18408,Wreck
9609,Wreck,28.8233,-90.18358,Wreck
9610,Wreck,24.26525,-81.86591,Wreck
9611,Wreck,24.9422,-81.95926,Wreck
9612,Wreck,29.08911,-90.30907,Wreck
9613,Wreck,29.006,-90.33856,Wreck
9614,Wreck,41.27236,-72.2695,Wreck
9615,Wreck,24.53733,-82.01783,Wreck
9616,Wreck,25.72325,-79.30837,Wreck
9617,Wreck,25.74206,-79.30338,Wreck
9618,Wreck,30.10833,-80.39833,Wreck
9619,Wreck,28.98332,-89.2334,Wreck
9620,Wreck,25.69822,-79.31712,Wreck
9621,Wreck,28.8915,-89.39422,Wreck
9622,Wreck,29.06025,-88.96183,Wreck
9623,Wreck,29.96167,-81.01333,Wreck
9624,Wreck,28.96087,-89.06536,Wreck
9625,Wreck,41.22567,-72.34092,Wreck
9626,Wreck,28.79834,-89.42474,Wreck
9627,Wreck,28.95832,-89.06675,Wreck
9628,Wreck,30.28706,-80.66946,Wreck
9629,Wreck,29.07683,-88.96373,Wreck
9630,Wreck,28.85014,-89.10007,Wreck
9631,Wreck,29.15688,-80.89229,Wreck
9632,Wreck,28.99978,-89.05033,Wreck
9633,Wreck,28.8806,-80.07482,Wreck
9634,Wreck,28.86498,-79.96485,Wreck
9635,Wreck,29.23354,-80.17029,Wreck
9636,Wreck,28.69234,-80.10254,Wreck
9637,Wreck,29.24102,-80.02814,Wreck
9638,Wreck,28.93364,-89.4415,Wreck
9639,Wreck,28.57171,-80.31456,Wreck
9640,Wreck,28.94664,-89.23106,Wreck
9641,Wreck,29.13336,-88.8334,Wreck
9642,Wreck,28.48096,-80.36494,Wreck
9643,Wreck,28.62351,-90.58014,Wreck
9644,Wreck,30.32373,-80.94425,Wreck
9645,Wreck,29.453,-80.87848,Wreck
9646,Wreck,28.66355,-80.38741,Wreck
9647,Wreck,29.58433,-80.5705,Wreck
9648,Wreck,28.60318,-80.2711,Wreck
9649,Wreck,28.475,-80.18333,Wreck
9650,Wreck,28.45005,-80.13182,Wreck
9651,Wreck,29.53309,-80.42517,Wreck
9652,Wreck,28.7949,-90.75993,Wreck
9653,Wreck,29.14672,-90.00756,Wreck
9654,Wreck,29.54167,-85.09833,Wreck
9655,Wreck,29.30112,-89.80947,Wreck
9656,Wreck,26.41418,-96.92263,Wreck
9657,Wreck,28.82583,-90.09917,Wreck
9658,Wreck,28.99951,-89.95881,Wreck
9659,Wreck,29.09338,-89.56656,Wreck
9660,Wreck,28.86635,-89.5825,Wreck
9661,Wreck,29.12869,-89.5707,Wreck
9662,Wreck,29.505,-85.12,Wreck
9663,Wreck,29.13395,-89.60018,Wreck
9664,Wreck,26.63059,-97.21582,Wreck
9665,Wreck,41.00096,-73.41526,Wreck
9666,Wreck,26.70742,-97.19128,Wreck
9667,Wreck,29.1805,-89.67,Wreck
9668,Wreck,26.805,-97.27167,Wreck
9669,Wreck,26.78764,-97.15439,Wreck
9670,Wreck,27.22391,-97.35011,Wreck
9671,Wreck,27.27151,-97.26852,Wreck
9672,Wreck,27.42145,-97.27428,Wreck
9673,Wreck,27.51785,-97.18087,Wreck
9674,Wreck,26.97804,-96.94972,Wreck
9675,Wreck,27.16694,-96.3166,Wreck
9676,Wreck,29.12217,-89.48535,Wreck
9677,Wreck,27.39053,-96.92413,Wreck
9678,Wreck,27.44844,-96.78225,Wreck
9679,Wreck,27.38443,-96.66596,Wreck
9680,Wreck,27.7264,-96.99342,Wreck
9681,Wreck,27.47428,-96.65015,Wreck
9682,Wreck,41.25457,-72.19975,Wreck
9683,Wreck,27.5961,-96.63087,Wreck
9684,Wreck,27.66867,-96.68383,Wreck
9685,Wreck,27.2835,-96.30169,Wreck
9686,Wreck,29.19755,-89.51083,Wreck
9687,Wreck,27.44334,-96.53673,Wreck
9688,Wreck,27.45035,-96.42028,Wreck
9689,Wreck,29.17571,-89.5188,Wreck
9690,Wreck,29.17847,-88.98673,Wreck
9691,Wreck,29.26573,-88.75582,Wreck
9692,Wreck,27.30664,-95.97495,Wreck
9693,Wreck,27.22631,-95.79035,Wreck
9694,Wreck,29.17312,-88.98871,Wreck
9695,Wreck,27.68218,-95.66606,Wreck
9696,Wreck,27.90029,-96.9846,Wreck
9697,Wreck,29.2341,-89.0525,Wreck
9698,Wreck,27.909,-96.97183,Wreck
9699,Wreck,27.80002,-96.58324,Wreck
9700,Wreck,27.815,-96.57167,Wreck
9701,Wreck,29.24164,-89.05,Wreck
9702,Wreck,27.93474,-96.79566,Wreck
9703,Wreck,27.95409,-96.79947,Wreck
9704,Wreck,29.22216,-88.96774,Wreck
9705,Wreck,28.06068,-96.84427,Wreck
9706,Wreck,28.09835,-96.78926,Wreck
9707,Wreck,28.08447,-96.7156,Wreck
9708,Wreck,29.62845,-89.10842,Wreck
9709,Wreck,28.11352,-96.7492,Wreck
9710,Wreck,27.86631,-96.30857,Wreck
9711,Wreck,29.6421,-88.84737,Wreck
9712,Wreck,27.90364,-96.472,Wreck
9713,Wreck,29.90576,-89.02404,Wreck
9714,Wreck,27.822,-96.00969,Wreck
9715,Wreck,28.00104,-96.1494,Wreck
9716,Wreck,28.1489,-96.44925,Wreck
9717,Wreck,29.64213,-89.26674,Wreck
9718,Wreck,28.08229,-96.38199,Wreck
9719,Wreck,41.26562,-72.08816,Wreck
9720,Wreck,29.91005,-88.94832,Wreck
9721,Wreck,28.18063,-96.35883,Wreck
9722,Wreck,28.23618,-96.30921,Wreck
9723,Wreck,29.68345,-88.78315,Wreck
9724,Wreck,28.08158,-96.20662,Wreck
9725,Wreck,29.65858,-88.8831,Wreck
9726,Wreck,28.11282,-96.24626,Wreck
9727,Wreck,29.70793,-89.05011,Wreck
9728,Wreck,27.787,-95.78375,Wreck
9729,Wreck,27.98038,-95.92792,Wreck
9730,Wreck,29.7368,-89.30838,Wreck
9731,Wreck,28.10822,-95.7714,Wreck
9732,Wreck,29.69281,-89.36478,Wreck
9733,Wreck,28.13549,-95.72226,Wreck
9734,Wreck,29.59435,-89.32321,Wreck
9735,Wreck,28.06724,-95.71627,Wreck
9736,Wreck,29.47164,-89.35161,Wreck
9737,Wreck,28.03314,-95.63414,Wreck
9738,Wreck,29.60528,-89.22065,Wreck
9739,Wreck,28.04981,-95.62916,Wreck
9740,Wreck,29.50745,-89.36608,Wreck
9741,Wreck,28.20318,-95.59977,Wreck
9742,Wreck,28.02993,-95.23816,Wreck
9743,Wreck,29.7896,-88.99526,Wreck
9744,Wreck,28.42399,-95.98319,Wreck
9745,Wreck,29.77642,-88.78106,Wreck
9746,Wreck,28.50013,-95.86593,Wreck
9747,Wreck,29.87167,-88.995,Wreck
9748,Wreck,28.55175,-95.93439,Wreck
9749,Wreck,28.56073,-95.98278,Wreck
9750,Wreck,29.64958,-89.21565,Wreck
9751,Wreck,28.4904,-95.72704,Wreck
9752,Wreck,29.67125,-89.28808,Wreck
9753,Wreck,28.35812,-95.59584,Wreck
9754,Wreck,29.60452,-89.28665,Wreck
9755,Wreck,28.70352,-95.69503,Wreck
9756,Wreck,29.47278,-89.34722,Wreck
9757,Wreck,28.69883,-95.58304,Wreck
9758,Wreck,28.70805,-95.56826,Wreck
9759,Wreck,28.74882,-95.61605,Wreck
9760,Wreck,27.89994,-94.51589,Wreck
9761,Wreck,29.64141,-88.8986,Wreck
9762,Wreck,27.96825,-94.38364,Wreck
9763,Wreck,29.63938,-88.89129,Wreck
9764,Wreck,28.04129,-94.40761,Wreck
9765,Wreck,28.1185,-94.28155,Wreck
9766,Wreck,30.0584,-88.8872,Wreck
9767,Wreck,27.7184,-96.97566,Wreck
9768,Wreck,30.05178,-88.89225,Wreck
9769,Wreck,27.68239,-96.95562,Wreck
9770,Wreck,26.39765,-97.01664,Wreck
9771,Wreck,28.06414,-95.64967,Wreck
9772,Wreck,29.65136,-89.00692,Wreck
9773,Wreck,29.82949,-88.99179,Wreck
9774,Wreck,29.62833,-89.09667,Wreck
9775,Wreck,29.3691,-94.37657,Wreck
9776,Wreck,29.90238,-88.85172,Wreck
9777,Wreck,29.04375,-94.69661,Wreck
9778,Wreck,29.95045,-88.91677,Wreck
9779,Wreck,41.22145,-72.05549,Wreck
9780,Wreck,28.93928,-95.08234,Wreck
9781,Wreck,29.95517,-88.95526,Wreck
9782,Wreck,28.5014,-94.90178,Wreck
9783,Wreck,29.58494,-89.49217,Wreck
9784,Wreck,29.2636,-93.65658,Wreck
9785,Wreck,29.26878,-94.49096,Wreck
9786,Wreck,29.15691,-94.41986,Wreck
9787,Wreck,28.9256,-94.31209,Wreck
9788,Wreck,28.96961,-94.66056,Wreck
9789,Wreck,29.25723,-94.76753,Wreck
9790,Wreck,29.6748,-93.73675,Wreck
9791,Wreck,28.63467,-95.20144,Wreck
9792,Wreck,28.30107,-95.46516,Wreck
9793,Wreck,29.48388,-89.41671,Wreck
9794,Wreck,28.37937,-95.3832,Wreck
9795,Wreck,28.52637,-95.36809,Wreck
9796,Wreck,28.51704,-95.36743,Wreck
9797,Wreck,28.83415,-95.45146,Wreck
9798,Wreck,29.48344,-89.50838,Wreck
9799,Wreck,28.68264,-95.4005,Wreck
9800,Wreck,29.51229,-93.46259,Wreck
9801,Wreck,29.56487,-89.47636,Wreck
9802,Wreck,28.74267,-95.35903,Wreck
9803,Wreck,28.73353,-95.30891,Wreck
9804,Wreck,28.79161,-95.42064,Wreck
9805,Wreck,28.6663,-95.43468,Wreck
9806,Wreck,28.69454,-95.42169,Wreck
9807,Wreck,28.78759,-95.37099,Wreck
9808,Wreck,28.79741,-95.32785,Wreck
9809,Wreck,28.85152,-95.39697,Wreck
9810,Wreck,28.8092,-95.30913,Wreck
9811,Wreck,29.50031,-89.57519,Wreck
9812,Wreck,28.84993,-95.3832,Wreck
9813,Wreck,28.28169,-94.83718,Wreck
9814,Wreck,28.37361,-94.69664,Wreck
9815,Wreck,28.62284,-94.8973,Wreck
9816,Wreck,28.72402,-94.94198,Wreck
9817,Wreck,28.96655,-95.06661,Wreck
9818,Wreck,28.68311,-93.63324,Wreck
9819,Wreck,28.66607,-93.61675,Wreck
9820,Wreck,28.87039,-93.26613,Wreck
9821,Wreck,30.24576,-90.11689,Wreck
9822,Wreck,30.08384,-90.2671,Wreck
9823,Wreck,30.28701,-90.16715,Wreck
9824,Wreck,28.98261,-95.20096,Wreck
9825,Wreck,30.11982,-90.1574,Wreck
9826,Wreck,29.04935,-95.13115,Wreck
9827,Wreck,29.06665,-95.10022,Wreck
9828,Wreck,29.06655,-95.11624,Wreck
9829,Wreck,30.32833,-90.16337,Wreck
9830,Wreck,29.12601,-95.02683,Wreck
9831,Wreck,30.28189,-90.15848,Wreck
9832,Wreck,29.06697,-95.01618,Wreck
9833,Wreck,30.045,-90.21667,Wreck
9834,Wreck,29.14672,-94.76692,Wreck
9835,Wreck,30.17164,-90.32155,Wreck
9836,Wreck,29.22504,-94.78315,Wreck
9837,Wreck,30.13794,-90.14431,Wreck
9838,Wreck,29.27413,-94.73554,Wreck
9839,Wreck,30.03657,-90.14764,Wreck
9840,Wreck,41.28663,-72.03095,Wreck
9841,Wreck,29.23328,-94.76607,Wreck
9842,Wreck,30.33327,-90.23337,Wreck
9843,Wreck,30.08311,-90.15368,Wreck
9844,Wreck,29.25872,-94.69501,Wreck
9845,Wreck,30.2255,-90.3436,Wreck
9846,Wreck,29.27493,-94.69432,Wreck
9847,Wreck,30.33346,-90.13295,Wreck
9848,Wreck,30.14278,-90.04639,Wreck
9849,Wreck,29.07452,-94.71908,Wreck
9850,Wreck,30.06635,-90.11338,Wreck
9851,Wreck,41.28682,-72.02945,Wreck
9852,Wreck,29.55702,-93.89438,Wreck
9853,Wreck,29.42445,-94.58327,Wreck
9854,Wreck,29.46829,-94.55469,Wreck
9855,Wreck,30.25011,-90.32532,Wreck
9856,Wreck,29.3651,-94.47034,Wreck
9857,Wreck,30.1559,-90.0653,Wreck
9858,Wreck,29.41672,-94.45225,Wreck
9859,Wreck,30.03334,-90.13332,Wreck
9860,Wreck,29.46805,-94.43268,Wreck
9861,Wreck,29.43791,-94.41944,Wreck
9862,Wreck,30.31655,-90.06676,Wreck
9863,Wreck,30.30598,-90.15137,Wreck
9864,Wreck,30.25313,-90.27832,Wreck
9865,Wreck,29.16504,-94.09882,Wreck
9866,Wreck,28.99215,-93.78336,Wreck
9867,Wreck,30.03023,-90.14481,Wreck
9868,Wreck,30.07322,-90.152,Wreck
9869,Wreck,29.17635,-93.90106,Wreck
9870,Wreck,30.23821,-90.26337,Wreck
9871,Wreck,29.50219,-94.25011,Wreck
9872,Wreck,30.0398,-90.11675,Wreck
9873,Wreck,29.56582,-94.31615,Wreck
9874,Wreck,30.06668,-90.31029,Wreck
9875,Wreck,29.534,-94.20019,Wreck
9876,Wreck,29.52692,-94.07395,Wreck
9877,Wreck,29.59986,-94.01632,Wreck
9878,Wreck,29.66757,-93.99654,Wreck
9879,Wreck,30.22472,-90.04861,Wreck
9880,Wreck,29.61611,-94.04957,Wreck
9881,Wreck,30.08167,-90.19833,Wreck
9882,Wreck,43.10322,-70.45129,Wreck
9883,Wreck,29.65038,-94.02244,Wreck
9884,Wreck,43.08424,-70.41027,Wreck
9885,Wreck,29.46702,-93.76673,Wreck
9886,Wreck,29.48347,-93.73474,Wreck
9887,Wreck,42.87168,-70.64886,Wreck
9888,Wreck,29.36733,-93.79771,Wreck
9889,Wreck,41.28537,-72.0366,Wreck
9890,Wreck,29.43295,-93.78197,Wreck
9891,Wreck,43.11696,-70.42717,Wreck
9892,Wreck,29.59006,-93.96823,Wreck
9893,Wreck,43.11661,-70.45104,Wreck
9894,Wreck,29.56339,-93.95504,Wreck
9895,Wreck,29.01668,-93.41656,Wreck
9896,Wreck,43.02917,-70.50499,Wreck
9897,Wreck,42.77497,-70.20428,Wreck
9898,Wreck,29.38393,-93.44887,Wreck
9899,Wreck,41.28775,-72.03605,Wreck
9900,Wreck,42.66509,-70.47111,Wreck
9901,Wreck,42.87541,-70.49948,Wreck
9902,Wreck,29.68447,-93.47418,Wreck
9903,Wreck,42.80661,-70.60812,Wreck
9904,Wreck,29.67239,-93.42613,Wreck
9905,Wreck,41.28517,-72.03179,Wreck
9906,Wreck,29.11212,-94.40184,Wreck
9907,Wreck,41.2481,-71.86453,Wreck
9908,Wreck,29.04172,-94.69214,Wreck
9909,Wreck,29.13583,-93.30167,Wreck
9910,Wreck,28.95018,-93.34886,Wreck
9911,Wreck,41.04023,-73.30679,Wreck
9912,Wreck,29.11681,-91.72322,Wreck
9913,Wreck,28.60041,-93.566,Wreck
9914,Wreck,28.64686,-94.29157,Wreck
9915,Wreck,28.46749,-93.90014,Wreck
9916,Wreck,29.11675,-91.7334,Wreck
9917,Wreck,28.53325,-94.23342,Wreck
9918,Wreck,28.30334,-94.12461,Wreck
9919,Wreck,28.18326,-94.34845,Wreck
9920,Wreck,28.20038,-94.24982,Wreck
9921,Wreck,28.53585,-94.43984,Wreck
9922,Wreck,28.58069,-94.5501,Wreck
9923,Wreck,28.4998,-94.66685,Wreck
9924,Wreck,28.58138,-95.0675,Wreck
9925,Wreck,28.36357,-94.80975,Wreck
9926,Wreck,28.40224,-94.90162,Wreck
9927,Wreck,28.33499,-94.99011,Wreck
9928,Wreck,28.43011,-95.12434,Wreck
9929,Wreck,28.26396,-95.38288,Wreck
9930,Wreck,28.40069,-95.30059,Wreck
9931,Wreck,28.20078,-95.14963,Wreck
9932,Wreck,28.22776,-95.19969,Wreck
9933,Wreck,28.63144,-95.08169,Wreck
9934,Wreck,28.60074,-95.05118,Wreck
9935,Wreck,29.26658,-91.58339,Wreck
9936,Wreck,29.0955,-91.71325,Wreck
9937,Wreck,29.17003,-91.75189,Wreck
9938,Wreck,42.11516,-70.13188,Wreck
9939,Wreck,42.0627,-69.9321,Wreck
9940,Wreck,41.82886,-69.87899,Wreck
9941,Wreck,42.09172,-70.4215,Wreck
9942,Wreck,28.45,-91.40083,Wreck
9943,Wreck,28.98061,-91.65419,Wreck
9944,Wreck,28.97813,-91.48883,Wreck
9945,Wreck,42.0401,-70.01075,Wreck
9946,Wreck,28.53889,-90.9825,Wreck
9947,Wreck,41.83323,-70.4995,Wreck
9948,Wreck,28.44667,-91.475,Wreck
9949,Wreck,41.91522,-70.50549,Wreck
9950,Wreck,29.11847,-91.73134,Wreck
9951,Wreck,41.9177,-70.44517,Wreck
9952,Wreck,41.9068,-70.26652,Wreck
9953,Wreck,42.05653,-70.48488,Wreck
9954,Wreck,29.33333,-91.8,Wreck
9955,Wreck,41.93688,-70.31382,Wreck
9956,Wreck,29.11228,-91.71707,Wreck
9957,Wreck,29.10432,-91.69747,Wreck
9958,Wreck,29.23668,-91.60731,Wreck
9959,Wreck,41.30013,-71.88283,Wreck
9960,Wreck,41.13438,-70.33329,Wreck
9961,Wreck,41.22209,-70.48164,Wreck
9962,Wreck,41.33655,-69.74778,Wreck
9963,Wreck,41.63308,-69.76712,Wreck
9964,Wreck,41.64184,-69.79977,Wreck
9965,Wreck,41.29199,-71.90054,Wreck
9966,Wreck,41.14669,-70.36822,Wreck
9967,Wreck,28.70168,-91.38362,Wreck
9968,Wreck,28.99748,-90.3026,Wreck
9969,Wreck,41.26109,-71.85034,Wreck
9970,Wreck,29.25967,-91.7004,Wreck
9971,Wreck,28.70263,-91.2334,Wreck
9972,Wreck,28.10871,-91.05778,Wreck
9973,Wreck,28.33337,-91.19903,Wreck
9974,Wreck,29.12001,-91.83353,Wreck
9975,Wreck,28.63198,-91.49922,Wreck
9976,Wreck,28.97654,-91.4909,Wreck
9977,Wreck,28.71632,-91.24244,Wreck
9978,Wreck,38.69345,-75.01489,Wreck
9979,Wreck,28.74914,-90.27092,Wreck
9980,Wreck,38.81303,-75.07374,Wreck
9981,Wreck,29.03293,-91.81496,Wreck
9982,Wreck,28.69291,-91.02651,Wreck
9983,Wreck,29.17028,-91.74673,Wreck
9984,Wreck,28.80224,-90.3109,Wreck
9985,Wreck,29.08986,-91.70331,Wreck
9986,Wreck,29.10243,-91.66515,Wreck
9987,Wreck,28.62371,-90.57907,Wreck
9988,Wreck,28.81344,-90.3134,Wreck
9989,Wreck,28.60202,-91.15853,Wreck
9990,Wreck,28.80395,-91.68386,Wreck
9991,Wreck,28.76064,-90.26665,Wreck
9992,Wreck,28.78764,-91.73635,Wreck
9993,Wreck,29.00611,-90.83808,Wreck
9994,Wreck,28.86703,-90.82863,Wreck
9995,Wreck,28.90092,-90.4917,Wreck
9996,Wreck,29.09499,-91.61713,Wreck
9997,Wreck,28.92678,-90.69253,Wreck
9998,Wreck,29.64028,-88.89957,Wreck
9999,Wreck,29.24694,-89.72083,Wreck
10000,Wreck,29.31689,-88.83336,Wreck
10001,Wreck,29.68167,-88.9,Wreck
10002,Wreck,29.27917,-88.77944,Wreck
10003,Wreck,29.20036,-89.53349,Wreck
10004,Wreck,30.14417,-88.33944,Wreck
10005,Wreck,29.33673,-88.83857,Wreck
10006,Wreck,30.12834,-88.63378,Wreck
10007,Wreck,30.17508,-88.88413,Wreck
10008,Wreck,30.17416,-88.90026,Wreck
10009,Wreck,29.17636,-89.52013,Wreck
10010,Wreck,29.2645,-88.75564,Wreck
10011,Wreck,30.15362,-88.47488,Wreck
10012,Wreck,28.63877,-90.21094,Wreck
10013,Wreck,30.18415,-88.91928,Wreck
10014,Wreck,29.33112,-88.80096,Wreck
10015,Wreck,38.81609,-75.04727,Wreck
10016,Wreck,38.76041,-75.06423,Wreck
10017,Wreck,29.53341,-88.74161,Wreck
10018,Wreck,29.657,-89.362,Wreck
10019,Wreck,29.42872,-88.81741,Wreck
10020,Wreck,29.63911,-88.89009,Wreck
10021,Wreck,29.74975,-88.60894,Wreck
10022,Wreck,30.05946,-88.8868,Wreck
10023,Wreck,30.05149,-88.89354,Wreck
10024,Wreck,41.24316,-72.50719,Wreck
10025,Wreck,38.80293,-75.12201,Wreck
10026,Wreck,29.72978,-88.83881,Wreck
10027,Wreck,28.92199,-89.40332,Wreck
10028,Wreck,30.04819,-88.32926,Wreck
10029,Wreck,38.62181,-75.01987,Wreck
10030,Wreck,29.49169,-88.92516,Wreck
10031,Wreck,29.63333,-88.86695,Wreck
10032,Wreck,29.9041,-88.77352,Wreck
10033,Wreck,29.64333,-88.89335,Wreck
10034,Wreck,29.90319,-88.8082,Wreck
10035,Wreck,29.53326,-88.61705,Wreck
10036,Wreck,29.81642,-88.54996,Wreck
10037,Wreck,38.80459,-75.06756,Wreck
10038,Wreck,29.64329,-88.84733,Wreck
10039,Wreck,29.55675,-88.61223,Wreck
10040,Wreck,29.12552,-89.79996,Wreck
10041,Wreck,28.91667,-89.68333,Wreck
10042,Wreck,28.80933,-89.445,Wreck
10043,Wreck,30.03469,-88.51536,Wreck
10044,Wreck,30.05225,-88.89756,Wreck
10045,Wreck,41.23599,-72.53588,Wreck
10046,Wreck,38.82666,-75.04353,Wreck
10047,Wreck,29.94985,-88.61508,Wreck
10048,Wreck,29.76667,-88.16667,Wreck
10049,Wreck,29.90774,-88.13353,Wreck
10050,Wreck,29.46308,-88.02631,Wreck
10051,Wreck,29.53333,-87.93322,Wreck
10052,Wreck,29.53286,-87.56664,Wreck
10053,Wreck,29.71602,-88.03301,Wreck
10054,Wreck,29.95057,-88.08288,Wreck
10055,Wreck,29.94694,-88.045,Wreck
10056,Wreck,29.27999,-88.77957,Wreck
10057,Wreck,29.9866,-87.89938,Wreck
10058,Wreck,28.92535,-87.40193,Wreck
10059,Wreck,30.11037,-89.51246,Wreck
10060,Wreck,29.05167,-86.69167,Wreck
10061,Wreck,29.3682,-86.39839,Wreck
10062,Wreck,29.63823,-87.48018,Wreck
10063,Wreck,29.83435,-87.25617,Wreck
10064,Wreck,29.99878,-87.35068,Wreck
10065,Wreck,29.98667,-87.30333,Wreck
10066,Wreck,29.91879,-86.58341,Wreck
10067,Wreck,29.9168,-86.59161,Wreck
10068,Wreck,29.7272,-86.36452,Wreck
10069,Wreck,29.82209,-86.27214,Wreck
10070,Wreck,29.23508,-85.98423,Wreck
10071,Wreck,29.6341,-85.95087,Wreck
10072,Wreck,29.45007,-85.72026,Wreck
10073,Wreck,29.63437,-85.81672,Wreck
10074,Wreck,29.73333,-85.68333,Wreck
10075,Wreck,38.77543,-75.07087,Wreck
10076,Wreck,30.01947,-88.12325,Wreck
10077,Wreck,30.05808,-87.81374,Wreck
10078,Wreck,30.05622,-87.70665,Wreck
10079,Wreck,30.15611,-89.07639,Wreck
10080,Wreck,30.09605,-87.76948,Wreck
10081,Wreck,30.04428,-87.53818,Wreck
10082,Wreck,30.11046,-88.63216,Wreck
10083,Wreck,30.12899,-87.52839,Wreck
10084,Wreck,30.08974,-87.38513,Wreck
10085,Wreck,30.17492,-88.88235,Wreck
10086,Wreck,30.18327,-88.91788,Wreck
10087,Wreck,38.68859,-75.02505,Wreck
10088,Wreck,29.81283,-88.77297,Wreck
10089,Wreck,30.03238,-87.29083,Wreck
10090,Wreck,30.18253,-88.92136,Wreck
10091,Wreck,29.63524,-88.88935,Wreck
10092,Wreck,30.12,-87.18774,Wreck
10093,Wreck,30.12784,-88.63291,Wreck
10094,Wreck,30.05667,-88.51833,Wreck
10095,Wreck,30.19166,-87.21378,Wreck
10096,Wreck,30.03514,-87.18489,Wreck
10097,Wreck,30.09452,-86.9426,Wreck
10098,Wreck,30.15643,-87.15016,Wreck
10099,Wreck,30.00398,-86.86017,Wreck
10100,Wreck,30.09863,-86.73557,Wreck
10101,Wreck,30.01406,-86.71607,Wreck
10102,Wreck,30.2665,-86.81643,Wreck
10103,Wreck,30.34069,-86.71656,Wreck
10104,Wreck,33.95155,-77.59285,Wreck
10105,Wreck,34.13571,-77.73025,Wreck
10106,Wreck,30.34557,-86.49082,Wreck
10107,Wreck,30.35733,-86.42908,Wreck
10108,Wreck,30.04611,-86.09419,Wreck
10109,Wreck,30.10096,-86.08191,Wreck
10110,Wreck,30.21908,-87.32293,Wreck
10111,Wreck,30.06061,-85.82483,Wreck
10112,Wreck,27.58713,-84.20086,Wreck
10113,Wreck,42.58317,-70.362,Wreck
10114,Wreck,27.59549,-83.99482,Wreck
10115,Wreck,34.63016,-76.32881,Wreck
10116,Wreck,43.0137,-70.3538,Wreck
10117,Wreck,42.56828,-70.36211,Wreck
10118,Wreck,34.6072,-76.31545,Wreck
10119,Wreck,34.45507,-76.48177,Wreck
10120,Wreck,28.79486,-85.20463,Wreck
10121,Wreck,28.5761,-84.48167,Wreck
10122,Wreck,42.38389,-70.35603,Wreck
10123,Wreck,34.49367,-76.43031,Wreck
10124,Wreck,28.7084,-84.79372,Wreck
10125,Wreck,28.60123,-84.32042,Wreck
10126,Wreck,35.14704,-76.42655,Wreck
10127,Wreck,28.49273,-84.01584,Wreck
10128,Wreck,35.13722,-76.40244,Wreck
10129,Wreck,35.19999,-76.44943,Wreck
10130,Wreck,27.7068,-83.88095,Wreck
10131,Wreck,27.76571,-83.31743,Wreck
10132,Wreck,35.16849,-76.36783,Wreck
10133,Wreck,28.28291,-83.88378,Wreck
10134,Wreck,28.21654,-83.71647,Wreck
10135,Wreck,27.95587,-83.12203,Wreck
10136,Wreck,27.94485,-83.0263,Wreck
10137,Wreck,28.20963,-83.34533,Wreck
10138,Wreck,28.27491,-83.34109,Wreck
10139,Wreck,35.16335,-76.15795,Wreck
10140,Wreck,35.16792,-76.13102,Wreck
10141,Wreck,28.26899,-83.28518,Wreck
10142,Wreck,35.19831,-76.09497,Wreck
10143,Wreck,28.30426,-83.30947,Wreck
10144,Wreck,28.9795,-83.20988,Wreck
10145,Wreck,28.52,-83.93167,Wreck
10146,Wreck,35.23673,-76.1256,Wreck
10147,Wreck,28.45167,-83.77833,Wreck
10148,Wreck,28.4165,-83.66622,Wreck
10149,Wreck,28.68594,-83.63649,Wreck
10150,Wreck,28.45633,-83.00401,Wreck
10151,Wreck,35.00184,-75.40672,Wreck
10152,Wreck,28.76376,-83.28306,Wreck
10153,Wreck,28.71637,-83.00741,Wreck
10154,Wreck,41.26205,-72.34467,Wreck
10155,Wreck,35.18319,-75.61677,Wreck
10156,Wreck,28.78422,-83.05049,Wreck
10157,Wreck,35.39066,-75.33654,Wreck
10158,Wreck,28.78784,-83.01683,Wreck
10159,Wreck,35.44166,-75.18737,Wreck
10160,Wreck,35.54381,-75.24923,Wreck
10161,Wreck,28.46549,-82.87958,Wreck
10162,Wreck,35.18336,-75.51674,Wreck
10163,Wreck,41.24415,-72.38389,Wreck
10164,Wreck,35.17111,-75.35806,Wreck
10165,Wreck,35.15659,-75.30381,Wreck
10166,Wreck,35.22675,-75.20086,Wreck
10167,Wreck,35.50521,-75.91653,Wreck
10168,Wreck,28.73572,-82.92194,Wreck
10169,Wreck,35.42507,-75.83646,Wreck
10170,Wreck,35.36017,-75.72971,Wreck
10171,Wreck,35.45661,-75.88665,Wreck
10172,Wreck,35.49996,-75.86634,Wreck
10173,Wreck,35.48278,-75.75305,Wreck
10174,Wreck,35.53336,-75.67497,Wreck
10175,Wreck,35.53499,-75.67459,Wreck
10176,Wreck,28.91791,-85.21576,Wreck
10177,Wreck,35.53818,-75.67685,Wreck
10178,Wreck,28.94869,-85.03285,Wreck
10179,Wreck,42.37244,-70.37049,Wreck
10180,Wreck,29.24982,-85.3031,Wreck
10181,Wreck,29.31269,-85.35147,Wreck
10182,Wreck,29.35186,-85.20835,Wreck
10183,Wreck,29.40326,-85.01341,Wreck
10184,Wreck,35.21166,-76.07283,Wreck
10185,Wreck,35.21335,-76.06615,Wreck
10186,Wreck,29.54306,-85.10556,Wreck
10187,Wreck,35.25999,-75.95642,Wreck
10188,Wreck,35.11647,-75.73277,Wreck
10189,Wreck,29.5672,-85.01032,Wreck
10190,Wreck,29.56351,-84.96214,Wreck
10191,Wreck,29.58676,-84.94655,Wreck
10192,Wreck,35.25176,-75.77598,Wreck
10193,Wreck,35.61772,-75.68296,Wreck
10194,Wreck,35.62026,-75.59481,Wreck
10195,Wreck,29.04551,-84.41901,Wreck
10196,Wreck,35.89462,-75.39388,Wreck
10197,Wreck,29.49952,-84.68199,Wreck
10198,Wreck,29.53292,-84.57416,Wreck
10199,Wreck,29.54297,-84.4474,Wreck
10200,Wreck,29.80989,-84.44656,Wreck
10201,Wreck,29.67149,-84.33313,Wreck
10202,Wreck,29.72417,-84.27588,Wreck
10203,Wreck,29.82002,-84.37054,Wreck
10204,Wreck,36.59615,-75.70454,Wreck
10205,Wreck,29.85197,-84.19961,Wreck
10206,Wreck,29.84345,-84.15191,Wreck
10207,Wreck,36.63272,-75.82495,Wreck
10208,Wreck,29.86591,-83.99367,Wreck
10209,Wreck,29.20167,-83.88167,Wreck
10210,Wreck,36.01982,-76.16028,Wreck
10211,Wreck,36.11658,-75.76843,Wreck
10212,Wreck,36.20068,-75.64925,Wreck
10213,Wreck,29.06813,-83.10103,Wreck
10214,Wreck,28.92196,-82.92852,Wreck
10215,Wreck,41.25602,-72.38045,Wreck
10216,Wreck,25.95,-81.85,Wreck
10217,Wreck,39.08363,-74.62927,Wreck
10218,Wreck,26.76458,-82.84656,Wreck
10219,Wreck,39.20609,-74.49524,Wreck
10220,Wreck,25.05404,-81.93838,Wreck
10221,Wreck,39.2423,-74.40607,Wreck
10222,Wreck,39.35256,-74.28571,Wreck
10223,Wreck,39.00034,-74.16612,Wreck
10224,Wreck,39.31642,-74.36726,Wreck
10225,Wreck,43.15986,-70.37277,Wreck
10226,Wreck,39.36181,-74.32028,Wreck
10227,Wreck,26.16812,-81.89975,Wreck
10228,Wreck,27.4941,-83.09764,Wreck
10229,Wreck,39.39707,-74.30115,Wreck
10230,Wreck,39.4123,-74.23348,Wreck
10231,Wreck,27.03025,-82.55981,Wreck
10232,Wreck,39.39988,-74.12703,Wreck
10233,Wreck,39.46685,-74.03312,Wreck
10234,Wreck,26.25786,-81.93568,Wreck
10235,Wreck,26.21653,-82.14678,Wreck
10236,Wreck,39.0543,-74.68657,Wreck
10237,Wreck,39.07396,-74.63416,Wreck
10238,Wreck,39.11305,-74.54738,Wreck
10239,Wreck,39.21434,-74.51423,Wreck
10240,Wreck,25.89993,-81.8702,Wreck
10241,Wreck,39.22485,-74.44095,Wreck
10242,Wreck,39.32673,-74.21972,Wreck
10243,Wreck,25.88748,-81.94465,Wreck
10244,Wreck,25.93445,-82.10538,Wreck
10245,Wreck,25.80099,-81.85029,Wreck
10246,Wreck,27.59774,-83.61555,Wreck
10247,Wreck,27.08548,-82.68226,Wreck
10248,Wreck,39.35551,-74.19158,Wreck
10249,Wreck,26.90237,-82.7006,Wreck
10250,Wreck,39.4069,-74.28624,Wreck
10251,Wreck,27.01557,-82.8181,Wreck
10252,Wreck,39.45202,-74.21766,Wreck
10253,Wreck,27.2842,-83.46657,Wreck
10254,Wreck,39.49658,-74.13182,Wreck
10255,Wreck,27.21842,-83.56718,Wreck
10256,Wreck,39.06997,-74.67068,Wreck
10257,Wreck,39.12559,-74.58349,Wreck
10258,Wreck,39.16055,-74.48092,Wreck
10259,Wreck,26.60236,-82.40235,Wreck
10260,Wreck,39.04291,-74.66608,Wreck
10261,Wreck,26.55815,-82.60157,Wreck
10262,Wreck,39.2657,-74.41328,Wreck
10263,Wreck,26.48364,-82.7325,Wreck
10264,Wreck,39.33314,-74.22326,Wreck
10265,Wreck,26.33819,-82.67538,Wreck
10266,Wreck,39.23151,-74.36067,Wreck
10267,Wreck,26.28778,-82.83375,Wreck
10268,Wreck,26.83273,-83.16383,Wreck
10269,Wreck,39.24636,-74.1514,Wreck
10270,Wreck,39.33908,-74.18339,Wreck
10271,Wreck,26.3007,-82.91914,Wreck
10272,Wreck,39.4434,-74.22988,Wreck
10273,Wreck,25.86603,-82.3331,Wreck
10274,Wreck,39.45579,-74.20846,Wreck
10275,Wreck,26.10252,-82.76454,Wreck
10276,Wreck,25.94755,-82.87623,Wreck
10277,Wreck,39.02725,-74.67859,Wreck
10278,Wreck,25.73229,-82.24976,Wreck
10279,Wreck,39.11368,-74.6009,Wreck
10280,Wreck,25.48452,-82.45014,Wreck
10281,Wreck,25.45017,-82.44748,Wreck
10282,Wreck,39.23128,-74.53463,Wreck
10283,Wreck,25.61637,-82.64884,Wreck
10284,Wreck,39.24484,-74.38064,Wreck
10285,Wreck,41.24324,-72.36686,Wreck
10286,Wreck,39.00674,-74.08185,Wreck
10287,Wreck,26.80045,-83.66761,Wreck
10288,Wreck,39.32557,-74.29889,Wreck
10289,Wreck,25.10825,-81.98989,Wreck
10290,Wreck,39.30348,-74.2645,Wreck
10291,Wreck,25.06591,-81.84836,Wreck
10292,Wreck,39.35406,-74.21427,Wreck
10293,Wreck,39.42833,-74.23908,Wreck
10294,Wreck,25.28454,-82.49902,Wreck
10295,Wreck,25.23306,-82.44977,Wreck
10296,Wreck,39.50002,-73.99972,Wreck
10297,Wreck,25.01644,-82.41675,Wreck
10298,Wreck,39.05844,-74.65656,Wreck
10299,Wreck,39.11333,-74.54,Wreck
10300,Wreck,39.52708,-74.08149,Wreck
10301,Wreck,39.55211,-74.09669,Wreck
10302,Wreck,26.17119,-82.90956,Wreck
10303,Wreck,39.6055,-74.11606,Wreck
10304,Wreck,39.64788,-73.91961,Wreck
10305,Wreck,39.73834,-74.01829,Wreck
10306,Wreck,39.7955,-73.99109,Wreck
10307,Wreck,39.87367,-74.00685,Wreck
10308,Wreck,39.8925,-73.97894,Wreck
10309,Wreck,39.55187,-74.11131,Wreck
10310,Wreck,39.58492,-74.13181,Wreck
10311,Wreck,39.6446,-74.05803,Wreck
10312,Wreck,39.78178,-73.99273,Wreck
10313,Wreck,39.82799,-73.83319,Wreck
10314,Wreck,39.94889,-73.91917,Wreck
10315,Wreck,39.89714,-73.80171,Wreck
10316,Wreck,40.11633,-73.94795,Wreck
10317,Wreck,40.12389,-73.93698,Wreck
10318,Wreck,39.58371,-74.12318,Wreck
10319,Wreck,39.70569,-74.00282,Wreck
10320,Wreck,39.7665,-73.98762,Wreck
10321,Wreck,39.78784,-73.92554,Wreck
10322,Wreck,39.84422,-73.97311,Wreck
10323,Wreck,39.89457,-73.8898,Wreck
10324,Wreck,40.10835,-73.67242,Wreck
10325,Wreck,39.55528,-74.09658,Wreck
10326,Wreck,39.65619,-73.94706,Wreck
10327,Wreck,39.69574,-74.03804,Wreck
10328,Wreck,41.60113,-69.78622,Wreck
10329,Wreck,39.84242,-73.98486,Wreck
10330,Wreck,39.87316,-73.99531,Wreck
10331,Wreck,39.89118,-73.89716,Wreck
10332,Wreck,40.00555,-73.66784,Wreck
10333,Wreck,39.55267,-74.15733,Wreck
10334,Wreck,41.02873,-73.27653,Wreck
10335,Wreck,40.54031,-73.67352,Wreck
10336,Wreck,43.31375,-70.38944,Wreck
10337,Wreck,40.42317,-73.76396,Wreck
10338,Wreck,40.52586,-73.76551,Wreck
10339,Wreck,40.14755,-73.93039,Wreck
10340,Wreck,40.47167,-73.6526,Wreck
10341,Wreck,40.34963,-73.83344,Wreck
10342,Wreck,40.26541,-73.79175,Wreck
10343,Wreck,40.28023,-73.79114,Wreck
10344,Wreck,40.37261,-73.91855,Wreck
10345,Wreck,40.17358,-73.68221,Wreck
10346,Wreck,40.25769,-73.77556,Wreck
10347,Wreck,40.21641,-73.74189,Wreck
10348,Wreck,40.22322,-73.67741,Wreck
10349,Wreck,40.15062,-73.7984,Wreck
10350,Wreck,27.60653,-82.80678,Wreck
10351,Wreck,40.33362,-73.85832,Wreck
10352,Wreck,40.13478,-73.36457,Wreck
10353,Wreck,40.53554,-73.55597,Wreck
10354,Wreck,40.50021,-73.4992,Wreck
10355,Wreck,40.59579,-73.19075,Wreck
10356,Wreck,40.33242,-73.27495,Wreck
10357,Wreck,40.27496,-73.18983,Wreck
10358,Wreck,40.49361,-73.5489,Wreck
10359,Wreck,40.33337,-73.29909,Wreck
10360,Wreck,40.53367,-73.56392,Wreck
10361,Wreck,41.09985,-72.99223,Wreck
10362,Wreck,41.08993,-72.94935,Wreck
10363,Wreck,41.16307,-72.84817,Wreck
10364,Wreck,41.01053,-72.97239,Wreck
10365,Wreck,41.16364,-72.87819,Wreck
10366,Wreck,41.16082,-72.83874,Wreck
10367,Wreck,41.00727,-72.75948,Wreck
10368,Wreck,27.69213,-82.8865,Wreck
10369,Wreck,27.72258,-82.72233,Wreck
10370,Wreck,40.60816,-72.69976,Wreck
10371,Wreck,40.61807,-73.08021,Wreck
10372,Wreck,40.46578,-73.1459,Wreck
10373,Wreck,27.51744,-82.75218,Wreck
10374,Wreck,27.70375,-82.99833,Wreck
10375,Wreck,27.687,-82.8399,Wreck
10376,Wreck,29.19139,-91.3475,Wreck
10377,Wreck,30.09927,-89.10192,Wreck
10378,Wreck,29.08568,-91.29781,Wreck
10379,Wreck,29.11767,-91.2906,Wreck
10380,Wreck,30.09878,-89.09957,Wreck
10381,Wreck,30.15483,-89.079,Wreck
10382,Wreck,39.32218,-74.21798,Wreck
10383,Wreck,30.04847,-88.52033,Wreck
10384,Wreck,39.24768,-74.15247,Wreck
10385,Wreck,30.13503,-89.01083,Wreck
10386,Wreck,39.35185,-74.16109,Wreck
10387,Wreck,30.18217,-88.91783,Wreck
10388,Wreck,39.43874,-74.13638,Wreck
10389,Wreck,39.52717,-74.08507,Wreck
10390,Wreck,39.63191,-73.99956,Wreck
10391,Wreck,39.65933,-73.94786,Wreck
10392,Wreck,33.72465,-78.01453,Wreck
10393,Wreck,39.64854,-73.92057,Wreck
10394,Wreck,39.7303,-73.94541,Wreck
10395,Wreck,39.80528,-73.92861,Wreck
10396,Wreck,39.82946,-73.83292,Wreck
10397,Wreck,39.89036,-73.89633,Wreck
10398,Wreck,39.89427,-73.88696,Wreck
10399,Wreck,39.96984,-73.93629,Wreck
10400,Wreck,27.57095,-82.75782,Wreck
10401,Wreck,40.2297,-73.83999,Wreck
10402,Wreck,39.89965,-73.79899,Wreck
10403,Wreck,39.78074,-73.42264,Wreck
10404,Wreck,40.02691,-73.52963,Wreck
10405,Wreck,40.13625,-73.36451,Wreck
10406,Wreck,40.21846,-73.74093,Wreck
10407,Wreck,40.1739,-73.68074,Wreck
10408,Wreck,40.47569,-73.65062,Wreck
10409,Wreck,40.18075,-73.1434,Wreck
10410,Wreck,26.41593,-96.92382,Wreck
10411,Wreck,40.54104,-73.04307,Wreck
10412,Wreck,26.61718,-97.21696,Wreck
10413,Wreck,27.7435,-82.61188,Wreck
10414,Wreck,41.00958,-70.13494,Wreck
10415,Wreck,41.3379,-69.75074,Wreck
10416,Wreck,26.70663,-97.19265,Wreck
10417,Wreck,39.46679,-74.03173,Wreck
10418,Wreck,40.14994,-73.80074,Wreck
10419,Wreck,40.34992,-73.83481,Wreck
10420,Wreck,39.17334,-73.34168,Wreck
10421,Wreck,39.54048,-73.04294,Wreck
10422,Wreck,39.65697,-73.21523,Wreck
10423,Wreck,39.6409,-73.05218,Wreck
10424,Wreck,39.91646,-73.53419,Wreck
10425,Wreck,40.00453,-73.66982,Wreck
10426,Wreck,35.53672,-75.6719,Wreck
10427,Wreck,40.10064,-73.63318,Wreck
10428,Wreck,40.11772,-73.59872,Wreck
10429,Wreck,35.21859,-75.33986,Wreck
10430,Wreck,39.84258,-73.35945,Wreck
10431,Wreck,39.85129,-73.19983,Wreck
10432,Wreck,40.13378,-73.20209,Wreck
10433,Wreck,39.43924,-72.83358,Wreck
10434,Wreck,39.60414,-73.02409,Wreck
10435,Wreck,39.66454,-72.57569,Wreck
10436,Wreck,27.93388,-96.80003,Wreck
10437,Wreck,39.65281,-72.42605,Wreck
10438,Wreck,27.95049,-96.8003,Wreck
10439,Wreck,39.83328,-72.88336,Wreck
10440,Wreck,28.06155,-96.84153,Wreck
10441,Wreck,39.78337,-72.81739,Wreck
10442,Wreck,28.09836,-96.78707,Wreck
10443,Wreck,39.8079,-72.75111,Wreck
10444,Wreck,28.11545,-96.75332,Wreck
10445,Wreck,39.81583,-72.81817,Wreck
10446,Wreck,28.08066,-96.71507,Wreck
10447,Wreck,39.88187,-72.64553,Wreck
10448,Wreck,28.0666,-96.70002,Wreck
10449,Wreck,27.74572,-82.60496,Wreck
10450,Wreck,28.15061,-96.45021,Wreck
10451,Wreck,40.26548,-73.7936,Wreck
10452,Wreck,40.46778,-73.65263,Wreck
10453,Wreck,35.22876,-75.20095,Wreck
10454,Wreck,40.33349,-73.27556,Wreck
10455,Wreck,40.59448,-73.19053,Wreck
10456,Wreck,30.03505,-89.76462,Wreck
10457,Wreck,40.15467,-72.37396,Wreck
10458,Wreck,28.70002,-95.58367,Wreck
10459,Wreck,40.61126,-72.70061,Wreck
10460,Wreck,28.70872,-95.56973,Wreck
10461,Wreck,40.44938,-71.83384,Wreck
10462,Wreck,28.66705,-95.43333,Wreck
10463,Wreck,40.56881,-72.11489,Wreck
10464,Wreck,40.91665,-71.96211,Wreck
10465,Wreck,40.6086,-71.70161,Wreck
10466,Wreck,40.92436,-71.71105,Wreck
10467,Wreck,28.7867,-95.37027,Wreck
10468,Wreck,28.60065,-95.05006,Wreck
10469,Wreck,27.72311,-82.71172,Wreck
10470,Wreck,29.22545,-94.78476,Wreck
10471,Wreck,36.47487,-75.63968,Wreck
10472,Wreck,27.62167,-82.75967,Wreck
10473,Wreck,40.6867,-70.38446,Wreck
10474,Wreck,40.87937,-70.51528,Wreck
10475,Wreck,40.82621,-70.49138,Wreck
10476,Wreck,40.60002,-70.10008,Wreck
10477,Wreck,40.7692,-70.10061,Wreck
10478,Wreck,40.8341,-70.11855,Wreck
10479,Wreck,40.49048,-69.86749,Wreck
10480,Wreck,29.4671,-94.5543,Wreck
10481,Wreck,40.88793,-69.70695,Wreck
10482,Wreck,40.98222,-70.5998,Wreck
10483,Wreck,40.93197,-70.43424,Wreck
10484,Wreck,29.41625,-94.45099,Wreck
10485,Wreck,41.05003,-70.36781,Wreck
10486,Wreck,41.13413,-70.60216,Wreck
10487,Wreck,41.14573,-70.37052,Wreck
10488,Wreck,35.73944,-75.45821,Wreck
10489,Wreck,29.51618,-94.32158,Wreck
10490,Wreck,29.25636,-94.76687,Wreck
10491,Wreck,41.00013,-70.18279,Wreck
10492,Wreck,40.36274,-73.82003,Wreck
10493,Wreck,29.4916,-94.79305,Wreck
10494,Wreck,39.79271,-73.99167,Wreck
10495,Wreck,39.88826,-73.97965,Wreck
10496,Wreck,29.55888,-93.89678,Wreck
10497,Wreck,27.65009,-82.88345,Wreck
10498,Wreck,29.5288,-94.07504,Wreck
10499,Wreck,29.60003,-93.88337,Wreck
10500,Wreck,29.5004,-94.24986,Wreck
10501,Wreck,39.30463,-74.36984,Wreck
10502,Wreck,29.43349,-93.78381,Wreck
10503,Wreck,35.23162,-75.20103,Wreck
10504,Wreck,37.25587,-75.62106,Wreck
10505,Wreck,33.64383,-76.50893,Wreck
10506,Wreck,34.52692,-75.29815,Wreck
10507,Wreck,34.13674,-77.73133,Wreck
10508,Wreck,37.31456,-75.60803,Wreck
10509,Wreck,35.11745,-75.73147,Wreck
10510,Wreck,36.94326,-75.51659,Wreck
10511,Wreck,37.28324,-75.64982,Wreck
10512,Wreck,36.93038,-75.56553,Wreck
10513,Wreck,34.98709,-75.80244,Wreck
10514,Wreck,34.90174,-75.75079,Wreck
10515,Wreck,36.40786,-75.5554,Wreck
10516,Wreck,27.66991,-82.96168,Wreck
10517,Wreck,41.26817,-71.90039,Wreck
10518,Wreck,35.09133,-75.65114,Wreck
10519,Wreck,36.43449,-75.57657,Wreck
10520,Wreck,34.45461,-76.48378,Wreck
10521,Wreck,38.0889,-75.05546,Wreck
10522,Wreck,38.16309,-74.78267,Wreck
10523,Wreck,34.49222,-76.43365,Wreck
10524,Wreck,37.95779,-75.0053,Wreck
10525,Wreck,33.61803,-77.86493,Wreck
10526,Wreck,38.28108,-75.04333,Wreck
10527,Wreck,35.18079,-75.61707,Wreck
10528,Wreck,38.11578,-75.04717,Wreck
10529,Wreck,27.68147,-82.95187,Wreck
10530,Wreck,34.76455,-75.78445,Wreck
10531,Wreck,38.29343,-75.00656,Wreck
10532,Wreck,34.02459,-76.6462,Wreck
10533,Wreck,38.18786,-75.00633,Wreck
10534,Wreck,33.90145,-77.8155,Wreck
10535,Wreck,35.38891,-75.33598,Wreck
10536,Wreck,38.31045,-74.99473,Wreck
10537,Wreck,27.5581,-83.0833,Wreck
10538,Wreck,34.18677,-76.60192,Wreck
10539,Wreck,37.9757,-75.16511,Wreck
10540,Wreck,38.14939,-75.08125,Wreck
10541,Wreck,34.05742,-76.57125,Wreck
10542,Wreck,39.7305,-73.94269,Wreck
10543,Wreck,34.6094,-76.31701,Wreck
10544,Wreck,37.89425,-75.17813,Wreck
10545,Wreck,33.60029,-77.46351,Wreck
10546,Wreck,34.35983,-76.68032,Wreck
10547,Wreck,33.59382,-77.47401,Wreck
10548,Wreck,34.5447,-76.01298,Wreck
10549,Wreck,37.81601,-75.36551,Wreck
10550,Wreck,34.31294,-76.4552,Wreck
10551,Wreck,37.71302,-75.13314,Wreck
10552,Wreck,34.62919,-76.32935,Wreck
10553,Wreck,37.35071,-75.08275,Wreck
10554,Wreck,35.43956,-75.18952,Wreck
10555,Wreck,34.38235,-76.36842,Wreck
10556,Wreck,37.69544,-75.20471,Wreck
10557,Wreck,34.99375,-75.76082,Wreck
10558,Wreck,35.0288,-75.4761,Wreck
10559,Wreck,39.79029,-73.92572,Wreck
10560,Wreck,33.97425,-77.68807,Wreck
10561,Wreck,35.15856,-75.30427,Wreck
10562,Wreck,37.4487,-75.62898,Wreck
10563,Wreck,34.51567,-76.70539,Wreck
10564,Wreck,27.73197,-82.61235,Wreck
10565,Wreck,35.08163,-75.38824,Wreck
10566,Wreck,37.69272,-75.21117,Wreck
10567,Wreck,34.5547,-76.60089,Wreck
10568,Wreck,37.53211,-75.44217,Wreck
10569,Wreck,40.38483,-73.60038,Wreck
10570,Wreck,35.17297,-75.35882,Wreck
10571,Wreck,37.83326,-75.18361,Wreck
10572,Wreck,37.83634,-75.33991,Wreck
10573,Wreck,34.30163,-76.72408,Wreck
10574,Wreck,37.85063,-75.26587,Wreck
10575,Wreck,33.93234,-76.5403,Wreck
10576,Wreck,37.79216,-75.37322,Wreck
10577,Wreck,34.00001,-75.99983,Wreck
10578,Wreck,37.85817,-75.32994,Wreck
10579,Wreck,40.45188,-73.84149,Wreck
10580,Wreck,37.50213,-75.62511,Wreck
10581,Wreck,34.29738,-76.65335,Wreck
10582,Wreck,37.54056,-75.5683,Wreck
10583,Wreck,37.53346,-75.43402,Wreck
10584,Wreck,34.83468,-75.33253,Wreck
10585,Wreck,34.65269,-75.7976,Wreck
10586,Wreck,37.53299,-75.43914,Wreck
10587,Wreck,34.30137,-76.18491,Wreck
10588,Wreck,34.13747,-76.11829,Wreck
10589,Wreck,27.59858,-82.68056,Wreck
10590,Wreck,40.34306,-73.86921,Wreck
10591,Wreck,35.03127,-75.29023,Wreck
10592,Wreck,34.85125,-75.3656,Wreck
10593,Wreck,34.69201,-75.58286,Wreck
10594,Wreck,34.68625,-75.81426,Wreck
10595,Wreck,34.73539,-75.58478,Wreck
10596,Wreck,40.27693,-73.77818,Wreck
10597,Wreck,35.11765,-75.11584,Wreck
10598,Wreck,27.60639,-82.78631,Wreck
10599,Wreck,34.1511,-75.78497,Wreck
10600,Wreck,40.33823,-73.69955,Wreck
10601,Wreck,33.57649,-76.90602,Wreck
10602,Wreck,40.34836,-73.76905,Wreck
10603,Wreck,34.94976,-75.66804,Wreck
10604,Wreck,34.74795,-75.91575,Wreck
10605,Wreck,40.33201,-73.85729,Wreck
10606,Wreck,34.76909,-75.36955,Wreck
10607,Wreck,34.82279,-75.54941,Wreck
10608,Wreck,40.29947,-73.8115,Wreck
10609,Wreck,40.297,-73.79368,Wreck
10610,Wreck,33.87863,-77.22616,Wreck
10611,Wreck,40.34911,-73.83229,Wreck
10612,Wreck,33.85389,-76.96381,Wreck
10613,Wreck,27.64943,-83.05715,Wreck
10614,Wreck,35.09449,-75.58411,Wreck
10615,Wreck,33.85868,-77.15586,Wreck
10616,Wreck,34.81889,-75.90499,Wreck
10617,Wreck,40.33531,-73.81426,Wreck
10618,Wreck,40.2659,-73.81719,Wreck
10619,Wreck,40.53592,-73.68833,Wreck
10620,Wreck,27.71337,-82.61125,Wreck
10621,Wreck,40.31916,-73.53585,Wreck
10622,Wreck,40.54153,-73.53248,Wreck
10623,Wreck,40.51693,-73.55814,Wreck
10624,Wreck,40.51157,-73.57723,Wreck
10625,Wreck,27.56515,-82.75765,Wreck
10626,Wreck,40.4822,-73.57738,Wreck
10627,Wreck,41.0739,-72.79265,Wreck
10628,Wreck,41.12601,-72.78649,Wreck
10629,Wreck,41.15866,-72.73894,Wreck
10630,Wreck,25.97853,-79.08924,Wreck
10631,Wreck,26.05584,-79.32398,Wreck
10632,Wreck,25.90177,-79.24183,Wreck
10633,Wreck,25.97984,-79.16742,Wreck
10634,Wreck,25.80402,-79.11879,Wreck
10635,Wreck,25.98838,-79.13348,Wreck
10636,Wreck,25.81279,-78.85905,Wreck
10637,Wreck,27.78343,-82.55942,Wreck
10638,Wreck,26.90874,-79.09431,Wreck
10639,Wreck,27.03347,-79.16628,Wreck
10640,Wreck Near Ships HA,37.16963,-76.00896,Reef
10641,Wreck Reef,30.1178,-87.26058,Reef
10642,Wreck 2170,27.18674,-82.87247,Wreck
10643,Wreck 4319,24.47994,-81.54963,Wreck
10644,Wreck 500,30.48423,-81.22008,Wreck
10645,Wreckage,39.43485,-74.2097,Wreck
10646,Wreckboy Watson Island SMZ,25.6909,-80.0823,Wreck
10647,Wreckbr,26.76613,-82.84656,Wreck
10648,Wreckongps,34.29846,-76.65127,Wreck
10649,Wrecks,25.54667,-80.102,Wreck
10650,Wrecks Near Perth Amboy,40.52777,-74.24525,Reef
10651,WW I Wreck,34.186,-76.6015,Wreck
10652,Xanadu Hole,26.48923,-78.70632,Hole
10653,Xmas Ledge,34.38866,-77.15583,Ledge
10654,Xmas Rock,33.78708,-77.41895,Rock
10655,Xmas Rock,34.39028,-77.15775,Rock
10656,Xmas Rock,34.40733,-77.18355,Rock
10657,Xmas Rock,34.41422,-77.16765,Rock
10658,Y Knot Ledge,29.32299,-85.28018,Ledge
10659,Yakira Ledge,41.18966,-72.12982,Ledge
10660,Yamaha Site Addition,29.57367,-84.53767,Structure
10661,Yancey,34.17108,-76.22838,Structure
10662,Yankee Wreck,40.33433,-73.22267,Wreck
10663,Yarmouth Ledge,43.77099,-69.93604,Reef
10664,Yellowfin Hole,33.88166,-76.446,Hole
10665,Yellowfin Hole,34.75808,-75.6177,Hole
10666,Yellowmouth Hole,29.34075,-87.74523,Hole
10667,York Ledge,43.094,-70.5897,Ledge
10668,York Spit Reef,37.24,-76.24583,Reef
10669,York Spit Reef,37.24444,-76.25417,Reef
10670,Youngs Hole Bay,37.9067,-75.79607,Hole
10671,Z Ledge,30.3622,-80.42313,Ledge
10672,Zekes Ledge,33.88162,-77.76789,Ledge
10673,Zekes Ledge,25.77169,-79.30861,Ledge
10674,Zephyr Rocks,43.89553,-68.86308,Rock
10675,Zeuses Tug,30.15704,-86.82402,Structure
10676,Zinnia,29.29568,-85.64405,Structure
10677,Dixie Arrow 90',35.90217,-75.75183,Wreck
10678,AR 160 - 440' Ship (Zane Gray),35.72483,-75.441,Wreck
10679,AR 160 - Part Of The Dionysus,35.73333,-75.44067,Wreck
10680,"AR 160 - 440"" Ship (Dionysus)",35.73367,-75.44067,Wreck
10681,AR 145 - Concrete Bridge Rubble,35.893,-75.39267,Structure
10682,"AR 145 - 185' Vessel ""advance II""",35.9,-75.392,Wreck
10683,AR 145 - 115' Landing Craft,35.90067,-75.39267,Wreck
10684,SE Lumps Aka Horseshoe Lumps,36.68275,-75.41362,Hump
10685,1800 Line Wreck-Consols 350'X 46'X 16',36.471,-75.621,Wreck
10686,21 Mile Hill,37.43868,-75.19968,Hump
10687,26 Mile Hill,37.241,-75.17517,Hump
10688,44 Fathom Wreck Washing BB-478 624',36.90842,-74.69847,Wreck
10689,4 A - Floating Drydock,36.59512,-75.68772,Structure
10690,50 Fathom Wreck,37.37002,-74.56758,Wreck
10691,53 Fathom Wreck,37.69922,-74.32507,Wreck
10692,61 Fathom Wreck,37.3461,-74.51463,Wreck
10693,63 Fathom Wreck,37.18985,-74.5726,Wreck
10694,66 Fathom Wreck,37.34423,-74.49385,Wreck
10695,73 Fathom Wreck,37.44012,-74.50453,Wreck
10696,75' Stones,37.76537,-75.24552,Rock
10697,Airplane 747,36.87635,-74.89195,Wreck
10698,Allegheny - Barge,37.53687,-75.41135,Hump
10699,Anglo African,37.05458,-75.88893,Wreck
10700,Atlantic Mist,37.91543,-75.0495,Wreck
10701,B A Van Brunt,36.91867,-74.70967,Wreck
10702,Back River Reef,37.13627,-76.22557,Reef
10703,Baltimore Channel,37.06232,-76.08057,Structure
10704,Barnegat - Barge,37.5585,-75.4041,Hump
10705,Birch Lake,37.25303,-75.6139,Wreck
10706,Birchlake,37.25145,-75.61033,Wreck
10707,Bluefish Alley,36.65132,-75.49085,Wreck
10708,Bluefish Rock,37.07705,-76.2197,Rock
10709,Boxcar - Old Bridge Piling #60 (NCAR),37.05425,-76.03908,Structure
10710,Brazil,37.05523,-75.85137,Wreck
10711,Brazil,37.05355,-75.85088,Wreck
10712,Brazil Frt 308'X 48'X 18',37.8615,-76.15062,Wreck
10713,Brass Spike,36.9303,-75.56443,Wreck
10714,Buarque,36.18253,-74.97128,Wreck
10715,Buarque,36.29945,-75.04192,Wreck
10716,Buarque 390'X 54'X 32',36.26395,-74.8656,Wreck
10717,Byron Benson 465'X 60'X 36',36.1437,-75.23472,Wreck
10718,Cape Charles 36 A,37.2491,-76.05677,Wreck
10719,Cape Henry Wreck-Chilore 550'X 72'X 44',36.95838,-76.0006,Wreck
10720,Cayahoga 125'X 24'X 8' CGC,36.96097,-75.36953,Wreck
10721,CBBT 1 ST Island,36.9673,-76.11218,Structure
10722,CBBT 4 Th Island,37.04635,-76.06228,Structure
10723,CBBT 12 Mile Marker,37.06938,-76.03322,Structure
10724,CBBT High Rise,37.08842,-75.98228,Structure
10725,Cell,37.4018,-76.05252,Structure
10726,Chenago,36.45632,-74.93632,Wreck
10727,Chenango 432'X 46'X 22',36.45472,-74.93312,Wreck
10728,Chesapeake Light Tower,36.9011,-75.70358,Structure
10729,Chesapeake Tower Wreck,36.91488,-75.71812,Structure
10730,Chesapeake Tower Wreck,36.8936,-75.71707,Structure
10731,Chesapeake Tower Dry Docks,36.89817,-75.712,Structure
10732,Chesapeake Light Tower Reef,36.89857,-75.71263,Reef
10733,Chesapeake Light Tower Reef,36.8979,-75.71212,Reef
10734,Chesapeake Light Tower Reef,36.89898,-75.71167,Reef
10735,Chris F,37.47262,-74.57667,Wreck
10736,Clam Boat,37.82705,-75.08813,Wreck
10737,Clam Trawler,37.78165,-74.68505,Wreck
10738,Clark,37.08545,-76.03318,Wreck
10739,Clythia,36.56517,-75.83965,Wreck
10740,Coast Guard Barge (Parramore Reef),37.54057,-75.42958,Reef
10741,Corrolla,36.37023,-75.76517,Wreck
10742,Concrete Ship,37.08972,-75.60403,Wreck
10743,Cut Channel Southern,37.53572,-76.04123,Structure
10744,Cut Channel Northern,37.67333,-76.1565,Structure
10745,Concrete Ships (Kiptopeke),37.16498,-75.99395,Wreck
10746,David Atwater-Collier,37.9478,-75.09585,Wreck
10747,David Atwater-Collier 550',37.9496,-75.09348,Wreck
10748,Deco,36.93183,-74.63992,Wreck
10749,Dolly Parton-Gulf Hustler,36.81543,-75.3581,Wreck
10750,Dorothy,37.85833,-76.15385,Wreck
10751,Doxie Girl,37.13547,-75.57483,Wreck
10752,Doxie Girl,36.96338,-74.63192,Wreck
10753,Dry Dock-4 A,36.59505,-75.68815,Structure
10754,E R Smith,37.81882,-75.39207,Wreck
10755,Eastern Shore Ship Shoal Inlet,37.17675,-75.78715,Hump
10756,Edna,37.4797,-74.84095,Wreck
10757,Eidsvold,36.91667,-74.993,Wreck
10758,Elevens,37.813,-74.85823,Wreck
10759,Equipose 429'X 54'X 34',36.18258,-74.97083,Wreck
10760,Ethel C,37.43022,-74.67657,Wreck
10761,Ethel C 328'X 44'X 19',37.43043,-74.66802,Wreck
10762,Ethel C Frt-328',37.43197,-74.67783,Wreck
10763,Eureka (Hang),36.6674,-74.88755,Wreck
10764,Eureka Frt-351',36.72428,-74.74405,Wreck
10765,Faye,36.9095,-75.84217,Wreck
10766,Fingers,37.00038,-75.10478,Wreck
10767,Fishermans Island Wreck 370'X 48'X 19',37.05458,-75.89253,Structure
10768,Fishermans Island Wreck Anglo African,37.05747,-75.89973,Structure
10769,Gemini,37.05458,-75.89253,Wreck
10770,Gulf Hustler,36.85745,-75.59503,Wreck
10771,Gulf Hustler Tanker,36.85768,-75.59535,Wreck
10772,Gwynns Island Reef,37.47907,-76.2287,Reef
10773,Hanks,36.72402,-75.55952,Wreck
10774,Hanks-Magnet-Trawler,36.72442,-75.55855,Wreck
10775,Hans,37.85095,-75.05328,Wreck
10776,Hermod Steamship 85',37.86437,-75.04835,Wreck
10777,Hermod Stern,37.86163,-75.02553,Wreck
10778,Hot Dog,36.7605,-75.29098,Wreck
10779,Inis Paradine,37.0132,-74.66842,Wreck
10780,Isabelle Paramenter,36.88368,-74.74982,Wreck
10781,Isabelle Paramenter,36.9055,-74.86082,Wreck
10782,Isabelle Paramenter,36.87662,-74.73798,Wreck
10783,Keiths,36.86132,-75.49492,Wreck
10784,Kingston Ceylonite,36.82455,-75.85898,Wreck
10785,Latimer Shoal,37.12627,-75.99777,Hump
10786,Lawson,37.07122,-74.77752,Wreck
10787,Lchnbach 448'X 60'X 28',36.97072,-75.40385,Wreck
10788,"Liberty Ship, Mona Isle (Parramore Reef)",37.5305,-75.44033,Reef
10789,Lillian Luckenbach,38.39392,-74.87695,Wreck
10790,Lost Dredge,37.40568,-74.6963,Wreck
10791,Madrugada Schooner 229',37.8136,-74.75348,Wreck
10792,Marine Electric - Stern,37.87878,-74.77007,Wreck
10793,Marine Electric -Bow,37.88005,-74.76798,Wreck
10794,Meat Cleaver,37.03742,-75.54653,Wreck
10795,Menominee,37.50663,-75.44407,Wreck
10796,Merida Frt 400',37.3932,-74.67857,Wreck
10797,"Metropolis 500 Tons, RR Iron",36.66125,-75.87412,Wreck
10798,Middle Grounds,37.07247,-76.02418,Hump
10799,Miss Pauline,37.21388,-74.74872,Wreck
10800,Mona Island,37.52735,-75.43165,Structure
10801,Monroe Frt 345',37.59145,-75.23678,Wreck
10802,Muriel Alene Trawler,37.82705,-75.08813,Wreck
10803,Nancy,36.70815,-74.83287,Wreck
10804,Nancy F,36.09087,-75.34963,Wreck
10805,New Winds,35.95507,-74.88563,Wreck
10806,Newport News Middleground Reef #1,36.94362,-76.39098,Reef
10807,Newport News Middleground Reef #2,36.9438,-76.39227,Reef
10808,Newport News Middleground Reef #3,36.946,-76.39328,Reef
10809,Newport News Middleground Reef #4,36.94532,-76.39277,Reef
10810,Nikes Wreck Turn Of Century,36.90142,-75.88168,Wreck
10811,Nine Foot Shoal,37.08295,-76.0084,Hump
10812,Nordhav,36.50063,-74.78333,Wreck
10813,North Of Tower,37.02438,-75.70498,Structure
10814,Norweigan Frt - Stern,37.86218,-75.02532,Wreck
10815,Norweigan Frt -Bow,37.85825,-75.0397,Wreck
10816,O B Jennings,36.66798,-74.88738,Wreck
10817,OB Jennings 500'X 68 X 38',36.6674,-74.88755,Wreck
10818,Ocean Venture 425'X 57'X 34',35.90717,-75.27592,Wreck
10819,Ocean Venture Frt 425',37.06943,-74.91878,Wreck
10820,ODU (East Oceanview Reef),36.94215,-76.1909,Reef
10821,Ostfriesland BB 546',37.1524,-74.56758,Wreck
10822,Paddle Wheeler,36.97852,-75.38972,Wreck
10823,Parking Lot,37.68683,-74.87367,Wreck
10824,Party Boat,37.52972,-75.54655,Wreck
10825,Patty B,37.79317,-74.68155,Wreck
10826,Piece Of Steel,37.05455,-74.6728,Wreck
10827,Plantation Light,37.22888,-76.04682,Structure
10828,Prince Of Peace,36.7165,-74.83725,Wreck
10829,Queen,37.68868,-75.20097,Wreck
10830,Ricks,36.79453,-75.48193,Wreck
10831,Ricks Trawler,36.79403,-75.4825,Wreck
10832,River Front Junction,36.80748,-75.43208,Wreck
10833,Rogest,37.00803,-75.6486,Wreck
10834,Sail Boat,37.80498,-74.94248,Wreck
10835,Sail Boat,37.71172,-74.7916,Wreck
10836,Salty Sea,36.82588,-75.67987,Wreck
10837,San Delfine 463'X 61'X 33',35.61873,-74.87972,Wreck
10838,Sand Stone,37.02965,-74.65815,Rock
10839,Sanner- Dean's Bump 140'X 21'X 1',36.95785,-76.01152,Wreck
10840,Santore 449'X 57'X 34',36.8952,-75.77093,Wreck
10841,Seventy-Five Foot Stone,36.38152,-74.92725,Rock
10842,Smith Island Flats,37.09777,-75.86077,Structure
10843,Snoopy,37.76537,-75.24552,Wreck
10844,Spring Chicken,36.33882,-74.90382,Wreck
10845,Spring Chicken 100'X 22'X 10',36.84975,-75.18122,Wreck
10846,"Starr, Jessie W",37.5527,-74.65207,Wreck
10847,Stormy,36.85733,-75.78367,Wreck
10848,Thimble Shoal Light,37.01442,-76.23952,Structure
10849,Tiger (Piece),36.76432,-75.76225,Wreck
10850,Tiger Tanker 410',36.76328,-75.76143,Wreck
10851,Trepca,36.9948,-75.3982,Wreck
10852,Triangle LCM,36.99602,-75.36743,Wreck
10853,Unknown At Triangle,36.98887,-75.35797,Wreck
10854,Unknown At Triangle,36.99035,-75.3827,Wreck
10855,Turcel,36.96988,-75.35837,Wreck
10856,Turnof Century-William Thorp 95'X 24'X 12',36.90102,-75.88103,Wreck
10857,U-111 German Sub,37.755,-74.12833,Wreck
10858,U-85 218'X 20'X 15',35.90717,-75.27592,Wreck
10859,U-Boat - 140,37.1617,-74.74477,Wreck
10860,Unidentified,37.15655,-74.56507,Wreck
10861,Unidentified,37.60643,-74.8981,Wreck
10862,Unknown,37.54628,-74.36232,Wreck
10863,Unknown,37.4742,-74.56367,Wreck
10864,Unknown,37.4542,-74.45592,Wreck
10865,Unknown,37.44012,-74.50453,Wreck
10866,Unknown,37.4241,-74.66735,Wreck
10867,Unknown,37.4815,-75.27695,Wreck
10868,Unknown,37.37002,-74.56758,Wreck
10869,Unknown,37.47658,-75.4795,Wreck
10870,Unknown,37.31437,-74.73348,Wreck
10871,Unknown,37.24795,-74.47825,Wreck
10872,Unknown,37.19552,-74.74915,Wreck
10873,Unknown,37.06,-75.8413,Wreck
10874,Unknown,36.95763,-75.67443,Wreck
10875,Unknown,36.91895,-75.48853,Wreck
10876,Unknown,36.73057,-74.74982,Wreck
10877,Unknown,36.99592,-74.78543,Wreck
10878,Unknown Barge,36.99578,-75.36868,Hump
10879,Vicky,36.922,-74.84167,Wreck
10880,Westmoreland,36.94358,-75.94828,Wreck
10881,Wolf Trap,37.39045,-76.1897,Wreck
10882,York River Bridge,37.24258,-76.50707,Structure
10883,York Spit,37.20967,-76.26047,Wreck
10884,York 253'X 43'26',36.06043,-75.21648,Wreck
10885,Little River Reef,33.81353,-78.5087,Reef
10886,Little River Reef - Steel Pup Tents,33.80858,-78.50115,Reef
10887,Little River Reef - Material,33.81382,-78.50963,Reef
10888,Little River Offshore Reef,33.69938,-78.44395,Reef
10889,Little River Offshore Reef - Landing Craft,33.69978,-78.44367,Reef
10890,Little River Offshore Reef - Concrete,33.6959,-78.44925,Reef
10891,BP-25 Reef,33.35333,-78.42,Reef
10892,BP-25 Reef - 160' Ship,33.35333,-78.42,Reef
10893,Bill Perry Reef,33.42833,-78.55333,Reef
10894,Bill Perry Reef - Landing Craft,33.42583,-78.55635,Reef
10895,Bill Perry Reef - Landing Craft,33.42752,-78.55923,Reef
10896,Bill Perry Reef - Shrimp Boat,33.42788,-78.55962,Reef
10897,Bill Perry Reef - Landing Craft,33.42437,-78.55458,Reef
10898,Bill Perry Reef - Landing Craft,33.42362,-78.55785,Reef
10899,Bill Perry Reef - Tugboat,33.42753,-78.55488,Reef
10900,Paradise Reef,33.51785,-78.969,Reef
10901,Paradise Reef - Small Object,33.5155,-78.96665,Reef
10902,Paradise Reef - Concrete Reef Balls,33.51598,-78.96752,Reef
10903,Ten Mile Reef,33.42172,-78.85828,Reef
10904,Ten Mile Reef - Tugboat & Barge,33.42315,-78.86015,Reef
10905,Ten Mile Reef - 200' Ship,33.44012,-78.88012,Reef
10906,Ten Mile Reef - Concrete Reef Balls,33.43468,-78.87065,Reef
10907,Pawley's Island Reef,33.43322,-79.01197,Reef
10908,Pawley's Island Reef - Landing Craft,33.4347,-79.01143,Reef
10909,Pawley's Island Reef - Landing Craft,33.435,-79.01248,Reef
10910,North Inlet Reef,33.34365,-79.0149,Reef
10911,North Inlet Reef - Steel Pup Tents,33.34347,-79.01537,Reef
10912,North Inlet Reef - Concrete Reef Balls,33.34365,-79.0149,Reef
10913,Georgetown Reef,33.23887,-79.00253,Reef
10914,Georgetown Reef - 100' Ship,33.23728,-79.00042,Reef
10915,Georgetown Reef - Structures,33.2373,-79.00052,Reef
10916,Georgetown Reef - Structures,33.23863,-79.00197,Reef
10917,Georgetown Reef - Barge,33.24245,-79.00227,Reef
10918,Georgetown Reef - Landing Craft,33.23902,-79.00362,Reef
10919,Georgetown Nearshore Reef,33.20333,-79.087,Reef
10920,C J Davidson Jr Reef,33.09955,-79.01257,Reef
10921,C J Davidson Jr Reef - Barge,33.09885,-79.01252,Reef
10922,C J Davidson Jr Reef - Steel & Tire Units,33.09918,-79.01253,Reef
10923,C J Davidson Jr Reef - Steel & Tire Units,33.09867,-79.0122,Reef
10924,C J Davidson Jr Reef - Concrete Reef Balls,33.1001,-79.01342,Reef
10925,Vermilion Reef,32.95913,-78.66752,Reef
10926,Vermilion Reef - 460' Ship,32.95913,-78.66752,Reef
10927,Greenville Reef,32.94748,-78.90985,Reef
10928,Greenville Reef - Sonar Domes,32.94695,-78.91072,Reef
10929,Greenville Reef - 140' Barge,32.94697,-78.91072,Reef
10930,Greenville Reef - Drydock Units,32.94748,-78.90985,Reef
10931,Greenville Reef - Drydock Units,32.94662,-78.91295,Reef
10932,Greenville Reef - Drydock Units,32.94648,-78.91387,Reef
10933,Greenville Reef - 175' Ship (YOG-78),32.94843,-78.91415,Reef
10934,Cape Romain Reef,32.99763,-79.03887,Reef
10935,Cape Romain Reef - Barge,32.99695,-79.03853,Reef
10936,Hector Reef,33.00167,-79.10167,Reef
10937,Hector Reef - 300' Ship,33.00167,-79.10167,Reef
10938,Capers Reef (R-8),32.74983,-79.57528,Reef
10939,Capers Reef (R-8) - Concrete Reef Balls,32.73967,-79.5756,Reef
10940,Capers Reef (R-8) - Concrete Reef Balls,32.73968,-79.57557,Reef
10941,Capers Reef (R-8) - 90' Tug,32.74232,-79.57242,Reef
10942,Capers Reef (R-8) - Unknown Barge,32.74008,-79.57512,Reef
10943,Capers Reef (R-8) - Caisson,32.74037,-79.57575,Reef
10944,Capers Reef (R-8) - 56' Landing Craft,32.74213,-79.57598,Reef
10945,Capers Reef (R-8) - 56' Landing Craft,32.74212,-79.57568,Reef
10946,Capers Reef (R-8) - 150' Deck Barge,32.74942,-79.57473,Reef
10947,Capers Reef (R-8) - Pipes And Cubes,32.74892,-79.57595,Reef
10948,Capers Reef (R-8) - 120' Deck Barge,32.75145,-79.57477,Reef
10949,Charleston Nearshore Reef,32.71042,-79.76102,Reef
10950,Charleston Nearshore Reef - Barge,32.70945,-79.76005,Reef
10951,Charleston Nearshore Reef - Barge,32.71092,-79.76043,Reef
10952,Charleston Nearshore Reef - Barge,32.7105,-79.76225,Reef
10953,Charleston Nearshore Reef - Concrete,32.70893,-79.76017,Reef
10954,Charleston Nearshore Reef - Ballast Cans,32.71062,-79.7596,Reef
10955,Charleston Nearshore Reef - Missile Motor Cradles,32.70983,-79.76167,Reef
10956,Charleston Nearshore Reef - 105' Barge,32.70952,-79.76013,Reef
10957,Y-73 Reef,32.54098,-79.31655,Reef
10958,Y-73 Reef - 180' Tanker (Y-73),32.54098,-79.31655,Reef
10959,Y-73 Reef - 90' Tug (Helen),32.54315,-79.32073,Reef
10960,Y-73 Reef - 90' Tug (Tanda 9),32.54325,-79.32238,Reef
10961,Y-73 Reef - 90' Tug (Kimberly),32.54393,-79.32507,Reef
10962,Y-73 Reef - Steel Pup Tents,32.54513,-79.32243,Reef
10963,Y-73 Reef - Steel Pup Tents,32.54525,-79.32218,Reef
10964,Charleston Sixty Reef,32.55245,-79.67082,Reef
10965,Charleston Sixty Reef - 240' Barge,32.5559,-79.67165,Reef
10966,Charleston Sixty Reef - Concrete Reef Balls,32.55418,-79.67418,Reef
10967,Charleston Sixty Reef - Missiles/Equip Sects,32.55132,-79.67055,Reef
10968,Charleston Sixty Reef - Steel Pup Tents,32.55247,-79.67327,Reef
10969,Charleston Sixty Reef - Steel Pup Tents,32.55195,-79.67338,Reef
10970,Charleston Sixty Reef - Steel Pup Tents,32.55167,-79.67358,Reef
10971,Charleston Sixty Reef - Missile Sleeve,32.55528,-79.67332,Reef
10972,Charleston Sixty Reef - Ballast Cans,32.5525,-79.67125,Reef
10973,Charleston Sixty Reef - Army Apcs,32.55238,-79.6681,Reef
10974,Charleston Sixty Reef - Army Apcs,32.55275,-79.66758,Reef
10975,Comanche Reef,32.45658,-79.31788,Reef
10976,Comanche Reef - 165' CG Cutter,32.45658,-79.31788,Reef
10977,Kiawah Reef (4 KI),32.49085,-80.00097,Reef
10978,Kiawah Reef (4 KI) - 300' Hopper Barge,32.49218,-80.00405,Reef
10979,Kiawah Reef (4 KI) - 260' Deck Barge,32.4906,-80.00405,Reef
10980,Kiawah Reef (4 KI) - 62' Lash Barge,32.48598,-80.00437,Reef
10981,Kiawah Reef (4 KI) - Automobiles,32.48547,-80.00357,Reef
10982,Kiawah Reef (4 KI) - Drydock,32.48097,-80.0067,Reef
10983,Kiawah Reef (4 KI) - 100' Deck Barge,32.47983,-80.0067,Reef
10984,Kiawah Reef (4 KI) - 100' Pusher Tug,32.47952,-80.00622,Reef
10985,Kiawah Reef (4 KI) - 90' Tug (Coppedge),32.48097,-80.00502,Reef
10986,Kiawah Reef (4 KI) - 200' Deck Barge,32.47915,-80.00173,Reef
10987,Kiawah Reef (4 KI) - 110' And 120' Barges,32.47963,-80.00927,Reef
10988,Kiawah Reef (4 KI) - 437' Ship (Robison),32.48785,-80.00123,Reef
10989,North Edisto Nearshore,32.51733,-80.10002,Wreck
10990,North Edisto Nearshore - Concrete Structures,32.51773,-80.1011,Wreck
10991,Edisto Offshore Reef,32.2493,-79.84242,Reef
10992,Edisto Offshore Reef - 100' Ship(Researcher),32.2493,-79.84242,Reef
10993,Edisto Offshore Reef - Deckhouse,32.24875,-79.83925,Reef
10994,Edisto Forty Reef,32.42197,-80.19557,Reef
10995,Edisto Forty Reef - Army Apcs,32.4228,-80.1998,Reef
10996,Edisto Forty Reef - Army Apcs,32.42293,-80.19938,Reef
10997,Edisto Forty Reef - Concrete Rubble,32.42165,-80.19477,Reef
10998,Edisto Sixty Reef,32.35685,-80.08592,Reef
10999,Edisto Sixty Reef - 330' Ship (Page),32.35903,-80.08807,Reef
11000,Edisto Sixty Reef - Bridge Section,32.35593,-80.08678,Reef
11001,Edisto Sixty Reef - Bridge Section,32.35557,-80.08917,Reef
11002,Edisto Sixty Reef - Bridge Section,32.3548,-80.0881,Reef
11003,Edisto Sixty Reef - Yarn Racks,32.35713,-80.08578,Reef
11004,Edisto Sixty Reef - 264' Ship (YDT-16),32.35702,-80.08847,Reef
11005,Fripp Island Reef,32.25702,-80.37442,Reef
11006,Fripp Island Reef - Concrete Reef Balls,32.2574,-80.3717,Reef
11007,Fripp Island Reef - Barge,32.2568,-80.37345,Reef
11008,Fripp Island Reef - Barge,32.26,-80.374,Reef
11009,Hunting Island Reef,32.21758,-80.34157,Reef
11010,Hunting Island Reef - Barge,32.21533,-80.33933,Reef
11011,Hunting Island Reef - Structure,32.21867,-80.34165,Reef
11012,Hunting Island Reef - Landing Craft,32.21867,-80.34162,Reef
11013,Parris Island Reef,32.31442,-80.70867,Reef
11014,Parris Island Reef - 40 Foot Barge,32.31447,-80.70895,Reef
11015,Fish America Reef,32.14082,-80.69065,Reef
11016,Fish America Reef - Concrete Reef Balls,32.13928,-80.6904,Reef
11017,Fish America Reef - Concrete Reef Balls,32.13967,-80.69023,Reef
11018,Betsy Ross Reef,32.05712,-80.41418,Reef
11019,Betsy Ross Reef - 430' Liberty Ship,32.05475,-80.4166,Reef
11020,Betsy Ross Reef - Bridge,32.05652,-80.41467,Reef
11021,Betsy Ross Reef - Bridge,32.05645,-80.4141,Reef
11022,Betsy Ross Reef - Bridge,32.05605,-80.41437,Reef
11023,Betsy Ross Reef - 175' Ship (YO-224),32.05237,-80.41887,Reef
11024,Whitewater Reef,32.05148,-80.75005,Reef
11025,Whitewater Reef - 60' Lash Barge,32.051,-80.75033,Reef
11026,Whitewater Reef - Tanks And/Or Apcs,32.05123,-80.7516,Reef
11027,Whitewater Reef - Tanks And/Or Apcs,32.0514,-80.7518,Reef
11028,Eagle's Nest Reef,32.01933,-80.505,Reef
11029,Eagle's Nest Reef - Tugboat,32.02163,-80.50702,Reef
11030,Eagle's Nest Reef - Landing Craft,32.01957,-80.50823,Reef
11031,Eagle's Nest Reef - Landing Craft,32.02373,-80.50963,Reef
11032,Eagle's Nest Reef - TIC Units,32.0188,-80.50457,Reef
11033,Eagle's Nest Reef - Tanks And/Or Apcs,32.02083,-80.5025,Reef
11034,Eagle's Nest Reef - Tanks And/Or Apcs,32.01817,-80.50287,Reef
11035,Eagle's Nest Reef - Tanks And/Or Apcs,32.01788,-80.50288,Reef
11036,Hilton Head Reef,31.99913,-80.5988,Reef
11037,Hilton Head Reef - Boat,32.00253,-80.6001,Reef
11038,Hilton Head Reef - 200' Barge,31.99872,-80.5982,Reef
11039,Hilton Head Reef - 50' Barge,31.99557,-80.59365,Reef
11040,Hilton Head Reef - 100' Barge + Tires,32.00298,-80.60025,Reef
11041,Hilton Head Reef - Concrete Reef Balls,31.99623,-80.59848,Reef
11042,Hilton Head Reef - Concrete Reef Balls,31.9994,-80.60033,Reef
11043,Hilton Head Reef - Tanks And/Or Apcs,31.99982,-80.59898,Reef
11044,Hilton Head Reef - Tanks And/Or Apcs,32.00013,-80.59718,Reef
11045,Hilton Head Reef - Tanks And/Or Apcs,32.00053,-80.59843,Reef
11046,General Sherman Wreck,33.72777,-78.53977,Wreck
11047,City Of Richmond Wreck,33.0305,-78.9253,Wreck
11048,Fripp Island Drydock Wreck,32.2852,-80.41508,Structure
11049,General Gordon Wreck,32.16858,-80.55375,Wreck
11050,General Gordon Wreck - Gordon Wreck,32.16873,-80.55375,Wreck
11051,Gaskins Bank Wreck,32.10017,-80.70308,Hump
11052,Will Goldfinch Reef,33.28433,-78.7553,Reef
11053,Will Goldfinch Reef - 175' Ship(YO-225),33.28342,-78.7562,Reef
11054,Beaufort 45' Reef,32.11948,-80.48872,Reef
11055,Beaufort 45' Reef - Concrete Reef Balls,32.11998,-80.4889,Reef
11056,Beaufort 45' Reef - Tanks And/Or Apcs,32.11913,-80.48813,Reef
11057,Beaufort 45' Reef - Tanks And/Or Apcs,32.11845,-80.48667,Reef
11058,Beaufort 45' Reef - Tanks And/Or Apcs,32.11947,-80.48548,Reef
11059,Beaufort 45' Reef - Tanks And/Or Apcs,32.12003,-80.48655,Reef
11060,Georgetown Nearshore Reef,33.20333,-79.087,Reef
11061,Wayne Upchurch Reef,33.14167,-78.845,Reef
11062,Wayne Upchurch Reef - Concrete Structures,33.14133,-78.84583,Reef
11063,Lowcountry Anglers' Reef,32.57167,-79.91833,Reef
11064,10 Grouper Ledge,30.84041,-80.0488,Ledge
11065,140 Foot Hole,31.07129,-80.11103,Hole
11066,16 Fathom Hole,30.29958,-81.04852,Hole
11067,6 Grouper Ledge,30.54767,-80.18696,Ledge
11068,A Reef,30.93367,-81.26667,Reef
11069,AH Reef,30.5425,-81.0585,Reef
11070,AH Reef (Amerjack Hole),30.561,-81.051,Reef
11071,ALT Reef,31.30778,-81.12705,Reef
11072,ALT Reef,31.3035,-81.13533,Reef
11073,ALT Reef,31.30703,-81.153,Reef
11074,ALT Reef,31.3081,-81.15265,Reef
11075,ALT Reef,31.31082,-81.15642,Reef
11076,Amberjack Hole (AH),30.54149,-81.05625,Hole
11077,Amberjack Hole Kims Reef,30.54467,-81.05517,Reef
11078,Barbett Wreck,30.61967,-81.186,Wreck
11079,BB Site - Sanctuary Reef,30.42933,-81.14,Reef
11080,Beaufort 45' Reef,32.11992,-80.488,Reef
11081,Beaufort 45' Reef,32.1205,-80.48813,Reef
11082,Beaufort 45' Reef,32.11847,-80.48803,Reef
11083,BH Reef,31.50743,-81.10483,Reef
11084,BH Reef,31.50688,-81.10555,Reef
11085,BH Reef,31.50638,-81.10457,Reef
11086,BH Reef,31.50702,-81.10425,Reef
11087,BL Reef,31.6412,-81.08047,Reef
11088,BL Reef,31.64172,-81.07887,Reef
11089,BL Reef,31.64202,-81.07987,Reef
11090,BL Reef,31.64118,-81.07915,Reef
11091,Blackmar's Reef (BR),30.36173,-80.83175,Reef
11092,Blackmars Reef Ocean Going Tug,30.36117,-80.84267,Reef
11093,Blackmars Reef Scamp Reef,30.36483,-80.83833,Reef
11094,Brass Rail Wreck,31.938,-80.83567,Wreck
11095,Brenda Ledge,30.66365,-80.22817,Ledge
11096,Brun Ledge,30.92378,-80.1397,Ledge
11097,Bug Hole,29.89548,-80.452,Hole
11098,Buseys Bonanza Roberts Reef,30.42483,-81.1455,Reef
11099,Cando Wreck,30.98688,-80.06432,Wreck
11100,Captain Daddy Reef,30.56723,-81.14077,Reef
11101,Cat Reef,31.65708,-80.94672,Reef
11102,Cat Reef,31.65817,-80.96783,Reef
11103,Cat Reef,31.66118,-80.96772,Reef
11104,Cat Reef,31.66167,-80.9488,Reef
11105,Cat Reef,31.66515,-80.95093,Reef
11106,Cat Reef,31.66585,-80.97208,Reef
11107,Cat Reef,31.668,-80.97592,Reef
11108,Cat Reef,31.65453,-80.96258,Reef
11109,CCA Reef,31.72508,-80.68573,Reef
11110,CCA Reef,31.69977,-80.69883,Reef
11111,CCA Reef,31.70065,-80.68735,Reef
11112,CCA Reef,31.7064,-80.68778,Reef
11113,CCA Reef,31.70848,-80.68517,Reef
11114,CCA Reef,31.71015,-80.68782,Reef
11115,CCA Reef,31.71187,-80.68482,Reef
11116,CCA Reef,31.71377,-80.68743,Reef
11117,CCA Reef,31.71627,-80.6852,Reef
11118,CCA Reef,31.71967,-80.6861,Reef
11119,CCA Reef,31.72,-80.6695,Reef
11120,CCA Reef,31.72168,-80.67642,Reef
11121,CD Reef (Captain Daddy),30.59664,-81.26504,Reef
11122,Cement Rocks,30.42713,-81.14578,Rock
11123,CF Reef,30.3115,-81.0685,Reef
11124,Claytons Holler Heart Ache Reef,30.33167,-81.08617,Reef
11125,Claytons Holler Main Ledge Point,30.30983,-81.07317,Ledge
11126,Claytons Holler North Ledge #7,30.33533,-81.0855,Ledge
11127,Deep Water Wreck,31.35833,-79.84083,Wreck
11128,Dixie Honey Hole,30.62099,-80.42305,Hole
11129,DRH Reef,31.29827,-80.98148,Reef
11130,DRH Reef,31.27235,-80.95023,Reef
11131,DRH Reef,31.27283,-80.95097,Reef
11132,DRH Reef,31.28298,-80.96672,Reef
11133,DRH Reef,31.28595,-80.9673,Reef
11134,DRH Reef,31.2872,-80.97942,Reef
11135,DRH Reef,31.29037,-80.96738,Reef
11136,DRH Reef,31.29145,-80.96668,Reef
11137,DRH Reef,31.29203,-80.97888,Reef
11138,DRH Reef,31.29703,-80.96748,Reef
11139,E/W Ledge Grouper 6 Boxes Pinks,30.40131,-80.37394,Ledge
11140,Eagle's Nest Reef,32.02097,-80.50407,Reef
11141,Eagle's Nest Reef,32.02122,-80.50548,Reef
11142,Eagle's Nest Reef,32.02092,-80.50492,Reef
11143,Eagle's Nest Reef,32.02265,-80.50682,Reef
11144,Eagle's Nest Reef,32.02432,-80.50788,Reef
11145,Eagle's Nest Reef,32.02373,-80.508,Reef
11146,Eagle's Nest Reef,32.0242,-80.50875,Reef
11147,Eel Ledge,29.90908,-80.5568,Ledge
11148,Eel Ledge 3,29.90935,-80.55617,Ledge
11149,EF Ledge,30.39627,-81.06387,Ledge
11150,EF Ledge 03,30.39655,-81.06473,Ledge
11151,EF Y Ledge,30.39733,-81.06717,Ledge
11152,Elton Grounds Ledge,30.43254,-80.45645,Ledge
11153,Elton Grounds Ledge,30.49258,-80.51431,Ledge
11154,Elton Grounds Ledge,30.49977,-80.52052,Ledge
11155,Elton Ledge 1,30.4892,-80.51817,Ledge
11156,F Reef,31.09105,-81.20477,Reef
11157,F Reef,31.09983,-81.19932,Reef
11158,F Reef,31.09898,-81.20425,Reef
11159,F Reef,31.09895,-81.21347,Reef
11160,F Reef,31.09075,-81.21412,Reef
11161,FA Reef,30.635,-81.21867,Reef
11162,FA Reef,30.64052,-81.22193,Reef
11163,FB Reef,30.67867,-81.16633,Reef
11164,FB Reef,30.42667,-81.1435,Reef
11165,FB Reef,30.6355,-81.1505,Reef
11166,FC Reef,30.60834,-81.18334,Reef
11167,Fish Structure,30.10783,-80.65917,Structure
11168,Fish Structure,30.14013,-80.24177,Structure
11169,Fish Structure,30.15173,-80.33862,Structure
11170,Fish Structure,30.16565,-80.27788,Structure
11171,Fish Structure,30.20787,-81.07872,Structure
11172,Fish Structure,30.21582,-80.99992,Structure
11173,Fish Structure,30.53173,-80.25672,Structure
11174,Fish Structure,30.54258,-80.24718,Structure
11175,Fish Structure,30.57592,-80.25433,Structure
11176,Fish Structure,31.57675,-80.35507,Structure
11177,Fish Structure,31.57972,-80.36668,Structure
11178,Fish Structure,30.31908,-80.2289,Structure
11179,Fish Structure,30.41708,-80.30952,Structure
11180,Fortune Wreck,31.18317,-81.30733,Wreck
11181,Fourmile Island Fishing Reef,31.53945,-81.28694,Reef
11182,Freighter Anna Artificial Reef,30.46348,-80.93288,Reef
11183,FW - Fernandian Wreck,30.75917,-81.24933,Wreck
11184,G Reef,30.98935,-80.97672,Reef
11185,G Reef,30.98782,-80.95255,Reef
11186,G Reef,30.97695,-80.96723,Reef
11187,G Reef,30.9784,-80.97603,Reef
11188,Gaskin Banks Reef,32.1352,-80.68735,Reef
11189,General Gordon Reef,32.1682,-80.55422,Reef
11190,General Gordon Reef,32.1675,-80.54888,Reef
11191,General Gordon Reef,32.16832,-80.55312,Reef
11192,General Gordon Reef,32.16933,-80.55255,Reef
11193,General Gordon Reef,32.16792,-80.55358,Reef
11194,General Gordon Reef,32.16832,-80.55195,Reef
11195,Good Fish Ledge,30.60953,-80.146,Ledge
11196,Grays Reef,31.398,-80.89933,Reef
11197,Grays Reef,31.36283,-80.87467,Reef
11198,Grays Reef,31.36917,-80.869,Reef
11199,Grays Reef,31.37217,-80.84217,Reef
11200,Grays Reef,31.37217,-80.9045,Reef
11201,Grays Reef,31.37583,-80.89117,Reef
11202,Grays Reef,31.376,-80.88943,Reef
11203,Grays Reef,31.37683,-80.88967,Reef
11204,Grays Reef,31.37813,-80.84617,Reef
11205,Grays Reef,31.384,-80.89283,Reef
11206,Grays Reef,31.38652,-80.88883,Reef
11207,Grays Reef,31.38733,-80.88917,Reef
11208,Grays Reef,31.38733,-80.89933,Reef
11209,Grays Reef,31.39,-80.83967,Reef
11210,Grays Reef,31.39037,-80.90458,Reef
11211,Grays Reef,31.39192,-80.83718,Reef
11212,Grays Reef,31.392,-80.8545,Reef
11213,Grays Reef,31.39267,-80.83733,Reef
11214,Grays Reef,31.39333,-80.89833,Reef
11215,Grays Reef,31.3935,-80.904,Reef
11216,Grays Reef,31.3937,-80.88978,Reef
11217,Grays Reef,31.3942,-80.88705,Reef
11218,Grays Reef,31.39502,-80.88463,Reef
11219,Grays Reef,31.39667,-80.88733,Reef
11220,Grays Reef,31.39717,-80.884,Reef
11221,Grays Reef,31.39758,-80.90422,Reef
11222,Grays Reef,31.39777,-80.89078,Reef
11223,Grays Reef,31.39783,-80.87797,Reef
11224,Grays Reef,31.3985,-80.87817,Reef
11225,Grays Reef,31.3985,-80.891,Reef
11226,Grays Reef,31.40123,-80.84533,Reef
11227,Grays Reef,31.40183,-80.8455,Reef
11228,Grays Reef,31.405,-80.86183,Reef
11229,Grays Reef,31.40573,-80.8636,Reef
11230,Grays Reef,31.41917,-80.83983,Reef
11231,Grays Reef,31.43533,-80.78983,Reef
11232,Grays Reef,31.4355,-80.76417,Reef
11233,Grays Reef,31.43467,-80.83417,Reef
11234,Grays Reef,31.38333,-80.86667,Reef
11235,Grays Reef National Marine Sanctuary,31.39167,-80.87486,Reef
11236,Grays Sanctuary Reef,31.40155,-80.87373,Reef
11237,Grouper Double Ledge,30.20994,-80.25716,Ledge
11238,Haddocks Hideaway Kims Reef,30.57583,-81.136,Reef
11239,Haddocks Hideaway Tabletop Reef,30.5685,-81.144,Reef
11240,Harm's Ledge (HL),30.37309,-80.898,Ledge
11241,HH Ledge,30.57485,-81.12232,Ledge
11242,High Ledge Greys,31.26825,-80.42313,Ledge
11243,High School Reef Site CC,30.05818,-81.1075,Reef
11244,High School Reef Site DD,30.05818,-81.10875,Reef
11245,Hilton Head Ledge,32.07128,-80.62628,Ledge
11246,Hole EA,30.56818,-80.31252,Hole
11247,Holes,30.50013,-80.25925,Hole
11248,Hospital Grounds Hot Ledge,30.21583,-81.005,Ledge
11249,Inshore Ledge,30.73249,-80.09237,Ledge
11250,Inshore Ledge,30.66562,-80.18284,Ledge
11251,Inshore NW Ledge,30.33297,-81.2333,Ledge
11252,J Reef,31.59667,-80.79217,Reef
11253,J Reef,31.59783,-80.792,Reef
11254,J Reef,31.60067,-80.79083,Reef
11255,J Reef,31.59433,-80.79333,Reef
11256,J Reef,31.59533,-80.80067,Reef
11257,J Reef,31.596,-80.7975,Reef
11258,J Reef,31.59983,-80.805,Reef
11259,J Reef,31.59978,-80.81213,Reef
11260,J Reef,31.59963,-80.8171,Reef
11261,J Reef,31.59873,-80.81295,Reef
11262,J Reef,31.6006,-80.80492,Reef
11263,J Reef,31.59982,-80.81637,Reef
11264,J Reef,31.59988,-80.80587,Reef
11265,J Reef,31.60433,-80.79467,Reef
11266,J Reef,31.603,-80.82273,Reef
11267,Jax Beach Wreck,30.19834,-81.17066,Wreck
11268,Jax Beach Wreck (JW),30.27561,-81.23375,Wreck
11269,Jax Beach Wreck 88 Culverts,30.27983,-81.23433,Wreck
11270,Jekyll Wreck,31.01267,-81.36767,Wreck
11271,KBY Reef,30.78443,-81.28552,Reef
11272,KBY Reef,30.79108,-81.27435,Reef
11273,KBY Reef,30.79008,-81.27287,Reef
11274,KBY Reef,30.78788,-81.28108,Reef
11275,KBY Reef,30.78662,-81.2781,Reef
11276,KBY Reef,30.7765,-81.28848,Reef
11277,KBY Reef,30.7798,-81.28175,Reef
11278,KBY Reef,30.78048,-81.28567,Reef
11279,KBY Reef,30.78073,-81.28123,Reef
11280,KBY Reef,30.7861,-81.28077,Reef
11281,KBY Reef,30.78605,-81.27727,Reef
11282,KBY Reef,30.78533,-81.28403,Reef
11283,KBY Reef,30.78278,-81.27582,Reef
11284,KBY Reef,30.7836,-81.28178,Reef
11285,KBY Reef,30.78402,-81.28443,Reef
11286,KBY Reef,30.78487,-81.27745,Reef
11287,KC Reef,31.83618,-80.77162,Reef
11288,KC Reef,31.83685,-80.77238,Reef
11289,KC Reef,31.84498,-80.77555,Reef
11290,KC Reef,31.84683,-80.77583,Reef
11291,KC Reef,31.84867,-80.76295,Reef
11292,KC Reef,31.83173,-80.771,Reef
11293,KTK Reef,31.49307,-81.0199,Reef
11294,KTK Reef,31.50733,-81.00517,Reef
11295,KTK Reef,31.50182,-81.01893,Reef
11296,KTK Reef,31.51768,-81.0022,Reef
11297,KTK Reef,31.5132,-81.01958,Reef
11298,KTK Reef,31.4973,-80.99357,Reef
11299,KTK Reef,31.51385,-80.99357,Reef
11300,KTK Reef,31.51978,-81.0192,Reef
11301,KTK Reef,31.51147,-81.01958,Reef
11302,KTK Reef,31.5194,-81.0227,Reef
11303,KTK Reef,31.51197,-81.00883,Reef
11304,KTK Reef,31.5191,-81.01438,Reef
11305,KTK Reef,31.49192,-80.98918,Reef
11306,KTK Reef,31.4927,-81.0107,Reef
11307,L Reef,31.7488,-80.59243,Reef
11308,L Reef,31.75333,-80.60993,Reef
11309,L Reef,31.75532,-80.5931,Reef
11310,L Reef,31.75632,-80.61167,Reef
11311,L Reef,31.7582,-80.58097,Reef
11312,L Reef,31.7582,-80.59325,Reef
11313,L Reef,31.7583,-80.60792,Reef
11314,L Reef,31.7584,-80.58237,Reef
11315,L Reef,31.76202,-80.58267,Reef
11316,L Reef,31.75858,-80.59232,Reef
11317,L Reef,31.75222,-80.59288,Reef
11318,L Reef,31.74913,-80.60675,Reef
11319,L Reef,31.7505,-80.61202,Reef
11320,Ledge 1,30.27593,-80.51773,Ledge
11321,Ledge 1,30.30665,-81.069,Ledge
11322,Ledge 108 Foot,30.91463,-80.60238,Ledge
11323,Ledge 110,30.31643,-81.09522,Ledge
11324,Ledge 114 Foot,30.89161,-80.62667,Ledge
11325,Ledge 12,30.38043,-80.54892,Ledge
11326,Ledge 132 Foot,31.3984,-80.59193,Ledge
11327,Ledge 144,30.91348,-80.63768,Ledge
11328,Ledge 15,30.05123,-80.44972,Ledge
11329,Ledge 1 B,29.89372,-80.5798,Ledge
11330,Ledge 1 B,29.90678,-80.57252,Ledge
11331,Ledge 2,30.30632,-81.06848,Ledge
11332,Ledge 200,30.33942,-81.13778,Ledge
11333,Ledge 205,30.37082,-81.15102,Ledge
11334,Ledge 206,30.33977,-81.13515,Ledge
11335,Ledge 24,30.30753,-81.09842,Ledge
11336,Ledge 28 Fathom,30.48605,-80.19783,Ledge
11337,Ledge 47,30.4412,-80.29035,Ledge
11338,Ledge 5 Grouper,30.56913,-80.31278,Ledge
11339,Ledge 50,30.49172,-80.53047,Ledge
11340,Ledge 51,30.49138,-80.5294,Ledge
11341,Ledge 55,30.43902,-80.29055,Ledge
11342,Ledge 57,30.43747,-80.29118,Ledge
11343,Ledge 61,30.43372,-80.48823,Ledge
11344,Ledge 9 6,29.95747,-80.39677,Ledge
11345,Ledge Beliner,30.5421,-80.1975,Ledge
11346,Ledge Beliner,30.59663,-80.15352,Ledge
11347,Ledge Dropoff,30.64038,-80.21143,Ledge
11348,Ledge Grouper Beliner,30.38085,-80.53951,Ledge
11349,Ledge Grouper Beliner Pinks,30.53055,-80.2648,Ledge
11350,Ledge Grouperbs,30.25202,-80.24632,Ledge
11351,Ledge Kings,30.41123,-80.21627,Ledge
11352,Ledge Mules Mango Grouper Beline,30.48678,-80.5213,Ledge
11353,Ledge Mutton Grouper Snapper,30.64224,-80.35981,Ledge
11354,Ledge Pinks Snapper,30.24129,-80.2492,Ledge
11355,Ledge RN,30.30047,-80.44917,Ledge
11356,Ledge Uncut,31.26047,-80.42443,Ledge
11357,Left Ledge,29.8984,-80.4526,Ledge
11358,Links Lunker Ledge,31.50975,-79.88082,Ledge
11359,Mays Wreck,30.38073,-81.21585,Wreck
11360,MF Reef,30.29317,-81.08083,Reef
11361,MG Site - Japan Reference Reef,30.30567,-81.1305,Reef
11362,Middle Ground Dennis 4 Ledge,30.30667,-81.124,Ledge
11363,Miri Tower,31.04962,-80.29583,Tower
11364,MK Ledge,29.91623,-80.52892,Ledge
11365,MKS Ledge,29.99482,-80.61065,Ledge
11366,Montgomery Reef Big Hitler Reef,30.44483,-81.22033,Reef
11367,Montgomery Reef Tug Boat,30.44417,-81.2225,Reef
11368,Montgomery's Reef (MR),30.44075,-81.22209,Reef
11369,Montgomerys Reef,30.43276,-81.14038,Reef
11370,MRY Reef,30.77092,-81.11818,Reef
11371,MRY Reef,30.77652,-81.10413,Reef
11372,MRY Reef,30.76953,-81.09728,Reef
11373,MRY Reef,30.77518,-81.09598,Reef
11374,MRY Reef,30.78118,-81.09743,Reef
11375,MRY Reef,30.77158,-81.11262,Reef
11376,MRY Reef,30.78507,-81.09663,Reef
11377,MRY Reef,30.78445,-81.09745,Reef
11378,Mutton Ledge,30.09459,-80.48946,Ledge
11379,Mutton Ledge,30.09499,-80.49182,Ledge
11380,Natural Ledge 2,30.3438,-81.19018,Ledge
11381,Navy Tower,31.81666,-80.27498,Tower
11382,Navy Tower,31.21688,-80.41063,Tower
11383,Navy Tower,31.53393,-80.23337,Tower
11384,Navy Tower 102 Foot,31.04951,-80.45089,Tower
11385,Navy Tower 132 Foot,30.80017,-80.3162,Tower
11386,Navy Tower M 1 R 1,31.04999,-80.44999,Tower
11387,Navy Tower M 2 R 6,31.53333,-80.23332,Tower
11388,Navy Tower R 2,31.37632,-80.57047,Tower
11389,Navy Tower R 2 (Lighted),31.37555,-80.5669,Tower
11390,Navy Tower R 3,31.21808,-80.12077,Tower
11391,Navy Tower R 4,30.80083,-80.31567,Tower
11392,Navy Tower R 7,31.78405,-80.27532,Tower
11393,Navy Tower R 7,31.81833,-80.27907,Tower
11394,Navy Tower R 8,31.63335,-79.9254,Tower
11395,Nine Mile Lavis Ledge,30.38983,-81.17867,Ledge
11396,Obstructions,30.81972,-81.48777,Structure
11397,Off Shore Ledge 2,29.95233,-80.64017,Ledge
11398,Off Shore Ledge 3,29.89933,-80.563,Ledge
11399,Off Shore Ledge 4,29.87267,-80.603,Ledge
11400,Off Shore Ledge 5,29.8605,-80.54267,Ledge
11401,Off Shore Ledge 7,29.85167,-80.5645,Ledge
11402,Off Shore Ledge 8,29.84467,-80.544,Ledge
11403,Okatie Ledge,32.37427,-80.78399,Ledge
11404,Old Elton Grounds Wreck,30.42022,-80.43458,Wreck
11405,Paul Mains Jojos Ledge,30.33667,-81.1875,Ledge
11406,Perrys Ledge,31.87947,-80.01051,Ledge
11407,POP Nine Mile Reef,29.93517,-81.10233,Reef
11408,R 2 Ledge,31.3977,-80.58848,Ledge
11409,Rabbits Lair Mile Long Reef West,30.52733,-81.1735,Reef
11410,Red Reef Scamps,30.74801,-80.1927,Reef
11411,Reef 11 KC 11 Tires,31.8502,-80.77737,Reef
11412,Reef DUA Bu,31.77948,-80.90312,Reef
11413,Reef DW - Dump Scow,31.35875,-79.84005,Reef
11414,Reef G - Tug _tampa_,30.97496,-80.98125,Reef
11415,Reef L Concrete Culverts,31.75523,-80.60477,Reef
11416,Reef Raider,31.10282,-79.92468,Reef
11417,Reef SAV Bu,31.92101,-80.78681,Reef
11418,Reef Scorpionfish,31.1417,-80.375,Reef
11419,Reef SFC Bu,31.00643,-81.04007,Reef
11420,Reef WW - Hopper Barge,31.71463,-79.97628,Reef
11421,Reef WW - Tug Semarca 40,31.70723,-79.97135,Reef
11422,Rock Fish,30.51958,-80.3939,Rock
11423,S End Of MF Ledge -4 Foot,30.28447,-81.08193,Ledge
11424,Scottys Ledge,31.96357,-80.4826,Ledge
11425,SFC Reef,31,-81.039,Reef
11426,Shawns Reef,30.20858,-80.99852,Reef
11427,Small Bugs Ledge,29.9104,-80.45775,Ledge
11428,Small Ledge Greys,30.61522,-81.17485,Ledge
11429,Snapper Banks Ledge 2,30.62067,-81.18667,Ledge
11430,Snapper Banks Snapper Ledges,30.61783,-81.18217,Ledge
11431,Snapper Boat Wreck,30.52123,-80.45207,Wreck
11432,South Hole Area,31.883,-80.016,Hole
11433,Structure 90 Foot,30.89547,-80.71042,Structure
11434,SW Corner Of Ledge,30.20868,-81.00068,Ledge
11435,The South Ledge,31.0995,-79.92317,Ledge
11436,The Triple Ledge,31.27948,-79.86781,Ledge
11437,Tournament Reef(TR),30.46328,-80.93109,Reef
11438,Triple Ledge,31.11513,-79.92126,Ledge
11439,Triple Ledge,30.55477,-80.60385,Ledge
11440,Triple Ledge,31.22113,-79.83342,Ledge
11441,Triple Ledge,31.24022,-79.88776,Ledge
11442,Triple Ledge,31.25692,-79.87758,Ledge
11443,Triple Ledge,31.25775,-79.87858,Ledge
11444,Triple Ledge,31.23556,-79.90483,Ledge
11445,Triple Ledge,31.26682,-79.87548,Ledge
11446,Triple Ledge,31.28444,-79.85533,Ledge
11447,Triple Ledge,31.27689,-79.8689,Ledge
11448,Triple Ledge,31.27544,-79.8706,Ledge
11449,Triple Ledge,30.55792,-80.7164,Ledge
11450,Triple Ledge,31.29623,-79.86339,Ledge
11451,Triple Ledge Beliner,31.22777,-79.88666,Ledge
11452,Triple Ledge Beliner,31.12422,-80.05451,Ledge
11453,Triple Ledge Beliner,31.28715,-79.86477,Ledge
11454,Triple Ledge Beliner,31.29561,-79.86045,Ledge
11455,Triple Ledge Big Beliners 1-2 S,31.24402,-79.89417,Ledge
11456,Triple Ledge Footballs,31.2146,-79.89307,Ledge
11457,Triple Ledge Footballs,31.22562,-79.8879,Ledge
11458,Triple Ledge Good,31.2531,-79.87681,Ledge
11459,Triple Ledge Grays,31.22409,-79.88642,Ledge
11460,Triple Ledge Grays,31.28868,-79.86396,Ledge
11461,Triple Ledge Grouper,31.22587,-79.88892,Ledge
11462,Triple Ledge Grouper Beliners,31.21835,-79.89126,Ledge
11463,Triple Ledge Grouper Mutton,31.25269,-79.87862,Ledge
11464,Triple Ledge Grouper Snapper,31.22981,-79.88557,Ledge
11465,Triple Ledge Grouper Snapper,31.23121,-79.88654,Ledge
11466,Triple Ledge Kings Grouper,31.28912,-79.86678,Ledge
11467,Triple Ledge Kings Grouper,31.29281,-79.86308,Ledge
11468,Triple Ledge Mutton,31.23724,-79.88402,Ledge
11469,Triple Ledge Scamp Good,31.21547,-79.89073,Ledge
11470,Triple Ledge Snapper,31.24757,-79.88071,Ledge
11471,Triple Ledge Snapper,31.29203,-79.864,Ledge
11472,Tybee Ledge,31.82384,-80.49382,Ledge
11473,Tybee Ledge,31.94014,-80.76431,Ledge
11474,UD Wreck,30.7614,-80.38838,Wreck
11475,Veronica Express Wreck,29.84667,-80.95183,Wreck
11476,Whittakers Snap Hole,30.64083,-81.22633,Hole
11477,Whittakers Snap Hole Dons Dble,30.64717,-81.22617,Hole
11478,Whittakers Snap Hole Jew Fish Hole,30.64267,-81.2365,Hole
11479,Whittakers Snap Hole Ledge,30.65033,-81.21817,Ledge
11480,Whittakers Snap Hole Sea Bass Hole,30.64483,-81.2325,Hole
11481,Whittakers Snap Hole Tabletop,30.64917,-81.22867,Hole
11482,Wreck (Grouper Hotel),31.38208,-79.82764,Wreck
11483,Wreck (Randal),31.33939,-79.77912,Wreck
11484,Wreck 6,30.45322,-80.48488,Wreck
11485,Wreck 7,30.45132,-80.41427,Wreck
11486,Wreck 8,30.42082,-80.43472,Wreck
11487,Wreck Grouper,31.37,-79.83535,Wreck
11488,Wreck Kings,31.11764,-80.00691,Wreck
11489,Wreck Ledge,30.38485,-81.17792,Ledge
11490,WRECK_8633,31.08733,-81.13733,Wreck
11491,Wreck-1590,30.38625,-81.15817,Wreck
11492,Wreck-2061,30.71671,-81.41505,Wreck
11493,Wreck-2093,31.89033,-80.85401,Wreck
11494,Wreck-2094,32.13167,-80.75167,Wreck
11495,Wreck-2098,32.07344,-80.86638,Wreck
11496,Wreck-2110,30.99122,-81.45997,Wreck
11497,Wreck-2119,31.12623,-81.42108,Wreck
11498,Wreck-2132,31.29583,-81.2815,Wreck
11499,Wreck-2192,31.81693,-80.83349,Wreck
11500,Wreck-2252,32.05293,-80.83065,Wreck
11501,Wreck-2253,32.0582,-80.82646,Wreck
11502,Wreck-8524,31.70143,-79.97856,Wreck
11503,Wreck-8526,30.75117,-80.10333,Wreck
11504,Wreck-8527,30.74821,-80.19185,Wreck
11505,Wreck-8529,30.86747,-81.01949,Wreck
11506,Wreck-8536,30.99989,-80.16556,Wreck
11507,Wreck-8543,30.85,-79.95,Wreck
11508,Wreck-8571,31.31766,-80.96525,Wreck
11509,East Cameron 222,28.6503,-92.78596,Reef
11510,East Cameron 254,28.47907,-92.63588,Reef
11511,East Cameron 270,28.46127,-92.663,Reef
11512,East Cameron 272,28.42115,-92.63064,Reef
11513,East Cameron 273,28.42601,-92.66127,Reef
11514,Eugene Island 273,28.41572,-91.60166,Reef
11515,Eugene Island 275,28.44259,-91.47496,Reef
11516,Eugene Island 276,28.42566,-91.46232,Reef
11517,Eugene Island 296,28.3439,-91.5543,Reef
11518,Eugene Island 309,28.2975,-91.71576,Reef
11519,Eugene Island 313,28.25436,-91.75639,Reef
11520,Eugene Island 314,28.28094,-91.72361,Reef
11521,Eugene Island 322,28.28619,-91.34972,Reef
11522,Eugene Island 324,28.23139,-91.41018,Reef
11523,Eugene Island 338,28.20574,-91.68601,Reef
11524,Eugene Island 349,28.16816,-91.4956,Reef
11525,Eugene Island 365,28.1267,-91.44865,Reef
11526,Eugene Island 366,28.12515,-91.4172,Reef
11527,Eugene Island 367,28.11839,-91.33672,Reef
11528,Eugene Island 372,28.06853,-91.52276,Reef
11529,Eugene Island 384,28.04689,-91.52393,Reef
11530,Garden Banks 236,27.75681,-93.13259,Reef
11531,Green Canyon 6,27.94675,-91.64613,Canyon
11532,Main Pass 243,29.36579,-88.28136,Reef
11533,Main Pass 293 N Original,29.2712,-88.56378,Rig
11534,Main Pass 293 S,29.23192,-88.55964,Reef
11535,Main Pass 296,29.27946,-88.66473,Reef
11536,Main Pass 300,29.28102,-88.8041,Reef
11537,Main Pass 305,29.19673,-88.58508,Reef
11538,Main Pass 306 N,29.22512,-88.54811,Reef
11539,Main Pass 306 S,29.2155,-88.54174,Reef
11540,Mississippi Canyon 486,28.45657,-89.85182,Canyon
11541,Ship Shoal 204,28.53356,-91.11819,Reef
11542,Ship Shoal 214,28.50794,-90.85938,Reef
11543,Ship Shoal 215,28.50807,-90.9014,Reef
11544,Ship Shoal 230,28.47526,-91.03658,Reef
11545,Ship Shoal 269,28.3365,-91.20433,Reef
11546,Ship Shoal 320,28.13923,-91.32506,Reef
11547,South Marsh Island 66,28.64662,-91.93466,Reef
11548,South Marsh Island 76,28.59556,-91.95979,Reef
11549,South Marsh Island 108,28.42698,-91.95885,Reef
11550,South Marsh Island 133,28.30249,-92.11287,Reef
11551,South Marsh Island 146,28.21945,-91.97647,Reef
11552,South Marsh Island 205,27.93098,-91.90155,Reef
11553,South Pass 89,28.70261,-89.39138,Reef
11554,South Timbalier 128,28.67108,-90.2627,Reef
11555,South Timbalier 130,28.68727,-90.15703,Reef
11556,South Timbalier 134 N,28.64783,-90.23107,Reef
11557,South Timbalier 134 S,28.63409,-90.23122,Reef
11558,South Timbalier 135,28.63801,-90.26563,Reef
11559,South Timbalier 151/152,28.6183,-90.24787,Reef
11560,South Timbalier 154,28.62058,-90.13797,Reef
11561,South Timbalier 161,28.57438,-90.41208,Reef
11562,Vermilion 262,28.51193,-92.61165,Reef
11563,Vermilion 395,27.99842,-92.37239,Reef
11564,Vermilion 412,27.95225,-92.35466,Reef
11565,West Cameron 586,28.16404,-93.2836,Reef
11566,West Cameron 595,28.14944,-93.29152,Reef
11567,West Cameron 608,28.10494,-93.30431,Reef
11568,West Cameron 609,28.07714,-93.33535,Reef
11569,West Cameron 616/617,28.05164,-93.30916,Reef
11570,West Delta 69,28.95242,-89.83517,Reef
11571,West Delta 70,28.94599,-89.8049,Reef
11572,West Delta 75,28.9921,-89.64494,Reef
11573,West Delta 76,28.94993,-89.62612,Reef
11574,West Delta 89,28.92834,-89.61544,Reef
11575,West Delta 94,28.93857,-89.78077,Reef
11576,West Delta 95,28.90792,-89.81273,Reef
11577,West Delta 117,28.81266,-89.78937,Reef
11578,West Delta 133,28.73533,-89.68999,Reef
11579,West Delta 134,28.73897,-89.73517,Reef
11580,West Cameron 587,28.15642,-93.35109,Reef
11581,Vermilion 255,28.54211,-92.31827,Reef
11582,Mississippi Canyon 148,28.79489,-89.1763,Canyon
11583,Eugene Island 371,28.06264,-91.48878,Reef
11584,West Delta 103/104,28.86546,-89.64739,Reef
11585,South Marsh Island 77,28.60242,-91.89063,Reef
11586,West Cameron 645,27.95024,-93.06377,Reef
11587,West Cameron 648,27.94745,-93.20272,Reef
11588,Garden Banks 189,27.77846,-93.31021,Reef
11589,Ship Shoal 358,28.03486,-91.03024,Reef
11590,East Cameron 278 Original,28.40356,-92.89068,Rig
11591,Lake Borgne Reef,30.07159,-89.58533,Reef
11592,West Karako Reef,30.01687,-89.27495,Reef
11593,Redfish Point,29.67736,-92.11852,Structure
11594,West Cameron 661,27.84476,-93.3276,Reef
11595,South Timbalier 86 C,28.76697,-90.22982,Reef
11596,South Timbalier 86 E,28.77267,-90.20795,Reef
11597,South Marsh Island 192,27.98179,-91.91762,Reef
11598,Vermillion 144,28.97921,-92.51785,Reef
11599,Vermilion 147,28.98706,-92.38122,Reef
11600,South Marsh Island 235,29.31351,-92.05508,Reef
11601,South Timbalier 86,28.77913,-90.23406,Reef
11602,Grand Isle 9,29.18704,-89.88896,Reef
11603,Nickel Reef,29.41956,-91.70764,Reef
11604,Rabbit Island Pass,29.42727,-91.59689,Reef
11605,Bay Marchand 3,29.05332,-90.17006,Reef
11606,Ship Shoal 26,29.10728,-91.055,Reef
11607,Ship Shoal 108,28.84606,-91.1281,Reef
11608,Ship Shoal 94,28.86844,-90.85383,Reef
11609,South Marsh Island 233 West,29.32337,-92.14391,Reef
11610,South Marsh Island 233 East,29.32066,-92.13346,Reef
11611,Vermilion 124,29.09114,-92.51686,Reef
11612,Vermilion 119 G,29.1214,-92.50331,Reef
11613,South Timbalier 51,28.88301,-90.48649,Reef
11614,Vermilion 119 D,29.09548,-92.50056,Reef
11615,Eugene Island 51,29.24819,-91.70033,Reef
11616,Vermilion 69,29.29469,-92.26517,Reef
11617,West Delta 23,29.18096,-89.55257,Reef
11618,West Delta 24,29.17783,-89.53518,Reef
11619,West Cameron 45,29.67481,-93.60616,Reef
11620,West Delta 35,29.13797,-89.79275,Reef
11621,Grand Isle 47,28.94355,-90.01198,Reef
11622,BA-439 - Matagorda,28.517,-95.781,Reef
11623,BA-A-23,28.127,-95.716,Reef
11624,BA-A-28,28.15,-95.495,Reef
11625,BA-A-47,28.057,-95.873,Reef
11626,EB-110,27.859,-94.884,Reef
11627,EB-159,27.828,-94.626,Reef
11628,EB-160,27.833,-94.551,Reef
11629,GA-189 - Barr's,29.14,-94.702,Reef
11630,GA-189 - Mitchell's,29.143,-94.681,Reef
11631,GA-220 - Big Mans Reef,29.098,-94.889,Reef
11632,GA-220 - Kate's Reef,29.083,-94.905,Reef
11633,GA-288 - Buccaneer,28.892,-94.696,Reef
11634,GA-296 - Buccaneer,28.868,-94.699,Reef
11635,GA-A-125,28.252,-94.723,Reef
11636,GA-A-22 - Freeport Liberty Ship,28.596,-94.812,Wreck
11637,GB-142,27.809,-93.431,Reef
11638,GB-189,27.776,-93.307,Reef
11639,HI-117 - Basco's,29.3,-93.889,Reef
11640,HI-117 - Sabine,29.304,-93.922,Reef
11641,HI-20 - Sabine Nearshore,29.539,-93.915,Reef
11642,HI-85 - S A L T,29.359,-93.834,Reef
11643,HI-A-270,28.428,-93.816,Reef
11644,HI-A-271,28.439,-93.717,Reef
11645,HI-A-285,28.356,-93.855,Reef
11646,HI-A-286,28.33,-93.798,Reef
11647,HI-A-298,28.303,-93.766,Reef
11648,HI-A-302,28.242,-93.879,Reef
11649,HI-A-310,28.242,-93.52,Reef
11650,HI-A-313,28.19,-93.588,Reef
11651,HI-A-315,28.214,-93.699,Reef
11652,HI-A-317,28.215,-93.8,Reef
11653,HI-A-323,28.167,-93.769,Reef
11654,HI-A-327,28.135,-93.566,Reef
11655,HI-A-330,28.098,-93.477,Reef
11656,HI-A-334,28.121,-93.673,Reef
11657,HI-A-341,28.095,-93.865,Reef
11658,HI-A-349,28.069,-93.471,Reef
11659,HI-A-355,28.041,-93.708,Reef
11660,HI-A-356,28.045,-93.764,Reef
11661,HI-A-379,27.955,-93.833,Reef
11662,HI-A-385,27.916,-93.748,Reef
11663,HI-A-385 D,27.89,-93.772,Reef
11664,HI-A-389,27.901,-93.577,Reef
11665,HI-A-424 - Kraken,28.444,-94.285,Reef
11666,HI-A-447,28.364,-94.156,Reef
11667,HI-A-462,28.296,-94.244,Reef
11668,HI-A-466,28.312,-94.019,Reef
11669,HI-A-477,28.274,-94.328,Reef
11670,HI-A-480,28.287,-94.479,Reef
11671,HI-A-487,28.248,-94.272,Reef
11672,HI-A-492,28.228,-94.06,Reef
11673,HI-A-497,28.178,-94.034,Reef
11674,HI-A-515,28.13,-94.214,Reef
11675,HI-A-517,28.151,-94.093,Reef
11676,HI-A-520,28.125,-93.957,Reef
11677,HI-A-532,28.1,-94.513,Reef
11678,HI-A-542,28.048,-94.152,Reef
11679,HI-A-555,28.013,-94.354,Reef
11680,HI-A-567,27.975,-94.218,Reef
11681,HI-A-570,27.95,-94.047,Reef
11682,HI-A-571,27.946,-93.999,Reef
11683,HI-A-589,27.893,-94.324,Reef
11684,HI-A-596,27.887,-93.983,Reef
11685,Mile-562 - Port O'connor,28.232,-96.385,Reef
11686,Mile-616 - Matagorda Island Liberty Ship,28.116,-96.087,Wreck
11687,Mile-681,27.937,-96.335,Reef
11688,Mile-703,27.895,-96.43,Reef
11689,Mile-712,27.834,-96.506,Reef
11690,Mile-A-7,27.855,-96.191,Reef
11691,MU-770 L - Lonestar,27.692,-96.975,Reef
11692,MU-775 - Corpus Christi,27.646,-97.007,Reef
11693,MU-802 - Mustang Island Liberty Ship,27.57,-96.859,Wreck
11694,MU-828,27.449,-96.763,Reef
11695,MU-870,27.314,-96.868,Reef
11696,MU-A-103,27.672,-95.88,Reef
11697,MU-A-16,27.432,-96.524,Reef
11698,MU-A-31 A,27.294,-96.701,Reef
11699,MU-A-31 B,27.289,-96.737,Reef
11700,MU-A-85,27.712,-96.183,Reef
11701,PN-967,26.866,-97.051,Reef
11702,PN-A-42,27.021,-96.794,Reef
11703,PN-A-58,26.936,-96.751,Reef
11704,PS-1047 - Port Mansfield,26.526,-97.154,Reef
11705,PS-1070 -Port Mansfield Liberty Ship,26.427,-97.024,Wreck
11706,PS-1105 - Rio Grande Valley,26.278,-97.05,Reef
11707,PS-1122 - Texas Clipper,26.189,-96.859,Reef
11708,PS-1169 L - Port Isabel,25.968,-97.067,Reef
11709,10-Fathom 1,34.02743,-77.65498,Ledge
11710,10-Fathom 4,34.03643,-77.62703,Ledge
11711,10-Fathom 5,34.04125,-77.64743,Ledge
11712,10 Mile-Rock 1,34.11482,-77.68703,Rock
11713,10 Mile-Rock 19,34.072,-77.61073,Rock
11714,10 Mile-Rock 4,34.13787,-77.65432,Rock
11715,10 Mile-Rock 8,34.09952,-77.64785,Rock
11716,12 Foot-Ledge 1,33.79097,-77.39465,Ledge
11717,12 Fathom-SW,33.80831,-77.67831,Ledge
11718,12 Mile-Wreck,33.95557,-77.65087,Rock
11719,13 Mile-Bottom,33.94456,-77.6379,Hole
11720,14 Mile-Rock 3,34.14847,-77.48418,Rock
11721,14 Mile-Rock 5,34.17033,-77.51816,Rock
11722,15 Mile Rock,33.64669,-78.171,Rock
11723,15 Mile Rock 11,33.62712,-78.20821,Rock
11724,15 Mile Rock 13,33.63783,-78.19452,Rock
11725,15 Mile Rock 3,33.61915,-78.24887,Rock
11726,15 Mile Rock 4,33.59564,-78.25837,Rock
11727,15 Mile Rock 5,33.59435,-78.19484,Rock
11728,15 Mile Rock 6,33.60264,-78.23486,Rock
11729,15 Mile Rock 8,33.61536,-78.19033,Rock
11730,15 Foot-Ledge 3,33.76892,-77.55995,Ledge
11731,15 Foot-Ledge 6,33.74473,-77.5651,Ledge
11732,160 Fathom Hole,32.5105,-78.41023,Ledge
11733,160 Hole,32.51,-78.40901,Hole
11734,18 Mile Rock,34.05434,-77.459,Rock
11735,18 Mile-Rock 6,34.03776,-77.48027,Rock
11736,2 Mile Rock,34.15278,-77.77177,Rock
11737,220 Foot-Ship,33.60233,-77.47715,Wreck
11738,23 Mile-Rock 10,34.02053,-77.39383,Rock
11739,23 Mile-Rock 13,34.0052,-77.40225,Rock
11740,25 Foot-Drop,33.77757,-77.58028,Ledge
11741,30-30 Rocks,33.81667,-77.68838,Rock
11742,3030-Bottom,33.84578,-77.6778,Hole
11743,360-Balls,34.34818,-77.60353,Reef
11744,360-Pipe 21,34.34623,-77.60256,Structure
11745,362-Pipe 9,34.24946,-77.71325,Structure
11746,364-Concrete 2,34.24833,-77.71316,Structure
11747,364-Pipe 2,34.24457,-77.71663,Structure
11748,364-Pods,34.24407,-77.71692,Structure
11749,364-Tug-1 B,34.24875,-77.7127,Wreck
11750,370-Barge 1 B,34.17488,-77.75851,Wreck
11751,370-Barge 2 B,34.1742,-77.7472,Wreck
11752,370-Barge 2,34.17563,-77.7456,Wreck
11753,370-Liberty 2,34.17568,-77.75215,Wreck
11754,370-Pipe 4,34.17561,-77.75484,Structure
11755,370-Pods,34.1755,-77.75606,Structure
11756,370-Tug 1,34.17628,-77.75133,Wreck
11757,372-Balls 3,34.10432,-77.7479,Reef
11758,372-Barge 1 A,34.1041,-77.74638,Wreck
11759,372-Pipe 4,34.10745,-77.74765,Structure
11760,372-Pods,34.10818,-77.74797,Structure
11761,376-Pipe 3,34.05688,-77.66172,Structure
11762,378-Balls 11,34.0296,-77.87083,Reef
11763,378-Barge 1 A,34.02991,-77.8692,Wreck
11764,378-Barge 2,34.01304,-77.84445,Wreck
11765,378-Concrete-1,34.03167,-77.87098,Structure
11766,378-Pipe-5,34.031,-77.86686,Structure
11767,378-Pods,34.03155,-77.86635,Structure
11768,378 B-Wreck-3 B,34.01074,-77.84383,Wreck
11769,380 Hole,32.12683,-78.945,Hole
11770,382-Dredge,33.97499,-77.68805,Wreck
11771,382-Tug-1 A,33.97438,-77.68887,Wreck
11772,386-Boxcar 3,33.95547,-77.5542,Wreck
11773,410/510 Hole,33.65732,-78.59432,Hole
11774,50 Reef,33.74865,-78.4667,Reef
11775,50 Reef 1,33.73737,-78.49666,Reef
11776,50 Reef 2,33.76718,-78.48149,Reef
11777,6 Mile Rock,33.84184,-78.28784,Rock
11778,65 Hole South,33.5977,-78.46112,Hole
11779,65' Hole East,33.62533,-78.41813,Hole
11780,65' Hole North,33.6488,-78.44092,Hole
11781,65' Hole South,33.59367,-78.25178,Hole
11782,65' Hole West,33.61283,-78.4814,Hole
11783,7 Mile Rock,34.1429,-77.65317,Rock
11784,70 Hole,33.5862,-78.41733,Hole
11785,70 Hole 1,33.58233,-78.26552,Hole
11786,8 FMS Wreck,33.27995,-77.69003,Wreck
11787,90/90 Reef,33.73775,-78.42362,Reef
11788,Anchor Ledge,32.68617,-79.15467,Ledge
11789,Angels Rock,33.59318,-78.25001,Rock
11790,AR 420 - Tom Mcglammery RE,33.83733,-78.119,Wreck
11791,AR 460,33.8355,-78.367,Wreck
11792,AR 465 - Gary Ennis,33.38733,-78.184,Wreck
11793,AR-3601,34.35029,-77.60305,Wreck
11794,AR-3644,34.24722,-77.71333,Wreck
11795,AR-382:DREDGE Wreck Reef,33.97638,-77.68805,Reef
11796,AR-3861,33.95601,-77.55567,Wreck
11797,AR-400 - Capt Greg Mickey,33.48837,-77.58775,Wreck
11798,AR-420 - 110 Water Barge,33.84958,-78.11152,Wreck
11799,AR-42031,33.85024,-78.11246,Wreck
11800,AR-42521,33.88416,-78.10805,Wreck
11801,AR-4405,33.82909,-78.21791,Wreck
11802,AR-4456,33.74611,-78.23612,Wreck
11803,AR-450,33.60035,-78.24946,Wreck
11804,AR-4652,33.38969,-78.1845,Wreck
11805,AR-485,33.82035,-78.49614,Wreck
11806,AR 364 - 52' Tug,34.24167,-77.708,Wreck
11807,"AR 386 - 215' Dredge ""hyde""",33.9545,-77.55433,Wreck
11808,Atlantic Ledge,33.46343,-78.36828,Ledge
11809,Beliner Footballs,32.17283,-79.25781,Reef
11810,Bill Perry Jr Reef,33.42883,-78.55258,Reef
11811,Bubble Rock,32.39232,-78.52782,Rock
11812,Cane Ledge,32.97732,-78.86799,Ledge
11813,Capers Reef CG,32.75215,-79.5746,Reef
11814,CCA-Mcclellanville Reef,32.86345,-79.37473,Reef
11815,Cement Barge Wreck,33.44217,-78.59766,Wreck
11816,Concrete Rubble,34.24502,-77.7112,Structure
11817,Doug Mellichamp Jr Reef,32.45168,-79.32168,Reef
11818,Doug Mellichamp Jr Reef,32.45165,-79.32323,Reef
11819,Dredge Barge,32.47662,-80.00457,Wreck
11820,Fairway Ledges,33.72703,-77.7925,Ledge
11821,Fourteen Mile Rock,34.17367,-77.52067,Rock
11822,Frank Seniors Hole,32.27031,-79.14684,Hole
11823,Fredrick Day Wreck,32.5995,-79.669,Wreck
11824,Gag Rock,33.94383,-77.6229,Rock
11825,Georgetown 85 Reef,32.94696,-78.90969,Reef
11826,Georgetown Hole,32.54383,-78.58083,Hole
11827,Georgetown Rock,32.55347,-78.56285,Rock
11828,Good Bottom,33.49588,-77.40177,Hole
11829,Good Bottom 1,33.79302,-77.68173,Hole
11830,Good Bottom 10,33.75703,-77.33563,Hole
11831,Good Bottom 11,33.77564,-77.61255,Hole
11832,Good Bottom 12,33.74393,-77.62112,Hole
11833,Good Bottom 13,33.78162,-77.33433,Hole
11834,Good Bottom 15,33.7509,-77.66173,Hole
11835,Good Bottom 16,33.82007,-77.68407,Hole
11836,Good Bottom 18,34.1209,-77.5318,Hole
11837,Good Bottom 19,34.08622,-77.54397,Hole
11838,Good Bottom 2,33.90523,-77.53302,Hole
11839,Good Bottom 5,33.74425,-77.64162,Hole
11840,Good Bottom 7,33.84647,-77.67878,Hole
11841,Good Bottom 8,33.77923,-77.51153,Hole
11842,Good Bottom 9,33.92713,-77.53227,Hole
11843,Great Bottom,32.36865,-79.5705,Hole
11844,H P Springs Jr Reef,33.51792,-78.96817,Reef
11845,Hard Bottom,32.46883,-78.91904,Hole
11846,Horseshoe Reef #2,33.496,-77.902,Reef
11847,Horseshoe Reef 1,33.48933,-77.87835,Reef
11848,Hurl Rock,33.66745,-78.90258,Rock
11849,Inner Hurl Rocks,33.64406,-78.92536,Rock
11850,Jim Caudle Artificial Reef 1,33.81495,-78.51077,Reef
11851,Jimmy Leland Reef,32.86407,-79.37467,Reef
11852,Kiawah Reef,32.48725,-79.99733,Reef
11853,Kiawah Reef Pontoon,32.4892,-80.0067,Reef
11854,King-Ledge 2,34.09077,-77.65548,Ledge
11855,Ledge North Of Anchor Wreck,32.8103,-79.19155,Ledge
11856,Ledge North Of Georgetown Hole,32.6626,-78.58098,Ledge
11857,Ledge South Of Santee Banks,32.66333,-78.73673,Ledge
11858,Ledge-102,33.81577,-77.68965,Ledge
11859,Ledge-113,33.77907,-77.46602,Ledge
11860,Ledge-118,33.7774,-77.45597,Ledge
11861,Ledge-126,33.80288,-77.68517,Ledge
11862,Ledge-13,33.93252,-77.5162,Ledge
11863,Ledge-130,33.76753,-77.57987,Ledge
11864,Ledge-135,33.88565,-77.81785,Ledge
11865,Ledge-162,33.74055,-77.66513,Ledge
11866,Ledge-217,34.10205,-77.75083,Ledge
11867,Ledge-25,33.82298,-77.67973,Ledge
11868,Ledge-26,33.94713,-77.51687,Ledge
11869,Ledge-301,34.03778,-77.65678,Ledge
11870,Ledge-304,34.00318,-77.76572,Ledge
11871,Ledge-32,33.77565,-77.49747,Ledge
11872,Ledge-82,33.81162,-77.593,Ledge
11873,Ledge-86,33.82318,-77.544,Ledge
11874,Ledge-88,33.842,-77.56753,Ledge
11875,Ledge-93,33.93253,-77.53166,Ledge
11876,Ledge-At-Dre,33.81425,-77.68912,Ledge
11877,Ledge-S-Wr 4 C,33.78567,-77.51055,Ledge
11878,Ledge-S-Wr 4 E,33.77735,-77.49915,Ledge
11879,Ledge-Wr 4-A,33.77295,-77.48003,Ledge
11880,Ledges-A,33.9195,-77.53804,Ledge
11881,Ledges-B,33.9154,-77.54283,Ledge
11882,Lighthouse Ledge,33.73685,-78.13249,Ledge
11883,Lighthouse Reef,33.76999,-78.09448,Reef
11884,Lighthouse Reef 4,33.73065,-78.12935,Reef
11885,Lighthouse Rock,33.73696,-78.12268,Rock
11886,Lighthouse Rocks 1,33.77072,-78.10697,Rock
11887,Lighthouse Rocks 2,33.76202,-78.09199,Rock
11888,Lighthousereef 7,33.76918,-78.09787,Reef
11889,Little Joe Shuford Memorial Reef,32.55417,-79.66833,Reef
11890,Live Bottom,32.74522,-78.7728,Hole
11891,Live Bottom - 80 Foot,33.88783,-77.53283,Hole
11892,Live Bottom In Close,32.93,-79.23416,Hole
11893,Live-Bottom-High-Rel,33.83283,-77.355,Hole
11894,Live-Bottom-Mod-Reli,33.874,-77.382,Hole
11895,Lthse-Rock,33.76925,-78.0945,Rock
11896,Lunchmeat Ledge,32.46004,-78.92976,Ledge
11897,Mcmarlen Ledge,32.915,-78.216,Ledge
11898,Myers Bend Ledge,32.8228,-79.92662,Ledge
11899,N-River-Wreck,34.34683,-77.61833,Rock
11900,Navy Wreck - USS YDS 68,33.28351,-77.82469,Wreck
11901,Nichols Hole,32.49481,-79.07982,Hole
11902,Not So Secret Hole,32.76589,-79.23166,Hole
11903,Old-Dredge,33.943,-77.678,Wreck
11904,Ore Wreck,33.20238,-77.7919,Wreck
11905,Outer Hurl Rocks,33.60331,-78.89965,Rock
11906,Patricks Deep Hump,32.58206,-78.52231,Wreck
11907,Peterhoff Navy Vessel,33.9158,-77.9177,Wreck
11908,Pop Nash Reef,33.57483,-78.85017,Reef
11909,Richmond Wreck,33.03084,-78.92189,Wreck
11910,Rock 9902,32.72518,-79.82032,Rock
11911,Rocks 1,33.94155,-77.63628,Rock
11912,Rocky Bottom 3,33.84568,-77.57372,Rock
11913,Rocky Bottom 4,34.14271,-77.68343,Rock
11914,Rocky Bottom 5,34.10397,-77.59372,Rock
11915,Rocky Bottom 9,34.0886,-77.75842,Rock
11916,Ruff-Bottom 1,33.7558,-77.61891,Hole
11917,Ruff-Bottom 2,33.83798,-77.60299,Hole
11918,Ruff-Bottom 3,33.74782,-77.64731,Hole
11919,Ruff-Bottom 4,33.88192,-77.81778,Hole
11920,Ruff-Bottom 5,33.73383,-77.64927,Hole
11921,Sanctuary Hump,32.59709,-78.38497,Wreck
11922,Santee Ledge,33.09159,-79.13377,Ledge
11923,SC Memorial Reef - Barge 1,32.124,-79.12538,Reef
11924,Shal-Ledge,33.86465,-78.37038,Ledge
11925,Shalloteledge 40,33.8825,-78.22284,Ledge
11926,Shallotte Ledge,33.85817,-78.34683,Ledge
11927,South Jetty Rocks,33.1905,-79.13688,Rock
11928,SW Bank Drop,32.49505,-78.79777,Ledge
11929,Teds Ledge,34.17497,-77.707,Ledge
11930,Ten Mile Reef 6,33.43769,-78.87844,Reef
11931,Ten Mile Rock,34.109,-77.63033,Rock
11932,Thirteen Fathom NW,33.76667,-77.6,Ledge
11933,Topsl-Ledge 1,34.28883,-77.59117,Ledge
11934,Topsl-Rock 3,34.34965,-77.6209,Rock
11935,Trigger,32.51518,-78.72618,Rig
11936,Twelve Mile Rock,34.03533,-77.631,Rock
11937,Twin City Wrecks,33.14452,-78.26179,Wreck
11938,Vermillian Reef,32.99823,-79.03888,Reef
11939,Willys Hump,32.86997,-78.83802,Wreck
11940,Winyah Hump,32.74851,-77.92697,Wreck
11941,Winyah Ledge,32.79109,-78.10481,Ledge
11942,Winyah Scrap Ledge,32.84147,-78.26012,Ledge
11943,Wreck 1238,33.82684,-77.95804,Wreck
11944,Wreck-10636,32.30966,-79.20497,Wreck
11945,Wreck-10723,32.78434,-79.51552,Wreck
11946,Wreck-11109,33.28055,-77.68925,Wreck
11947,Wreck-11245,33.20212,-77.7928,Wreck
11948,Wreck-11247,33.15808,-78.12782,Wreck
11949,Wreck-11248,33.13806,-78.34658,Wreck
11950,Wreck-11258,33.39369,-77.87813,Wreck
11951,Wreck-11262,33.28381,-77.83111,Wreck
11952,Wreck-4139,33.88791,-78.04303,Wreck
11953,Wreck-4150,33.85407,-78.11076,Wreck
11954,Wreck-4151,33.81313,-77.96255,Wreck
11955,Wreck-4158,33.8569,-78.03636,Wreck
11956,Wreck-4302,34.35063,-77.6325,Wreck
11957,Wreck-5935,32.6467,-79.73718,Wreck
11958,Wreck-5938,32.71393,-79.76065,Wreck
11959,Wreck-5942,32.72179,-79.70778,Wreck
11960,Wreck-5947,32.77575,-79.76126,Wreck
11961,Wreck-5950,32.77376,-79.72781,Wreck
11962,Wreck-6036,32.61685,-79.96759,Wreck
11963,Wreck-6037,32.57133,-79.99667,Wreck
11964,Wreck-6040,32.53663,-80.17014,Wreck
11965,Wreck-6047,32.57783,-80.06117,Wreck
11966,Wreck-6066,32.73903,-79.85365,Wreck
11967,Wreck-6104,32.76224,-79.7386,Wreck
11968,Wreck-6108,32.61355,-79.81816,Wreck
11969,Wreck-6109,32.70018,-79.84979,Wreck
11970,Wreck-6110,32.69899,-79.81887,Wreck
11971,Wreck-6113,32.73873,-79.78159,Wreck
11972,Wreck-6114,32.71331,-79.80998,Wreck
11973,Wreck-6121,33.0852,-79.08348,Wreck
11974,Wreck-6125,33.13513,-79.19165,Wreck
11975,Wreck-6131,33.29193,-79.25776,Wreck
11976,Wreck-6138,33.83999,-78.5516,Wreck
11977,Wreck-6145,33.91041,-78.23664,Wreck
11978,Wreck-6313,32.51954,-80.10698,Wreck
11979,Wreck-6367,32.60044,-79.66911,Wreck
11980,Wreck-6380,32.55755,-79.70094,Wreck
11981,Wreck-6381,32.55588,-79.67351,Wreck
11982,Wreck-8521,32.26667,-79.45,Wreck
11983,Wreck-8545,32.31801,-79.66737,Wreck
11984,Wreck-8555,32.32798,-79.83945,Wreck
11985,Wreck-8565,32.41784,-78.83004,Wreck
11986,Wreck-9195,33.67618,-78.06293,Wreck
11987,Wreck-9200,33.7816,-78.30185,Wreck
11988,Wreck-9207,33.86633,-77.48019,Wreck
11989,Wreck-9574,32.73765,-79.57055,Wreck
11990,Wreck-9577,32.86679,-79.64988,Wreck
11991,Wreck-9582,33.72844,-78.53882,Wreck
11992,Wreck-9586,32.87337,-79.53661,Wreck
11993,Wreck-9587,33.0733,-79.3383,Wreck
11994,Wreck-9681,33.54161,-77.94931,Wreck
11995,Wreck-9682,33.47252,-78.0743,Wreck
11996,Wreck-9763,32.73456,-78.21498,Wreck
11997,Wreck-9770,33.76856,-78.41719,Wreck
11998,Wreck-9771,33.12033,-78.84195,Wreck
11999,Wreck-9779,33.00169,-79.09695,Wreck
12000,Wreck-9788,33.14951,-78.27223,Wreck
12001,Wreck-9790,33.63528,-78.64862,Wreck
12002,Wreck-9791,33.03093,-78.92623,Wreck
12003,Wreck-9795,33.83074,-78.21705,Wreck
12004,Wreck-9797,33.14132,-78.25009,Wreck
12005,Wreck-9816,33.76963,-78.59867,Wreck
12006,Wreck-9829,32.72167,-79.04167,Wreck
12007,Wreck-9834,33.2108,-77.8114,Wreck
12008,Wreck-9840,33.51696,-77.95191,Wreck
12009,Wreck-9861,33.40548,-77.71301,Wreck
12010,Wreck 125,33.96266,-77.59968,Wreck
12011,Wreck 128,33.97711,-77.68607,Wreck
12012,Wreck-Coral,33.95138,-77.59775,Rock
12013,Yawkee Hump,32.64624,-78.29536,Wreck
12014,Atascadero,35.39333,-120.87556,Reef
12015,Bolsa Chica,33.65,-118.1,Reef
12016,Carlsbad,33.08614,-117.32072,Reef
12017,Hermosa Beach Center,33.85361,-118.41333,Reef
12018,Huntington Beach A Center,33.61444,-117.98306,Reef
12019,Huntington Beach B Center,33.62139,-117.9975,Reef
12020,Huntington Beach C Center,33.61917,-117.98806,Reef
12021,Huntington Beach D Center,33.62444,-118.00111,Reef
12022,International Reef,32.54428,-117.24753,Reef
12023,Malibu Center,34.03028,-118.65056,Reef
12024,Marina Del Rey 1 Center,33.965,-118.48611,Reef
12025,Marina Del Rey 2 Center,33.96833,-118.48639,Reef
12026,Missile Tower,32.54158,-117.2465,Reef
12027,Mission Bay Park,32.76667,-117.27528,Reef
12028,Newport Beach Center,33.60361,-117.96361,Reef
12029,Oceanside 1 Center,33.1825,-117.41667,Reef
12030,Oceanside 2 Center,33.21117,-117.42883,Reef
12031,Pacific Beach Center,32.79306,-117.27639,Reef
12032,Palawan,33.82361,-118.41472,Reef
12033,Palos Verdes Reef - #1,33.72156,-118.34642,Reef
12034,Palos Verdes Reef - #10,33.71989,-118.34244,Reef
12035,Palos Verdes Reef - #11,33.72036,-118.34206,Reef
12036,Palos Verdes Reef - #12,33.71933,-118.34231,Reef
12037,Palos Verdes Reef - #13,33.72103,-118.34353,Reef
12038,Palos Verdes Reef - #15,33.71997,-118.3435,Reef
12039,Palos Verdes Reef - #16,33.72281,-118.34942,Reef
12040,Palos Verdes Reef - #17,33.72258,-118.34875,Reef
12041,Palos Verdes Reef - #4,33.72047,-118.34489,Reef
12042,Palos Verdes Reef - #5,33.72158,-118.34544,Reef
12043,Palos Verdes Reef - #6,33.721,-118.34506,Reef
12044,Palos Verdes Reef - #7,33.719,-118.34014,Reef
12045,Palos Verdes Reef - #8,33.71856,-118.34061,Reef
12046,Pendleton Center,33.325,-117.52833,Reef
12047,Pitas Point,34.30222,-119.36833,Reef
12048,Redondo Beach Center,33.83722,-118.40889,Reef
12049,San Clemente,33.40222,-117.61972,Reef
12050,San Luis Obispo,35.19028,-120.83194,Reef
12051,Santa Monica Bay Center,34.01306,-118.5425,Reef
12052,Santa Monica Center,34.00944,-118.52972,Reef
12053,SONGS Wheeler North Reef - #1,33.42931,-117.64867,Reef
12054,SONGS Wheeler North Reef - #10,33.43372,-117.65558,Reef
12055,SONGS Wheeler North Reef - #11,33.43214,-117.65206,Reef
12056,SONGS Wheeler North Reef - #12,33.42794,-117.65361,Reef
12057,SONGS Wheeler North Reef - #13,33.42669,-117.65042,Reef
12058,SONGS Wheeler North Reef - #14,33.42544,-117.64703,Reef
12059,SONGS Wheeler North Reef - #15,33.42344,-117.64331,Reef
12060,SONGS Wheeler North Reef - #16,33.42214,-117.64014,Reef
12061,SONGS Wheeler North Reef - #17,33.42039,-117.63714,Reef
12062,SONGS Wheeler North Reef - #18,33.41842,-117.63444,Reef
12063,SONGS Wheeler North Reef - #19,33.41644,-117.63144,Reef
12064,SONGS Wheeler North Reef - #2,33.40061,-117.61447,Reef
12065,SONGS Wheeler North Reef - #20,33.39178,-117.60811,Reef
12066,SONGS Wheeler North Reef - #21,33.40297,-117.62186,Reef
12067,SONGS Wheeler North Reef - #22,33.39822,-117.61578,Reef
12068,SONGS Wheeler North Reef - #23,33.39483,-117.61211,Reef
12069,SONGS Wheeler North Reef - #24,33.39281,-117.61147,Reef
12070,SONGS Wheeler North Reef - #25,33.39528,-117.61361,Reef
12071,SONGS Wheeler North Reef - #26,33.39397,-117.61361,Reef
12072,SONGS Wheeler North Reef - #27,33.39161,-117.61586,Reef
12073,SONGS Wheeler North Reef - #28,33.39703,-117.61881,Reef
12074,SONGS Wheeler North Reef - #29,33.40006,-117.62122,Reef
12075,SONGS Wheeler North Reef - #3,33.39678,-117.61108,Reef
12076,SONGS Wheeler North Reef - #30,33.40194,-117.61858,Reef
12077,SONGS Wheeler North Reef - #31,33.40231,-117.62439,Reef
12078,SONGS Wheeler North Reef - #32,33.40447,-117.62458,Reef
12079,SONGS Wheeler North Reef - #33,33.40578,-117.62581,Reef
12080,SONGS Wheeler North Reef - #34,33.40522,-117.62717,Reef
12081,SONGS Wheeler North Reef - #35,33.40731,-117.62869,Reef
12082,SONGS Wheeler North Reef - #36,33.40367,-117.62617,Reef
12083,SONGS Wheeler North Reef - #37,33.40753,-117.62389,Reef
12084,SONGS Wheeler North Reef - #38,33.41042,-117.62908,Reef
12085,SONGS Wheeler North Reef - #39,33.41081,-117.63119,Reef
12086,SONGS Wheeler North Reef - #4,33.39411,-117.60978,Reef
12087,SONGS Wheeler North Reef - #40,33.41056,-117.63208,Reef
12088,SONGS Wheeler North Reef - #41,33.41044,-117.63042,Reef
12089,SONGS Wheeler North Reef - #42,33.41089,-117.6295,Reef
12090,SONGS Wheeler North Reef - #43,33.41164,-117.62956,Reef
12091,SONGS Wheeler North Reef - #44,33.41119,-117.62867,Reef
12092,SONGS Wheeler North Reef - #45,33.41117,-117.62744,Reef
12093,SONGS Wheeler North Reef - #46,33.40531,-117.62436,Reef
12094,SONGS Wheeler North Reef - #47,33.405,-117.62517,Reef
12095,SONGS Wheeler North Reef - #49,33.40372,-117.62464,Reef
12096,SONGS Wheeler North Reef - #5,33.41556,-117.62869,Reef
12097,SONGS Wheeler North Reef - #50,33.40317,-117.62547,Reef
12098,SONGS Wheeler North Reef - #51,33.40428,-117.62106,Reef
12099,SONGS Wheeler North Reef - #52,33.40136,-117.62264,Reef
12100,SONGS Wheeler North Reef - #53,33.40067,-117.62233,Reef
12101,SONGS Wheeler North Reef - #54,33.40114,-117.62153,Reef
12102,SONGS Wheeler North Reef - #55,33.40164,-117.62056,Reef
12103,SONGS Wheeler North Reef - #57,33.40197,-117.62172,Reef
12104,SONGS Wheeler North Reef - #58,33.40258,-117.62089,Reef
12105,SONGS Wheeler North Reef - #59,33.40278,-117.61967,Reef
12106,SONGS Wheeler North Reef - #6,33.43006,-117.65181,Reef
12107,SONGS Wheeler North Reef - #60,33.39911,-117.62069,Reef
12108,SONGS Wheeler North Reef - #61,33.39953,-117.61978,Reef
12109,SONGS Wheeler North Reef - #62,33.40006,-117.61911,Reef
12110,SONGS Wheeler North Reef - #63,33.40072,-117.61858,Reef
12111,SONGS Wheeler North Reef - #64,33.39828,-117.62006,Reef
12112,SONGS Wheeler North Reef - #65,33.39881,-117.61925,Reef
12113,SONGS Wheeler North Reef - #66,33.39944,-117.61858,Reef
12114,SONGS Wheeler North Reef - #67,33.39958,-117.61728,Reef
12115,SONGS Wheeler North Reef - #68,33.3955,-117.61856,Reef
12116,SONGS Wheeler North Reef - #69,33.39592,-117.61756,Reef
12117,SONGS Wheeler North Reef - #7,33.43781,-117.66056,Reef
12118,SONGS Wheeler North Reef - #70,33.39642,-117.61667,Reef
12119,SONGS Wheeler North Reef - #71,33.39564,-117.61592,Reef
12120,SONGS Wheeler North Reef - #72,33.39758,-117.61525,Reef
12121,SONGS Wheeler North Reef - #73,33.39711,-117.61419,Reef
12122,SONGS Wheeler North Reef - #74,33.39511,-117.61689,Reef
12123,SONGS Wheeler North Reef - #75,33.39464,-117.61808,Reef
12124,SONGS Wheeler North Reef - #76,33.39206,-117.61547,Reef
12125,SONGS Wheeler North Reef - #77,33.40533,-117.62211,Reef
12126,SONGS Wheeler North Reef - #78,33.39253,-117.61425,Reef
12127,SONGS Wheeler North Reef - #79,33.39292,-117.61261,Reef
12128,SONGS Wheeler North Reef - #8,33.43478,-117.65797,Reef
12129,SONGS Wheeler North Reef - #80,33.39339,-117.61186,Reef
12130,SONGS Wheeler North Reef - #81,33.39142,-117.61439,Reef
12131,SONGS Wheeler North Reef - #82,33.39172,-117.61322,Reef
12132,SONGS Wheeler North Reef - #83,33.39275,-117.61069,Reef
12133,SONGS Wheeler North Reef - #84,33.39208,-117.61128,Reef
12134,SONGS Wheeler North Reef - #85,33.38847,-117.61103,Reef
12135,SONGS Wheeler North Reef - #86,33.38769,-117.61039,Reef
12136,SONGS Wheeler North Reef - #87,33.38869,-117.60997,Reef
12137,SONGS Wheeler North Reef - #88,33.38864,-117.6085,Reef
12138,SONGS Wheeler North Reef - #89,33.38817,-117.60767,Reef
12139,SONGS Wheeler North Reef - #9,33.43553,-117.65631,Reef
12140,SONGS Wheeler North Reef - #90,33.38747,-117.60953,Reef
12141,SONGS Wheeler North Reef - #91,33.40411,-117.62308,Reef
12142,SONGS Wheeler North Reef - #92,33.38764,-117.61144,Reef
12143,SONGS Wheeler North Reef - #93,33.38833,-117.61197,Reef
12144,SONGS Wheeler North Reef - #94,33.41136,-117.63181,Reef
12145,Topanga,34.02722,-118.5325,Reef
12146,Torrey Pines 1,32.88667,-117.26389,Reef
12147,Torrey Pines 2,32.89306,-117.25972,Reef
12148,Yukon,32.76667,-117.28333,Reef
12149,Point Conception,34.448598,-120.471551,Reef
12150,[South Boundary],30.4667,-116.7695,Reef
12151,[West Boundary],30.4667,-123,Reef
12152,[North Boundary],34.44859,-123,Reef
12153,Area 1.1,33.8333,-119.5,Reef
12154,Area 1.2,33.8333,-118.8333,Reef
12155,Area 1.3,32.3333,-118.8333,Reef
12156,Area 1.4,32.3333,-119.6167,Reef
12157,Area 1.5,33,-119.6167,Reef
12158,Area 1.6,33,-119.8833,Reef
12159,Area 1.7,33.55,-119.8833,Reef
12160,Area 1.8,33.55,-119.5,Reef
12161,Area 2.1,32.7,-118.0333,Reef
12162,Area 2.2,32.7,-117.8333,Reef
12163,Area 2.3,32.6117,-117.8333,Reef
12164,Area 2.4,32.5,-117.8917,Reef
12165,Area 2.5,32.5,-118.0333,Reef
12166,Orange County Line,33.386484,-117.5956193,Reef
12167,50 Miles South of Point Loma Light (Coast),31.94284,-116.75719,Reef
12168,New Point Loma Lighthouse,32.6651294,-117.2426581,Reef
12169,50 Miles West of Point Loma Light,32.66512,-118.1023,Reef
12170,50 Miles South & 50 Miles West of Point Loma Light,31.94284,-118.1023,Reef
12171,50 Miles South of Point Loma Light,31.94284,-117.24265,Reef
12172,50 Miles West of Orange County Line,33.38648,-118.1023,Reef
12173,Famousa Slough SMCA (No-Take),32.7572,-117.2292,Reef
12174,#1 Spot,33.5752,-117.8562,Reef
12175,1 ¼ Spot,32.8338,-117.3052,Reef
12176,101,32.25,-117.25,Reef
12177,1010 Trench,31.7639,-117.7333,Reef
12178,105 Spot,33.64,-118.1965,Reef
12179,1067 Knuckle,31.6167,-117.8833,Reef
12180,1140 Finger,31.3,-117.1833,Reef
12181,125,33.4833,-118.7139,Reef
12182,138 (Middle Of Ridge),32.78,-117.8125,Reef
12183,14 Mile Bank,33.3984,-118.0034,Reef
12184,150 Bubbles East,33.5953,-118.1537,Reef
12185,150 Bubbles West,33.6023,-118.183,Reef
12186,150 Kelp Reef North,33.5947,-118.1515,Reef
12187,150 Kelp Reef South,33.58,-118.1433,Reef
12188,150 Spot,33.5937,-118.1625,Reef
12189,150 Spot Hump,33.5923,-118.1707,Hump
12190,152,33.2467,-118.1806,Reef
12191,157,32.3806,-118.4667,Reef
12192,17 Fa Spot,33.73,-119.1622,Reef
12193,170,33.7389,-119.2667,Reef
12194,172,33.5033,-118.8417,Reef
12195,175,33.6142,-118.952,Reef
12196,178,32.7,-117.4886,Reef
12197,18-20 Fathom Spot Rockfish,33.7708,-118.4387,Rock
12198,180′ Section Sculpin Hole,33.574,-117.9988,Hole
12199,181,32.9139,-117.8833,Reef
12200,182,32.6883,-117.705,Reef
12201,1908,34.4333,-121.9333,Reef
12202,1978,34.55,-122.05,Reef
12203,209,33.0967,-117.8667,Reef
12204,213,31.8033,-117.8633,Reef
12205,220-220,31.5833,-117.6417,Reef
12206,226,32.5056,-117.6333,Reef
12207,230,31.28,-116.8467,Reef
12208,230,32.357,-117.707,Reef
12209,238,31.557,-117.207,Reef
12210,245,31.2911,-118.4717,Reef
12211,250,31.3122,-118.3458,Reef
12212,267 (The Condom),32.5,-118.6833,Reef
12213,270,33.6833,-118.5806,Reef
12214,270 (Redondo Knoll),31.5667,-117.4833,Reef
12215,277,33.2,-118.0889,Reef
12216,279/267,33.2967,-117.8192,Reef
12217,286,33.5806,-118.6,Reef
12218,289,32.9333,-118.0972,Reef
12219,29 Fathom Spot,32.7667,-118.4083,Reef
12220,295 (Boot),31.5667,-117.4333,Reef
12221,3 V's,33.309,-118.3548,Reef
12222,302,32.4483,-117.58,Reef
12223,307,33.7917,-118.5333,Reef
12224,311,33.6167,-120.25,Reef
12225,312,33.0236,-117.8083,Reef
12226,36 Fathom Pinnacle,33.7918,-118.4903,Reef
12227,37 Fathom Spot,33.7967,-118.4558,Reef
12228,371,32.27,-117.5467,Reef
12229,372,31.387,-118.5408,Reef
12230,378,31.9,-117.8333,Reef
12231,380 Fathom,32.0833,-117.8333,Reef
12232,381,32.6833,-118.6083,Reef
12233,385,31.6,-117.2639,Reef
12234,390,32.075,-117.82,Reef
12235,40 Fathom Curve,33.7808,-118.4667,Reef
12236,421,32.1167,-117.8583,Reef
12237,425,32.25,-117.3867,Reef
12238,43 (Fathom Spot),32.655,-117.9725,Reef
12239,437,31.5333,-118.2,Reef
12240,439,32.4972,-117.4,Reef
12241,450,31.4533,-117.0875,Reef
12242,47 Fathom Ridge,33.7878,-118.4903,Reef
12243,474,33.1639,-118.9167,Reef
12244,475,31.6,-117.0833,Reef
12245,475 Knuckle,32.0667,-117.1167,Reef
12246,483 – 500,31.4667,-118.0667,Reef
12247,499,33.275,-118.7417,Reef
12248,5 Tanks,32.6812,-117.2693,Reef
12249,5-Minute Kelp,32.3823,-117.2253,Structure
12250,51 (Banda Bank),31.6167,-116.8333,Reef
12251,52,31.1136,-116.5708,Reef
12252,60,31.3847,-116.7695,Reef
12253,60 Fathom Curve - Rockfish,32.7897,-117.3717,Rock
12254,60 Mile Bank,32.0167,-118.2,Reef
12255,60 Mile Bank (Middle),32.0667,-118.2472,Reef
12256,65 (Tip Of Lower Finger),31.6667,-116.8333,Reef
12257,711,33.1333,-119.05,Reef
12258,81,32.7195,-118.4061,Reef
12259,86,32.725,-118.4567,Reef
12260,9 Mile Bank (N),32.655,-117.4433,Reef
12261,9 Mile Bank (S),32.5267,-117.34,Reef
12262,97,31.9667,-116.8728,Reef
12263,Abalone Point,33.5527,-117.8218,Reef
12264,Airplane,31.8015,-118.1208,Reef
12265,Albatross Knoll,32.9667,-119.9472,Reef
12266,Aliso Pipe,33.5063,-117.7588,Reef
12267,Anderson Pipe,33.1128,-117.335,Reef
12268,Arch Rock - Half Spot,33.5837,-117.8662,Rock
12269,Arguello Canyon,34.3667,-121.0667,Canyon
12270,Avalon Bank,33.4117,-118.225,Reef
12271,Avalon Harbor,33.347,-118.3205,Reef
12272,Bajamar,32.0083,-116.8775,Reef
12273,Banda Bank,31.65,-116.8667,Reef
12274,Barn Kelp,33.3097,-117.4855,Structure
12275,Barrys Spot,32.3507,-117.2312,Reef
12276,Bechers Bay (big area),34.0033,-120,Reef
12277,Bell Bank,31.605,-118.93,Reef
12278,Ben Weston,33.357,-118.4902,Reef
12279,Bend in Pipe,33.6145,-117.9727,Reef
12280,Big Kelp Reef - BKR,34.019,-118.7847,Reef
12281,Bird Rock Reef,33.445,-118.4888,Rock
12282,Blue Roof,33.5482,-117.8155,Reef
12283,Box Canyon,33.3215,-117.5087,Canyon
12284,Box Canyon #2,33.318,-117.5293,Canyon
12285,Buccaneer Pipe,33.1723,-117.3783,Reef
12286,Bull Kelp,32.3933,-117.2298,Structure
12287,Bull Kelp (LA),33.635,-118.2342,Structure
12288,Bull Ring,32.525,-117.1433,Reef
12289,Buoy #1 (Whistler Buoy),32.6219,-117.2453,Reef
12290,Buoy #3,32.6367,-117.2273,Reef
12291,Buoy #5,32.6521,-117.2273,Reef
12292,Buoy #7,32.6649,-117.229,Reef
12293,Buoy #9,32.6733,-117.2304,Reef
12294,Carlsbad Art Reef - Ponto,33.0873,-117.3197,Reef
12295,Carrington Point (stay west of MPA line),34.04,-120.0883,Structure
12296,Castle Rock,33.035,-118.6142,Rock
12297,Cat Harbor,33.4233,-118.5083,Reef
12298,Cat Rock,34.0027,-119.423,Rock
12299,Cherry Banks,32.8731,-119.4214,Reef
12300,China Point - Catalina,33.3283,-118.4688,Reef
12301,China Point - San Clemente Island,32.7958,-118.4333,Reef
12302,Chinese Harbor,34.0242,-119.6117,Reef
12303,Church Rock,33.2968,-118.3267,Rock
12304,CI - Rockfish #1,33.4667,-118.6193,Rock
12305,CI - Rockfish #2,33.4647,-118.6195,Rock
12306,CI - Rockfish #3,33.464,-118.6138,Rock
12307,Cluster Point Reef,33.9225,-120.1883,Reef
12308,College Area,32.7197,-117.2772,Reef
12309,Colonet,30.8967,-116.5033,Reef
12310,Coronado Canyon,32.505,-117.2917,Canyon
12311,Cortes Bank,32.4403,-119.1306,Reef
12312,Cortez Bank (Bishop Rock),32.45,-119.1283,Rock
12313,Crystal Cove (#2 Spot),33.5637,-117.8385,Reef
12314,Dana Harbor,33.4544,-117.6895,Reef
12315,Dana Hard Bottom,33.445,-117.6833,Reef
12316,Del Mar Kelp,32.95,-117.2792,Structure
12317,Del Mar Kelp South End,32.9494,-117.2767,Structure
12318,"Del Mar Kelp, downhill current only",32.9594,-117.2791,Structure
12319,Descanso Rockfish 1,32.2473,-117.0146,Rock
12320,Descanso Rockfish 2,32.2408,-116.976,Rock
12321,Desperation Reef,32.7587,-118.4087,Reef
12322,Dolly Parton Bank,32.975,-117.59,Reef
12323,Dome,32.9083,-118.425,Reef
12324,Domes,33.3632,-117.563,Reef
12325,Double Rigs Reef,33.5902,-118.1315,Reef
12326,Dumping Grounds,31.7,-118.5639,Reef
12327,Dunes,32.991,-118.5895,Reef
12328,Eagle Reef,33.4603,-118.5073,Reef
12329,Eagle's Nest,33.9317,-120.0017,Reef
12330,East Anacapa Reef #1,34.0358,-119.3108,Reef
12331,East Anacapa Reef #2,34.0208,-119.345,Reef
12332,East Anacapa Reef #3,34.0208,-119.3307,Reef
12333,East Beach,33.4745,-118.5845,Reef
12334,East Butterfly,32.2736,-118.1,Reef
12335,East Butterfly (267),32.25,-118.1047,Reef
12336,East End - Seal Rocks,33.3062,-118.3033,Rock
12337,East Fish Camp,34.0058,-119.3817,Reef
12338,East Horseshoe,33.645,-118.2045,Reef
12339,East of Pukey Point – Yellowtail & Rockfish,32.45,-117.235,Rock
12340,East Point,33.9075,-119.9658,Reef
12341,El Segundo Pipe,33.922,-118.4517,Reef
12342,Elephant,31.8667,-119.4667,Reef
12343,Encina Powerplant Pipe,33.1343,-117.3477,Reef
12344,End of Old Pipe,33.6105,-117.9763,Reef
12345,Fad A (Missing),32.755,-117.3683,Reef
12346,Fad B (Missing),32.7853,-117.5583,Reef
12347,Farnsworth Bank,33.3427,-118.5168,Reef
12348,Fermin Reef 65ft,33.7008,-118.2905,Reef
12349,Finger Bank,32.0478,-117.0417,Reef
12350,Fish Hook,32.8342,-118.3557,Reef
12351,Flats,32.4333,-117.15,Reef
12352,Forney's Cove,34.0525,-119.9145,Reef
12353,Forney's/Christy Beach/Black Point squid zone (big area),34.03,-119.9,Reef
12354,Frog Rock,33.3625,-118.3338,Rock
12355,Gallaghers - 12 fathoms,33.3705,-118.3453,Reef
12356,Genoa Kelp,32.413,-117.2621,Structure
12357,Goat Harbor,33.4158,-118.3958,Reef
12358,Golf Ball,33.24,-117.4378,Reef
12359,Green Tank,32.7102,-117.279,Reef
12360,Green Tank #2,32.7085,-117.2773,Reef
12361,Gunsight,32.4228,-117.251,Reef
12362,Hancock Bank,32.5683,-119.6995,Reef
12363,Harbor Reef,33.449071,-118.488659,Reef
12364,Hardbottom,32.6375,-117.2417,Rock
12365,Hen Rock,33.4058,-118.3655,Rock
12366,Hermosa Hard Bottom,33.8682,-118.4205,Reef
12367,Hidden Bank,31.9,-117.5,Reef
12368,Hidden Reef,33.7283,-119.16,Reef
12369,Hill Street,32.7297,-117.2752,Reef
12370,HMCS Yukon,32.7802,-117.2823,Wreck
12371,Horseshoe,33.64,-118.2333,Reef
12372,Horseshoe North,33.6667,-118.2223,Reef
12373,Horseshoe South,33.6645,-118.225,Reef
12374,Hospital - 100 Fathom Curve,33.4917,-117.785,Reef
12375,Hotel Coral Marina Entrance,31.858,-116.6612,Reef
12376,Hotel Del Hardbottom,32.6683,-117.188,Reef
12377,Hungryman's Gulch,34.0278,-119.526,Reef
12378,Imperial Beach Flats,32.5667,-117.2,Reef
12379,Imperial Beach Kelp,32.575,-117.16,Structure
12380,Imperial Beach Kelp South End,32.55,-117.15,Structure
12381,Imperial Beach Pier,32.58,-117.135,Structure
12382,Imperial Beach Pipe,32.5383,-117.18,Reef
12383,Inside Bull Kelp,32.823,-117.3018,Structure
12384,Inside South Bank Pinnacle 26 Fathom,33.8812,-118.5355,Reef
12385,Inside SW Bank 33 Fathoms,33.8658,-118.5073,Reef
12386,International #1,32.5445,-117.2482,Reef
12387,International #3,32.5438,-117.2472,Reef
12388,International #5,32.5447,-117.2465,Reef
12389,International Reef E,32.5453,-117.2474,Reef
12390,International Reef F,32.5428,-117.2464,Reef
12391,Iron Bound cove,33.4465,-118.5767,Reef
12392,Isthmus High Spot,33.455,-118.4902,Reef
12393,Italian Gardens area,33.4125,-118.3833,Reef
12394,Izors Reef (Bolsa Chica Artificial Reef),33.6505,-118.1013,Reef
12395,Johnson Rock - Caution Boiler rocks,33.4775,-118.5893,Rock
12396,Keyhole,32.4325,-117.2963,Hole
12397,Kidney Bank,33.5745,-119.0142,Reef
12398,Knuckle,32.125,-117.1167,Reef
12399,La Fonda,32.141,-116.9025,Reef
12400,La Jolla Canyon Shelf Rockfish Area,32.875,-117.3167,Rock
12401,La Jolla Cove,32.8555,-117.2717,Reef
12402,La Jolla Shelf Hardbottom,32.855,-117.3208,Rock
12403,Lighthouse,32.3882,-117.2428,Reef
12404,Lighthouse Kelp,32.657,-117.2628,Structure
12405,Lions Head,33.4472,-118.5008,Reef
12406,Lost Point,32.851,-118.5035,Reef
12407,Lower 500,31.175,-117.0417,Reef
12408,Lower Cross,31,-118,Reef
12409,Mackerel Bank,33.0367,-118.3933,Reef
12410,Main Beach,33.5383,-117.7917,Reef
12411,Malibu Artificial Reef,34.0248,-118.6505,Reef
12412,Manhattan Hard Bottom,33.88,-118.4333,Reef
12413,Marine Street,32.8363,-117.2953,Reef
12414,Marineland Reef 80ft,33.734,-118.401,Reef
12415,Middle Grounds,32.43,-117.28,Reef
12416,Middle Kelp - Hard Bottom,33.423,-117.6587,Structure
12417,Mission Bay Jetty,32.7576,-117.2599,Reef
12418,Mission Bay Park Artificial Kelp Reef,32.77,-117.2678,Reef
12419,Mission Bay Park Ingrahm Street Bridge Rubble,32.7655,-117.2713,Rock
12420,Mission Bay Park NEL Tower,32.7728,-117.2675,Tower
12421,Mission Bay Park Pier Pilings,32.7642,-117.2753,Reef
12422,Mission Beach,32.7705,-117.2717,Reef
12423,Monarch Boiler Rocks,33.4828,-117.7345,Rock
12424,Mushroom,32.0667,-118.5,Reef
12425,New Hope Rock,32.6857,-117.2665,Rock
12426,New Pipe,33.6107,-117.9738,Reef
12427,New Pipe 2,33.604,-117.9772,Reef
12428,Newport Reef #2,33.6013,-117.9587,Reef
12429,Newport Reef #3,33.6022,-117.9583,Reef
12430,Newport Reef #4,33.6027,-117.9573,Reef
12431,North of North Island rockfish area,32.4563,-117.3,Rock
12432,North west South Bank,33.9,-118.6078,Reef
12433,Northeast Bank,32.3467,-119.64,Reef
12434,Northwest Corner,32.8438,-117.3077,Reef
12435,Northwest Harbor,33.0333,-118.5875,Reef
12436,Ocean Park Reef,33.987,-118.503,Reef
12437,Oceanside Artificial Reef 2 general area,33.2058,-117.4345,Reef
12438,Oceanside Harbor,33.2062,-117.4,Reef
12439,Olympic Rock,33.6388,-118.2347,Rock
12440,Orange Rocks,33.3015,-118.3405,Rock
12441,Osborn Bank,33.36,-119.0417,Reef
12442,Pacific Beach Point,32.8102,-117.2922,Reef
12443,Palisades,33.322,-118.3713,Reef
12444,Paradise Cove,34.0167,-118.7833,Reef
12445,Patton Ridge,33.5,-120.5,Reef
12446,Peanut Bank,31.3333,-116.75,Reef
12447,Pinnacles,33.53,-117.7808,Reef
12448,Point La Jolla,32.85,-117.2792,Reef
12449,Point Loma Kelp,32.7,-117.2717,Structure
12450,Point Loma Light,32.6633,-117.2417,Reef
12451,Point Loma Pipe,32.6725,-117.2833,Reef
12452,Posa Anchorage,33.9767,-119.8667,Reef
12453,Potato Bank,33.25,-119.8267,Reef
12454,Pukey Point,32.4475,-117.3038,Reef
12455,Punta Banda,31.7458,-116.7333,Reef
12456,Punta Descanso,32.2647,-117.0315,Reef
12457,Punta Mesquite,32.1597,-116.9133,Reef
12458,Punta Salsipuedes,31.9731,-116.8335,Reef
12459,Purse Seine Rock,32.8705,-118.4125,Rock
12460,Pyramid Cove,32.8167,-118.3833,Reef
12461,Pyramid Cove Anchorage,32.8146,-118.3979,Reef
12462,Pyramid Head,32.8167,-118.35,Reef
12463,Pyramid Reef,32.8,-118.3583,Reef
12464,Redondo Canyon West Wall,33.834,-118.4367,Canyon
12465,Ribbon Kelp,32.4133,-117.2313,Structure
12466,Ribbon Rock,33.44,-118.5722,Rock
12467,Rock Quarry,33.4423,-118.4662,Rock
12468,Rockpile,32.2917,-117.175,Rock
12469,Rockpile #2,32.2833,-117.1583,Rock
12470,Rocky Point Pinnacle 25ft,33.777,-118.4297,Rock
12471,Rodriguez Seamount,34.0467,-121.05,Reef
12472,Rosarito Flats,32.35,-117.1083,Reef
12473,Salt Creek,33.4775,-117.723,Reef
12474,Salta Verde,33.3138,-118.4213,Reef
12475,San Clemente Kelp,33.4075,-117.6357,Structure
12476,San Juan Seamount,33.0633,-120.9767,Reef
12477,San Mateo Point,33.3827,-117.6133,Reef
12478,San Onofre,33.348,-117.5675,Reef
12479,San Salvador Knoll,32.3167,-117.9,Reef
12480,Sand Bass Junction,33.6843,-118.1288,Reef
12481,Santa Barbara Island Light,33.4867,-119.03,Reef
12482,Santa Rosa Reef,33.9675,-120.236,Reef
12483,Sculpin Hardbottom Area,33.8858,-118.525,Reef
12484,Seabass Rock 75ft,33.4388,-118.4353,Rock
12485,Seal Rock,33.5447,-117.8057,Rock
12486,Seal Rocks,33.3062,-118.3057,Rock
12487,Seal Rocks,33.4047,-117.6177,Rock
12488,Sentinel Rock,33.368,-118.4883,Rock
12489,Shiners,33.476,-118.5928,Reef
12490,Short Bank,33.916,-118.5528,Reef
12491,Silver Canyon,33.3183,-118.3915,Canyon
12492,Slide - Quarry,33.322,-118.3038,Reef
12493,Smuggler's Cove,34.0223,-119.5373,Reef
12494,Sniffer,31.0995,-118.4153,Reef
12495,South Bank 33 Fathoms,33.8833,-118.5635,Reef
12496,South Bank Bumps,33.8983,-118.5812,Reef
12497,South Bank Outside Edge,33.8805,-118.6187,Reef
12498,South Bank West,33.892,-118.594,Reef
12499,South East Bank,33.5688,-118.1387,Reef
12500,South Island Anchorage,32.4,-117.2375,Reef
12501,South Kelp Ridge (SKR),32.3667,-117.221,Structure
12502,Southwestern Yacht Club,32.7145,-117.2325,Reef
12503,Star of Scotland Shipwreck,33.992,-118.5212,Wreck
12504,Starlight,33.48,-118.5983,Reef
12505,Streets,32.8323,-117.2982,Reef
12506,Sugarloaf Rock,32.2228,-116.9636,Rock
12507,Sverdrup Bank,33.1472,-120.45,Reef
12508,SW Bank 40 Fathoms,33.8678,-118.5825,Reef
12509,SW Corner,32.8065,-117.2967,Reef
12510,SW Corner of Round Kelp,32.8405,-117.2982,Structure
12511,Swami's Reef,33.0333,-117.3,Reef
12512,Tanner Bank,32.7,-119.1333,Reef
12513,The 270 Spot - Rockfish,32.7785,-117.3482,Rock
12514,The 3/4 Spot,32.8453,-117.2958,Reef
12515,The 32 Spot - Rockfish,32.8458,-117.3325,Rock
12516,The Airplane (Rockfish Area),32.7595,-117.3077,Rock
12517,The Arch,34.0173,-119.3535,Reef
12518,The Boot,33.7306,-118.7056,Reef
12519,The Bump,32.8582,-117.2818,Reef
12520,The Caves,32.8075,-118.4028,Reef
12521,The Corner,32.6267,-117.8233,Reef
12522,The Cove,32.8557,-117.277,Reef
12523,The Donut,34.75,-121.65,Reef
12524,The Dropoff,32.6525,-117.262,Reef
12525,The Gap,32.025,-119.4917,Reef
12526,The Half Spot,32.8537,-117.2937,Reef
12527,The Lab,32.6908,-117.2718,Reef
12528,The Nipple,32.8,-118.525,Reef
12529,The Pistol,31.75,-119.0667,Reef
12530,The Slide,33.2833,-118.2445,Reef
12531,The Snail (267),33.2417,-118.865,Reef
12532,The Worm,31.9833,-119.0167,Reef
12533,Thousand Steps,33.4948,-117.7443,Reef
12534,Todos Santos Light,31.8125,-116.8125,Reef
12535,Torrey Pines Artificial Reef 1A,32.7889,-117.2783,Reef
12536,Torrey Pines Artificial Reef 1B,32.79,-117.275,Reef
12537,Torrey Pines Artificial Reef 1C,32.7917,-117.27,Reef
12538,Torrey Pines Artificial Reef 2A,32.7903,-117.2792,Reef
12539,Torrey Pines Artificial Reef 2B,32.7917,-117.275,Reef
12540,Torrey Pines Artificial Reef 2C,32.7933,-117.27,Reef
12541,Torrey Pines Artificial Reef 3A,32.7931,-117.2806,Reef
12542,Torrey Pines Artificial Reef 3B,32.7939,-117.2761,Reef
12543,Torrey Pines Artificial Reef 3C,32.7956,-117.2706,Reef
12544,Torrey Pines Artificial Reef 4A,32.7945,-117.282,Reef
12545,Torrey Pines Artificial Reef 4B,32.7989,-117.2764,Reef
12546,Torrey Pines Artificial Reef 4C,32.7972,-117.2717,Reef
12547,Twin Towers - Halibut,33.9833,-118.4833,Tower
12548,UFB 27 Fathom Spot,32.2333,-117.1183,Rock
12549,UFB 71 Fathom Spot,32.2413,-117.1888,Rock
12550,UFB Rockfish 180ft,32.2727,-117.1745,Rock
12551,UFB Rockfish 240ft,32.2522,-117.171,Rock
12552,UFB Rockfish 300ft,32.2518,-117.1825,Rock
12553,Under the light,33.2993,-118.3167,Reef
12554,Upper 500,31.7667,-117.5,Reef
12555,Upper Cross,32,-118,Reef
12556,Upper Finger,32.1133,-117.0733,Reef
12557,Upper Hidden Bank,32.05,-117.4667,Reef
12558,Variety Kelp,32.8018,-117.2818,Structure
12559,Venice Pier Reef,33.985,-118.4767,Reef
12560,Venice Reef,33.9783,-118.4933,Reef
12561,Vicente Outside Rock 80ft,33.7388,-118.415,Rock
12562,West Beach,33.475,-118.587,Reef
12563,West Butterfly (162),32.3667,-118.2917,Reef
12564,West Cove,33.0083,-118.5945,Reef
12565,West End,33.4788,-118.6033,Reef
12566,West End,34.0167,-119.45,Reef
12567,West End (Castle Rock),33.0345,-118.613,Rock
12568,West End (Catalina),33.4792,-118.6113,Reef
12569,White Rock,32.4102,-117.2358,Rock
12570,White Rock,32.893,-118.4393,Rock
12571,White Spot,33.0367,-118.517,Reef
12572,Whitefish,32.9488,-118.5647,Reef
12573,Widow Rock,32.7662,-117.3695,Rock
12574,Windansea,32.8286,-117.2918,Reef
12575,Worm Bank,31.5833,-116.8,Reef
12576,Yellow Banks,34.0247,-119.4885,Reef
12577,Yellow Bluff,33.9843,-119.6383,Reef
12578,Yellowtail Kelp,33.3,-117.5047,Structure
12579,Tuna Hole,35.62233,-74.84417,Hole
